rspo,school_name,year,kept_miejscowosc,kept_ulica_nr,declined_miejscowosc,declined_ulica_nr,dropped_words
2893,SPOŁECZNA SZKOŁA PODSTAWOWA NR 1,2026,Wejherowo,ul. Obrońców Wybrzeża 1,Wejherowo,Obrońców Wybrzeża 1,ul
2919,SZKOŁA PODSTAWOWA NR 1 Z ODDZIAŁAMI INTEGRACYJNYMI IM. ŚWIĘTEGO JANA PAWŁA II W ŁAPACH,2026,Łapy,ul. Polna 9,Łapy,Polna 9,ul
2970,NIEPUBLICZNA SZKOŁA PODSTAWOWA W GOŁĄBKU,2026,Gołąbek,ul. Szkolna 26,Gołąbek,Szkolna 26,ul
2996,SZKOŁA PODSTAWOWA NR 2 IM. OLIMPIJCZYKÓW POLSKICH W PILE,2026,Piła,ul. Roosevelta 12,Piła,Roosevelta 12,ul
3039,SZKOŁA PODSTAWOWA NR 1 IM. WOJSKA POLSKIEGO W ŻYWCU,2026,Żywiec,ul. ks. Prałata Stanisława Słonki 14,Żywiec,Słonki 14,ul ks prałata stanisława
3165,SZKOŁA PODSTAWOWA IM. ORLĄT LWOWSKICH I BOHATERÓW 37 PUŁKU PIECHOTY 7 DYWIZJI II ARMII WOJSKA POLSKIEGO W RUSZOWIE,2026,Ruszów,ul. Zgorzelecka 1C,Ruszów,Zgorzelecka 1C,ul
3170,SZKOŁA PODSTAWOWA IM. JANA PAWŁA II W CZERWONEJ WODZIE,2026,Czerwona Woda,ul. Kolejowa 22,Czerwona Woda,Kolejowa 22,ul
3179,SZKOŁA PODSTAWOWA NR 1 IM. TADEUSZA KOŚCIUSZKI W SKARŻYSKU-KAMIENNEJ,2026,Skarżysko-Kamienna,ul. Konarskiego 17,Skarżysko-Kamienna,Konarskiego 17,ul
3181,SZKOŁA PODSTAWOWA IM. MARII KRASICKIEJ W WĘGLIŃCU,2026,Węgliniec,ul. Kościuszki 2,Węgliniec,Kościuszki 2,ul
3193,NIEPUBLICZNA SZKOŁA PODSTAWOWA IM. MICHAŁA POLESKIEGO W ROKITNIE SZLACHECKIM,2026,Rokitno Szlacheckie,ul. Szkolna 2,Rokitno Szlacheckie,Szkolna 2,ul
3205,SZKOŁA PODSTAWOWA NR 1 IM. HENRYKA SIENKIEWICZA W BRODNICY,2026,Brodnica,ul. 3 Maja 4,Brodnica,Maja 4,ul 3
3209,SAMORZĄDOWA SZKOŁA PODSTAWOWA NR 1 IM. HUGONA KOŁŁĄTAJA W KAZIMIERZY WIELKIEJ,2026,Kazimierza Wielka,ul. 1 Maja 1,Kazimierza Wielka,Maja 1,ul
3212,ANGLOJĘZYCZNA SZKOŁA PODSTAWOWA OXFORD PRIMARY SCHOOL,2026,Bielsko-Biała,ul. Krakowska 30,Bielsko-Biała,Krakowska 30,ul
3213,SZKOŁA PODSTAWOWA NR 2 Z ODDZIAŁAMI INTEGRACYJNYMI IM. POLSKICH OLIMPIJCZYKÓW W BRODNICY,2026,Brodnica,ul. Kolejowa 62,Brodnica,Kolejowa 62,ul
3214,KATOLICKA SZKOŁA PODSTAWOWA IM.BŁ.KS. WŁADYSŁAWA DEMSKIEGO,2026,Inowrocław,ul. Wojska Polskiego 20,Inowrocław,Wojska Polskiego 20,ul
3219,SZKOŁA PODSTAWOWA NR 4 Z ODDZIAŁAMI INTEGRACYJNYMI IM. 700 - LECIA BRODNICY W BRODNICY,2026,Brodnica,ul. Nowa 34,Brodnica,Nowa 34,ul
3246,SZKOŁA PODSTAWOWA NR 1 IM. MJR HENRYKA SUCHARSKIEGO W RYPINIE,2026,Rypin,ul. 3 Maja 3,Rypin,Maja 3,ul
3309,SZKOŁA PODSTAWOWA NR 4 IM. I DYWIZJI PIECHOTY W GIŻYCKU,2026,Giżycko,ul. 3 Maja 21,Giżycko,Maja 21,ul 3
3317,SZKOŁA PODSTAWOWA NR 3 IM. ADAMA MICKIEWICZA W ŻYWCU,2026,Żywiec,ul. Marii Skłodowskiej-Curie 2,Żywiec,Skłodowskiej-Curie 2,ul marii
3336,SZKOŁA PODSTAWOWA NR 5 IM. HUGONA KOŁŁĄTAJA,2026,Żywiec,ul. Powstańców Śląskich 4,Żywiec,Powstańców Śląskich 4,ul
3347,SZKOŁA PODSTAWOWA NR 15 Z ODDZIAŁAMI DWUJĘZYCZNYMI IM. ALFREDA SZKLARSKIEGO W MYSŁOWICACH,2026,Mysłowice,ul. Piastów Śląskich 8,Mysłowice,Piastów Śląskich 8,ul
3349,SZKOŁA PODSTAWOWA NR 9 IM. JANA PAWŁA II W ŻYWCU,2026,Żywiec,ul. Dworcowa 26,Żywiec,Dworcowa 26,ul
3356,SZKOŁA PODSTAWOWA NR 16 Z ODDZIAŁAMI DWUJĘZYCZNYMI IM. JERZEGO CHROMIKA W MYSŁOWICACH,2026,Mysłowice,ul. Kosztowska 46,Mysłowice,Kosztowska 46,ul
3372,SZKOŁA PODSTAWOWA IM. KS. PRAŁATA ERHARDA STANISZEWSKIEGO,2026,Śliwice,ul. Szkolna 9,Śliwice,Szkolna 9,ul
3387,SZKOŁA PODSTAWOWA IM. EWARYSTA ESTKOWSKIEGO W MIKSTACIE,2026,Mikstat,ul. Grabowska 13,Mikstat,Grabowska 13,ul
3388,SZKOŁA PODSTAWOWA NR 2 IM. BOLESŁAWA PRUSA W MYSŁOWICACH,2026,Mysłowice,ul. Piastowska 7,Mysłowice,Piastowska 7,ul
3431,SZKOŁA PODSTAWOWA NR 1 IM. ŚW. JANA PAWŁA II W GIŻYCKU,2026,Giżycko,ul. Gimnazjalna 1,Giżycko,Gimnazjalna 1,ul
3432,SZKOŁA PODSTAWOWA IM. ŚW. BRATA ALBERTA W CZECHÓWCE,2026,Czechówka,ul. Szkolna 72,Czechówka,Szkolna 72,ul
3436,SZKOŁA PODSTAWOWA NR 3 IM. JANA PAWŁA II W RYPINIE,2026,Rypin,ul. Młyńska 12,Rypin,Młyńska 12,ul
3458,SZKOŁA PODSTAWOWA NR 7 Z ODDZIAŁAMI DWUJĘZYCZNYMI IM. KORNELA MAKUSZYŃSKIEGO W MYSŁOWICACH,2026,Mysłowice,ul. Górnicza 4,Mysłowice,Górnicza 4,ul
3464,SZKOŁA PODSTAWOWA NR 1 IM. MARII SKŁODOWSKIEJ-CURIE W MYSŁOWICACH,2026,Mysłowice,ul. Wielka Skotnica 2,Mysłowice,Wielka Skotnica 2,ul
3469,SZKOŁA PODSTAWOWA W RYCHTALU IM. OJCA KONRADA STOLARKA,2026,Rychtal,ul. Kępińska 13,Rychtal,Kępińska 13,ul
3471,SZKOŁA PODSTAWOWA IM. JANA PAWŁA II W STUPSKU,2026,Stupsk,ul. Henryka Sienkiewicza 11,Stupsk,Sienkiewicza 11,ul henryka
3497,SZKOŁA PODSTAWOWA NR 13 Z ODDZIAŁAMI INTEGRACYJNYMI I DWUJĘZYCZNYMI IM. HENRYKA SIENKIEWICZA W MYSŁOWICACH,2026,Mysłowice,ul. ks. Kardynała Augusta Hlonda 14,Mysłowice,Hlonda 14,ul ks kardynała augusta
3499,SZKOŁA PODSTAWOWA IM. JANA PAWŁA II W KOWALACH OLECKICH,2026,Kowale Oleckie,ul. Witosa 6,Kowale Oleckie,Witosa 6,ul
3501,SZKOŁA PODSTAWOWA NR 17 IM. JANA PAWŁA II W MYSŁOWICACH,2026,Mysłowice,ul. Polskiego Czerwonego Krzyża 209b,Mysłowice,Polskiego Czerwonego Krzyża 209b,ul
3545,SZKOŁA PODSTAWOWA NR 23 IM. MARIUSZA ZARUSKIEGO,2026,Szczecin,ul. Miernicza 10,Szczecin,Miernicza 10,ul
3573,SZKOŁA PODSTAWOWA NR 2 IM.BIAŁYCH GÓRNIKÓW W KŁODAWIE,2026,Kłodawa,ul. 3 Maja 5,Kłodawa,Maja 5,ul 3
3603,SZKOŁA PODSTAWOWA NR 8 IM. STEFANA ŻEROMSKIEGO W SKARŻYSKU-KAMIENNEJ,2026,Skarżysko-Kamienna,ul. Podjazdowa 21,Skarżysko-Kamienna,Podjazdowa 21,ul
3719,SZKOŁA PODSTAWOWA W BUDZOWIE Z FILIĄ W GRODZISZCZU,2026,Budzów,ul. Henryka Pobożnego 1,Budzów,Henryka Pobożnego 1,ul
3772,SZKOŁA PODSTAWOWA NR 2 W LEGNICY,2026,Legnica,ul. Głogowska 50,Legnica,Głogowska 50,ul
3798,SZKOŁA PODSTAWOWA IM. FRYDERYKA CHOPINA W KSIĄŻENICACH,2026,Książenice,al. E. Marylskiego 3,Książenice,Marylskiego 3,al e
3801,PUBLICZNA SZKOŁA PODSTAWOWA IM. ŚWIĘTEJ JADWIGI KRÓLOWEJ W BORKOWIE,2026,Borków,ul. Klonowa 72,Borków,Klonowa 72,ul
3848,SZKOŁA PODSTAWOWA IM. MARII KONOPNICKIEJ W PRZECZYCACH,2026,Przeczyce,ul. Tysiąclecia 6,Przeczyce,Tysiąclecia 6,ul
3911,SZKOŁA PODSTAWOWA IM. ASTRID LINDGREN W DĄBROWIE,2026,Dąbrowa,ul. Szkolna 41,Dąbrowa,Szkolna 41,ul
3951,SZKOŁA PODSTAWOWA NR 1 IM. JÓZEFA PIŁSUDSKIEGO W PIASECZNIE,2026,Piaseczno,ul. Świętojańska 18,Piaseczno,Świętojańska 18,ul
3960,SZKOŁA PODSTAWOWA IM. KAWALERÓW ORDERU UŚMIECHU W PRĘGOWIE,2026,Pręgowo,ul. prof. Bronisława Bukowskiego 3,Pręgowo,Bukowskiego 3,ul prof bronisława
3986,SZKOŁA PODSTAWOWA IM. WŁADYSŁAWA BRONIEWSKIEGO W JAKSICACH,2026,Jaksice,ul. Szosa Bydgoska 11,Jaksice,Szosa Bydgoska 11,ul
3993,SZKOŁA PODSTAWOWA NR 3 IM.KORNELA MAKUSZYŃSKIEGO Z ODDZIAŁAMI MISTRZOSTWA SPORTOWEGO,2026,Stargard,"ul. Bolesława Limanowskiego 7, 9",Stargard,"Limanowskiego 7, 9",ul bolesława
4007,SZKOŁA PODSTAWOWA NR 10 IM ZOFII KOSSAK,2026,Legnica,ul. Jaworzyńska 47,Legnica,Jaworzyńska 47,ul
4048,SZKOŁA PODSTAWOWA NR 1 IM. HENRYKA SIENKIEWICZA,2026,Grodzisk Mazowiecki,ul. W. Bartniaka 13A,Grodzisk Mazowiecki,Bartniaka 13A,ul w
4053,SZKOŁA PODSTAWOWA NR 20 IM. 2 MORSKIEGO PUŁKU STRZELCÓW,2026,Gdynia,ul. Starodworcowa 36,Gdynia,Starodworcowa 36,ul
4064,SZKOŁA PODSTAWOWA IM. JANUSZA KUSOCIŃSKIEGO W KOŁODZIEJEWIE,2026,Kołodziejewo,ul. Szkolna 10,Kołodziejewo,Szkolna 10,ul
4066,PUBLICZNA SZKOŁA PODSTAWOWA W RADOSZEWICACH,2026,Radoszewice,ul. Niemojewskich 1B,Radoszewice,Niemojewskich 1B,ul
4071,SZKOŁA PODSTAWOWA IM. JAKUBA WEJHERA W GÓRZE,2026,Góra,ul. Szkolna 4,Góra,Szkolna 4,ul
4102,SZKOŁA PODSTAWOWA IM. JÓZEFA WYBICKIEGO W CZERWONAKU,2026,Czerwonak,ul. Rolna 8,Czerwonak,Rolna 8,ul
4105,SZKOŁA PODSTAWOWA IM. HANSA CHRISTIANA ANDERSENA W BOLECHOWIE-OSIEDLU,2026,Bolechowo-Osiedle,ul. Wojska Polskiego 6,Bolechowo-Osiedle,Wojska Polskiego 6,ul
4108,SZKOŁA PODSTAWOWA IM. JÓZEFA WYBICKIEGO W OWIŃSKACH,2026,Owińska,ul. Poprzeczna 10,Owińska,Poprzeczna 10,ul
4120,PUBLICZNA SZKOŁA PODSTAWOWA,2026,Parysów,ul. Książęca 11,Parysów,Książęca 11,ul
4151,SZKOŁA PODSTAWOWA IM. JANA BRZECHWY W ORLU,2026,Orle,ul. Nadrzeczna 19,Orle,Nadrzeczna 19,ul
4153,SZKOŁA PODSTAWOWA IM. ALOJZEGO NAGLA W NOWYM DWORZE WEJHEROWSKIM,2026,Nowy Dwór Wejherowski,ul. Szkolna 1,Nowy Dwór Wejherowski,Szkolna 1,ul
4202,SZKOŁA PODSTAWOWA NR 2 IM. PANNY MARYI,2026,Inowrocław,ul. Najświętszej Marii Panny 22/24,Inowrocław,Najświętszej Marii Panny 22/24,ul
4203,SZKOŁA PODSTAWOWA NR 4 IM. JANUSZA KUSOCIŃSKIEGO,2026,Inowrocław,ul. Szarych Szeregów 1,Inowrocław,Szarych Szeregów 1,ul
4205,SZKOŁA PODSTAWOWA NR 2 IM. HENRYKA SIENKIEWICZA W ZAMOŚCIU,2026,Zamość,ul. Lwowska 15,Zamość,Lwowska 15,ul
4207,SZKOŁA PODSTAWOWA NR 9 Z ODDZIAŁAMI PRZEDSZKOLNYMI IM. MARII SKŁODOWSKIEJ-CURIE,2026,Inowrocław,ul. Chemiczna 9,Inowrocław,Chemiczna 9,ul
4209,SZKOŁA PODSTAWOWA NR 11 IM. STEFANA BATOREGO,2026,Inowrocław,ul. Jana III Sobieskiego 5/7,Inowrocław,Jana III Sobieskiego 5/7,ul
4218,SZKOŁA PODSTAWOWA IM. POWSTAŃCÓW WIELKOPOLSKICH W PAKOŚCI,2026,Pakość,ul. Błonie 2,Pakość,Błonie 2,ul
4221,SZKOŁA PODSTAWOWA NR 39 IM. KPT Ż. W. KAZIMIERZA JURKIEWICZA,2026,Gdynia,ul. adm. J. Unruga 88,Gdynia,Unruga 88,ul adm j
4254,SZKOŁA PODSTAWOWA NR 6 IM. ANTONIEGO ABRAHAMA,2026,Gdynia,ul. Cechowa 22,Gdynia,Cechowa 22,ul
4269,SZKOŁA PODSTAWOWA IM. MELCHIORA WAŃKOWICZA W CIGACICACH,2026,Cigacice,pl. Szkolny 10,Cigacice,Szkolny 10,pl
4277,SZKOŁA PODSTAWOWA NR 23,2026,Gdynia,ul. Artura Grottgera 19,Gdynia,Grottgera 19,ul artura
4282,SZKOŁA PODSTAWOWA NR 29 IM. STEFANA ŻEROMSKIEGO,2026,Gdynia,ul. Piotra Ściegiennego 8,Gdynia,Ściegiennego 8,ul piotra
4284,SZKOŁA PODSTAWOWA NR 35 IM. KPT. STANISŁAWA KOSKO,2026,Gdynia,ul. Uczniowska 1,Gdynia,Uczniowska 1,ul
4285,SZKOŁA PODSTAWOWA IM. WŁADYSŁAWA BRONIEWSKIEGO WE WŁODOWICACH Z FILIĄ W ZDOWIE,2026,Włodowice,ul. Krakowska 13,Włodowice,Krakowska 13,ul
4300,SZKOŁA PODSTAWOWA NR 10 IM. EUGENIUSZA KWIATKOWSKIEGO,2026,Gdynia,ul. Morska 192,Gdynia,Morska 192,ul
4307,SZKOŁA PODSTAWOWA NR 17 IM. WICEADM. JÓZEFA UNRUGA,2026,Gdynia,ul. Grabowo 12,Gdynia,Grabowo 12,ul
4319,SZKOŁA PODSTAWOWA NR 26 IM. ŻOŁNIERZY ARMII KRAJOWEJ,2026,Gdynia,ul. Tatrzańska 40,Gdynia,Tatrzańska 40,ul
4324,SZKOŁA PODSTAWOWA NR 16 IM. ORŁA BIAŁEGO,2026,Gdynia,ul. Chabrowa 43,Gdynia,Chabrowa 43,ul
4330,SZKOŁA PODSTAWOWA IM. JANUSZA KORCZAKA W OKUPIE,2026,Okup Mały,ul. Akacjowa 4,Okup Mały,Akacjowa 4,ul
4331,SZKOŁA PODSTAWOWA IM. STEFANA CZARNIECKIEGO W CZARNCY,2026,Czarnca,ul. Szkolna 16A,Czarnca,Szkolna 16A,ul
4359,SZKOŁA PODSTAWOWA IM. KRÓLA ZYGMUNTA AUGUSTA W WASILKOWIE,2026,Wasilków,ul. Polna 1/4A,Wasilków,Polna 1/4A,ul
4369,SZKOŁA PODSTAWOWA NR 33 IM. OBROŃCÓW KĘPY OKSYWSKIEJ,2026,Gdynia,ul. Cypriana Godebskiego 8,Gdynia,Godebskiego 8,ul cypriana
4384,SZKOŁA PODSTAWOWA W STĘSZEWIE,2026,Stęszew,ul. Poznańska 25,Stęszew,Poznańska 25,ul
4406,SZKOŁA PODSTAWOWA NR 1 IM. FRYDERYKA CHOPINA W SKÓRZEWIE,2026,Skórzewo,ul. Poznańska 70,Skórzewo,Poznańska 70,ul
4408,SZKOŁA PODSTAWOWA NR 1 IM. MARII KONOPNICKIEJ W LESZNIE,2026,Leszno,al. Aleje Zygmunta Krasińskiego 2,Leszno,Aleje Zygmunta Krasińskiego 2,al
4416,SZKOŁA PODSTAWOWA IM. POLONII AMERYKAŃSKIEJ W GULCZU,2026,Gulcz,ul. Czarnkowska 10,Gulcz,Czarnkowska 10,ul
4440,SZKOŁA PODSTAWOWA NR 7 IM.KONSTANTEGO ILDEFONSA GAŁCZYNSKIEGO W LEGNICY,2026,Legnica,ul. Polarna 1,Legnica,Polarna 1,ul
4470,SZKOŁA PODSTAWOWA NR 6 IM. SZARYCH SZEREGÓW,2026,Grodzisk Mazowiecki,ul. Sportowa 31,Grodzisk Mazowiecki,Sportowa 31,ul
4482,SZKOŁA PODSTAWOWA NR 37 IM. OBROŃCÓW KĘPY OKSYWSKIEJ,2026,Gdynia,ul. Wiczlińska 50A,Gdynia,Wiczlińska 50A,ul
4529,SZKOŁA PODSTAWOWA NR 28 IM. LOTNIKÓW POLSKICH,2026,Gdynia,ul. Zielona 53,Gdynia,Zielona 53,ul
4536,SZKOŁA PODSTAWOWA NR 27 IM. KRZYSZTOFA KAMILA BACZYŃSKIEGO W KIELCACH,2026,Kielce,ul. Marszałkowska 96,Kielce,Marszałkowska 96,ul
4542,SZKOŁA PODSTAWOWA IM. BOGUMIŁA LINKI W DŹWIERZUTACH,2026,Dźwierzuty,ul. Sienkiewicza 2A,Dźwierzuty,Sienkiewicza 2A,ul
4552,SZKOŁA PODSTAWOWA NR 28 IM. ŻOŁNIERZY 4 PP „CZWARTAKÓW” W KIELCACH,2026,Kielce,ul. Karola Szymanowskiego 5,Kielce,Szymanowskiego 5,ul karola
4557,SZKOŁA PODSTAWOWA NR 33 IM. IGNACEGO JANA PADEREWSKIEGO W KIELCACH,2026,Kielce,ul. Marszałka Józefa Piłsudskiego 42,Kielce,Piłsudskiego 42,ul marszałka józefa
4563,SZKOŁA PODSTAWOWA NR 18 IM. KORNELA MAKUSZYŃSKIEGO,2026,Gdynia,ul. Ignacego Krasickiego 28,Gdynia,Krasickiego 28,ul ignacego
4600,SZKOŁA PODSTAWOWA IM. ORŁA BIAŁEGO W WIŚLINCE,2026,Wiślinka,ul. Szkolna 10,Wiślinka,Szkolna 10,ul
4623,SZKOŁA PODSTAWOWA Z ODDZIAŁAMI INTEGRACYJNYMI NR 1 IM.ARMII KRAJOWEJ W SOPOCIE,2026,Sopot,ul. Armii Krajowej 50/54,Sopot,Armii Krajowej 50/54,ul
4644,SZKOŁA PODSTAWOWA NR1 IM. KORNELA MAKUSZYŃSKIEGO W WAŁCZU,2026,Wałcz,ul. Robotnicza 23,Wałcz,Robotnicza 23,ul
4661,SZKOŁA PODSTAWOWA IM. WŁADYSŁAWA BRONIEWSKIEGO,2026,Bielsk,ul. Sierpecka 42,Bielsk,Sierpecka 42,ul
4698,SZKOŁA PODSTAWOWA IM. ŻOŁNIERZY ARMII KRAJOWEJ - BOHATERÓW LASÓW CHOJNOWSKICH W UWIELINACH,2026,Uwieliny,ul. Szkolna 2A,Uwieliny,Szkolna 2A,ul
4699,SZKOŁA PODSTAWOWA,2026,Prażmów,ul. Franciszka Ryxa 72,Prażmów,Ryxa 72,ul franciszka
4706,SZKOŁA PODSTAWOWA STOWARZYSZENIA PRZYJACIÓŁ SZKÓŁ KATOLICKICH IM. STEFANA KARDYNAŁA WYSZYŃSKIEGO W ŻYWCU,2026,Żywiec,ul. Aleja Legionów 47,Żywiec,Aleja Legionów 47,ul
4744,SZKOŁA PODSTAWOWA IM. JANA PAWŁA II W KAZIMIERZU BISKUPIM,2026,Kazimierz Biskupi,ul. Węglewska 12,Kazimierz Biskupi,Węglewska 12,ul
4750,SZKOŁA PODSTAWOWA W BRODACH,2026,Brody,ul. Jagielnicka 97,Brody,Jagielnicka 97,ul
4799,SZKOŁA PODSTAWOWA IM ADAMA MICKIEWICZA W ŚWIĄTNIKACH GÓRNYCH,2026,Świątniki Górne,ul. Kazimierza Bruchnalskiego 35,Świątniki Górne,Bruchnalskiego 35,ul kazimierza
4818,PUBLICZNA SZKOŁA PODSTAWOWA IM. ST. ŻEROMSKIEGO,2026,Wierzbica,ul. Żeromskiego 62,Wierzbica,Żeromskiego 62,ul
4822,SZKOŁA PODSTAWOWA NR 2 IM. MARII KONOPNICKIEJ W KIELCACH,2026,Kielce,ul. Generała Tadeusza Kościuszki 5,Kielce,Kościuszki 5,ul generała tadeusza
4831,SZKOŁA PODSTAWOWA NR 4 IM. ZDOBYWCÓW WAŁU POMORSKIEGO W WAŁCZU,2026,Wałcz,ul. Aleja Tysiąclecia 19,Wałcz,Aleja Tysiąclecia 19,ul
4839,SZKOŁA PODSTAWOWA NR 61 IM. MICHAŁA KMIECIKA,2026,Szczecin,ul. 3 Maja 4,Szczecin,Maja 4,ul 3
4895,SZKOŁA PODSTAWOWA WE WRZĄSOWICACH,2026,Wrząsowice,ul. Szkolna 5,Wrząsowice,Szkolna 5,ul
4896,SZKOŁA PODSTAWOWA IM. J. KOWALCZYKA W RZESZOTARACH,2026,Rzeszotary,ul. Pod Dębiną 45,Rzeszotary,Pod Dębiną 45,ul
4901,SZKOŁA PODSTAWOWA W STRZELCACH WIELKICH,2026,Strzelce Wielkie,ul. Częstochowska 8a,Strzelce Wielkie,Częstochowska 8a,ul
4963,SZKOŁA PODSTAWOWA NR 1 IM. BOLESŁAWA CHROBREGO,2026,Szczecin,al. Piastów 6,Szczecin,Piastów 6,al
4992,SZKOŁA PODSTAWOWA NR 2 IM. ŚW. FLORIANA W SĘDZISZOWIE,2026,Sędziszów,ul. Przemysłowa 8A,Sędziszów,Przemysłowa 8A,ul
5061,STOWARZYSZENIE EDUKATOR W ŁOMŻY SZKOŁA PODSTAWOWA W KOZŁOWIE,2026,Rybno,ul. Długa 17,Rybno,Długa 17,ul
5067,SZKOŁA PODSTAWOWA IM. BŁ.S.MARTY WIECKIEJ,2026,Szczodrowo,ul. Szkolna 1,Szczodrowo,Szkolna 1,ul
5076,PUBLICZNA SZKOŁA PODSTAWOWA NR 2 IM. ORŁA BIAŁEGO W WAŁBRZYCHU,2026,Wałbrzych,ul. Melchiora Wańkowicza 13,Wałbrzych,Wańkowicza 13,ul melchiora
5084,SZKOŁA PODSTAWOWA Z ODDZIAŁAMI INTEGRACYJNYMI NR 9 IM GEN.WŁADYSŁAWA SIKORSKIEGO W SOPOCIE,2026,Sopot,ul. Oskara Kolberga 15,Sopot,Kolberga 15,ul oskara
5090,SZKOŁA PODSTAWOWA NR 1 IM. JANA BARANOWSKIEGO W SŁAWKOWIE,2026,Sławków,ul. Browarna 55,Sławków,Browarna 55,ul
5115,KATOLICKA SZKOŁA PODSTAWOWA IM.JOANNY BERETTY MOLLI W PIEKARACH ŚLĄSKICH,2026,Piekary Śląskie,ul. Bytomska 207,Piekary Śląskie,Bytomska 207,ul
5116,SZKOŁA PODSTAWOWA NR 5 IM.BOLESŁAWA CHROBREGO W BOGATYNI,2026,Bogatynia,ul. Młodych Energetyków 24,Bogatynia,Młodych Energetyków 24,ul
5119,SZKOŁA PODSTAWOWA NR 5 IM. JANA DRZEŻDŻONA W REDZIE,2026,Reda,ul. Rekowska 36,Reda,Rekowska 36,ul
5120,SZKOŁA PODSTAWOWA NR 352 W WARSZAWIE IM. JERZEGO HUBERTA WAGNERA,2026,Warszawa,ul. Josepha Conrada 6,Warszawa,Conrada 6,ul josepha
5127,SZKOŁA PODSTAWOWA NR 56 IM. KPT. Ż. W. KONSTANTEGO MACIEJEWICZA,2026,Szczecin,ul. Jacka Malczewskiego 22,Szczecin,Malczewskiego 22,ul jacka
5138,SZKOŁA PODSTAWOWA W SUCHEJ KOSZALIŃSKIEJ,2026,Sucha Koszalińska,ul. Morska 6,Sucha Koszalińska,Morska 6,ul
5144,SZKOŁA PODSTAWOWA IM. WANDY CHOTOMSKIEJ W KIEŁCZOWIE,2026,Kiełczów,ul. Szkolna 3,Kiełczów,Szkolna 3,ul
5147,SZKOŁA PODSTAWOWA IM. POLSKIEJ NIEZAPOMINAJKI W SZCZODREM,2026,Szczodre,ul. Trzebnicka 42,Szczodre,Trzebnicka 42,ul
5155,SZKOŁA PODSTAWOWA NR 68 IM. 12 PUŁKU UŁANÓW PODOLSKICH,2026,Szczecin,ul. Zakole 1a,Szczecin,Zakole 1a,ul
5165,SZKOŁA PODSTAWOWA NR 69 IM. MJRA H. SUCHARSKIEGO,2026,Szczecin,ul. Jana Zamoyskiego 2,Szczecin,Zamoyskiego 2,ul jana
5168,SZKOŁA PODSTAWOWA IM. WŁADYSŁAWA ZAMOYSKIEGO W BRZEGACH,2026,Brzegi,ul. Halna 58,Brzegi,Halna 58,ul
5189,SZKOŁA PODSTAWOWA NR 71 IM. BOGUSŁAWA X I ANNY JAGIELLONKI,2026,Szczecin,ul. Bośniacka 7,Szczecin,Bośniacka 7,ul
5209,SZKOŁA PODSTAWOWA NR 6 IM. KS. KAROLA PALICY,2026,Tychy,ul. Katowicka 102,Tychy,Katowicka 102,ul
5213,SZKOŁA PODSTAWOWA NR 2 IM. MAŁEGO TRÓJMIASTA KASZUBSKIEGO W REDZIE,2026,Reda,ul. Aleksandra Zawadzkiego 12,Reda,Zawadzkiego 12,ul aleksandra
5231,SZKOŁA PODSTAWOWA NR 1 W CZARNEJ GÓRZE,2026,Czarna Góra,ul. Zagóra 149,Czarna Góra,Zagóra 149,ul
5240,SZKOŁA PODSTAWOWA NR 2 W CZARNEJ GÓRZE,2026,Czarna Góra,ul. Nadwodnia 140,Czarna Góra,Nadwodnia 140,ul
5242,SZKOŁA PODSTAWOWA IM. JANA PAWŁA II W KRASNOPOLU,2026,Krasnopol,ul. Wojska Polskiego 63,Krasnopol,Wojska Polskiego 63,ul
5243,SZKOŁA PODSTAWOWA NR 11 IM. UNICEF-U W SZCZECINIE,2026,Szczecin,ul. Emilii Plater 20,Szczecin,Plater 20,ul emilii
5246,SZKOŁA PODSTAWOWA NR 48 IM. KAWALERÓW ORDERU UŚMIECHU W SZCZECINIE,2026,Szczecin,ul. Czorsztyńska 35,Szczecin,Czorsztyńska 35,ul
5284,SZKOŁA PODSTAWOWA NR 6 IM. JANA PAWŁA II W REDZIE,2026,Reda,ul. Gniewowska 33,Reda,Gniewowska 33,ul
5296,"SZKOŁA PODSTAWOWA NR 14 FUNDACJI ""ELEMENTARZ"" W ZAWIERCIU",2026,Zawiercie,ul. Harcerska 67,Zawiercie,Harcerska 67,ul
5300,SZKOŁA PODSTAWOWA NR 19 IM. IRENY SENDLEROWEJ W KIELCACH,2026,Kielce,ul. Targowa 3,Kielce,Targowa 3,ul
5314,SZKOŁA PODSTAWOWA NR 1 Z ODDZIAŁAMI INTEGRACYJNYMI IM. J.RYDZKOWSKIEGO,2026,Chojnice,ul. 31 Stycznia 21/23,Chojnice,Stycznia 21/23,ul 31
5317,SZKOŁA PODSTAWOWA NR 14 W SZCZECINIE IM. DANUTY SZYKSZNIAN,2026,Szczecin,ul. Strzałowska 27a,Szczecin,Strzałowska 27a,ul
5322,SZKOŁA PODSTAWOWA NR 7 IM. POWSTAŃCÓW ŚLĄSKICH,2026,Tychy,ul. Lwa Tołstoja 1,Tychy,Tołstoja 1,ul lwa
5338,SZKOŁA PODSTAWOWA IM.ORŁA BIAŁEGO W SŁOTWINIE,2026,Słotwina,ul. Księdza Ferdynanda Sznajdrowicza 11,Słotwina,Sznajdrowicza 11,ul księdza ferdynanda
5407,SZKOŁA PODSTAWOWA NR 11 IM. MARII CURIE-SKŁODOWSKIEJ,2026,Tychy,ul. M. Curie-Skłodowskiej 4,Tychy,Curie-Skłodowskiej 4,ul m
5462,SZKOŁA PODSTAWOWA NR 1 IM. TADEUSZA KOŚCIUSZKI,2026,Szczekociny,ul. Senatorska 22,Szczekociny,Senatorska 22,ul
5478,SZKOŁA PODSTAWOWA IM. JANA PAWŁA II W JERZMANOWEJ,2026,Jerzmanowa,ul. Głogowska 19,Jerzmanowa,Głogowska 19,ul
5505,SZKOŁA PODSTAWOWA NR 18 IM. WŁADYSŁAWA JAGIEŁŁY,2026,Tychy,ul. Grzegorza Fitelberga 8,Tychy,Fitelberga 8,ul grzegorza
5527,SZKOŁA PODSTAWOWA W OSIĘCINACH,2026,Osięciny,ul. Traugutta 1,Osięciny,Traugutta 1,ul
5551,SZKOŁA PODSTAWOWA NR 53 IM. FRYDERYKA CHOPINA W SZCZECINIE,2026,Szczecin,ul. Budzysza Wosia 8/9,Szczecin,Budzysza Wosia 8/9,ul
5561,SZKOŁA PODSTAWOWA NR 54 IM. JANUSZA KORCZAKA W SZCZECINIE,2026,Szczecin,ul. Generała Ludomiła Rayskiego 9,Szczecin,Rayskiego 9,ul generała ludomiła
5573,SZKOŁA PODSTAWOWA NR 16 IM. SZCZECIŃSKICH OLIMPIJCZYKÓW W SZCZECINIE,2026,Szczecin,ul. Chobolańska 20,Szczecin,Chobolańska 20,ul
5576,NIEPUBLICZNA SZKOŁA PODSTAWOWA Z ODDZIAŁAMI PRZEDSZKOLNYMI,2026,Pieszyce,ul. Świdnicka 53,Pieszyce,Świdnicka 53,ul
5697,SZKOŁA PODSTAWOWA W LELOWIE,2026,Lelów,ul. Szczekocińska 41,Lelów,Szczekocińska 41,ul
5706,SZKOŁA PODSTAWOWA NR 2 IM. KRÓLOWEJ JADWIGI W CZECHOWICACH-DZIEDZICACH,2026,Czechowice-Dziedzice,ul. Węglowa 54,Czechowice-Dziedzice,Węglowa 54,ul
5719,SZKOŁA PODSTAWOWA W BRONOWIE,2026,Bronów,ul. Kolorowa 2,Bronów,Kolorowa 2,ul
5763,SZKOŁA PODSTAWOWA NR 1 IM. STANISŁAWA STASZICA,2026,Chodzież,ul. Stanisława Staszica 19,Chodzież,Staszica 19,ul stanisława
5817,SZKOŁA PODSTAWOWA NR 20 IM. KS. JANA TWARDOWSKIEGO,2026,Szczecin,ul. Dobrzyńska 2,Szczecin,Dobrzyńska 2,ul
5822,PUBLICZNA SZKOŁA PODSTAWOWA NR 2 IM. POLSKICH OLIMPIJCZYKÓW W OPOLU,2026,Opole,ul. Katowicka 35,Opole,Katowicka 35,ul
5824,SZKOŁA PODSTAWOWA NR 35 IM. JANA PAWŁA II W SZCZECINIE,2026,Szczecin,ul. Świętoborzyców 40,Szczecin,Świętoborzyców 40,ul
5827,I SPOŁECZNA SZKOŁA PODSTAWOWA IM. MIKOŁAJA REJA W KIELCACH,2026,Kielce,al. IX Wieków Kielc 15,Kielce,Wieków Kielc 15,al ix
5836,SZKOŁA PODSTAWOWA NR 2 IM. M. KOPERNIKA W ŁAPACH,2026,Łapy,ul. Piękna 17,Łapy,Piękna 17,ul
5846,SZKOŁA PODSTAWOWA NR 22 Z ODDZIAŁAMI INTEGRACYJNYMI IM. RAFAŁA POMORSKIEGO,2026,Tychy,ul. Harcerska 25,Tychy,Harcerska 25,ul
5855,SZKOŁA PODSTAWOWA NR 1 IM.H.SIENKIEWICZA W CZAŃCU,2026,Czaniec,ul. kard. Karola Wojtyły 32,Czaniec,Wojtyły 32,ul kard karola
5862,SZKOŁA PODSTAWOWA NR 1 IM.M.KOPERNIKA W PORĄBCE,2026,Porąbka,ul. Krakowska 4,Porąbka,Krakowska 4,ul
5865,SZKOŁA PODSTAWOWA W KOKOCKU,2026,Kokocko,ul. Szkolna 4,Kokocko,Szkolna 4,ul
5867,SZKOŁA PODSTAWOWA IMIENIA KS. JÓZEFA PONIATOWSKIEGO W BOLECHOWICACH,2026,Bolechowice,ul. Szkolna 7,Bolechowice,Szkolna 7,ul
5870,SZKOŁA PODSTAWOWA IM. BOHATERÓW WESTERPLATTE W NIELEPICACH,2026,Nielepice,ul. Długa 17,Nielepice,Długa 17,ul
5873,SZKOŁA PODSTAWOWA IM. JANUSZA KORCZAKA W ZABIERZOWIE,2026,Zabierzów,ul. Kolejowa 15,Zabierzów,Kolejowa 15,ul
5908,AKADEMIA PRYMUSA NIEPUBLICZNA SZKOŁA PODSTAWOWA NR 1 IM. LEONARDA DA VINCI W SOCHACZEWIE,2026,Sochaczew,ul. Stadionowa 4,Sochaczew,Stadionowa 4,ul
5919,SZKOŁA PODSTAWOWA NR 66 IM. EDWARDA DEMBOWSKIEGO W KRAKOWIE,2026,Kraków,ul. Skotnicka 86,Kraków,Skotnicka 86,ul
5928,PUBLICZNA SZKOŁA PODSTAWOWA NR 7 IM. JAKUBA KANI W OPOLU,2026,Opole,ul. Budowlanych 40,Opole,Budowlanych 40,ul
5929,SZKOŁA PODSTAWOWA NR 36 IM. NARODÓW ZJEDNOCZONEJ EUROPY,2026,Tychy,ul. Generała Ch. de Gaulle'a 18,Tychy,de Gaulle'a 18,ul generała ch
5947,SZKOŁA PODSTAWOWA IM.PAPIEŻA JANA PAWŁA II W BLOCHACH,2026,Blochy,ul. Spacerowa 8,Blochy,Spacerowa 8,ul
5967,SZKOŁA PODSTAWOWA Z ODDZIAŁAMI INTEGRACYJNYMI NR 8 IM.JANA MATEJKI,2026,Sopot,ul. Józefa Golca 3,Sopot,Golca 3,ul józefa
5968,SZKOŁA PODSTAWOWA IM. STRAŻY GRANICZNEJ W SARBINOWIE,2026,Sarbinowo,ul. Nadmorska 27a,Sarbinowo,Nadmorska 27a,ul
5970,SZKOŁA PODSTAWOWA NR 2,2026,Rzeszów,ul. Aleksandra Kamińskiego 12,Rzeszów,Kamińskiego 12,ul aleksandra
5976,SZKOŁA PODSTAWOWA IM. HENRYKA SIENKIEWICZA W KONARZEWIE,2026,Konarzewo,ul. Szkolna 16,Konarzewo,Szkolna 16,ul
5981,SZKOŁA PODSTAWOWA NR 29 IM. JERZEGO PUCKA W GDAŃSKU,2026,Gdańsk,ul. Miałki Szlak 74,Gdańsk,Miałki Szlak 74,ul
5984,SZKOŁA PODSTAWOWA NR 2 IM. ADAMA MICKIEWICZA,2026,Toruń,ul. Targowa 17,Toruń,Targowa 17,ul
5992,SZKOŁA PODSTAWOWA NR 37 Z ODDZIAŁAMI DWUJĘZYCZNYMI IM. KORNELA MAKUSZYŃSKIEGO W TYCHACH,2026,Tychy,ul. Feliksa Konecznego 1,Tychy,Konecznego 1,ul feliksa
5996,SZKOŁA PODSTAWOWA NR 18 IM. 1 BATALIONU MORSKIEGO WE WŁOCŁAWKU,2026,Włocławek,ul. Hutnicza 5/7,Włocławek,Hutnicza 5/7,ul
5997,SZKOŁA PODSTAWOWA NR 3 IM.KPT.JANA DRZEWIECKIEGO,2026,Toruń,ul. Legionów 210,Toruń,Legionów 210,ul
6004,SZKOŁA PODSTAWOWA IM.TADEUSZA KOŚCIUSZKI W DŁUGOSIODLE,2026,Długosiodło,ul. Tadeusza Kościuszki 5,Długosiodło,Kościuszki 5,ul tadeusza
6010,SZKOŁA PODSTAWOWA IM.KS.JANA TWARDOWSKIEGO W STARYM BOSEWIE,2026,Stare Bosewo,ul. Rozwojowa 19,Stare Bosewo,Rozwojowa 19,ul
6028,SZKOŁA PODSTAWOWA SPECJALNA NR 56 W LUBLINIE,2026,Lublin,ul. Diamentowa 2,Lublin,Diamentowa 2,ul
6040,SZKOŁA PODSTAWOWA NR 40 Z ODDZIAŁAMI INTEGRACYJNYMI IM. GEN. JERZEGO ZIĘTKA,2026,Tychy,ul. Alfonsa Zgrzebnioka 45,Tychy,Zgrzebnioka 45,ul alfonsa
6041,SZKOŁA PODSTAWOWA IM. MARII SKŁODOWSKIEJ-CURIE W SZCZEPANOWIE,2026,Szczepanowo,ul. Szkolna 1,Szczepanowo,Szkolna 1,ul
6101,PUBLICZNA SZKOŁA PODSTAWOWA W BUKOWIU,2026,Bukowie,ul. Lipowa 54,Bukowie,Lipowa 54,ul
6164,SZKOŁA PODSTAWOWA NR 2 IM. M. KONOPNICKIEJ,2026,Grodzisk Mazowiecki,ul. W. Westfala 3,Grodzisk Mazowiecki,Westfala 3,ul w
6178,PUBLICZNA SZKOŁA PODSTAWOWA IM PPŁK. ZDZISŁAWA ORŁOWSKIEGO W LUBASZU,2026,Lubasz,ul. Szkolna 6,Lubasz,Szkolna 6,ul
6185,PUBLICZNA SZKOŁA PODSTAWOWA W BŁOTNICY STRZELECKIEJ,2026,Błotnica Strzelecka,ul. Toszecka 19,Błotnica Strzelecka,Toszecka 19,ul
6246,SZKOŁA PODSTAWOWA NR 7 W BRODNICY,2026,Brodnica,ul. Matejki 7,Brodnica,Matejki 7,ul
6249,SZKOŁA PODSTAWOWA IM. POWSTAŃCÓW WIELKOPOLSKICH,2026,Kamionna,ul. Powstańców Wielkopolskich 2,Kamionna,Powstańców Wielkopolskich 2,ul
6326,SZKOŁA PODSTAWOWA ZGROMADZENIA SIÓSTR ZMARTWYCHWSTANIA PAŃSKIEGO IM. BŁ. ALICJI KOTOWSKIEJ,2026,Wejherowo,ul. Klasztorna 9,Wejherowo,Klasztorna 9,ul
6338,SZKOŁA PODSTAWOWA NR 1 IM.EMILII PLATER W BOGATYNI,2026,Bogatynia,pl. Bohaterów Warszawy 1,Bogatynia,Bohaterów Warszawy 1,pl
6345,SZKOŁA PODSTAWOWA IM. GEN. FR. KLEEBERGA,2026,Kock,ul. Przechodnia 11,Kock,Przechodnia 11,ul
6360,SZKOŁA PODSTAWOWA IM. PLK LEOPOLDA LISA-KULI W PRUSZYNIE,2026,Pruszyn,ul. Dolina Liwca 46,Pruszyn,Dolina Liwca 46,ul
6370,SZKOŁA PODSTAWOWA NR 2 IM. ADAMA MICKIEWICZA Z ODDZIAŁAMI SPORTOWYMI,2026,Bydgoszcz,ul. Hetmańska 34,Bydgoszcz,Hetmańska 34,ul
6383,SZKOŁA PODSTAWOWA NR 6 IM. KS. JANA TWARDOWSKIEGO W MYSŁOWICACH,2026,Mysłowice,ul. Generała Jerzego Ziętka 116,Mysłowice,Ziętka 116,ul generała jerzego
6489,SZKOŁA PODSTAWOWA NR 300 IM. WANDY RUTKIEWICZ,2026,Warszawa,ul. Gubinowska 28/30,Warszawa,Gubinowska 28/30,ul
6500,SZKOŁA PODSTAWOWA NR 11 IM. HENRYKA JORDANA W PRZEMYŚLU,2026,Przemyśl,ul. Władycze 5,Przemyśl,Władycze 5,ul
6503,SZKOŁA PODSTAWOWA NR 6 IM. OJCA ŚWIĘTEGO JANA PAWŁA II W PRZEMYŚLU,2026,Przemyśl,ul. Generała Mieczysława Boruty-Spiechowicza 1,Przemyśl,Boruty-Spiechowicza 1,ul generała mieczysława
6504,SZKOŁA PODSTAWOWA NR 5 IM. BOHATERÓW WRZEŚNIA W PRZEMYŚLU,2026,Przemyśl,ul. Stanisława Konarskiego 7,Przemyśl,Konarskiego 7,ul stanisława
6505,SZKOŁA PODSTAWOWA NR 1 IM. HENRYKA SIENKIEWICZA W PRZEMYŚLU,2026,Przemyśl,ul. Henryka Sienkiewicza 3,Przemyśl,Sienkiewicza 3,ul henryka
6506,SZKOŁA PODSTAWOWA NR 4 IM. KS. JANA TWARDOWSKIEGO W PRZEMYŚLU,2026,Przemyśl,ul. Świętego Jana Nepomucena 10,Przemyśl,Nepomucena 10,ul świętego jana
6532,SZKOŁA PODSTAWOWA NR 4 IM. ORŁA BIAŁEGO W CZECHOWICACH-DZIEDZICACH,2026,Czechowice-Dziedzice,ul. Studencka 2,Czechowice-Dziedzice,Studencka 2,ul
6539,SZKOŁA PODSTAWOWA IM. MARII KONOPNICKIEJ W GOLICACH,2026,Golice,ul. Szkolna 2,Golice,Szkolna 2,ul
6549,NIEPUBLICZNA SZKOŁA PODSTAWOWA W BISKUPICACH RADŁOWSKICH,2026,Biskupice Radłowskie,ul. Szkolna 2,Biskupice Radłowskie,Szkolna 2,ul
6551,SZKOŁA PODSTAWOWA NR 8,2026,Rzeszów,ul. Antoniego Kopaczewskiego 2,Rzeszów,Kopaczewskiego 2,ul antoniego
6583,ZESPÓŁ OŚWIATOWY W NOWYCH IGANIACH SZKOŁA PODSTAWOWA IM. GEN. IGNACEGO PRĄDZYŃSKIEGO,2026,Nowe Iganie,ul. Siedlecka 113,Nowe Iganie,Siedlecka 113,ul
6592,SZKOŁA PODSTAWOWA NR 16,2026,Rzeszów,ul. Bohaterów 1,Rzeszów,Bohaterów 1,ul
6599,SZKOŁA PODSTAWOWA IM.JÓZEFA CHEŁMOŃSKIEGO,2026,Suchostruga,ul. Szkolna 20,Suchostruga,Szkolna 20,ul
6631,PUBLICZNA SZKOŁA PODSTAWOWA IM. BRONISŁAWA KORASZEWSKIEGO W PRÓSZKOWIE,2026,Prószków,ul. Szkolna 6,Prószków,Szkolna 6,ul
6661,ZESPÓŁ SZKÓŁ I PLACÓWEK OŚWIATOWYCH GMINY PAKOSŁAWICE SZKOŁA PODSTAWOWA W PRUSINOWICACH,2026,Prusinowice,ul. Szkolna 9,Prusinowice,Szkolna 9,ul
6700,SZKOŁA PODSTAWOWA NR 1 IMIENIA MIASTA STOŁECZNEGO WARSZAWY W MIĘDZYCHODZIE,2026,Międzychód,ul. 17 Stycznia 92,Międzychód,Stycznia 92,ul 17
6711,ZESPÓŁ SZKÓŁ W PRZESMYKACH SZKOŁA PODSTAWOWA W PRZESMYKACH,2026,Przesmyki,ul. Narutowicza 18,Przesmyki,Narutowicza 18,ul
6715,SZKOŁA PODSTAWOWA NR 9 W LEGNICY,2026,Legnica,ul. Marynarska 31,Legnica,Marynarska 31,ul
6737,SZKOŁA PODSTAWOWA NR 1 IM. FRYDERYKA CHOPINA,2026,Żary,ul. Karola Szymanowskiego 8,Żary,Szymanowskiego 8,ul karola
6751,PUBLICZNA SZKOŁA PODSTAWOWA NR 5 IM. A. CZ. CENTKIEWICZÓW W WAŁBRZYCHU,2026,Wałbrzych,ul. Poznańska 8,Wałbrzych,Poznańska 8,ul
6754,SZKOŁA PODSTAWOWA NR 1 IM. TADEUSZA KOŚCIUSZKI W MIERZĘCICACH,2026,Mierzęcice,ul. Wolności 68,Mierzęcice,Wolności 68,ul
6762,SZKOŁA PODSTAWOWA NR 2 IM. LOTNIKÓW POLSKICH W MIERZĘCICACH,2026,Mierzęcice,ul. Kolejowa 122,Mierzęcice,Kolejowa 122,ul
6783,SZKOŁA PODSTAWOWA NR 42 IM. KRÓLOWEJ JADWIGI,2026,Gdynia,ul. Leopolda Staffa 10,Gdynia,Staffa 10,ul leopolda
6792,SZKOŁA PODSTAWOWA NR 6 IM. HENRYKA SIENKIEWICZA W LEGNICY,2026,Legnica,al. marsz. Józefa Piłsudskiego 3,Legnica,Piłsudskiego 3,al marsz józefa
6835,SZKOŁA PODSTAWOWA NR 2 IM. POLSKI NIEPODLEGŁEJ W MIĘDZYCHODZIE,2026,Międzychód,ul. Gorzycka 1,Międzychód,Gorzycka 1,ul
6842,SZKOŁA PODSTAWOWA NR 1 IM. TADEUSZA KOŚCIUSZKI W WYSOKIEM MAZOWIECKIEM,2026,Wysokie Mazowieckie,ul. Kościelna 1,Wysokie Mazowieckie,Kościelna 1,ul
6846,PUBLICZNA SZKOŁA PODSTAWOWA IM. EDMUNDA DYWELSKIEGO W BYTONI,2026,Bytonia,ul. Kasztelańska 3,Bytonia,Kasztelańska 3,ul
6849,SZKOŁA PODSTAWOWA NR 25 IM. KORNELA MAKUSZYŃSKIEGO W KIELCACH,2026,Kielce,ul. Jurajska 7,Kielce,Jurajska 7,ul
6864,SZKOŁA PODSTAWOWA NR 11 IM. JÓZEFA DIETLA W KRAKOWIE,2026,Kraków,ul. Miodowa 36,Kraków,Miodowa 36,ul
6867,SZKOŁA PODSTAWOWA IM. WITOLDA BUDRYKA W CHUDOWIE,2026,Chudów,ul. Szkolna 52,Chudów,Szkolna 52,ul
6879,PUBLICZNA SZKOŁA PODSTAWOWA IM. TADEUSZA KOŚCIUSZKI W MOKRZYSKACH,2026,Mokrzyska,ul. Wiślana 47,Mokrzyska,Wiślana 47,ul
6891,SZKOŁA PODSTAWOWA NR 4 W KIELCACH,2026,Kielce,ul. Warszawska 340,Kielce,Warszawska 340,ul
6901,SZKOŁA PODSTAWOWA NR 1 IM. J.BRZECHWY W CZECHOWICACH-DZIEDZICACH,2026,Czechowice-Dziedzice,ul. Chłopska 70,Czechowice-Dziedzice,Chłopska 70,ul
6908,SZKOŁA PODSTAWOWA NR 9 IM. JÓZEFA WYBICKIEGO,2026,Wejherowo,os. 1000-lecia PP 15,Wejherowo,1000-lecia PP 15,os
6924,PUBLICZNA SZKOŁA PODSTAWOWA NR 22 IM. GWARKÓW DOLNOŚLĄSKICH W WAŁBRZYCHU,2026,Wałbrzych,ul. 11 Listopada 75,Wałbrzych,Listopada 75,ul 11
6925,PUBLICZNA SZKOŁA PODSTAWOWA NR 8 IM. GUSTAWA MORCINKA W OPOLU,2026,Opole,ul. Księdza Norberta Bonczyka 13,Opole,Bonczyka 13,ul księdza norberta
6943,PUBLICZNA SZKOŁA PODSTAWOWA NR 9 IM. JANA ŁANGOWSKIEGO W OPOLU,2026,Opole,ul. Cmentarna 7,Opole,Cmentarna 7,ul
6945,SZKOŁA PODSTAWOWA NR 18 IM. ZBIGNIEWA KRUSZELNICKIEGO „WILKA” W KIELCACH,2026,Kielce,ul. Króla Bolesława Chrobrego 105,Kielce,Bolesława Chrobrego 105,ul króla
6969,PUBLICZNA SZKOŁA PODSTAWOWA NR 10 IM. HENRYKA SIENKIEWICZA W OPOLU,2026,Opole,ul. Walerego Wróblewskiego 7,Opole,Wróblewskiego 7,ul walerego
6970,SZKOŁA PODSTAWOWA NR 11 IM. BOHATERÓW ZAŁOGI ORP GROM,2026,Gdynia,ul. Wrocławska 52,Gdynia,Wrocławska 52,ul
6976,SZKOŁA PODSTAWOWA IM. HENRYKA SIENKIEWICZA W WĄSOSZU,2026,Wąsosz,ul. Piaskowa 31,Wąsosz,Piaskowa 31,ul
7004,SZKOŁA PODSTAWOWA IM. ŚW. JANA PAWŁA II W RACZKACH,2026,Raczki,ul. Sportowa 1,Raczki,Sportowa 1,ul
7020,PUBLICZNA SZKOŁA PODSTAWOWA NR 1 IM. HENRYKA SIENKIEWICZA,2026,Starogard Gdański,ul. Zblewska 18,Starogard Gdański,Zblewska 18,ul
7033,PUBLICZNA SZKOŁA PODSTAWOWA NR 11 IM. ORLĄT LWOWSKICH W OPOLU,2026,Opole,ul. Chabrów 65,Opole,Chabrów 65,ul
7045,SZKOŁA PODSTAWOWA NR 4 IM. ROMUALDA TRAUGUTTA W KRAKOWIE,2026,Kraków,ul. Smoleńsk 5-7,Kraków,Smoleńsk 5-7,ul
7056,SZKOŁA PODSTAWOWA NR 169 IM. ORŁA BIAŁEGO,2026,Warszawa,ul. Uprawna 9/17,Warszawa,Uprawna 9/17,ul
7071,PUBLICZNA SZKOŁA PODSTAWOWA NR 3 IM. WŁADYSŁAWA BRONIEWSKIEGO,2026,Starogard Gdański,ul. Józefa Wybickiego 17,Starogard Gdański,Wybickiego 17,ul józefa
7108,SZKOŁA PODSTAWOWA IM. JANA BRZECHWY W ŻAROWIE,2026,Żarów,ul. Piastowska 10,Żarów,Piastowska 10,ul
7112,SZKOŁA PODSTAWOWA NR 31 IM. SYNÓW PUŁKU,2026,Gdynia,ul. Chylońska 227,Gdynia,Chylońska 227,ul
7139,SZKOŁA PODSTAWOWA IM. PAPIEŻA JANA PAWŁA II,2026,Bełżec,ul. Rzeszowska 75,Bełżec,Rzeszowska 75,ul
7144,SZKOŁA PODSTAWOWA IM.JANA III SOBIESKIEGO W PORAJOWIE,2026,Porajów,ul. Górnicza 1C,Porajów,Górnicza 1C,ul
7164,PUBLICZNA SZKOŁA PODSTAWOWA NR 2 IM.MARII KONOPNICKIEJ,2026,Starogard Gdański,ul. 2 Pułku Szwoleżerów Rokitniańskich 4,Starogard Gdański,Szwoleżerów Rokitniańskich 4,ul 2 pułku
7167,SZKOŁA PODSTAWOWA NR 2 W KARCZEWIE,2026,Karczew,ul. Otwocka 13,Karczew,Otwocka 13,ul
7168,PUBLICZNA SZKOŁA PODSTAWOWA IM. JANA OLRYCHA SZANIECKIEGO W SZAŃCU,2026,Szaniec,ul. Szkolna 10,Szaniec,Szkolna 10,ul
7169,SZKOŁA PODSTAWOWA IM. JANUSZA KUSOCIŃSKIEGO,2026,Cieszków,ul. Grunwaldzka 3,Cieszków,Grunwaldzka 3,ul
7172,PUBLICZNA SZKOŁA PODSTAWOWA IM. JANA PAWŁA II W ZBLUDOWICACH,2026,Zbludowice,ul. Świętokrzyska 9,Zbludowice,Świętokrzyska 9,ul
7178,ZESPÓŁ PLACOWEK OŚWIATOWYCH NR 3 SZKOŁA PODSTAWOWA NR 3 IM. BRONISŁAWA MALINOWSKIEGO W DZIAŁDOWIE,2026,Działdowo,ul. Lenartowicza 1,Działdowo,Lenartowicza 1,ul
7206,SZKOŁA PODSTAWOWA IM.PPŁK.STEFANA SKOCZYLASA W ROSSOSZU,2026,Rossosz,ul. Lubelska 37,Rossosz,Lubelska 37,ul
7208,SZKOŁA PODSTAWOWA NR 1 IM. STANISŁAWA KONARSKIEGO W SOSNOWCU,2026,Sosnowiec,ul. Niepodległości 7,Sosnowiec,Niepodległości 7,ul
7216,SZKOŁA PODSTAWOWA NR 45 Z ODDZIAŁAMI INTEGRACYJNYMI IM. KS. JANA TWARDOWSKIEGO W SZCZECINIE,2026,Szczecin,ul. Tadeusza Zawadzkiego 75,Szczecin,Zawadzkiego 75,ul tadeusza
7249,SZKOŁA PODSTAWOWA NR 14 IM. STEFANA ŻEROMSKIEGO W GLIWICACH,2026,Gliwice,ul. Jedności 35,Gliwice,Jedności 35,ul
7279,SZKOŁA PODSTAWOWA NR 32 IM. JANUSZA KUSOCIŃSKIEGO W KIELCACH,2026,Kielce,ul. Barwinek 31,Kielce,Barwinek 31,ul
7295,SZKOŁA PODSTAWOWA NR 2 IM. POWSTAŃCÓW ŚLĄSKICH W LIGOCIE,2026,Ligota,ul. Miliardowicka 46,Ligota,Miliardowicka 46,ul
7317,SZKOŁA PODSTAWOWA IM. KORNELA MAKUSZYŃSKIEGO W KOZŁOWIE BISKUPIM,2026,Kozłów Biskupi,ul. Olimpijska 1,Kozłów Biskupi,Olimpijska 1,ul
7319,ZESPÓŁ EDUKACYJNY W BRÓJCACH SZKOŁA PODSTAWOWA IM. TADEUSZA KOŚCIUSZKI W BRÓJCACH,2026,Brójce,ul. Polna 6,Brójce,Polna 6,ul
7342,SZKOŁA PODSTAWOWA Z ODDZIAŁAMI INTEGRACYJNYMI NR 10 IM. JULIUSZA SŁOWACKIEGO W GLIWICACH,2026,Gliwice,ul. Juliusza Ligonia 36,Gliwice,Ligonia 36,ul juliusza
7372,SZKOŁA PODSTAWOWA IM. FRYDERYKA CHOPINA W SANNIKACH,2026,Sanniki,ul. Warszawska 183,Sanniki,Warszawska 183,ul
7431,SZKOŁA PODSTAWOWA NR 5 IM. POLSKICH NOBLISTÓW,2026,Żary,ul. Okrzei 19,Żary,Okrzei 19,ul
7432,SZKOŁA PODSTAWOWA NR 1 IM. MARII CURIE - SKŁODOWSKIEJ W MAŁKINI GÓRNEJ,2026,Małkinia Górna,ul. Ostrowska 58,Małkinia Górna,Ostrowska 58,ul
7448,PUBLICZNA SZKOŁA PODSTAWOWA NR 12 IM. KADETA ZYGMUNTA KUCZYŃSKIEGO W KĘDZIERZYNIE-KOŹLU,2026,Kędzierzyn-Koźle,ul. Piastowska 30,Kędzierzyn-Koźle,Piastowska 30,ul
7460,SZKOŁA PODSTAWOWA NR 2 IM. MARSZAŁKA JÓZEFA PIŁSUDSKIEGO W ZESPOLE SZKOLNO-PRZEDSZKOLNYM NR 3,2026,Dąbrowa Górnicza,ul. Sportowa 16,Dąbrowa Górnicza,Sportowa 16,ul
7468,SZKOŁA PODSTAWOWA IM. JANA PAWŁA II W DŁUGOŁĘCE,2026,Długołęka,ul. Szkolna 40,Długołęka,Szkolna 40,ul
7490,SZKOŁA PODSTAWOWA IM. KRÓLOWEJ JADWIGI W ŁYCZANCE,2026,Łyczanka,ul. Dworska 1,Łyczanka,Dworska 1,ul
7515,PUBLICZNA SZKOŁA PODSTAWOWA NR 4 Z ODDZIAŁAMI INTEGRACYJNYMI IM. JULIUSZA SŁOWACKIEGO,2026,Starogard Gdański,al. Jana Pawła II 4,Starogard Gdański,Jana Pawła II 4,al
7569,SZKOŁA PODSTAWOWA IM. JANA PAWŁA II W LUBISZYNIE,2026,Lubiszyn,ul. Polna 6,Lubiszyn,Polna 6,ul
7575,PUBLICZNA SZKOŁA PODSTAWOWA NR 14 IM. ADAMA MICKIEWICZA W OPOLU,2026,Opole,ul. Szymona Koszyka 21,Opole,Koszyka 21,ul szymona
7580,SZKOŁA PODSTAWOWA NR 44 IM. OBROŃCÓW WYBRZEŻA,2026,Gdynia,ul. mjr. Henryka Sucharskiego 10,Gdynia,Sucharskiego 10,ul mjr henryka
7594,SZKOŁA PODSTAWOWA SPECJALNA NR 5 W MŁODZIEŻOWYM OŚRODKU WYCHOWAWCZYM W LIDZBARKU WARMIŃSKIM,2026,Lidzbark Warmiński,ul. Leśna 15,Lidzbark Warmiński,Leśna 15,ul
7598,SZKOŁA PODSTAWOWA IM. TADEUSZA KOŚCIUSZKI W SIEPRAWIU,2026,Siepraw,ul. Księdza Jana Przytockiego 10,Siepraw,Przytockiego 10,ul księdza jana
7603,SZKOŁA PODSTAWOWA IM. KAWALERÓW ORDERU UŚMIECHU W JÓZEFINIE,2026,Józefina,ul. Mazowiecka 1,Józefina,Mazowiecka 1,ul
7612,PUBLICZNA SZKOŁA PODSTAWOWA NR 16 IM.ZOFII NAŁKOWSKIEJ W OPOLU,2026,Opole,ul. Zofii Nałkowskiej 16,Opole,Nałkowskiej 16,ul zofii
7613,SZKOŁA PODSTAWOWA W ŻMUDZI,2026,Żmudź,ul. Kasztanowa 7,Żmudź,Kasztanowa 7,ul
7660,"SZKOŁA PODSTAWOWA NR 3 IM. 2 PUŁKU NOCNYCH BOMBOWCÓW ""KRAKÓW"" W MALBORKU",2026,Malbork,ul. Stanisława Hadyny 18,Malbork,Hadyny 18,ul stanisława
7664,SZKOŁA PODSTAWOWA NR 141 IM. KSIĘDZA JANA TWARDOWSKIEGO W KRAKOWIE,2026,Kraków,ul. Józefa Sawy-Calińskiego 12,Kraków,Sawy-Calińskiego 12,ul józefa
7668,PUBLICZNA SZKOŁA PODSTAWOWA NR 15 IM. KRÓLOWEJ JADWIGI W OPOLU,2026,Opole,ul. Małopolska 20,Opole,Małopolska 20,ul
7669,SZKOŁA PODSTAWOWA NR 46,2026,Gdynia,ul. Chwaszczyńska 26,Gdynia,Chwaszczyńska 26,ul
7675,PUBLICZNA SZKOŁA PODSTAWOWA NR 20 IM. KSIĘCIA JANA DOBREGO W OPOLU,2026,Opole,ul. Grudzicka 48,Opole,Grudzicka 48,ul
7678,SZKOŁA PODSTAWOWA NR 27 IM. DZIECI ZJEDNOCZONEJ EUROPY W GDAŃSKU,2026,Gdańsk,ul. Srebrniki 10,Gdańsk,Srebrniki 10,ul
7692,SZKOŁA PODSTAWOWA NR 59 IM. BOLESŁAWA KRZYWOUSTEGO,2026,Szczecin,ul. Dąbska 105,Szczecin,Dąbska 105,ul
7696,PUBLICZNA SZKOŁA PODSTAWOWA NR 25 IM.GEN.WŁADYSŁAWA SIKORSKIEGO W OPOLU,2026,Opole,ul. Wiejska 77,Opole,Wiejska 77,ul
7703,SZKOŁA PODSTAWOWA Z ODDZIAŁAMI INTEGRACYJNYMI NR 162 IM. PROF. WŁADYSŁAWA SZAFERA W KRAKOWIE,2026,Kraków,ul. Stanisława Stojałowskiego 31,Kraków,Stojałowskiego 31,ul stanisława
7704,PUBLICZNA SZKOŁA PODSTAWOWA NR 26 IM.KSIĄŻĄT OPOLSKICH W OPOLU,2026,Opole,ul. Groszowicka 12,Opole,Groszowicka 12,ul
7714,SZKOŁA PODSTAWOWA NR 8 IM. WOJSKA POLSKIEGO W KIELCACH,2026,Kielce,ul. Generała Józefa Hauke-Bosaka 1,Kielce,Hauke-Bosaka 1,ul generała józefa
7726,PUBLICZNA SZKOŁA PODSTAWOWA W SZYMISZOWIE,2026,Szymiszów,ul. Szkolna 2,Szymiszów,Szkolna 2,ul
7732,SZKOŁA PODSTAWOWA NR 20 IM. POWSTAŃCÓW ŚLĄSKICH W GLIWICACH,2026,Gliwice,ul. Jana Śliwki 8,Gliwice,Śliwki 8,ul jana
7740,SZKOŁA PODSTAWOWA NR 8 IM. BOLESŁAWA CHROBREGO,2026,Żary,ul. Partyzantów 9,Żary,Partyzantów 9,ul
7747,SZKOŁA PODSTAWOWA NR 47 IM FRANCISZKI CEGIELSKIEJ,2026,Gdynia,ul. Nagietkowa 73,Gdynia,Nagietkowa 73,ul
7770,SZKOŁA PODSTAWOWA Z ODDZIAŁAMI INTEGRACYJNYMI NR 148 IM. POLSKICH NOBLISTÓW W KRAKOWIE,2026,Kraków,ul. Żabia 20,Kraków,Żabia 20,ul
7798,SZKOŁA PODSTAWOWA NR 9 IM. JANA BRZECHWY W KATOWICACH,2026,Katowice,ul. Panewnicka 172,Katowice,Panewnicka 172,ul
7800,SZKOŁA PODSTAWOWA NR 20 IM. TADEUSZA REJTANA,2026,Katowice,ul. Juliusza Zarębskiego 2,Katowice,Zarębskiego 2,ul juliusza
7867,SZKOŁA PODSTAWOWA NR 18 IM. ŚW. ANNY W KRAKOWIE,2026,Kraków,ul. Półkole 11,Kraków,Półkole 11,ul
7868,SZKOŁA PODSTAWOWA NR 58 IM. TADEUSZA KOŚCIUSZKI W KRAKOWIE,2026,Kraków,ul. Stanisława Pigonia 2,Kraków,Pigonia 2,ul stanisława
7869,SZKOŁA PODSTAWOWA NR 64 IM. TADEUSZA KOŚCIUSZKI W KRAKOWIE,2026,Kraków,ul. Sadzawki 1,Kraków,Sadzawki 1,ul
7888,"ZESPÓŁ EDUKACYNY W TRZCIELU SZKOŁA PODSTAWOWA IM. MJR.H.DOBRZAŃSKIEGO ""HUBALA""",2026,Trzciel,ul. Kościuszki 21,Trzciel,Kościuszki 21,ul
7902,SZKOŁA PODSTAWOWA NR 32 IM. WOJSKA POLSKIEGO W GLIWICACH,2026,Gliwice,ul. Wrzosowa 14,Gliwice,Wrzosowa 14,ul
7915,SZKOŁA PODSTAWOWA Z ODDZIAŁAMI PRZEDSZKOLA IM. J.I. KRASZEWSKIEGO W WISZNICACH,2026,Wisznice,ul. Warszawska 19,Wisznice,Warszawska 19,ul
7918,SZKOŁA PODSTAWOWA NR 3 IM. PAMIĘCI KOLEJARZY CHOJNICKICH,2026,Chojnice,ul. Dworcowa 6,Chojnice,Dworcowa 6,ul
7933,PUBLICZNA SZKOŁA PODSTAWOWA NR 1 IM. STANISŁAWA STASZICA W BUSKU-ZDROJU,2026,Busko-Zdrój,ul. Tadeusza Kościuszki 1,Busko-Zdrój,Kościuszki 1,ul tadeusza
7942,SZKOŁA PODSTAWOWA Z ODDZIAŁAMI INTEGRACYJNYMI NR 5 IM. GRYFITÓW W SŁUPSKU,2026,Słupsk,ul. Hubalczyków 7,Słupsk,Hubalczyków 7,ul
7945,PUBLICZNA SZKOŁA PODSTAWOWA NR 2 IM. IGNACEGO ŁUKASIEWICZA W BRZESKU,2026,Brzesko,ul. Królowej Jadwigi 18,Brzesko,Jadwigi 18,ul królowej
7949,SZKOŁA PODSTAWOWA W ZESPOLE SZKÓŁ IM. ŚW. JAWDIGI ŚLĄSKIEJ,2026,Wleń,ul. Dworcowa 10,Wleń,Dworcowa 10,ul
7960,SZKOŁA PODSTAWOWA NR 19 W LEGNICY,2026,Legnica,al. Rzeczypospolitej 129,Legnica,Rzeczypospolitej 129,al
8008,SZKOŁA PODSTAWOWA NR 5 IM. JAROSZA HIERONIMA DERDOWSKIEGO,2026,Chojnice,ul. Wicka Rogali 18,Chojnice,Rogali 18,ul wicka
8035,PUBLICZNA SZKOŁA PODSTAWOWA NR 2 IM. ŚW. JANA PAWŁA II I KARDYNAŁA STEFANA WYSZYŃSKIEGO W JADOWNIKACH,2026,Jadowniki,ul. Szkolna 5,Jadowniki,Szkolna 5,ul
8037,SZKOŁA PODSTAWOWA NR 16 IM. KORNELA MAKUSZYŃSKIEGO W LEGNICY,2026,Legnica,ul. Tatrzańska 9,Legnica,Tatrzańska 9,ul
8052,SZKOŁA PODSTAWOWA NR 16 Z ODDZIAŁAMI INTEGRACYJNYMI IM. ORLĄT LWOWSKICH W PRZEMYŚLU,2026,Przemyśl,ul. Grunwaldzka 81,Przemyśl,Grunwaldzka 81,ul
8060,ZESPÓŁ SZKOLNO-PRZEDSZKOLNY NR 8 SZKOŁA PODSTAWOWA NR 8 W GDAŃSKU IM. PRZYJACIÓŁ ZIEMI,2026,Gdańsk,ul. Marcina Dragana 2,Gdańsk,Dragana 2,ul marcina
8063,SZKOŁA PODSTAWOWA IM. MJR HENRYKA SUCHARSKIEGO W SIERAKOWIE,2026,Sieraków,ul. Poznańska 25,Sieraków,Poznańska 25,ul
8076,PUBLICZNA SZKOŁA PODSTAWOWA IM. BOHATERÓW WESTERPLATTE W SZCZEPANOWIE,2026,Szczepanów,ul. Świętego Stanisława 5,Szczepanów,Stanisława 5,ul świętego
8115,SZKOŁA PODSTAWOWA NR 4 Z ODDZIAŁAMI INTEGRACYJNYMI W BIELAWIE,2026,Bielawa,ul. Ludwika Waryńskiego 50,Bielawa,Waryńskiego 50,ul ludwika
8117,SZKOŁA PODSTAWOWA NR 10 Z ODDZIAŁAMI SPORTOWYMI IM. POLSKICH OLIMPIJCZYKÓW W BIELAWIE,2026,Bielawa,ul. gen. Grota Roweckiego 6,Bielawa,Roweckiego 6,ul gen grota
8120,SZKOŁA PODSTAWOWA NR 13 Z ODDZIAŁAMI DWUJĘZYCZNYMI IM. WŁADYSŁAWA JAGIEŁŁY W KIELCACH,2026,Kielce,ul. Prosta 27a,Kielce,Prosta 27a,ul
8125,SZKOŁA PODSTAWOWA W NOWYM KLINCZU,2026,Nowy Klincz,ul. Spacerowa 25,Nowy Klincz,Spacerowa 25,ul
8126,SZKOŁA PODSTAWOWA W KORNEM,2026,Korne,ul. Młyńska 14,Korne,Młyńska 14,ul
8141,SZKOŁA PODSTAWOWA W WĄGLIKOWICACH,2026,Wąglikowice,ul. Kościerska 8,Wąglikowice,Kościerska 8,ul
8161,PUBLICZNA SZKOŁA PODSTAWOWA NR 3 IM. BOLESŁAWA CHROBREGO W OSTROWCU ŚWIĘTOKRZYSKIM,2026,Ostrowiec Świętokrzyski,ul. Niska 9,Ostrowiec Świętokrzyski,Niska 9,ul
8165,PUBLICZNA SZKOŁA PODSTAWOWA NR 9 IM. MARSZAŁKA JÓZEFA PIŁSUDSKIEGO W OSTROWCU ŚWIĘTOKRZYSKIM,2026,Ostrowiec Świętokrzyski,ul. Niewiadoma 19,Ostrowiec Świętokrzyski,Niewiadoma 19,ul
8166,PUBLICZNA SZKOŁA PODSTAWOWA NR 10 W OSTROWCU ŚWIĘTOKRZYSKIM,2026,Ostrowiec Świętokrzyski,ul. Rzeczki 18A,Ostrowiec Świętokrzyski,Rzeczki 18A,ul
8189,SZKOŁA PODSTAWOWA NR 17 W PRZEMYŚLU,2026,Przemyśl,ul. Franciszka Smolki 10,Przemyśl,Smolki 10,ul franciszka
8193,SZKOŁA PODSTAWOWA NR 24 IM. JANA BRZECHWY W SZCZECINIE,2026,Szczecin,ul. Rymarska 22a,Szczecin,Rymarska 22a,ul
8216,SZKOŁA PODSTAWOWA IM. ADAMA MICKIEWICZA W SKRWILNIE,2026,Skrwilno,ul. Bieżuńska 16,Skrwilno,Bieżuńska 16,ul
8240,SZKOŁA PODSTAWOWA IM. POWSTAŃCÓW WIELKOPOLSKICH W WIĘCKOWICACH,2026,Więckowice,ul. Gromadzka 7,Więckowice,Gromadzka 7,ul
8294,SZKOŁA PODSTAWOWA NR 1 IM. TADEUSZA KOŚCIUSZKI W KOŚCIERZYNIE,2026,Kościerzyna,ul. 8 Marca 1,Kościerzyna,Marca 1,ul 8
8300,"SZKOŁA PODSTAWOWA IM. TADEUSZA ZAWADZKIEGO ""ZOŚKI"" W GRZEGORZEWIE",2026,Grzegorzew,ul. Szkolna 23,Grzegorzew,Szkolna 23,ul
8314,SZKOŁA PODSTAWOWA NR 18 IM. JANA BRZECHWY W LEGNICY,2026,Legnica,ul. Władysława Grabskiego 5,Legnica,Grabskiego 5,ul władysława
8315,SZKOŁA PODSTAWOWA NR 23 IM.DZIECI ŚWIATA W GDAŃSKU,2026,Gdańsk,ul. Opacka 7,Gdańsk,Opacka 7,ul
8320,SZKOŁA PODSTAWOWA NR 79 W GDAŃSKU,2026,Gdańsk,ul. Kołobrzeska 49,Gdańsk,Kołobrzeska 49,ul
8348,SZKOŁA PODSTAWOWA IM. KS. JANA TWARDOWSKIEGO W LUBSTOWIE,2026,Lubstów,ul. Kościelna 1a,Lubstów,Kościelna 1a,ul
8413,SZKOŁA PODSTAWOWA NR 1 IM. ŚW. JANA KANTEGO W MIĘDZYBRODZIU BIALSKIM,2026,Międzybrodzie Bialskie,ul. Bielska 2,Międzybrodzie Bialskie,Bielska 2,ul
8486,PUBLICZNA SZKOŁA PODSTAWOWA NR 1 IM. STANISŁAWA STASZICA W JADOWNIKACH,2026,Jadowniki,ul. Św. Prokopa 4,Jadowniki,Prokopa 4,ul św
8496,SZKOŁA PODSTAWOWA NR 4 IM. PŁK. KAZIMIERZA PRUSZKOWSKIEGO W REDZIE,2026,Reda,ul. Łąkowa 36,Reda,Łąkowa 36,ul
8524,SZKOŁA PODSTAWOWA IM. JÓZEFA WYBICKIEGO W JANÓWKU,2026,Janówek Pierwszy,ul. Dworcowa 5,Janówek Pierwszy,Dworcowa 5,ul
8618,SZKOŁA PODSTAWOWA IM. MARSZAŁKA JÓZEFA PIŁSUDSKIEGO W OPATOWCU,2026,Opatowiec,ul. Nowokorczyńska 4,Opatowiec,Nowokorczyńska 4,ul
8633,SZKOŁA PODSTAWOWA NR 1 IM. KONSTYTUCJI 3 MAJA,2026,Golub-Dobrzyń,ul. Zamkowa 19,Golub-Dobrzyń,Zamkowa 19,ul
8641,ZESPÓŁ SZKOLNO-PRZEDSZKOLNY NR 10 - SZKOŁA PODSTAWOWA NR 80 IM. BUDOWNICZYCH PORTU PÓŁNOCNEGO W GDAŃSKU,2026,Gdańsk,ul. Opolska 9,Gdańsk,Opolska 9,ul
8714,SZKOŁA PODSTAWOWA NR 21 IM. KAROLA MIARKI Z ODDZIAŁAMI INTEGRACYJNYMI W KATOWICACH,2026,Katowice,ul. Mieczyków 1A,Katowice,Mieczyków 1A,ul
8718,I SPOŁECZNA SZKOŁA PODSTAWOWA IM. JANUSZA KORCZAKA GLIWICKIEGO TOWARZYSTWA SZKOLNEGO IM. JANUSZA KORCZAKA,2026,Gliwice,ul. Robotnicza 4,Gliwice,Robotnicza 4,ul
8719,SZKOŁA PODSTAWOWA NR 67 IM. WŁADYSŁAWA ŁOKIETKA W KRAKOWIE,2026,Kraków,ul. Kaczorówka 4,Kraków,Kaczorówka 4,ul
8723,SZKOŁA PODSTAWOWA NR 8 IM. MARTYROLOGII PIAŚNICY,2026,Wejherowo,ul. Nanicka 22,Wejherowo,Nanicka 22,ul
8813,SZKOŁA PODSTAWOWA IM. ŚW. JANA PAWŁA II W SOMIANCE,2026,Somianka,ul. Szkolna 6,Somianka,Szkolna 6,ul
8820,SZKOŁA PODSTAWOWA NR 11 IM. TEODORA BOLDUANA,2026,Wejherowo,os. Kaszubskie 27,Wejherowo,Kaszubskie 27,os
8847,SZKOŁA PODSTAWOWA W RACZYNACH,2026,Raczyny,ul. Kopernika 5,Raczyny,Kopernika 5,ul
8848,SZKOŁA PODSTAWOWA W BĘDZYMINIE,2026,Będzymin,ul. Główna 36,Będzymin,Główna 36,ul
8850,SZKOŁA PODSTAWOWA W CHAMSKU,2026,Chamsk,ul. Szkolna 19,Chamsk,Szkolna 19,ul
8899,SZKOŁA PODSTAWOWA SPECJALNA NR 41 W WAŁBRZYCHU,2026,Wałbrzych,ul. Stanisława Moniuszki 118,Wałbrzych,Moniuszki 118,ul stanisława
8917,SZKOŁA PODSTAWOWA NR 42 IM. STEFANII SEMPOŁOWSKIEJ W SZCZECINIE,2026,Szczecin,ul. Hoża 3 i 25,Szczecin,Hoża 3 i 25,ul
8918,SZKOŁA PODSTAWOWA IM. MIKOŁAJA KOPERNIKA W SERBACH,2026,Serby,ul. Ogrodowa 18,Serby,Ogrodowa 18,ul
8920,SZKOŁA PODSTAWOWA IM JANA PAWŁA II W PRZEDMOŚCIU,2026,Przedmoście,ul. Szkolna 3,Przedmoście,Szkolna 3,ul
8937,SZKOŁA PODSTAWOWA NR 5 IM. KAWALERÓW ORDERU UŚMIECHU W OŁAWIE,2026,Oława,ul. Kamienna 8,Oława,Kamienna 8,ul
8938,SZKOŁA PODSTAWOWA NR 1 IM. BOLESŁAWA CHROBREGO W OŁAWIE,2026,Oława,ul. Żołnierzy Armii Krajowej 21,Oława,Żołnierzy Armii Krajowej 21,ul
8968,SZKOŁA PODSTAWOWA NR 2 IM. JAKUBA SOBIESKIEGO W OŁAWIE,2026,Oława,ul. Rybacka 6a,Oława,Rybacka 6a,ul
9023,SZKOŁA PODSTAWOWA IM.SZARYCH SZEREGÓW W CZYŻEWIE,2026,Czyżew,ul. Polna 5,Czyżew,Polna 5,ul
9026,PUBLICZNA SZKOŁA PODSTAWOWA NR 23 IM.WOJSK OCHRONY POGRANICZA W WAŁBRZYCHU,2026,Wałbrzych,ul. Andrzeja Struga 3,Wałbrzych,Struga 3,ul andrzeja
9074,SZKOŁA PODSTAWOWA IM. UNICEF W IMBRAMOWICACH,2026,Imbramowice,ul. Żarowska 45,Imbramowice,Żarowska 45,ul
9082,ZESPÓŁ SZKOLNO-PRZEDSZKOLNY NR 2 -SZKOŁA PODSTAWOWA NR 42 IM. IGNACEGO JANA PADEREWSKIEGO W GDAŃSKU,2026,Gdańsk,ul. Piotra Czajkowskiego 1,Gdańsk,Czajkowskiego 1,ul piotra
9089,PUBLICZNA SZKOŁA PODSTAWOWA W PORĘBIE SPYTKOWSKIEJ,2026,Poręba Spytkowska,ul. Kasztelana Spytka 98,Poręba Spytkowska,Spytka 98,ul kasztelana
9090,SZKOŁA PODSTAWOWA IM.HENRYKA DĄBROWSKIEGO W BOLIMOWIE,2026,Bolimów,ul. Sokołowska 24,Bolimów,Sokołowska 24,ul
9102,SZKOŁA PODSTAWOWA W LUBNIE IM. KOMBATANTÓW II WOJNY ŚWIATOWEJ,2026,Lubno,ul. Plac Wyzwolenia 8,Lubno,Plac Wyzwolenia 8,ul
9140,SZKOŁA PODSTAWOWA NR 109 IM. KORNELA MAKUSZYŃSKIEGO W KRAKOWIE,2026,Kraków,ul. Józefa Mackiewicza 15,Kraków,Mackiewicza 15,ul józefa
9167,SZKOŁA PODSTAWOWA NR 17 Z ODDZIAŁAMI INTEGRACYJNYMI IM. 21 BRYGADY STRZELCÓW PODHALAŃSKICH,2026,Rzeszów,ul. Bulwarowa 3,Rzeszów,Bulwarowa 3,ul
9175,SZKOŁA PODSTAWOWA NR 1 IM. ADAMA MICKIEWICZA W BĘDZINIE,2026,Będzin,ul. Szkolna 3,Będzin,Szkolna 3,ul
9189,SZKOŁA PODSTAWOWA SPECJALNA NR 21,2026,Ostrowiec Świętokrzyski,ul. Henryka Sienkiewicza 67,Ostrowiec Świętokrzyski,Sienkiewicza 67,ul henryka
9202,PUBLICZNA SZKOŁA PODSTAWOWA NR 28 IM. JANA PAWŁA II W WAŁBRZYCHU,2026,Wałbrzych,al. Wyzwolenia 43,Wałbrzych,Wyzwolenia 43,al
9250,SZKOŁA PODSTAWOWA IM.TADEUSZA KOŚCIUSZKI W TUROWIE,2026,Turowo,ul. Szkolna 1,Turowo,Szkolna 1,ul
9277,SZKOŁA PODSTAWOWA NR 3 IM. ŚWIĘTEGO WOJCIECHA,2026,Gniezno,ul. Stefana Czarnieckiego 7,Gniezno,Czarnieckiego 7,ul stefana
9278,SZKOŁA PODSTAWOWA NR 5 IM. ARKADEGO FIEDLERA,2026,Gniezno,ul. Bolesława Chrobrego 12,Gniezno,Bolesława Chrobrego 12,ul
9279,SZKOŁA PODSTAWOWA NR 6 IM. HENRYKA SIENKIEWICZA,2026,Gniezno,ul. Żwirki i Wigury 22,Gniezno,Żwirki i Wigury 22,ul
9280,SZKOŁA PODSTAWOWA NR 8 IM. MIKOŁAJA KOPERNIKA,2026,Gniezno,ul. Pawła Cymsa 14,Gniezno,Cymsa 14,ul pawła
9281,SZKOŁA PODSTAWOWA NR 9 IM. MIESZKA I,2026,Gniezno,ul. ks. Stanisława Staszica 5,Gniezno,Staszica 5,ul ks stanisława
9297,SZKOŁA PODSTAWOWA IM.ŻOŁNIERZY ARMII KRAJOWEJ W WARSZKOWIE,2026,Warszkowo,ul. Szkolna 17,Warszkowo,Szkolna 17,ul
9326,SZKOŁA PODSTAWOWA NR 113 IM. LEOPOLDA WĘGRZYNOWICZA W KRAKOWIE,2026,Kraków,ul. Piotra Stachiewicza 33,Kraków,Stachiewicza 33,ul piotra
9340,SZKOŁA PODSTAWOWA IM. PARTYZANTÓW KASZUBSKICH W KOLECZKOWIE,2026,Koleczkowo,ul. Wejherowska 24,Koleczkowo,Wejherowska 24,ul
9346,SZKOŁA PODSTAWOWA IM. RÓŻY ZAMOYSKIEJ W CZĘSTKOWIE,2026,Częstkowo,ul. Szkolna 9,Częstkowo,Szkolna 9,ul
9348,SZKOŁA PODSTAWOWA IM. JANA PAWŁA II W ŁEBNIE,2026,Łebno,ul. Szkolna 1,Łebno,Szkolna 1,ul
9351,SZKOŁA PODSTAWOWA IM. ŚW. FRANCISZKA Z ASYŻU W LUDWIKOWICACH KŁODZKICH,2026,Ludwikowice Kłodzkie,ul. Wiejska 1,Ludwikowice Kłodzkie,Wiejska 1,ul
9378,SZKOŁA PODSTAWOWA NR 14 IM. KS. GRZEGORZA PIRAMOWICZA W GDAŃSKU,2026,Gdańsk,ul. Kartuska 126a,Gdańsk,Kartuska 126a,ul
9409,SZKOŁA PODSTAWOWA NR 2 IM. JANA PAWŁA II W RADZIONKOWIE,2026,Radzionków,ul. Szymały 36,Radzionków,Szymały 36,ul
9415,PUBLICZNA SZKOŁA PODSTAWOWA W BONIEWIE,2026,Boniewo,ul. Szkolna 32,Boniewo,Szkolna 32,ul
9435,SZKOŁA PODSTAWOWA IM. JANA PAWŁA II I GEN. KAZIMIERZA GLABISZA W ODOLANOWIE,2026,Odolanów,al. Jana Pawła II 1,Odolanów,Jana Pawła II 1,al
9441,SZKOŁA PODSTAWOWA NR 4 IM. JANA PAWŁA II W OŁAWIE,2026,Oława,ul. Władysława Broniewskiego 6,Oława,Broniewskiego 6,ul władysława
9470,SZKOŁA PODSTAWOWA W BRUDZOWICACH,2026,Brudzowice,ul. Szkolna 41,Brudzowice,Szkolna 41,ul
9472,ZESPÓŁ SZKOLNO PRZEDSZKOLNY W WOJKOWICACH KOŚCIELNYCH - SZKOŁA PODSTAWAWA IM. MARII SKŁODOWSKIEJ-CURIE,2026,Wojkowice Kościelne,ul. Zachodnia 4,Wojkowice Kościelne,Zachodnia 4,ul
9480,SZKOŁA PODSTAWOWA NR 44 IM. ADAMA MICKIEWICZA W GDAŃSKU,2026,Gdańsk,ul. Jagiellońska 24,Gdańsk,Jagiellońska 24,ul
9506,PUBLICZNA SZKOŁA PODSTAWOWA NR 30 IM. ARMII KRAJOWEJ W WAŁBRZYCHU,2026,Wałbrzych,ul. Tytusa Chałubińskiego 13,Wałbrzych,Chałubińskiego 13,ul tytusa
9511,SZKOŁA PODSTAWOWA NR 5 IM. HENRYKA SIENKIEWICZA W SZCZECINIE,2026,Szczecin,ul. bł. Królowej Jadwigi 29,Szczecin,Jadwigi 29,ul bł królowej
9540,SZKOŁA PODSTAWOWA NR 15 IM. DR URSZULI MROCZKIEWICZ W GDAŃSKU,2026,Gdańsk,ul. Mariana Smoluchowskiego 13,Gdańsk,Smoluchowskiego 13,ul mariana
9543,SZKOŁA PODSTAWOWA NR 7 IM. JANUSZA KORCZAKA W ŚWIEBODZINIE,2026,Świebodzin,ul. Zachodnia 74a,Świebodzin,Zachodnia 74a,ul
9557,SZKOŁA PODSTAWOWA IM. HENRYKA SIENKIEWICZA W GRODZISKU,2026,Grodzisk,ul. 1 Maja 34,Grodzisk,Maja 34,ul 1
9573,SZKOŁA PODSTAWOWA NR 1 IM. KONSTYTUCJI 3 MAJA W KALISZU,2026,Kalisz,ul. 3 Maja 16,Kalisz,Maja 16,ul 3
9587,SZKOŁA PODSTAWOWA NR 39 IM. WOJSKA POLSKIEGO W GDAŃSKU,2026,Gdańsk,ul. Obywatelska 1,Gdańsk,Obywatelska 1,ul
9616,SZKOŁA PODSTAWOWA NR 8 IM. STANISŁAWA STASZICA W ELBLĄGU,2026,Elbląg,ul. Szańcowa 2,Elbląg,Szańcowa 2,ul
9656,SZKOŁA PODSTAWOWA NR 5 IM. ROMUALDA TRAUGUTTA,2026,Toruń,ul. Żwirki i Wigury 1,Toruń,Żwirki i Wigury 1,ul
9670,PUBLICZNA SZKOŁA PODSTAWOWA IM. JANA DŁUGOSZA W NOWEJ BRZEŹNICY,2026,Nowa Brzeźnica,ul. Kościuszki 100,Nowa Brzeźnica,Kościuszki 100,ul
9671,PUBLICZNA SZKOŁA PODSTAWOWA NR 15 IM. JANA KOCHANOWSKIEGO W WAŁBRZYCHU,2026,Wałbrzych,ul. Ludwika Hirszfelda 1,Wałbrzych,Hirszfelda 1,ul ludwika
9677,ZESPÓŁ OŚWIATOWY W ŻELKOWIE-KOLONII SZKOŁA PODSTAWOWA IM. ADAMA MICKIEWICZA,2026,Żelków-Kolonia,ul. Siedlecka 202,Żelków-Kolonia,Siedlecka 202,ul
9690,SZKOŁA PODSTAWOWA NR 1 IM. STANISŁAWA STASZICA,2026,Piastów,ul. Józefa Brandta 22,Piastów,Brandta 22,ul józefa
9717,PUBLICZNA SZKOŁA PODSTAWOWA W CEGŁOWIE IM. BOHATERSKICH HARCERZY CEGŁOWA,2026,Cegłów,ul. Poprzeczna 27,Cegłów,Poprzeczna 27,ul
9743,SZKOŁA PODSTAWOWA IM. WŁADYSŁAWA SZAFERA W ŻARKACH,2026,Żarki,ul. Częstochowska 61,Żarki,Częstochowska 61,ul
9747,SZKOŁA PODSTAWOWA IM. INTEGRACJI EUROPEJSKIEJ W PRZYBYNOWIE,2026,Przybynów,ul. Szkolna 2,Przybynów,Szkolna 2,ul
9808,SZKOŁA PODSTAWOWA NR 6 IM. HENRYKA SIENKIEWICZA W KALISZU,2026,Kalisz,ul. Chełmska 18,Kalisz,Chełmska 18,ul
9823,SZKOŁA PODSTAWOWA IM. MIKOŁAJA KOPERNIKA W MARGONINIE,2026,Margonin,ul. Polna 6,Margonin,Polna 6,ul
9835,SZKOŁA PODSTAWOWA NR 2 IM. ŚW. WOJCIECHA W KRAKOWIE,2026,Kraków,ul. Strzelców 5a,Kraków,Strzelców 5a,ul
9840,SZKOŁA PODSTAWOWA NR 6,2026,Toruń,ul. Łąkowa 13,Toruń,Łąkowa 13,ul
9846,SZKOŁA PODSTAWOWA NR 3 Z ODDZIAŁAMI INTEGRACYJNYMI IM. MIKOŁAJA KOPERNIKA,2026,Giżycko,ul. Wiejska 50,Giżycko,Wiejska 50,ul
9854,SZKOŁA PODSTAWOWA NR 2 W MILICZU,2026,Milicz,ul. Mikołaja Kopernika 18,Milicz,Kopernika 18,ul mikołaja
9902,SZKOŁA PODSTAWOWA NR 1 IM. KAPITANA LEONIDA TELIGI,2026,Ustka,ul. Darłowska 18,Ustka,Darłowska 18,ul
9918,SZKOŁA PODSTAWOWA NR 4 IM. MJRA HENRYKA SUCHARSKIEGO W BYDGOSZCZY,2026,Bydgoszcz,ul. Wyzwolenia 4,Bydgoszcz,Wyzwolenia 4,ul
9919,SZKOŁA PODSTAWOWA NR 9 IM. WŁAYSŁAWA JAGIEŁŁY W BYDGOSZCZY,2026,Bydgoszcz,ul. gen. Tadeusza Bora-Komorowskiego 2,Bydgoszcz,Bora-Komorowskiego 2,ul gen tadeusza
9920,SZKOŁA PODSTAWOWA NR 10 IM. JANA KOCHANOWSKIEGO Z ODDZIAŁAMI SPORTOWYMI W BYDGOSZCZY,2026,Bydgoszcz,ul. Śląska 7,Bydgoszcz,Śląska 7,ul
9924,SZKOŁA PODSTAWOWA W UNISŁAWIU,2026,Unisław,ul. Lipowa 31,Unisław,Lipowa 31,ul
9969,SZKOŁA PODSTAWOWA NR 8 IM. BOHATERÓW WESTERPLATTE W KALISZU,2026,Kalisz,ul. Serbinowska 22A,Kalisz,Serbinowska 22A,ul
9972,SZKOŁA PODSTAWOWA NR 7 IM. ADAMA MICKIEWICZA W KALISZU,2026,Kalisz,ul. Robotnicza 5,Kalisz,Robotnicza 5,ul
9978,SZKOŁA PODSTAWOWA IM. MARII SKŁODOWSKIEJ - CURIE W ŚWINNEJ,2026,Świnna,ul. Wspólna 58,Świnna,Wspólna 58,ul
9987,GDAŃSKA SZKOŁA SZERMIERKI - SZKOŁA PODSTAWOWA NR 70 Z ODDZIAŁAMI SPORTOWYMI W GDAŃSKU,2026,Gdańsk,ul. VII Dwór 7,Gdańsk,Dwór 7,ul vii
10000,PUBLICZNA SZKOŁA PODSTAWOWA IM. LEONA WYCZÓŁKOWSKIEGO W MIASTKOWIE KOŚCIELNYM,2026,Miastków Kościelny,ul. Szkolna 8,Miastków Kościelny,Szkolna 8,ul
10010,SZKOŁA PODSTAWOWA NR 1 IM. POWSTANCÓW WIELKOPOLSKICH W LEGNICY,2026,Legnica,ul. Kamienna 20a,Legnica,Kamienna 20a,ul
10039,SZKOŁA PODSTAWOWA NR 9 IM. 25 DYWIZJI PIECHOTY ZIEMI KALISKIEJ W KALISZU,2026,Kalisz,ul. Żwirki i Wigury 13,Kalisz,Żwirki i Wigury 13,ul
10042,SZKOŁA PODSTAWOWA IM. POWSTAŃCÓW WIELKOPOLSKICH W MIEDZICHOWIE,2026,Miedzichowo,ul. Szkolna 6,Miedzichowo,Szkolna 6,ul
10044,SZKOŁA PODSTAWOWA IM. ARKADEGO FIEDLERA W BOLEWICACH,2026,Bolewice,ul. Sportowa 24a,Bolewice,Sportowa 24a,ul
10046,ZESPÓŁ OŚWIATOWO-WYCHOWAWCZY W STRZALE SZKOŁA PODSTAWOWA IM. IRENY KOSMOWSKIEJ,2026,Chodów,ul. Sokołowska 1,Chodów,Sokołowska 1,ul
10067,SZKOŁA PODSTAWOWA NR 21 IM. KPT. Ż. W. OLGIERDA BORCHARDTA W GDAŃSKU,2026,Gdańsk,ul. Na Stoku 43,Gdańsk,Na Stoku 43,ul
10075,SZKOŁA PODSTAWOWA NR 5,2026,Lubin,ul. Jana Kilińskiego 12,Lubin,Kilińskiego 12,ul jana
10077,SZKOŁA PODSTAWOWA NR 9 IM. STEFANII SEMPOŁOWSKIEJ W LUBINIE,2026,Lubin,ul. Legnicka 1,Lubin,Legnicka 1,ul
10078,SZKOŁA PODSTAWOWA NR 10 IM. GEN. WŁADYSŁAWA SIKORSKIEGO,2026,Lubin,ul. Prymasa Polski Stefana Wyszyńskiego 3,Lubin,Wyszyńskiego 3,ul prymasa polski stefana
10080,SZKOŁA PODSTAWOWA NR 14 IM. GEN. BRONI STANISŁAWA MACZKA,2026,Lubin,ul. Cypriana Kamila Norwida 10,Lubin,Norwida 10,ul cypriana kamila
10122,NIEPUBLICZNA SZKOŁA PODSTAWOWA ŚW.ŚW. CYRYLA I METODEGO W BIAŁYMSTOKU,2026,Białystok,ul. Ludwika Waryńskiego 30,Białystok,Waryńskiego 30,ul ludwika
10147,SZKOŁA PODSTAWOWA IM. JANA BRZECHWY W BĘDZELINIE,2026,Będzelin,ul. Szkolna 10,Będzelin,Szkolna 10,ul
10149,SZKOŁA PODSTAWOWA IM. JULIANA TUWIMA W RÓŻYCY,2026,Różyca,ul. Piotrkowska 11,Różyca,Piotrkowska 11,ul
10152,SZKOŁA PODSTAWOWA NR 2 W GLIWICACH,2026,Gliwice,ul. Lewkonii 2,Gliwice,Lewkonii 2,ul
10156,SZKOŁA PODSTAWOWA NR 27 IM. PROF. WŁADYSŁAWA SZAFERA W KATOWICACH,2026,Katowice,ul. Stanisława Łętowskiego 18,Katowice,Łętowskiego 18,ul stanisława
10157,SZKOŁA PODSTAWOWA NR 4 IM. JULIANA TUWIMA W SOSNOWCU,2026,Sosnowiec,ul. Kościelna 9,Sosnowiec,Kościelna 9,ul
10163,SZKOŁA PODSTAWOWA NR 6 Z ODDZIAŁAMI DWUJĘZYCZNYMI IM. JULIUSZA SŁOWACKIEGO W SOSNOWCU,2026,Sosnowiec,ul. Wawel 13,Sosnowiec,Wawel 13,ul
10166,SZKOŁA PODSTAWOWA NR 45 IM. BOHATERÓW WESTERPLATTE W GDAŃSKU,2026,Gdańsk,ul. Matki Polki 3a,Gdańsk,Matki Polki 3a,ul
10170,SZKOŁA PODSTAWOWA NR 8 IM. KAROLA WOJTYŁY W SOSNOWCU,2026,Sosnowiec,ul. Teatralna 8,Sosnowiec,Teatralna 8,ul
10172,SZKOŁA PODSTAWOWA NR 29 IM. FRANCISZKA ŻWIRKI I STANISŁAWA WIGURY W KATOWICACH,2026,Katowice,ul. Kazimierza Lepszego 2,Katowice,Lepszego 2,ul kazimierza
10175,SZKOŁA PODSTAWOWA NR 9 IM. MARII KONOPNICKIEJ W SOSNOWCU,2026,Sosnowiec,ul. Braci Mieroszewskich 54,Sosnowiec,Mieroszewskich 54,ul braci
10179,SZKOŁA PODSTAWOWA W DĄBROWIE,2026,Dąbrowa,ul. Szkolna 15,Dąbrowa,Szkolna 15,ul
10180,SZKOŁA PODSTAWOWA NR 31 IM. HENRYKA SIENKIEWICZA,2026,Katowice,ul. Karola Marcinkowskiego 17,Katowice,Marcinkowskiego 17,ul karola
10182,SZKOŁA PODSTAWOWA NR 33 IM. STANISŁAWA LIGONIA Z ODDZIAŁAMI DWUJĘZYCZNYMI W KATOWICACH,2026,Katowice,ul. Wincentego Witosa 23,Katowice,Witosa 23,ul wincentego
10190,SZKOŁA PODSTAWOWA NR 34 IM. MIKOŁAJA KOPERNIKA W KATOWICACH,2026,Katowice,ul. Zielonogórska 3,Katowice,Zielonogórska 3,ul
10226,SZKOŁA PODSTAWOWA IM. KAZIMIERZA GÓRSKIEGO W ŁOZINIE,2026,Łozina,ul. Milicka 10,Łozina,Milicka 10,ul
10239,SZKOŁA PODSTAWOWA NR 2 IM. KMDRA BOLESŁAWA ROMANOWSKIEGO W USTCE,2026,Ustka,ul. Jagiellońska 1,Ustka,Jagiellońska 1,ul
10242,SPOŁECZNA SZKOŁA PODSTAWOWA Z PRZEDSZKOLEM DOBRZEWINO-KARCZEMKI W KARCZEMKACH,2026,Karczemki,ul. Gdańska 23,Karczemki,Gdańska 23,ul
10248,SZKOŁA PODSTAWOWA IM.WINCENTEGO POLA W LESKU,2026,Lesko,ul. Smolki 2,Lesko,Smolki 2,ul
10258,SZKOŁA PODSTAWOWA FILOMATA,2026,Gliwice,ul. Pszczyńska 22,Gliwice,Pszczyńska 22,ul
10315,SZKOŁA PODSTAWOWA IM. PIASTÓW ŚLĄSKICH W BUKOWICACH,2026,Bukowice,ul. Wrocławska 43,Bukowice,Wrocławska 43,ul
10347,SZKOŁA PODSTAWOWA NR 47 IM. KASZUBSKIEJ BRYGADY WOP W GDAŃSKU,2026,Gdańsk,ul. Reformacka 18,Gdańsk,Reformacka 18,ul
10354,PUBLICZNA SZKOŁA PODSTAWOWA W UJEŹDZIE,2026,Ujazd,ul. Strzelecka 6,Ujazd,Strzelecka 6,ul
10365,SZKOŁA PODSTAWOWA NR 13 IM. WŁADYSŁAWA KOŚCIELNIAKA W KALISZU,2026,Kalisz,ul. Augustyna Kordeckiego 34,Kalisz,Kordeckiego 34,ul augustyna
10386,SZKOŁA PODSTAWOWA NR 14 IM. WŁADYSŁAWA BRONIEWSKIEGO W KALISZU,2026,Kalisz,ul. Adama Mickiewicza 11,Kalisz,Mickiewicza 11,ul adama
10388,SZKOŁA PODSTAWOWA NR 77 W GDAŃSKU,2026,Gdańsk,ul. Orłowska 13,Gdańsk,Orłowska 13,ul
10403,SZKOŁA PODSTAWOWA IM.WOJCIECHA JANCZAKA W CHARŁUPI MAŁEJ,2026,Charłupia Mała,ul. Szkolna 15 A,Charłupia Mała,Szkolna 15 A,ul
10495,SZKOŁA PODSTAWOWA W DUBINACH,2026,Dubiny,ul. Główna 1b,Dubiny,Główna 1b,ul
10507,SZKOŁA PODSTAWOWA IM. POLSKICH STRAŻAKÓW W TRZEMESZNIE LUBUSKIE,2026,Trzemeszno Lubuskie,ul. Poznańska 63,Trzemeszno Lubuskie,Poznańska 63,ul
10509,SZKOŁA PODSTAWOWA NR 17 IM. HETMANA STEFANA CZARNIECKIEGO W GDAŃSKU,2026,Gdańsk,ul. Stefana Czarnieckiego 2,Gdańsk,Czarnieckiego 2,ul stefana
10511,SZKOŁA PODSTAWOWA NR 16 IM. POWSTAŃCÓW WIELKOPOLSKICH 1918-1919 W KALISZU,2026,Kalisz,ul. Fabryczna 13-15,Kalisz,Fabryczna 13-15,ul
10521,SZKOŁA PODSTAWOWA IM.STEFANA CZARNIECKIEGO,2026,Mieścisko,ul. Wągrowiecka 28,Mieścisko,Wągrowiecka 28,ul
10532,PRYWATNA SZKOŁA PODSTAWOWA FUNDACJI ELEMENTARZ W KATOWICACH,2026,Katowice,ul. Studencka 18,Katowice,Studencka 18,ul
10561,SZKOŁA PODSTAWOWA NR 35 Z ODDZIAŁAMI SPORTOWYMI IM. JANA PARANDOWSKIEGO W GDAŃSKU,2026,Gdańsk,ul. Stanisława Wąsowicza 30,Gdańsk,Wąsowicza 30,ul stanisława
10564,SZKOŁA PODSTAWOWA IM. POWSTAŃCÓW ŚLĄSKICH W NĘDZY,2026,Nędza,ul. Jana Pawła II 41a,Nędza,Jana Pawła II 41a,ul
10577,SZKOŁA PODSTAWOWA IM. HENRYKA SIENKIEWICZA W GORZKOWICACH,2026,Gorzkowice,ul. Kościelna 26,Gorzkowice,Kościelna 26,ul
10580,SZKOŁA PODSTAWOWA IM. GEN. WŁ. SIKORSKIEGO W GORAJU,2026,Goraj,ul. Bednarska 8,Goraj,Bednarska 8,ul
10634,SZKOŁA PODSTAWOWA NR 24 IM. GUSTAWA MORCINKA W GDAŃSKU,2026,Gdańsk,ul. Lilli Wenedy 19,Gdańsk,Lilli Wenedy 19,ul
10668,SZKOŁA PODSTAWOWA NR 3 IM. MARYNARZY POLSKICH,2026,Kołobrzeg,ul. ppor. Edmunda Łopuskiego 15,Kołobrzeg,Łopuskiego 15,ul ppor edmunda
10669,SZKOŁA PODSTAWOWA NR 4 IM. BOHATERÓW I ARMII WOJSKA POLSKIEGO,2026,Kołobrzeg,ul. Kupiecka 1,Kołobrzeg,Kupiecka 1,ul
10672,SZKOŁA PODSTAWOWA NR 8 IM.KPT Ż.W. KONSTANTEGO MACIEJEWICZA,2026,Kołobrzeg,ul. Bogusława X 22,Kołobrzeg,Bogusława X 22,ul
10675,SZKOŁA PODSTAWOWA NR 9,2026,Kołobrzeg,ul. Lwowska 7,Kołobrzeg,Lwowska 7,ul
10720,SZKOŁA PODSTAWOWA NR 15 IM. SZARYCH SZEREGÓW W KALISZU,2026,Kalisz,ul. Wykopaliskowa 45,Kalisz,Wykopaliskowa 45,ul
10768,SZKOŁA PODSTAWOWA NR 21 IM. LEGIONÓW JÓZEFA PIŁSUDSKIEGO W KALISZU,2026,Kalisz,ul. 25 Pułku Artylerii 4-8,Kalisz,Pułku Artylerii 4-8,ul 25
10774,SZKOŁA PODSTAWOWA W DĘBOWCU IM. CICHOCIEMNYCH SPADOCHRONIARZY ARMII KRAJOWEJ,2026,Dębowiec,ul. Szkolna 3,Dębowiec,Szkolna 3,ul
10780,SZKOŁA PODSTAWOWA LICHNOWY,2026,Lichnowy,ul. Szkolna 15,Lichnowy,Szkolna 15,ul
10788,SZKOŁA PODSTAWOWA NR 7 IM. ADAMA MICKIEWICZA W PILE,2026,Piła,ul. aleja Wojska Polskiego 45,Piła,aleja Wojska Polskiego 45,ul
10794,PUBLICZNA SZKOŁA PODSTAWOWA NR 21 IM. OLIMPIJCZYKÓW POLSKICH W WAŁBRZYCHU,2026,Wałbrzych,ul. Grodzka 71,Wałbrzych,Grodzka 71,ul
10797,SZKOŁA PODSTAWOWA IM. POLSKICH KAWALERÓW MALTAŃSKICH W OGORZELINACH,2026,Ogorzeliny,ul. Obkaska 3,Ogorzeliny,Obkaska 3,ul
10798,SZKOŁA PODSTAWOWA IM. MARII KONOPNICKIEJ W OSTROWITEM,2026,Ostrowite,ul. Szkolna 3,Ostrowite,Szkolna 3,ul
10820,SZKOŁA PODSTAWOWA IM. JANA WAWRZYNKA W KUŹNI RACIBORSKIEJ,2026,Kuźnia Raciborska,ul. Piaskowa 28,Kuźnia Raciborska,Piaskowa 28,ul
10828,SZKOŁA PODSTAWOWA NR 12 Z ODDZIAŁAMI INTEGRACYJNYMI IM. JANUSZA KORCZAKA W PILE,2026,Piła,ul. Lelewela 140,Piła,Lelewela 140,ul
10885,SZKOŁA PODSTAWOWA W HORODYSZCZU,2026,Horodyszcze,ul. Rynek 6,Horodyszcze,Rynek 6,ul
10903,SZKOŁA PODSTAWOWA NR 2 IM. KRÓLA KAZIMIERZA WIELKIEGO W NIEPOŁOMICACH,2026,Niepołomice,ul. 3 Maja 23,Niepołomice,Maja 23,ul 3
10907,SZKOŁA PODSTAWOWA NR 3 IM. WŁODZIMIERZA PUCHALSKIEGO W NIEPOŁOMICACH,2026,Niepołomice,ul. Krakowska 14,Niepołomice,Krakowska 14,ul
10924,SZKOŁA PODSTAWOWA NR 4 IM. J. LOMPY W RADZIONKOWIE,2026,Radzionków,ul. gen. Władysława Sikorskiego 8A,Radzionków,Sikorskiego 8A,ul gen władysława
10937,SZKOŁA PODSTAWOWA NR 14 IM. GEN. WŁADYSŁAWA SIKORSKIEGO W BYDGOSZCZY,2026,Bydgoszcz,ul. Żmudzka 12,Bydgoszcz,Żmudzka 12,ul
10938,SZKOŁA PODSTAWOWA NR 20 IM.KS.PRYMASA STEFANA KAR.WYSZYŃSKIEGO Z ODDZIAŁAMI INTEGRACYJNYMI W BYDGOSZCZY,2026,Bydgoszcz,ul. Grabowa 4,Bydgoszcz,Grabowa 4,ul
10939,SZKOŁA PODSTAWOWA NR 28 IM POLSKICH NOBLISTÓW W BYDGOSZCZY,2026,Bydgoszcz,ul. Krzysztofa Kamila Baczyńskiego 1,Bydgoszcz,Baczyńskiego 1,ul krzysztofa kamila
10940,SZKOŁA PODSTAWOWA NR 36 IM.WINCENTEGO WIERNIKOWSKIEGO W BYDGOSZCZY,2026,Bydgoszcz,ul. Średnia 98,Bydgoszcz,Średnia 98,ul
10941,SZKOŁA PODSTAWOWA NR 37 IM. HENRYKA SIENKIEWICZA Z ODDZIAŁAMI SPORTOWYMI W BYDGOSZCZY,2026,Bydgoszcz,ul. Gdańska 122,Bydgoszcz,Gdańska 122,ul
10942,SZKOŁA PODSTAWOWA NR 38 IM. ZDOBYWCÓW WAŁU POMORSKIEGO W BYDGOSZCZY,2026,Bydgoszcz,ul. Węgierska 11,Bydgoszcz,Węgierska 11,ul
10943,SZKOŁA PODSTAWOWA NR 41 IM. ROMUALDA TRAUGUTTA Z ODDZIAŁAMI SPORTOWYMI W BYDGOSZCZY,2026,Bydgoszcz,ul. Romualda Traugutta 12,Bydgoszcz,Traugutta 12,ul romualda
10944,SZKOŁA PODSTAWOWA NR 43 IM. ADM. KAZIMIERZA PORĘBSKIEGO W BYDGOSZCZY,2026,Bydgoszcz,ul. Łowicka 45,Bydgoszcz,Łowicka 45,ul
10945,SZKOŁA PODSTAWOWA NR 46 IM. UNII EUROPEJSKIEJ Z ODDZIAŁAMI DWUJĘZYCZNYMI W BYDGOSZCZY,2026,Bydgoszcz,ul. Kombatantów 2,Bydgoszcz,Kombatantów 2,ul
10946,SZKOŁA PODSTAWOWA NR 56 IM. ARKADEGO FIEDLERA Z ODDZIAŁAMI INTEGRACYJNYMI W BYDGOSZCZY,2026,Bydgoszcz,ul. Karpacka 30,Bydgoszcz,Karpacka 30,ul
10977,SZKOŁA PODSTAWOWA NR 2 IM. ORŁA BIAŁEGO,2026,Golub-Dobrzyń,ul. Stefana Żeromskiego 11,Golub-Dobrzyń,Żeromskiego 11,ul stefana
10990,SZKOŁA PODSTAWOWA NR 58 IM. IRENY SENDLEROWEJ W BYDGOSZCZY,2026,Bydgoszcz,ul. Gdańska 53a,Bydgoszcz,Gdańska 53a,ul
10992,SZKOŁA PODSTAWOWA NR 65 IM. CZESŁAWA TAŃSKIEGO Z ODDZIAŁAMI INTEGRACYJNYMI I SPORTOWYMI W BYDGOSZCZY,2026,Bydgoszcz,ul. Tomasza Golloba 7,Bydgoszcz,Golloba 7,ul tomasza
11012,SZKOŁA PODSTAWOWA NR 1 IM. KOMISJI EDUKACJI NARODOWEJ W KRAKOWIE,2026,Kraków,ul. św. Marka 34,Kraków,Marka 34,ul św
11018,SZKOŁA PODSTAWOWA NR 22 IM. JÓZEFA PIŁSUDSKIEGO W KALISZU,2026,Kalisz,ul. Świętego Michała 1,Kalisz,Michała 1,ul świętego
11022,SZKOŁA PODSTAWOWA IM. KS. JÓZEFA BRUSKIEGO W PRUSZCZU,2026,Pruszcz,ul. Dworcowa 33,Pruszcz,Dworcowa 33,ul
11034,PUBLICZNA SZKOŁA PODSTAWOWA NR 9 IM. KORNELA MAKUSZYŃSKIEGO W WAŁBRZYCHU,2026,Wałbrzych,ul. Królewiecka 7,Wałbrzych,Królewiecka 7,ul
11065,PUBLICZNA SZKOŁA PODSTAWOWA Z ODDZIAŁAMI INTEGRACYJNYMI NR 26 IM. KOMISJI EDUKACJI NARODOWEJ W WAŁBRZYCHU,2026,Wałbrzych,ul. Palisadowa 48,Wałbrzych,Palisadowa 48,ul
11134,SZKOŁA PODSTAWOWA NR 46 W GDAŃSKU,2026,Gdańsk,ul. Arkońska 17,Gdańsk,Arkońska 17,ul
11164,PUBLICZNA SZKOŁA PODSTAWOWA W DĘBSKIEJ KUŹNI,2026,Dębska Kuźnia,ul. Wiejska 53,Dębska Kuźnia,Wiejska 53,ul
11171,SZKOŁA PODSTAWOWA W RADZIŁOWIE,2026,Radziłów,ul. Sportowa 1,Radziłów,Sportowa 1,ul
11178,SZKOŁA PODSTAWOWA NR 10 IM. ARMII KRAJOWEJ,2026,Żary,ul. gen. Pułaskiego 4a,Żary,Pułaskiego 4a,ul gen
11200,SZKOŁA PODSTAWOWA IM. JANA BRZECHWY W PAPROTNI,2026,Paprotnia,ul. Zielona 12,Paprotnia,Zielona 12,ul
11232,PUBLICZNA SZKOŁA PODSTAWOWA Z ODDZIAŁEM PRZEDSZKOLNYM W DĘBIU,2026,Dębie,ul. Wiejska 18,Dębie,Wiejska 18,ul
11287,"SZKOŁA PODSTAWOWA NR 1 IM. BAONU ""NADBUŻAŃSKIEGO"" AK W ŁOCHOWIE",2026,Łochów,ul. Stefana Żeromskiego 3,Łochów,Żeromskiego 3,ul stefana
11290,SZKOŁA PODSTAWOWA NR 5 IM. JANUSZA KUSOCIŃSKIEGO,2026,Nowy Dwór Mazowiecki,ul. Chemików 1A,Nowy Dwór Mazowiecki,Chemików 1A,ul
11304,SZKOŁA PODSTAWOWA IM. POLSKICH SPORTOWCÓW W TARCHAŁACH WIELKICH,2026,Tarchały Wielkie,ul. Szkolna 69,Tarchały Wielkie,Szkolna 69,ul
11315,SZKOŁA PODSTAWOWA SPECJALNA NR 2,2026,Lubiąż,ul. Adama Mickiewicza 1,Lubiąż,Mickiewicza 1,ul adama
11325,SZKOŁA PODSTAWOWA NR 2 IM. JANA KOCHANOWSKIEGO W MOŃKACH,2026,Mońki,ul. Leśna 3,Mońki,Leśna 3,ul
11329,SZKOŁA PODSTAWOWA W ZESPOLE PLACÓWEK OŚWIATOWYCH IM. JANUSZA KORCZAKA W DRZYCIMIU,2026,Drzycim,ul. Broniewskiego 2,Drzycim,Broniewskiego 2,ul
11368,SZKOŁA PODSTAWOWA NR 2 Z ODDZIAŁAMI SPORTOWYMI IM. ARMII KRAJOWEJ W GDAŃSKU,2026,Gdańsk,ul. Heleny Marusarzówny 10,Gdańsk,Marusarzówny 10,ul heleny
11370,SZKOŁA PODSTAWOWA NR 2 IM. TADEUSZA KOŚCIUSZKI,2026,Słupsk,ul. Henryka Pobożnego 2,Słupsk,Henryka Pobożnego 2,ul
11371,SZKOŁA PODSTAWOWA NR 3 IM. JANUSZA KORCZAKA W SŁUPSKU,2026,Słupsk,ul. Stefana Banacha 5,Słupsk,Banacha 5,ul stefana
11372,SZKOŁA PODSTAWOWA Z ODDZIAŁAMI INTEGRACYJNYMI NR 4 IM. GUSTAWA MORCINKA W SŁUPSKU,2026,Słupsk,ul. Stanisława Leszczyńskiego 17,Słupsk,Stanisława Leszczyńskiego 17,ul
11385,SZKOŁA PODSTAWOWA W KUŹNICY CZARNKOWSKIEJ IM. POWSTAŃCÓW WLKP. 1918/1919,2026,Kuźnica Czarnkowska,ul. Szkolna 10,Kuźnica Czarnkowska,Szkolna 10,ul
11401,SZKOŁA PODSTAWOWA IMIENIEM KSIĘDZA PIOTRA SKARGI W KOBYLINIE-BORZYMACH,2026,Kobylin-Borzymy,ul. Lipowa 17,Kobylin-Borzymy,Lipowa 17,ul
11433,PUBLICZNA SZKOŁA PODSTAWOWA IM. HENRYKA SIENKIEWICZA W CZERMNIE,2026,Czermno,ul. Kościelna 86,Czermno,Kościelna 86,ul
11471,PUBLICZNA SZKOŁA PODSTAWOWA IM. STEFANA ŻEROMSKIEGO W FAŁKOWIE,2026,Fałków,ul. Glinianki 47,Fałków,Glinianki 47,ul
11489,SZKOŁA PODSTAWOWA W CHARZYKOWACH,2026,Charzykowy,ul. Szkolna 1,Charzykowy,Szkolna 1,ul
11523,ZESPÓŁ OŚWIATOWO-WYCHOWAWCZY W BIAŁKACH SZKOŁA PODSTAWOWA IM.ŻOŁNIERZY II ARMII WOJSKA POLSKIEG,2026,Białki,ul. Diamentowa 1,Białki,Diamentowa 1,ul
11574,SZKOŁA PODSTAWOWA NR 4 Z ODDZIAŁAMI INTEGRACYJNYMI IM. KARDYNAŁA STEFANA WYSZYŃSKIEGO W CHEŁMIE,2026,Chełm,ul. Prymasa Stefana Wyszyńskiego 15,Chełm,Wyszyńskiego 15,ul prymasa stefana
11575,SZKOŁA PODSTAWOWA NR 5 IM. MARII KONOPNICKIEJ W CHEŁMIE,2026,Chełm,ul. 1 Pułku Szwoleżerów 1,Chełm,Pułku Szwoleżerów 1,ul
11606,ZESPÓŁ SZKOLNO-PRZEDSZKOLNY IM. JANA BRZECHWY W DOPIEWIE- SZKOŁA PODSTAWOWA,2026,Dopiewo,ul. Bukowska 13,Dopiewo,Bukowska 13,ul
11643,SZKOŁA PODSTAWOWA NR 45 IM. KANAŁU BYDGOSKIEGO Z ODDZIAŁAMI SPORTOWYMI W BYDGOSZCZY,2026,Bydgoszcz,ul. Staroszkolna 12,Bydgoszcz,Staroszkolna 12,ul
11645,SZKOŁA PODSTAWOWA NR 18 IM. HANSA CHRISTIANA ANDERSENA Z ODDZIAŁAMI INTEGRACYJNYMI W BYDGOSZCZY,2026,Bydgoszcz,ul. Pijarów 4,Bydgoszcz,Pijarów 4,ul
11662,ZESPÓŁ SZKÓŁ OGÓLNOKSZTAŁCĄCYCH IM. PROF. STANISŁAWA BĄKA W GRĘBOWIE SZKOŁA PODSTAWOWA W GRĘBOWIE,2026,Grębów,ul. Rynek 9,Grębów,Rynek 9,ul
11677,SZKOŁA PODSTAWOWA W KĄTACH,2026,Kąty,ul. Królewska 58,Kąty,Królewska 58,ul
11678,SZKOŁA PODSTAWOWA IM. KAWALERÓW ORDERU UŚMIECHU W RUDZIENKU,2026,Rudzienko,ul. Szkolna 11,Rudzienko,Szkolna 11,ul
11688,ZESPÓŁ SZKOLNO PRZEDSZKOLNY W ŻELISŁAWICACH - SZKOŁA PODSTAWOWA IM. H. SIENKIEWICZA,2026,Żelisławice,ul. Przyszłości 9,Żelisławice,Przyszłości 9,ul
11690,SZKOŁA PODSTAWOWA NR 1 IM. KSIĘSTWA SIEWIERSKIEGO W SIEWIERZU,2026,Siewierz,ul. marsz. Józefa Piłsudskiego 31,Siewierz,Piłsudskiego 31,ul marsz józefa
11698,SZKOŁA PODSTAWOWA IM. 5-GO KOŁOBRZESKIEGO PUŁKU PIECHOTY,2026,Dziwnów,ul. Adama Mickiewicza 27,Dziwnów,Mickiewicza 27,ul adama
11724,SZKOŁA PODSTAWOWA IM. ARKADEGO FIEDLERA W RYCHWALE,2026,Rychwał,ul. Konińska 46A,Rychwał,Konińska 46A,ul
11758,PUBLICZNA SZKOŁA PODSTAWOWA W LIGOCIE PRÓSZKOWSKIEJ,2026,Ligota Prószkowska,ul. Szkolna 25,Ligota Prószkowska,Szkolna 25,ul
11779,SZKOŁA PODSTAWOWA Z ODDZIAŁAMI DWUJĘZYCZNYMI NR 17 W GLIWICACH,2026,Gliwice,ul. Płocka 16,Gliwice,Płocka 16,ul
11813,SZKOŁA PODSTAWOWA DLA DZIEWCZĄT PŁOMIEŃ,2026,Katowice,ul. Karliczka 15,Katowice,Karliczka 15,ul
11816,SZKOŁA PODSTAWOWA IM PIOTRA DUNINA W MOSTACH,2026,Mosty,ul. Szkolna 16,Mosty,Szkolna 16,ul
11846,SZKOŁA PODSTAWOWA NR 15,2026,Rzeszów,ul. Budziwojska 154,Rzeszów,Budziwojska 154,ul
11874,SZKOŁA PODSTAWOWA IM. KS. JANA TWARDOWSKIEGO W SIEDLCU,2026,Siedlec,ul. Wrocławska 22,Siedlec,Wrocławska 22,ul
11890,SZKOŁA PODSTAWOWA NR 27 IM. IGNACEGO JANA PADEREWSKIEGO,2026,Rzeszów,al. prof. Adama Krzyżanowskiego 24,Rzeszów,Krzyżanowskiego 24,al prof adama
11897,SZKOŁA PODSTAWOWA NR 16 IM. MARIANA TURWIDA Z ODDZIAŁAMI SPORTOWYMI W BYDGOSZCZY,2026,Bydgoszcz,ul. Koronowska 74,Bydgoszcz,Koronowska 74,ul
11910,SZKOŁA PODSTAWOWA NR 16 W GLIWICACH,2026,Gliwice,ul. Jana Kilińskiego 1,Gliwice,Kilińskiego 1,ul jana
11916,SZKOŁA PODSTAWOWA IM. HENRYKA SIENKIEWICZA W KAMIONNIE,2026,Kamionna,ul. Szkolna 18,Kamionna,Szkolna 18,ul
11917,SPOŁECZNA SZKOŁA PODSTAWOWA NR 23 IM. GEN. BRYG. LEOPOLDA OKULICKIEGO,2026,Grodzisk Mazowiecki,ul. 3 Maja 33,Grodzisk Mazowiecki,Maja 33,ul 3
11918,SZKOŁA PODSTAWOWA W TRZEBINI,2026,Trzebinia,ul. Beskidzka 158,Trzebinia,Beskidzka 158,ul
11926,SZKOŁA PODSTAWOWA IM. MARII KONOPNICKIEJ W BUCZKU,2026,Buczek,ul. Szkolna 3,Buczek,Szkolna 3,ul
11930,SZKOŁA PODSTAWOWA NR 78 IM. PIOTRA MICHAŁOWSKIEGO W KRAKOWIE,2026,Kraków,ul. Jaskrowa 5,Kraków,Jaskrowa 5,ul
11935,SZKOŁA PODSTAWOWA W PEWLI ŚLEMIEŃSKIEJ,2026,Pewel Ślemieńska,ul. Krakowska 169,Pewel Ślemieńska,Krakowska 169,ul
11960,SZKOŁA PODSTAWOWA NR 5 IM. GEN. WŁADYSŁAWA SIKORSKIEGO W ŁUKOWIE,2026,Łuków,ul. Siedlecka 56,Łuków,Siedlecka 56,ul
11969,SZKOŁA PODSTAWOWA W DOBREJ IM. POLSKICH OLIMPIJCZYKÓW,2026,Dobra,ul. Mieszczańska 2,Dobra,Mieszczańska 2,ul
12048,SZKOŁA PODSTAWOWA IM. STEFANA ŻEROMSKIEGO W PONIATOWEJ,2026,Poniatowa,ul. Szkolna 9,Poniatowa,Szkolna 9,ul
12057,SZKOŁA PODSTAWOWA NR 40 W BYDGOSZCZY,2026,Bydgoszcz,ul. Puszczykowa 11,Bydgoszcz,Puszczykowa 11,ul
12062,SZKOŁA PODSTAWOWA Z ODDZIAŁAMI INTEGRACYJNYMI NR 107 IM. TADEUSZA BOYA-ŻELEŃSKIEGO W KRAKOWIE,2026,Kraków,ul. Zdrowa 6,Kraków,Zdrowa 6,ul
12071,SZKOŁA PODSTAWOWA NR 8 IM. ŻOŁNIERZY ARMII KRAJOWEJ W SŁUPSKU,2026,Słupsk,ul. Artura Grottgera 10A,Słupsk,Grottgera 10A,ul artura
12104,SZKOŁA PODSTAWOWA NR 153 IM. KSIĘDZA PROFESORA JÓZEFA TISCHNERA W KRAKOWIE,2026,Kraków,ul. Na Błonie 15d,Kraków,Na Błonie 15d,ul
12165,SZKOŁA PODSTAWOWA NR 64 IM. 650-LECIA BYDGOSZCZY Z ODDZIAŁAMI SPORTOWYMI W BYDGOSZCZY,2026,Bydgoszcz,ul. Sardynkowa 7,Bydgoszcz,Sardynkowa 7,ul
12169,SZKOŁA PODSTAWOWA IM.JÓZEFA LOMPY W STARCZY,2026,Starcza,ul. Szkolna 44,Starcza,Szkolna 44,ul
12172,SZKOŁA PODSTAWOWA W KARNKOWIE,2025,Karnkowo,os. Nowe 42,Karnkowo,42,os nowe
12172,SZKOŁA PODSTAWOWA W KARNKOWIE,2026,Karnkowo,os. Nowe 42,Karnkowo,42,os nowe
12188,SZKOŁA PODSTAWOWA MILENIUM,2026,Gniezno,ul. Leopolda Okulickiego 3A,Gniezno,Okulickiego 3A,ul leopolda
12248,SZKOŁA PODSTAWOWA NR 119 IM. JANINY PORAZIŃSKIEJ W KRAKOWIE,2026,Kraków,ul. Bolesława Czerwieńskiego 1,Kraków,Czerwieńskiego 1,ul bolesława
12251,SZKOŁA PODSTAWOWA Z ODDZIAŁAMI SPECJALNYMI IM. MIKOŁAJA KOPERNIKA W CHEŁMCU,2026,Chełmiec,ul. Marcinkowicka 9,Chełmiec,Marcinkowicka 9,ul
12265,SZKOŁA PODSTAWOWA NR 1 IM. WOJSKA POLSKIEGO W ŚWIECIU,2026,Świecie,ul. Sienkiewicza 3,Świecie,Sienkiewicza 3,ul
12267,SZKOŁA PODSTAWOWA NR 2 IM. HENRYKA SUCHARSKIEGO,2026,Wrocław,ul. Komuny Paryskiej 36-38,Wrocław,Komuny Paryskiej 36-38,ul
12351,ZESPÓŁ SZKOLNO - PRZEDSZKOLNY W CZERNICHOWIE - SZKOŁA PODSTAWOWA IM. JÓZEFA PIŁSUDSKIEGO W CZERNICHOWIE,2026,Czernichów,ul. Turystyczna 8,Czernichów,Turystyczna 8,ul
12352,SZKOŁA PODSTAWOWA IM. ŚW. KRÓLOWEJ JADWIGI W MIĘDZYBRODZIU ŻYWIECKIM,2026,Międzybrodzie Żywieckie,ul. Beskidzka 27,Międzybrodzie Żywieckie,Beskidzka 27,ul
12356,SOPOCKA AUTONOMICZNA SZKOŁA PODSTAWOWA,2026,Sopot,ul. Aleja Niepodległości 739a,Sopot,Aleja Niepodległości 739a,ul
12360,SZKOŁA PODSTAWOWA IM. JANUSZA KORCZAKA W PRZECHLEWIE,2026,Przechlewo,ul. Szkolna 4E,Przechlewo,Szkolna 4E,ul
12395,PUBLICZNA SZKOŁA PODSTAWOWA W WAWELNIE,2026,Wawelno,ul. Nowowiejska 14,Wawelno,Nowowiejska 14,ul
12397,PUBLICZNA SZKOŁA PODSTAWOWA W DOMECKU,2026,Domecko,ul. Opolska 52,Domecko,Opolska 52,ul
12398,PUBLICZNA STOWARZYSZENIOWA SZKOŁA PODSTAWOWA W OCHODZACH,2026,Ochodze,ul. Opolska 34,Ochodze,Opolska 34,ul
12412,PUBLICZNA SZKOŁA PODSTAWOWA IM. JANUSZA KORCZAKA W POLSKIEJ NOWEJ WSI,2026,Polska Nowa Wieś,ul. Lipowa 56,Polska Nowa Wieś,Lipowa 56,ul
12426,PUBLICZNA SZKOŁA PODSTAWOWA IM. KS. JANA TWARDOWSKIEGO W KOMPRACHCICACH,2026,Komprachcice,ul. Szkolna 18,Komprachcice,Szkolna 18,ul
12432,SZKOŁA PODSTAWOWA NR 61 IM. BOHATERÓW WESTERPLATTE W BYDGOSZCZY,2026,Bydgoszcz,ul. Krucza 5a,Bydgoszcz,Krucza 5a,ul
12434,SZKOŁA PODSTAWOWA NR 26 IM.ROMUALDA TRAUGUTTA W BYDGOSZCZY,2026,Bydgoszcz,ul. Zacisze 16,Bydgoszcz,Zacisze 16,ul
12435,SZKOŁA PODSTAWOWA NR 57 IM. TOWARZYSTWA MIŁOŚNIKÓW MIASTA BYDGOSZCZY,2026,Bydgoszcz,ul. Bohaterów Westerplatte 2,Bydgoszcz,Bohaterów Westerplatte 2,ul
12437,SZKOŁA PODSTAWOWA NR 62 IM. ŻOŁNIERZY 1 DYWIZJI PIECHOTY IM. TADEUSZA KOŚCIUSZKI W BYDGOSZCZY,2026,Bydgoszcz,ul. Stawowa 53,Bydgoszcz,Stawowa 53,ul
12446,SZKOŁA PODSTAWOWA IM. JANA PAWŁA II W OSTROWIE LUBELSKIM,2026,Ostrów Lubelski,ul. Partyzantów 26,Ostrów Lubelski,Partyzantów 26,ul
12447,PUBLICZNA SZKOŁA PODSTAWOWA NR 1 W STRZELCACH OPOLSKICH,2026,Strzelce Opolskie,ul. Kozielska 34,Strzelce Opolskie,Kozielska 34,ul
12450,SZKOŁA PODSTAWOWA Z ODDZIAŁAMI INTEGRACYJNYMI NR 22 IM. MJR. HENRYKA SUCHARSKIEGO W KRAKOWIE,2026,Kraków,ul. Adama Chmielowskiego 1,Kraków,Chmielowskiego 1,ul adama
12473,SZKOŁA PODSTAWOWA Z ODDZIAŁAMI INTEGRACYJNYMI NR 3 IM. ANDRZEJA FRYCZA-MODRZEWSKIEGO W KRAKOWIE,2026,Kraków,ul. Topolowa 22,Kraków,Topolowa 22,ul
12495,SZKOŁA PODSTAWOWA NR 25 IM. TADEUSZA KOŚCIUSZKI W KRAKOWIE,2026,Kraków,ul. Komandosów 29,Kraków,Komandosów 29,ul
12499,SZKOŁA PODSTAWOWA Z ODDZIAŁAMI SPORTOWYMI NR 7 IM.TADEUSZA KOŚCIUSZKI,2026,Sopot,ul. Jana Jerzego Haffnera 55,Sopot,Haffnera 55,ul jana jerzego
12531,SZKOŁA PODSTAWOWA NR 74 IM. PRYMASA TYSIĄCLECIA,2026,Wrocław,ul. Kleczkowska 2,Wrocław,Kleczkowska 2,ul
12532,SZKOŁA PODSTAWOWA NR 74 IM. STANISŁAWA STASZICA W KRAKOWIE,2026,Kraków,ul. Branicka 26,Kraków,Branicka 26,ul
12544,SZKOŁA PODSTAWOWA IM. MARCINA ROŻKA W JABŁONNIE,2026,Jabłonna,ul. Nowotomyska 9,Jabłonna,Nowotomyska 9,ul
12612,SZKOŁA PODSTAWOWA W STARYM KUROWIE IM. CZESŁAWA WILIŃSKIEGO,2026,Stare Kurowo,ul. Kościuszki 95,Stare Kurowo,Kościuszki 95,ul
12625,SZKOŁA PODSTAWOWA IM. JANA PAWŁA II W GOSTYCYNIE,2026,Gostycyn,ul. Sępoleńska 12-12a,Gostycyn,Sępoleńska 12-12a,ul
12633,SZKOŁA PODSTAWOWA IM. KRZYSZTOFA ŻEGOCKIEGO W ROSTARZEWIE,2026,Rostarzewo,ul. Rakoniewicka 23,Rostarzewo,Rakoniewicka 23,ul
12637,SZKOŁA PODSTAWOWA NR 50 IM. OSSOLINEUM,2026,Wrocław,ul. Czeska 38,Wrocław,Czeska 38,ul
12645,SZKOŁA PODSTAWOWA IM. JANUSZA KORCZAKA W JEDLINIE-ZDROJU,2026,Jedlina-Zdrój,ul. Jana Pawła II 5,Jedlina-Zdrój,Jana Pawła II 5,ul
12654,SZKOŁA PODSTAWOWA IM. IGNACEGO ŁUKASIEWICZA W GARKACH,2026,Garki,ul. Szkolna 2,Garki,Szkolna 2,ul
12681,SZKOŁA PODSTAWOWA NR 1 IM. BOLESŁAWA CHROBREGO W KAMIENIU POMORSKIM,2026,Kamień Pomorski,pl. Katedralny 5,Kamień Pomorski,Katedralny 5,pl
12682,SZKOŁA PODSTAWOWA NR 2 IM. LEONIDA TELIGI W KAMIENIU POMORSKIM,2026,Kamień Pomorski,ul. Wolińska 9,Kamień Pomorski,Wolińska 9,ul
12744,SZKOŁA PODSTAWOWA W CZARTAJEWIE,2026,Czartajew,ul. Szkolna 4,Czartajew,Szkolna 4,ul
12757,SZKOŁA PODSTAWOWA NR 7 IM. PARTYZANTÓW ZIEMI KIELECKIEJ W KIELCACH,2026,Kielce,ul. Zimna 16,Kielce,Zimna 16,ul
12780,SZKOŁA PODSTAWOWA IM. STANISŁAWA STASZICA W KRZCZONOWIE,2026,Krzczonów,ul. Leśna 1,Krzczonów,Leśna 1,ul
12807,SZKOŁA PODSTAWOWA NR 5 IM. STEFANA ARTWIŃSKIEGO W KIELCACH,2026,Kielce,ul. Wróbla 5,Kielce,Wróbla 5,ul
12866,PUBLICZNA SZKOŁA PODSTAWOWA W BOGORII,2026,Bogoria,ul. Południowa 2,Bogoria,Południowa 2,ul
12934,"SZKOŁA PODSTAWOWA IM. KPT. KAZIMIERZA FILIPOWICZA ""KORDA"" W DOROHUSKU",2026,Dorohusk-Osada,ul. Niepodległości 49,Dorohusk-Osada,Niepodległości 49,ul
12948,SZKOŁA PODSTAWOWA IM.GEN. JÓZEFA BEMA W BEMOWIE PISKIM,2026,Bemowo Piskie,ul. Generała Bema 1A,Bemowo Piskie,Bema 1A,ul generała
12960,SZKOŁA PODSTAWOWA IM.STANISŁAWA PALCZEWSKIEGO W DRYGAŁACH,2026,Drygały,ul. Szkolna 2,Drygały,Szkolna 2,ul
12967,PUBLICZNA SZKOŁA PODSTAWOWA NR 2 IM. JANUSZA KORCZAKA W BUSKU-ZDROJU,2026,Busko-Zdrój,ul. Janusza Korczaka 13,Busko-Zdrój,Korczaka 13,ul janusza
12986,SZKOŁA PODSTAWOWA IM. PIERWSZEJ KADROWEJ W MĄKOLNIE,2026,Mąkolno,ul. Szkolna 31,Mąkolno,Szkolna 31,ul
12989,SZKOŁA PODSTAWOWA IM. POWSTAŃCÓW WIELKOPOLSKICH W RAKONIEWICACH,2026,Rakoniewice,ul. Nowotomyska 1,Rakoniewice,Nowotomyska 1,ul
12994,SZKOŁA PODSTAWOWA IM. ADAMA MICKIEWICZAW RUCHOCICACH,2026,Ruchocice,ul. Poznańska 23,Ruchocice,Poznańska 23,ul
13034,SZKOŁA PODSTAWOWA NR 4 IM. WŁADYSŁAWA BRONIEWSKIEGO W ZAMBROWIE,2026,Zambrów,ul. Marii Konopnickiej 13,Zambrów,Konopnickiej 13,ul marii
13048,SZKOŁA PODSTAWOWA NR 114 IM. ARKADEGO FIEDLERA W KRAKOWIE,2026,Kraków,ul. Łąkowa 31,Kraków,Łąkowa 31,ul
13052,SZKOŁA PODSTAWOWA NR 1 IM. ARMII KRAJOWEJ,2026,Gostynin,ul. Józefa Ozdowskiego 2,Gostynin,Ozdowskiego 2,ul józefa
13056,PUBLICZNA SZKOŁA PODSTAWOWA NR 5 IM. MIKOŁAJA KOPERNIKA,2026,Brzeg,ul. Robotnicza 22,Brzeg,Robotnicza 22,ul
13109,PUBLICZNA SZKOŁA PODSTAWOWA W KADŁUBIE,2026,Kadłub,ul. Powstańców Śląskich 26,Kadłub,Powstańców Śląskich 26,ul
13136,SZKOŁA PODSTAWOWA IM.MARII KONOPNICKIEJ W IZBICY,2026,Izbica,ul. Szkolna 13,Izbica,Szkolna 13,ul
13226,SZKOŁA PODSTAWOWA NR 44 IM. PPOR. EMILII GIERCZAK W SZCZECINIE,2026,Szczecin,ul. Karpacka 29,Szczecin,Karpacka 29,ul
13237,SZKOŁA PODSTAWOWA Z ODDZIAŁAMI INTEGRACYJNYMI NR 1 IM. KAROLA MIARKI,2026,Lędziny,ul. Paderewskiego 5,Lędziny,Paderewskiego 5,ul
13238,SZKOŁA PODSTAWOWA NR 3 IM.JANA CHRYSTIANA RUBERGA,2026,Lędziny,ul. Hołdunowska 13,Lędziny,Hołdunowska 13,ul
13244,SZKOŁA PODSTAWOWA IM. TADEUSZA KOŚCIUSZKI W POŁAŃCU,2026,Połaniec,ul. Żapniowska 1,Połaniec,Żapniowska 1,ul
13249,SZKOŁA PODSTAWOWA NR 11 IM. KORNELA MAKUSZYŃSKIEGO W ELBLĄGU,2026,Elbląg,ul. Janusza Korczaka 34,Elbląg,Korczaka 34,ul janusza
13273,SZKOŁA PODSTAWOWA NR 33 IM. OSADNIKÓW WOJSKOWYCH I PIONIERÓW ZIEMI SZCZECIŃSKIEJ,2026,Szczecin,ul. Małopolska 22,Szczecin,Małopolska 22,ul
13295,SZKOŁA PODSTAWOWA NR 7 IM. A. MICKIEWICZA W ŚWIECIU,2026,Świecie,ul. Mickiewicza 6,Świecie,Mickiewicza 6,ul
13296,SZKOŁA PODSTAWOWA NR 6 IM. ALEKSANDRY KUJAŁOWICZ W SUWAŁKACH,2026,Suwałki,ul. Sejneńska 12,Suwałki,Sejneńska 12,ul
13314,SZKOŁA PODSTAWOWA NR 64 IM. WŁADYSŁAWA BRONIEWSKIEGO,2026,Wrocław,ul. Wojszycka 1,Wrocław,Wojszycka 1,ul
13392,SZKOŁA PODSTAWOWA IM. ALEKSANDRA KAMIŃSKIEGO W GUZOWIE,2026,Guzów,ul. Rodu Łubieńskich 2,Guzów,Rodu Łubieńskich 2,ul
13397,SZKOŁA PODSTAWOWA NR 7 IM. FRYDERYKA CHOPINA,2026,Sochaczew,ul. Fryderyka Chopina 99,Sochaczew,Chopina 99,ul fryderyka
13410,SZKOŁA PODSTAWOWA DLA DOROSŁYCH NR 4 IM. EDUKACJI NARODOWEJ,2026,Szczecin,ul. Małopolska 22,Szczecin,Małopolska 22,ul
13421,OGÓLNOKSZTAŁCĄCA SZKOŁA MUZYCZNA I STOPNIA,2026,Legnica,ul. Chojnowska 2,Legnica,Chojnowska 2,ul
13451,SZKOŁA PODSTAWOWA NR 134 IM. STANISŁAWA LEMA W KRAKOWIE,2026,Kraków,ul. Kłuszyńska 46,Kraków,Kłuszyńska 46,ul
13456,SZKOŁA PODSTAWOWA IM. ŚWIĘTEGO JANA PAWŁA II WE FRANCISZKOWIE,2026,Franciszków,ul. Dębowa 25,Franciszków,Dębowa 25,ul
13499,SZKOŁA PODSTAWOWA NR 2 IM. STANISŁAWA KONARSKIEGO W TARNOWIE,2026,Tarnów,ul. Szewska 7,Tarnów,Szewska 7,ul
13501,SZKOŁA PODSTAWOWA NR 18 IM.JANA KOCHANOWSKIEGO W TARNOWIE,2026,Tarnów,ul. 3 Maja 10,Tarnów,Maja 10,ul 3
13502,SZKOŁA PODSTAWOWA NR 3 IM. MARII KONOPNICKIEJ W TARNOWIE,2026,Tarnów,ul. Mikołaja Kopernika 10,Tarnów,Kopernika 10,ul mikołaja
13503,SZKOŁA PODSTAWOWA NR 5 IM. TADEUSZA KOŚCIUSZKI W TARNOWIE,2026,Tarnów,ul. Skowronków 8,Tarnów,Skowronków 8,ul
13504,SZKOŁA PODSTAWOWA NR 8 IM. KRZYSZTOFA KAMILA BACZYŃSKIEGO W TARNOWIE,2026,Tarnów,ul. Bitwy pod Studziankami 5,Tarnów,Bitwy pod Studziankami 5,ul
13505,"SZKOŁA PODSTAWOWA NR 10 IM. ROMANA ""SYBIRAKA"" SANGUSZKI W TARNOWIE",2026,Tarnów,ul. Niedomicka 20,Tarnów,Niedomicka 20,ul
13507,SZKOŁA PODSTAWOWA NR 14 IM.STEFANA JARACZA W TARNOWIE,2026,Tarnów,ul. Krzyska 118,Tarnów,Krzyska 118,ul
13508,SZKOŁA PODSTAWOWA NR 15 IM.GEN.JÓZEFA BEMA W TARNOWIE,2026,Tarnów,ul. Krupnicza 8,Tarnów,Krupnicza 8,ul
13556,SZKOŁA PODSTAWOWA NR 1 IM.JANUSZA KORCZAKA,2026,Nowy Dwór Gdański,ul. Szkolna 2,Nowy Dwór Gdański,Szkolna 2,ul
13583,PUBLICZNA SZKOŁA PODSTAWOWA W ROZMIERCE,2026,Rozmierka,ul. Szkolna 3,Rozmierka,Szkolna 3,ul
13601,SZKOŁA PODSTAWOWA IM. JANUSZA KORCZAKA W MORZESZCZYNIE,2026,Morzeszczyn,ul. Kociewska 3,Morzeszczyn,Kociewska 3,ul
13608,SZKOŁA PODSTAWOWA IM. HENRYKA SIENKIEWICZA W WIERZCHLESIE,2026,Wierzchlas,ul. Szkolna 48,Wierzchlas,Szkolna 48,ul
13615,SZKOŁA PODSTAWOWA NR 93 IM. LUCJANA RYDLA W KRAKOWIE,2026,Kraków,ul. Feliksa Szlachtowskiego 31,Kraków,Szlachtowskiego 31,ul feliksa
13648,SZKOŁA PODSTAWOWA IM. MARII SKŁODOWSKIEJ-CURIE W JANIKOWIE,2026,Janikowo,ul. Biskupa Michała Kozala 3,Janikowo,Kozala 3,ul biskupa michała
13673,SPORTOWA SZKOŁA PODSTAWOWA,2026,Szczecin,ul. Mazurska 40,Szczecin,Mazurska 40,ul
13685,SZKOŁA PODSTAWOWA NR 5 IM. KOMISJI EDUKACJI NARODOWEJ W JAWORZNIE,2026,Jaworzno,ul. Aleksandra Puszkina 5,Jaworzno,Puszkina 5,ul aleksandra
13687,SZKOŁA PODSTAWOWA IM KSIĘDZA ROCHA MODZELEWSKIEGO W NOWYCH PIEKUTACH,2026,Nowe Piekuty,ul. Główna 3,Nowe Piekuty,Główna 3,ul
13689,SZKOŁA PODSTAWOWA IM.JANA PAWŁA II W JABŁONI KOŚCIELNEJ,2026,Jabłoń Kościelna,ul. Mazowiecka 1,Jabłoń Kościelna,Mazowiecka 1,ul
13697,"NIEPUBLICZNA SZKOŁA PODSTAWOWA ""MOJA SZKOŁA"" IM. WANDY CHOTOMSKIEJ",2026,Łomianki,ul. Równa 26,Łomianki,Równa 26,ul
13720,PUBLICZNA SZKOŁA PODSTAWOWA IM. MARII SKŁODOWSKIEJ-CURIE W MAJDANIE KRÓLEWSKIM,2026,Majdan Królewski,ul. Jagiellońska 1,Majdan Królewski,Jagiellońska 1,ul
13739,SZKOŁA PODSTAWOWA IM. ŻOŁNIERZY NIEZŁOMNYCH W POBŁOCIU,2026,Pobłocie,ul. Szkolna 8,Pobłocie,Szkolna 8,ul
13751,SZKOŁA PODSTAWOWA NR 28 IM. BOLESŁAWA CZWÓJDZIŃSKIEGO,2026,Szczecin,ul. Piaseczna 40,Szczecin,Piaseczna 40,ul
13755,SZKOŁA PODSTAWOWA W KRASZKOWICACH,2026,Kraszkowice,ul. Szkolna 5,Kraszkowice,Szkolna 5,ul
13793,SPOŁECZNA SZKOŁA PODSTAWOWA OMEGA IM. GÓRNOŚLĄSKICH NOBLISTÓW W KATOWICACH,2026,Katowice,ul. Gliwicka 276,Katowice,Gliwicka 276,ul
13851,SZKOŁA PODSTAWOWA NR 13 IM. ORLĄT LWOWSKICH,2026,Szczecin,ul. Bałtycka 1a,Szczecin,Bałtycka 1a,ul
13869,SZKOŁA PODSTAWOWA NR 67 IM. KAWALERÓW ORDERU UŚMIECHU,2026,Wrocław,pl. Muzealny 20,Wrocław,Muzealny 20,pl
13894,SPORTOWA SZKOŁA PODSTAWOWA NR 72 IM. WŁADKA ZAREMBOWICZA,2026,Wrocław,ul. Trwała 17-19,Wrocław,Trwała 17-19,ul
13909,SZKOŁA PODSTAWOWA IMIENIA TADEUSZA KOŚCIUSZKI W CZEMIERNIKACH,2026,Czemierniki,ul. Kocka 45,Czemierniki,Kocka 45,ul
13915,SZKOŁA PODSTAWOWA IM. ŚWIĘTEGO JANA PAWŁA II W TOPOROWIE,2026,Toporów,ul. Szkolna 6,Toporów,Szkolna 6,ul
13976,SAMORZĄDOWA SZKOŁA PODSTAWOWA NR 2 IM. DZIECI WRZESIŃSKICH WE WRZEŚNI,2026,Września,ul. Kościuszki 24,Września,Kościuszki 24,ul
13984,SZKOŁA PODSTAWOWA NR 7 IM. ADAMA MICKIEWICZA W ŁOMŻY,2026,Łomża,ul. Adama Mickiewicza 6,Łomża,Mickiewicza 6,ul adama
13991,SZKOŁA PODSTAWOWA NR 1 IM. MARII DĄBROWSKIEJ,2026,Wrocław,ul. Nowowiejska 78,Wrocław,Nowowiejska 78,ul
14008,SPOŁECZNA SZKOŁA PODSTAWOWA NR 1 IM. STANISŁAWA KONARSKIEGO SPOŁECZNEGO TOWARZYSTWA OŚWIATOWEGO W KATOWICACH,2026,Katowice,ul. Mikołowska 26,Katowice,Mikołowska 26,ul
14020,SZKOŁA PODSTAWOWA IM.30 POLESKIEJ DYWIZJI PIECHOTY AK W GRABANOWIE,2026,Grabanów,ul. Główna 47,Grabanów,Główna 47,ul
14042,SZKOŁA PODSTAWOWA NR 1 IM. KLEMENTYNY HOFFMANOWEJ W TARNOWIE,2026,Tarnów,ul. Władysława Reymonta 30,Tarnów,Reymonta 30,ul władysława
14043,SZKOŁA PODSTAWOWA NR 17 IM. EUGENIUSZA KWIATKOWSKIEGO W ZESPOLE SZKÓŁ OGÓLNOKSZTAŁCĄCYCH NR 1 W TARNOWIE,2026,Tarnów,ul. Cypriana Kamila Norwida 22,Tarnów,Norwida 22,ul cypriana kamila
14058,SZKOŁA PODSTAWOWA NR 38 IM. BRACTWA KURKOWEGO W KRAKOWIE,2026,Kraków,ul. płk. Francesco Nullo 23,Kraków,Nullo 23,ul płk francesco
14060,SZKOŁA PODSTAWOWA NR 1 IM.HENRYKA SIENKIEWICZA W ZIELONEJ GÓRZE,2026,Zielona Góra,ul. Stefana Wyszyńskiego 17,Zielona Góra,Wyszyńskiego 17,ul stefana
14070,SZKOŁA PODSTAWOWA NR 14 IM. ADAMA MICKIEWICZA W ZIELONEJ GÓRZE,2026,Zielona Góra,ul. Jaskółcza 66,Zielona Góra,Jaskółcza 66,ul
14071,SZKOŁA PODSTAWOWA NR 15 IM.4 DYWIZJI PIECHOTY WOJSKA POLSKIEGO W ZIELONEJ GÓRZE,2026,Zielona Góra,ul. Lisia 37,Zielona Góra,Lisia 37,ul
14072,SZKOŁA PODSTAWOWA NR 18 IM. ARKADEGO FIEDLERA W ZIELONEJ GÓRZE,2026,Zielona Góra,ul. Francuska 10,Zielona Góra,Francuska 10,ul
14076,SZKOŁA PODSTAWOWA NR 9 IM. WINCENTEGO POLA,2026,Wrocław,ul. Nyska 66,Wrocław,Nyska 66,ul
14095,SZKOŁA PODSTAWOWA ZESPOŁU SZKÓŁ IM. HENRYKA SIENKIEWICZA W GRABOWCU,2026,Grabowiec,ul. Wojsławska 1,Grabowiec,Wojsławska 1,ul
14096,SZKOŁA PODSTAWOWA NR 12 IM. MARII SKŁODOWSKIEJ-CURIE,2026,Wrocław,ul. Zygmunta Janiszewskiego 14,Wrocław,Janiszewskiego 14,ul zygmunta
14098,SZKOŁA PODSTAWOWA NR 20 IM. ORŁA BIAŁEGO,2026,Wrocław,ul. Henryka Michała Kamieńskiego 24,Wrocław,Kamieńskiego 24,ul henryka michała
14134,PUBLICZNA SZKOŁA PODSTAWOWA W GRONOWIE GÓRNYM,2026,Gronowo Górne,ul. Szmaragdowa 5,Gronowo Górne,Szmaragdowa 5,ul
14163,SZKOŁA PODSTAWOWA IM. BŁOGOSŁAWIONEGO JANA PAWŁA II W ŁAPSZACH WYŻNYCH,2026,Łapsze Wyżne,ul. Świętego Floriana 51,Łapsze Wyżne,Floriana 51,ul świętego
14230,SAMORZĄDOWA SZKOŁA PODSTAWOWA NR 6 IM. JANA PAWŁA II WE WRZEŚNI,2026,Września,ul. Słowackiego 41,Września,Słowackiego 41,ul
14234,SZKOŁA PODSTAWOWA IM. JANUSZA KUSOCIŃSKIEGO W BOŻYMPOLU WIELKIM,2026,Bożepole Wielkie,ul. Szkolna 1,Bożepole Wielkie,Szkolna 1,ul
14235,SZKOŁA PODSTAWOWA IM. JÓZEFA MŁYNARCZYKA W PRZYBOROWIE,2026,Przyborów,ul. Szkolna 16,Przyborów,Szkolna 16,ul
14243,SZKOŁA PODSTAWOWA PORKOM IM. IRENY SENDLEROWEJ,2026,Gniezno,ul. Gębarzewska 12,Gniezno,Gębarzewska 12,ul
14289,SZKOŁA PODSTAWOWA NR 1 IM. 70 PUŁKU PIECHOTY W PLESZEWIE,2026,Pleszew,ul. Szkolna 5,Pleszew,Szkolna 5,ul
14322,SZKOŁA PODSTAWOWA NR 4,2026,Stargard,ul. Wielkopolska 30,Stargard,Wielkopolska 30,ul
14332,SZKOŁA PODSTAWOWA IM. ORLĄT LWOWSKICH W NOWINACH,2026,Nowiny,ul. Białe Zagłębie 21,Nowiny,Białe Zagłębie 21,ul
14366,SAMORZĄDOWA SZKOŁA PODSTAWOWA IM. JÓZEFA KALASANTEGO JAKUBOWSKIEGO W KACZANOWIE,2026,Kaczanowo,ul. Kaliska 1a,Kaczanowo,Kaliska 1a,ul
14371,SZKOŁA PODSTAWOWA W BRAŃSKU,2026,Brańsk,ul. Armii Krajowej 7,Brańsk,Armii Krajowej 7,ul
14391,SZKOŁA PODSTAWOWA IM. WANDY CHOTOMSKIEJ W PAWŁOWIE,2026,Pawłowo,ul. Tucholska 16,Pawłowo,Tucholska 16,ul
14399,SZKOŁA PODSTAWOWA NR 1 Z ODDZIAŁAMI INTEGRACYJNYMI W ZGIERZU,2026,Zgierz,ul. Józefa Piłsudskiego 1,Zgierz,Piłsudskiego 1,ul józefa
14402,SZKOŁA PODSTAWOWA NR 8 W ZGIERZU,2026,Zgierz,ul. Tadeusza Boya-Żeleńskiego 4,Zgierz,Boya-Żeleńskiego 4,ul tadeusza
14404,SZKOŁA PODSTAWOWA NR 10 IM. MARII SKŁODOWSKIEJ-CURIE W ZGIERZU,2026,Zgierz,ul. Ozorkowska 68/70,Zgierz,Ozorkowska 68/70,ul
14421,SZKOŁA PODSTAWOWA NR 40 IM. ŚW. STANISŁAWA BISKUPA I MĘCZENNIKA W KRAKOWIE,2026,Kraków,ul. Pszczelna 13,Kraków,Pszczelna 13,ul
14426,PUBLICZNA SZKOŁA PODSTAWOWA IM. JERZEGO OSSOLIŃSKIEGO W KLIMONTOWIE,2026,Klimontów,ul. Szkolna 1,Klimontów,Szkolna 1,ul
14463,SZKOŁA PODSTAWOWA W SILNIE,2026,Silno,ul. Główna 39,Silno,Główna 39,ul
14479,SZKOŁA PODSTAWOWA NR 2 IM. KOMISJI EDUKACJI NARODOWEJ,2026,Włodawa,ul. Kopernika 3,Włodawa,Kopernika 3,ul
14489,SZKOŁA PODSTAWOWA NR 3 IM J.SŁOWACKIEGO W CZECHOWICACH-DZIEDZICACH,2026,Czechowice-Dziedzice,ul. Lipowska 26,Czechowice-Dziedzice,Lipowska 26,ul
14490,SZKOŁA PODSTAWOWA NR 7 IM. K.WIELKIEGO W CZECHOWICACH-DZIEDZICACH,2026,Czechowice-Dziedzice,ul. Szkolna 6,Czechowice-Dziedzice,Szkolna 6,ul
14509,SZKOŁA PODSTAWOWA NR 3 IM. GEN. FRANCISZKA KLEEBERGA,2026,Włodawa,ul. Prof. Zbigniewa Sierpińskiego 4,Włodawa,Sierpińskiego 4,ul prof zbigniewa
14513,SZKOŁA PODSTAWOWA NR 6,2026,Rzeszów,ul. Rubinowa 4,Rzeszów,Rubinowa 4,ul
14514,SZKOŁA PODSTAWOWA NR 12 IM. JULIANA PRZYBOSIA,2026,Rzeszów,ul. Lwowska 17,Rzeszów,Lwowska 17,ul
14515,SZKOŁA PODSTAWOWA NR 23 IM. JANA PAWŁA II,2026,Rzeszów,ul. bp. Józefa Sebastiana Pelczara 3,Rzeszów,Pelczara 3,ul bp józefa sebastiana
14517,SZKOŁA PODSTAWOWA NR 10 Z ODDZIAŁAMI DWUJĘZYCZNYMI W RZESZOWIE,2026,Rzeszów,ul. Dominikańska 4,Rzeszów,Dominikańska 4,ul
14568,SZKOŁA PODSTAWOWA NR 63 IM. ANNY JASIŃSKIEJ,2026,Wrocław,ul. Mennicza 21-23,Wrocław,Mennicza 21-23,ul
14574,SZKOŁA PODSTAWOWA W KREMPACHACH,2026,Krempachy,ul. Kamieniec 46,Krempachy,Kamieniec 46,ul
14639,SZKOŁA PODSTAWOWA NR 2 IM. KRÓLOWEJ JADWIGI W PLESZEWIE,2026,Pleszew,ul. Ogrodowa 2,Pleszew,Ogrodowa 2,ul
14656,PUBLICZNA SZKOŁA PODSTAWOWA NR 3 IM. PŁK. ALEKSANDRA KRZYŻANOWSKIEGO „WILKA” W BUSKU-ZDROJU,2026,Busko-Zdrój,ul. Grotta 3,Busko-Zdrój,Grotta 3,ul
14681,SZKOŁA PODSTAWOWA NR 3,2026,Wojkowice,ul. Jana III Sobieskiego 211b,Wojkowice,Jana III Sobieskiego 211b,ul
14685,SZKOŁA PODSTAWOWA NR 7 IM. JANA KARNOWSKIEGO W CHOJNICACH,2026,Chojnice,ul. Tuwima 2,Chojnice,Tuwima 2,ul
14716,KATOLICKA PUBLICZNA SZKOŁA PODSTAWOWA IM. ŚW. ZYGMUNTA SZCZĘSNEGO FELIŃSKIEGO W OSTROWCU ŚWIĘTOKRZYSKIM,2026,Ostrowiec Świętokrzyski,ul. Grabowiecka 15,Ostrowiec Świętokrzyski,Grabowiecka 15,ul
14744,SZKOŁA PODSTAWOWA IM. JULIANA BARTOSZEWICZA W ŻARNOWIE,2026,Żarnów,ul. Przedborska 10,Żarnów,Przedborska 10,ul
14767,ZESPÓŁ SZKÓŁ W MOŃKACH SZKOŁA PODSTAWOWA NR 1 IM. JANA PAWŁA II W MOŃKACH,2026,Mońki,ul. Planetarna 13,Mońki,Planetarna 13,ul
14794,SZKOŁA PODSTAWOWA NR 109 IM. EDWARDA DEMBOWSKIEGO,2026,Wrocław,ul. Inżynierska 54,Wrocław,Inżynierska 54,ul
14795,SZKOŁA PODSTAWOWA NR 108 IM. JULIANA TUWIMA,2026,Wrocław,ul. Bolesława Chrobrego 3,Wrocław,Bolesława Chrobrego 3,ul
14801,SZKOŁA PODSTAWOWA NR 107 IM. PIOTRA WŁOSTOWICA,2026,Wrocław,ul. Bolesława Prusa 64,Wrocław,Prusa 64,ul bolesława
14805,SZKOŁA PODSTAWOWA NR 98 IM. PIASTÓW WROCŁAWSKICH,2026,Wrocław,ul. Sycowska 22a,Wrocław,Sycowska 22a,ul
14807,SZKOŁA PODSTAWOWA NR 76 Z ODDZIAŁAMI SPORTOWYMI IM. ŻOŁNIERZY I ARMII WOJSKA POLSKIEGO,2026,Wrocław,ul. Wandy 13,Wrocław,Wandy 13,ul
14838,SZKOŁA PODSTAWOWA NR 91 IM. ORLĄT LWOWSKICH,2026,Wrocław,ul. Stefanii Sempołowskiej 54,Wrocław,Sempołowskiej 54,ul stefanii
14844,SZKOŁA PODSTAWOWA NR 22,2026,Wrocław,ul. Karpnicka 2,Wrocław,Karpnicka 2,ul
14845,"SZKOŁA PODSTAWOWA ""ISKRY""",2026,Wrocław,ul. Fryderyka Pautscha 9,Wrocław,Pautscha 9,ul fryderyka
14846,SZKOŁA PODSTAWOWA NR 84 IM. RUCHU OBROŃCÓW POKOJU,2026,Wrocław,ul. Łukasza Górnickiego 20,Wrocław,Górnickiego 20,ul łukasza
14849,"SZKOŁA PODSTAWOWA ""ZDRÓJ""",2026,Wrocław,ul. Fryderyka Pautscha 9,Wrocław,Pautscha 9,ul fryderyka
14858,SZKOŁA PODSTAWOWA NR 68 IM. II TYSIĄCLECIA WROCŁAWIA,2026,Wrocław,ul. Szczęśliwa 28,Wrocław,Szczęśliwa 28,ul
14873,SZKOŁA PODSTAWOWA NR 82 IM. BUDOWNICZYCH WROCŁAWIA,2026,Wrocław,ul. Blacharska 13,Wrocław,Blacharska 13,ul
14874,SZKOŁA PODSTAWOWA NR 51 IM. JANA PAWŁA II,2026,Wrocław,ul. Krępicka 50,Wrocław,Krępicka 50,ul
14878,SZKOŁA PODSTAWOWA NR 78 IM. MIKOŁAJA KOPERNIKA,2026,Wrocław,ul. Jedności Narodowej 195,Wrocław,Jedności Narodowej 195,ul
14888,SZKOŁA PODSTAWOWA NR 39 IM. KSIĘDZA JANA TWARDOWSKIEGO,2026,Wrocław,ul. Przedwiośnie 47,Wrocław,Przedwiośnie 47,ul
14909,PUBLICZNA SZKOŁA PODSTAWOWA NR 3 Z ODDZIALAMI INTEGRACYJNYMI IM. TADEUSZA KOŚCIUSZKI W PUŁTUSKU,2026,Pułtusk,ul. Aleja Tysiąclecia 14,Pułtusk,Aleja Tysiąclecia 14,ul
14912,SZKOŁA PODSTAWOWA NR 36 IM. KRZYSZTOFA KAMILA BACZYŃSKIEGO W KATOWICACH,2026,Katowice,ul. Kazimiery Iłłakowiczówny 13,Katowice,Iłłakowiczówny 13,ul kazimiery
14921,SZKOŁA PODSTAWOWA NR 1 IM. JANUSZA KORCZAKA W CZERSKU,2026,Czersk,ul. Dworcowa 8,Czersk,Dworcowa 8,ul
14929,SZKOŁA PODSTAWOWA NR 80 IM. TYSIĄCLECIA WROCŁAWIA,2026,Wrocław,ul. Polna 4,Wrocław,Polna 4,ul
14962,PRYWATNA SZKOŁA PODSTAWOWA INFORMATYCZNO-JĘZYKOWA Z ODDZIAŁAMI DWUJĘZYCZNYMI,2026,Białystok,ul. Józefa Ignacego Kraszewskiego 33,Białystok,Kraszewskiego 33,ul józefa ignacego
14978,SZKOŁA PODSTAWOWA NR 83 IM. JANA KASPROWICZA,2026,Wrocław,al. Tadeusza Boya-Żeleńskiego 32,Wrocław,Boya-Żeleńskiego 32,al tadeusza
15022,SZKOŁA PODSTAWOWA NR 52 IM. TADEUSZA KOŚCIUSZKI W GDAŃSKU,2026,Gdańsk,ul. Tadeusza Kościuszki 111,Gdańsk,Kościuszki 111,ul tadeusza
15045,SZKOŁA PODSTAWOWA NR 37 IM. KS. JANA TWARDOWSKIEGO Z ODDZIAŁAMI DWUJĘZYCZNYMI W KATOWICACH,2026,Katowice,ul. Józefa Lompy 17,Katowice,Lompy 17,ul józefa
15062,SZKOŁA PODSTAWOWA IM. TADEUSZA KOŚCIUSZKI W GASZOWICACH,2026,Gaszowice,ul. Rydułtowska 8,Gaszowice,Rydułtowska 8,ul
15081,SZKOŁA PODSTAWOWA IM. JÓZEFA WESZKI W RUDOŁTOWICACH,2026,Rudołtowice,ul. Anieli Krzywoń 5,Rudołtowice,Krzywoń 5,ul anieli
15098,SZERMIERCZA SPORTOWA SZKOŁA PODSTAWOWA NR 85 IM. PROF. MARIANA SUSKIEGO,2026,Wrocław,ul. gen. Romualda Traugutta 37,Wrocław,Traugutta 37,ul gen romualda
15109,SZKOŁA PODSTAWOWA NR 1 W ZABRZU,2026,Zabrze,ul. Sportowa 5,Zabrze,Sportowa 5,ul
15116,ZESPÓŁ KSZTAŁCENIA I WYCHOWANIA PUBLICZNA SZKOŁA PODSTAWOWA IM. BOHATERÓW WESTERPLATTE W PINCZYNIE,2026,Pinczyn,ul. Sportowa 8,Pinczyn,Sportowa 8,ul
15120,SZKOŁA PODSTAWOWA NR 55,2026,Szczecin,ul. Orawska 1,Szczecin,Orawska 1,ul
15121,NIEPUBLICZNA KATOLICKA SZKOŁA PODSTAWOWA IM. ŚWIĘTEJ RODZINY,2026,Legnica,ul. Tarasa Szewczenki 1,Legnica,Szewczenki 1,ul tarasa
15122,ZESPÓŁ SZKOLNO-PRZEDSZKOLNY NR 7 SZKOŁA PODSTAWOWA NR 55 IM. JANA HEWELIUSZA W GDAŃSKU,2026,Gdańsk,ul. Wolności 6A,Gdańsk,Wolności 6A,ul
15124,SZKOŁA PODSTAWOWA NR 1 IM. MARIUSZA ZARUSKIEGO W GDAŃSKU,2026,Gdańsk,ul. Poli Gojawiczyńskiej 10,Gdańsk,Gojawiczyńskiej 10,ul poli
15126,ZESPÓŁ SZKÓŁ OGÓLNOKSZTAŁCĄCYCH NR 8 W GDAŃSKU - SZKOŁA PODSTAWOWA NR 5 IM. JANA PAWŁA II,2026,Gdańsk,ul. Janusza Meissnera 9,Gdańsk,Meissnera 9,ul janusza
15130,SZKOŁA PODSTAWOWA NR 4 IM. HENRYKA SIENKIEWICZA W ELBLĄGU,2026,Elbląg,ul. Adama Mickiewicza 41,Elbląg,Mickiewicza 41,ul adama
15135,SZKOŁA PODSTAWOWA NR 82 IM. PROF. JANA CZOCHRALSKIEGO W GDAŃSKU,2026,Gdańsk,ul. Radarowa 26,Gdańsk,Radarowa 26,ul
15159,SZKOŁA PODSTAWOWA NR 42 IM. JÓZEFY KANTORÓWNY W KATOWICACH,2026,Katowice,ul. Wiosny Ludów 22,Katowice,Wiosny Ludów 22,ul
15173,SZKOŁA PODSTAWOWA NR 2 IM. KRÓLOWEJ JADWIGI W JAROCINIE,2026,Jarocin,ul. Aleja Niepodległości 8,Jarocin,Aleja Niepodległości 8,ul
15176,PUBLICZNA SZKOŁA PODSTAWOWA NR 14 IM. ORLĄT LWOWSKICH W OSTROWCU ŚWIĘTOKRZYSKIM,2026,Ostrowiec Świętokrzyski,os. Stawki 35,Ostrowiec Świętokrzyski,Stawki 35,os
15185,NIEPUBLICZNA SZKOŁA PODSTAWOWA IM. STANISŁAWA KONARSKIEGO,2026,Ostrowiec Świętokrzyski,ul. Henryka Sienkiewicza 65,Ostrowiec Świętokrzyski,Sienkiewicza 65,ul henryka
15188,SZKOŁA PODSTAWOWA NR 2 IM. DĄBRÓWKI,2026,Mińsk Mazowiecki,ul. Dąbrówki 10,Mińsk Mazowiecki,Dąbrówki 10,ul
15191,SZKOŁA PODSTAWOWA NR 2 IM. POLSKICH OLIMPIJCZYKÓW W KRYNICY-ZDROJU,2026,Krynica-Zdrój,ul. Józefa Ignacego Kraszewskiego 158,Krynica-Zdrój,Kraszewskiego 158,ul józefa ignacego
15198,SZKOŁA PODSTAWOWA NR 14 IM. JANA BRZECHWY W ELBLĄGU,2026,Elbląg,ul. Romualda Mielczarskiego 45,Elbląg,Mielczarskiego 45,ul romualda
15203,SZKOŁA PODSTAWOWA IM.WIĘŹNIÓW OBOZU STUTTHOF W NIESTĘPOWIE,2026,Niestępowo,ul. Raduńska 62,Niestępowo,Raduńska 62,ul
15204,SZKOŁA PODSTAWOWA IM.PPOR.KLEMENSA WICKIEGO W PĘPOWIE,2026,Pępowo,ul. Gdańska 117,Pępowo,Gdańska 117,ul
15216,SZKOŁA PODSTAWOWA W OTWOCKU WIELKIM,2026,Otwock Wielki,ul. Zamkowa 4,Otwock Wielki,Zamkowa 4,ul
15221,SZKOŁA PODSTAWOWA IM. KAROLA WOJTYŁY W PIECKACH,2026,Piecki,ul. Zwycięstwa 23,Piecki,Zwycięstwa 23,ul
15223,SZKOŁA PODSTAWOWA NR 3 IM. M.J. PIŁSUDSKIEGO W WOŁOMINIE,2026,Wołomin,ul. Piłsudskiego 51,Wołomin,Piłsudskiego 51,ul
15224,SZKOŁA PODSTAWOWA NR 7 Z ODDZIAŁAMI INTEGRACYJNYMI IM. KRÓLOWEJ JADWIGI W WOŁOMINIE,2026,Wołomin,ul. Poprzeczna 6,Wołomin,Poprzeczna 6,ul
15225,SZKOŁA PODSTAWOWA W LEŚNIAKOWIŹNIE,2026,Leśniakowizna,ul. Kasprzykiewicza 153,Leśniakowizna,Kasprzykiewicza 153,ul
15226,SZKOŁA PODSTAWOWA IM. FRYDERYKA CHOPINA W STARYCH GRABIACH,2026,Stare Grabie,ul. Cichorackiej 8,Stare Grabie,Cichorackiej 8,ul
15227,SZKOŁA PODSTAWOWA IM. IGNACEGO JANA PADEREWSKIEGO W ZAGOŚCIŃCU,2026,Zagościniec,ul. Szkolna 1,Zagościniec,Szkolna 1,ul
15252,SZKOŁA PODSTAWOWA IM. HENRYKA MIKOŁAJA GÓRECKIEGO W CZERNICY,2026,Czernica,ul. Wolności 41,Czernica,Wolności 41,ul
15253,SZKOŁA PODSTAWOWA NR 60 W GDAŃSKU,2026,Gdańsk,ul. Chłopska 64,Gdańsk,Chłopska 64,ul
15255,SZKOŁA PODSTAWOWA NR 6 Z ODDZIAŁAMI INTEGRACYJNYMI IM. KORNELA MAKUSZYŃSKIEGO W MŁAWIE,2026,Mława,ul. Żołnierzy 80 Pułku Piechoty 5,Mława,Żołnierzy 80 Pułku Piechoty 5,ul
15280,SZKOŁA PODSTAWOWA IM. BŁOGOSŁAWIONEGO KS. JÓZEFA STANKA W ŁAPSZACH NIŻNYCH,2026,Łapsze Niżne,ul. Długa 12,Łapsze Niżne,Długa 12,ul
15292,SZKOŁA PODSTAWOWA IM. OJCA ŚWIĘTEGO JANA PAWŁA II W KACWINIE,2026,Kacwin,ul. Jana Pawła II 41,Kacwin,Jana Pawła II 41,ul
15297,SZKOŁA PODSTAWOWA Z ODDZIAŁAMI INTEGRACYJNYMI NR 82 IM. JANA PAWŁA II,2026,Warszawa,ul. Stanisława Konarskiego 20,Warszawa,Konarskiego 20,ul stanisława
15308,PUBLICZNA SZKOŁA PODSTAWOWA Z ODDZIAŁAMI INTEGRACYJNYMI IM. WINCENTEGO KWAŚNIEWSKIEGO W ZBLEWIE,2026,Zblewo,ul. Kościerska 39,Zblewo,Kościerska 39,ul
15341,SZKOŁA PODSTAWOWA NR 4 IM. POWSTAŃCÓW STYCZNIOWYCH,2026,Mińsk Mazowiecki,ul. Siennicka 17,Mińsk Mazowiecki,Siennicka 17,ul
15344,ZESPÓŁ SZKOLNO-PRZEDSZKOLNY Z ODDZIAŁAMI INTEGRACYJNYMI W ORŁACH SZKOŁA PODSTAWOWA IM. ORŁA BIAŁEGO,2026,Orły,ul. Szkolna 1,Orły,Szkolna 1,ul
15385,SZKOŁA PODSTAWOWA NR 15 IM. ARMII KRAJOWEJ W ELBLĄGU,2026,Elbląg,ul. Modlińska 39,Elbląg,Modlińska 39,ul
15402,SZKOŁA PODSTAWOWA IM. 18 PUŁKU UŁANÓW POMORSKICH W NOWEJ CERKWI,2026,Nowa Cerkiew,ul. Szkolna 11,Nowa Cerkiew,Szkolna 11,ul
15404,SZKOŁA PODSTAWOWA W SWORNEGACIACH,2026,Swornegacie,ul. Szkolna 11,Swornegacie,Szkolna 11,ul
15410,PUBLICZNA SZKOŁA PODSTAWOWA NR 1 W GRÓJCU,2026,Grójec,ul. Józefa Piłsudskiego 68,Grójec,Piłsudskiego 68,ul józefa
15412,PUBLICZNA SZKOŁA PODSTAWOWA NR 2 IM. JÓZEFA WYBICKIEGO W GRÓJCU,2026,Grójec,ul. Polna 17a,Grójec,Polna 17a,ul
15434,SZKOŁA PODSTAWOWA NR 21 IM. MIKOŁAJA KOPERNIKA W ELBLĄGU,2026,Elbląg,ul. Zbyszka Godlewskiego 1,Elbląg,Godlewskiego 1,ul zbyszka
15456,SZKOŁA PODSTAWOWA Z ODDZIAŁAMI INTEGRACYJNYMI NR 42 IM. MIKOŁAJA KOPERNIKA W ZABRZU,2026,Zabrze,ul. Jurija Gagarina 2,Zabrze,Gagarina 2,ul jurija
15466,SZKOŁA PODSTAWOWA NR 5 IM. JÓZEFA WYBICKIEGO,2026,Mińsk Mazowiecki,ul. Małopolska 11,Mińsk Mazowiecki,Małopolska 11,ul
15480,SZKOŁA PODSTAWOWA NR 43 W ZABRZU,2026,Zabrze,ul. Buchenwaldczyków 25,Zabrze,Buchenwaldczyków 25,ul
15497,SZKOŁA PODSTAWOWA NR 5 IM. KRÓLA JANA III SOBIESKIEGO W ZABRZU,2026,Zabrze,ul. Królewska 4,Zabrze,Królewska 4,ul
15521,SZKOŁA PODSTAWOWA NR 1 IM. JULIUSZA SŁOWACKIEGO,2026,Stargard,ul. Henryka Sienkiewicza 8,Stargard,Sienkiewicza 8,ul henryka
15531,SZKOŁA PODSTAWOWA NR 48 IM. JULIUSZA LIGONIA W KATOWICACH,2026,Katowice,ul. Bielska 14,Katowice,Bielska 14,ul
15537,SZKOŁA PODSTAWOWA NR 90 IM. PROF. STANISŁAWA TOŁPY,2026,Wrocław,ul. Orzechowa 62,Wrocław,Orzechowa 62,ul
15545,SZKOŁA PODSTAWOWA NR 3 IM. MIKOŁAJA KOPERNIKA W TRZCIANCE,2026,Trzcianka,ul. Władysława Broniewskiego 2,Trzcianka,Broniewskiego 2,ul władysława
15581,SZKOŁA PODSTAWOWA IM. PUŁKOWNIKA WITOLDA PILECKIEGO W KNYSZYNIE,2026,Knyszyn,ul. Białostocka 36,Knyszyn,Białostocka 36,ul
15585,SZKOŁA PODSTAWOWA NR 51 IM. FRYDERYKA CHOPINA Z ODDZIAŁAMI INTEGRACYJNYMI W KATOWICACH,2026,Katowice,ul. Przyjazna 7a,Katowice,Przyjazna 7a,ul
15597,SZKOŁA PODSTAWOWA NR 95 IM. JAROSŁAWA IWASZKIEWICZA,2026,Wrocław,ul. Starogajowa 66-68,Wrocław,Starogajowa 66-68,ul
15598,SZKOŁA PODSTAWOWA NR 99 IM. TADEUSZA KOŚCIUSZKI,2026,Wrocław,ul. Głubczycka 3,Wrocław,Głubczycka 3,ul
15632,SZKOŁA PODSTAWOWA NR 7 IM.STANISŁAWA WYSPIAŃSKIEGO W ZABRZU,2026,Zabrze,ul. Pokoju 41,Zabrze,Pokoju 41,ul
15635,SZKOŁA PODSTAWOWA NR 5 IM. JANA PAWŁA II,2026,Stargard,ul. Kuśnierzy 7,Stargard,Kuśnierzy 7,ul
15697,SZKOŁA PODSTAWOWA NR 6 IM. JANA BRZECHWY,2026,Stargard,ul. Armii Krajowej 1,Stargard,Armii Krajowej 1,ul
15701,SZKOŁA PODSTAWOWA NR 1 IM. WOJCIECHA BOGUSŁAWSKIEGO,2026,Suchy Las,ul. Szkolna 15,Suchy Las,Szkolna 15,ul
15725,SZKOŁA PODSTAWOWA NR 5 IM. MIKOŁAJA KOPERNIKA W ZAMBROWIE,2026,Zambrów,ul. Prymasa Stefana Wyszyńskiego 6A,Zambrów,Wyszyńskiego 6A,ul prymasa stefana
15729,MIEJSKA SZKOŁA PODSTAWOWA NR 1 W PIEKARACH ŚLĄSKICH,2026,Piekary Śląskie,ul. Szpitalna 9,Piekary Śląskie,Szpitalna 9,ul
15740,"AKADEMIA SUKCESU ""NASZA SZKOŁA"" PRYWATNA SZKOŁA PODSTAWOWA NR 8 IM. MARII KONOPNICKIEJ W BIAŁYMSTOKU",2026,Białystok,ul. Ks. Arcybiskupa Edwarda Kisiela 8,Białystok,Kisiela 8,ul ks arcybiskupa edwarda
15744,SZKOŁA PODSTAWOWA IM. 16. PUŁKU UŁANÓW WIELKOPOLSKICH W BUKOWCU,2026,Bukowiec,ul. Dworcowa 26,Bukowiec,Dworcowa 26,ul
15752,SZKOŁA PODSTAWOWA IM. ŚW. JANA KANTEGO W LUDŹMIERZU,2026,Ludźmierz,ul. Kazimierza Przerwy-Tetmajera 100,Ludźmierz,Przerwy-Tetmajera 100,ul kazimierza
15765,SZKOŁA PODSTAWOWA NR 6 IM. HENRYKA SIENKIEWICZA,2026,Mińsk Mazowiecki,ul. gen. Kazimierza Sosnkowskiego 1,Mińsk Mazowiecki,Sosnkowskiego 1,ul gen kazimierza
15773,SZKOŁA PODSTAWOWA IM. ŚW. JADWIGI KRÓLOWEJ POLSKI W WITONI,2026,Witonia,ul. Szkolna 4,Witonia,Szkolna 4,ul
15777,SZKOŁA PODSTAWOWA NR 1 IM. JANUSZA KORCZAKA Z ODDZIAŁAMI DWUJĘZYCZNYMI,2026,Chorzów,ul. gen. Henryka Dąbrowskiego 41,Chorzów,Dąbrowskiego 41,ul gen henryka
15791,SZKOŁA PODSTAWOWA NR 12 Z ODDZIAŁAMI INTEGRACYJNYMI,2026,Chorzów,ul. Skrajna 2,Chorzów,Skrajna 2,ul
15808,SZKOŁA PODSTAWOWA Z ODDZIAŁAMI INTEGRACYJNYMI NR 341 IM. TWÓRCÓW LITERATURY DZIECIĘCEJ,2026,Warszawa,ul. Oławska 3,Warszawa,Oławska 3,ul
15810,PUBLICZNA SZKOŁA PODSTAWOWA,2026,Mokobody,ul. Wiatraczna 14,Mokobody,Wiatraczna 14,ul
15818,SZKOŁA PODSTAWOWA NR 59 IM. JANA MATEJKI W KATOWICACH,2026,Katowice,ul. Bolesława Chrobrego 5,Katowice,Bolesława Chrobrego 5,ul
15824,SZKOŁA PODSTAWOWA NR 13 IM.TADEUSZA KOŚCIUSZKI,2026,Chorzów,ul. dr Wincentego Styczyńskiego 32,Chorzów,Styczyńskiego 32,ul dr wincentego
15831,SZKOŁA PODSTAWOWA NR 59 IM. I DYWIZJI PANCERNEJ GEN. STANISŁAWA MACZKA W GDAŃSKU,2026,Gdańsk,ul. Modra 2,Gdańsk,Modra 2,ul
15897,SZKOŁA PODSTAWOWA NR 14,2026,Chorzów,ul. Podmiejska 62,Chorzów,Podmiejska 62,ul
15961,SZKOŁA PODSTAWOWA NR 15 IM. KONSTANTEGO WOLNEGO,2026,Chorzów,ul. 3 Maja 78,Chorzów,Maja 78,ul 3
15964,SZKOŁA PODSTAWOWA IM. JANA PAWŁA II W KOWALEWIE,2026,Kowalew,ul. Bolesława Chrobrego 36,Kowalew,Bolesława Chrobrego 36,ul
15971,SZKOŁA PODSTAWOWA IM. WOŁYŃSKIEJ BRYGADY KAWALERII W MIEDŹNIE,2026,Miedźno,ul. Szkolna 1,Miedźno,Szkolna 1,ul
15987,ZESPÓŁ PLACÓWEK OŚWIATOWYCH NR 4 SZKOŁA PODSTAWOWA NR 4 IM. JANA PAWŁA II W DZIAŁDOWIE,2026,Działdowo,ul. Polna 11,Działdowo,Polna 11,ul
16018,SZKOŁA PODSTAWOWA NR 62 IM. JÓZEFA KOCURKA W KATOWICACH,2026,Katowice,ul. Juliana Ordona 3d,Katowice,Ordona 3d,ul juliana
16028,SZKOŁA PODSTAWOWA NR 17 IM.JANA PAWŁA II,2026,Chorzów,ul. Łagiewnicka 18,Chorzów,Łagiewnicka 18,ul
16044,SZKOŁA PODSTAWOWA NR 2 IM. ŚWIĘTEJ JADWIGI KRÓLOWEJ W NOWYM SĄCZU,2026,Nowy Sącz,ul. Jagiellońska 32,Nowy Sącz,Jagiellońska 32,ul
16203,SZKOŁA PODSTAWOWA NR 2 IM. MARII KONOPNICKIEJ,2026,Rawa Mazowiecka,ul. Miła 2,Rawa Mazowiecka,Miła 2,ul
16210,PUBLICZNA SZKOŁA PODSTAWOWA NR 3 IM. POWSTAŃCÓW ŚLĄSKICH,2026,Prudnik,ul. Szkolna 12,Prudnik,Szkolna 12,ul
16221,PUBLICZNA SZKOŁA PODSTAWOWA NR 1 IM.BOHATERÓW WESTERPLATTE W PRUDNIKU,2026,Prudnik,ul. Podgórna 9,Prudnik,Podgórna 9,ul
16233,SZKOŁA PODSTAWOWA NR 306 IM. KS. JANA TWARDOWSKIEGO,2026,Warszawa,ul. Tkaczy 27,Warszawa,Tkaczy 27,ul
16241,SZKOŁA PODSTAWOWA NR 13 IM. ŚW. JANA KANTEGO,2026,Rzeszów,ul. Skrajna 1,Rzeszów,Skrajna 1,ul
16246,MIEJSKA SZKOŁA PODSTAWOWA NR 11 W PIEKARACH ŚLĄSKICH,2026,Piekary Śląskie,ul. Śląska 8,Piekary Śląskie,Śląska 8,ul
16256,MIEJSKA SZKOŁA PODSTAWOWA NR 12 IM. JANA DEMARCZYKA W PIEKARACH ŚLĄSKICH,2026,Piekary Śląskie,ul. Związkowa 14,Piekary Śląskie,Związkowa 14,ul
16265,ZESPÓŁ OŚWIATOWY IM. JANA PAWŁA II W STOKU LACKIM SZKOŁA PODSTAWOWA,2026,Stok Lacki,ul. Siedlecka 135,Stok Lacki,Siedlecka 135,ul
16273,MIEJSKA SZKOŁA PODSTAWOWA NR 13 IM. POWSTAŃCÓW ŚLĄSKICH W PIEKARACH ŚLĄSKICH,2026,Piekary Śląskie,ul. Marii Curie-Skłodowskiej 108,Piekary Śląskie,Curie-Skłodowskiej 108,ul marii
16294,SZKOŁA PODSTAWOWA IM. IZABELI Z CZARTORYSKICH DZIAŁYŃSKIEJ W GOŁUCHOWIE,2026,Gołuchów,ul. Czartoryskich 53,Gołuchów,Czartoryskich 53,ul
16306,MIEJSKA SZKOŁA PODSTAWOWA NR 14 W PIEKARACH ŚLĄSKICH,2026,Piekary Śląskie,ul. Biskupa Herberta Bednorza 29,Piekary Śląskie,Bednorza 29,ul biskupa herberta
16374,SZKOŁA PODSTAWOWA NR 88 IM. DANIELA GABRIELA FAHRENHEITA W GDAŃSKU,2026,Gdańsk,ul. Mieczysława Boguckiego 44,Gdańsk,Boguckiego 44,ul mieczysława
16386,PUBLICZNA SZKOŁA PODSTAWOWA IM. ŻOŁNIERZY I DP IM. TADEUSZA KOŚCIUSZKI,2026,Miłomłyn,ul. Pasłęcka 15,Miłomłyn,Pasłęcka 15,ul
16397,"PUBLICZNA SZKOŁA PODSTAWOWA IM. ""BOLESŁAWA CHROBREGO"" W KOŁCZEWIE",2026,Kołczewo,ul. Zwycięstwa 3,Kołczewo,Zwycięstwa 3,ul
16407,SZKOŁA PODSTAWOWA IM.A MICKIEWICZA W SZCZUROWEJ,2026,Szczurowa,ul. Rynek 14,Szczurowa,Rynek 14,ul
16480,SZKOŁA PODSTAWOWA,2026,Górzno,ul. Fryderyka Chopina 1,Górzno,Chopina 1,ul fryderyka
16630,MIEJSKA SZKOŁA PODSTAWOWA NR 3 IM. MIŁOŚNIKÓW ZIEMI PIEKARSKIEJ W PIEKARACH ŚLĄSKICH,2026,Piekary Śląskie,ul. Tarnogórska 40,Piekary Śląskie,Tarnogórska 40,ul
16641,SZKOŁA PODSTAWOWA NR 62 W GDAŃSKU,2026,Gdańsk,ul. Kępna 38,Gdańsk,Kępna 38,ul
16642,SZKOŁA PODSTAWOWA NR 1 IM. ADAMA MICKIEWICZA,2026,Szczecinek,ul. Pl. Wazów 1,Szczecinek,Pl. Wazów 1,ul
16644,SZKOŁA PODSTAWOWA NR 6 IM. ZDOBYWCÓW WAŁU POMORSKIEGO,2026,Szczecinek,ul. Kopernika 18,Szczecinek,Kopernika 18,ul
16656,PUBLICZNA SZKOŁA PODSTAWOWA IM. JULIANA SUSKIEGO W JASIEŃCU,2026,Jasieniec,ul. Szkolna 7,Jasieniec,Szkolna 7,ul
16673,SZKOŁA PODSTAWOWA IM. JANA PAWŁA II W ZARZECZU,2026,Zarzecze,ul. Świętego Jana Pawła II 7,Zarzecze,Jana Pawła II 7,ul świętego
16716,MIEJSKA SZKOŁA PODSTAWOWA NR 16 IM.WOJSKA POLSKIEGO W PIEKARACH ŚLĄSKICH,2026,Piekary Śląskie,ul. Rycerska 15a,Piekary Śląskie,Rycerska 15a,ul
16724,PUBLICZNA SZKOŁA PODSTAWOWA NR 6 IM. MIKOŁAJA KOPERNIKA,2026,Boguszów-Gorce,ul. Mikołaja Kopernika 7,Boguszów-Gorce,Kopernika 7,ul mikołaja
16750,SZKOŁA PODSTAWOWA IM. JANA BRZECHWY W ROKIETNICY,2026,Rokietnica,ul. Szkolna 3c,Rokietnica,Szkolna 3c,ul
16820,SZKOŁA PODSTAWOWA NR 1 W KROŚNIEWICACH,2026,Krośniewice,ul. Łęczycka 17,Krośniewice,Łęczycka 17,ul
16821,PUBLICZNA SZKOŁA PODSTAWOWA,2026,Kopki,ul. Podborze 1,Kopki,Podborze 1,ul
16823,PUBLICZNA SZKOŁA PODSTAWOWA NR1 IM. JANA PAWŁA II W RUDNIKU NAD SANEM,2026,Rudnik nad Sanem,ul. Kończycka 3,Rudnik nad Sanem,Kończycka 3,ul
16826,PUBLICZNA SZKOŁA PODSTAWOWA W PRZĘDZELU,2026,Przędzel,ul. Adama Mickiewicza 149,Przędzel,Mickiewicza 149,ul adama
16835,SZKOŁA PODSTAWOWA NR 10 IM. MARII KONOPNICKIEJ W KALISZU,2026,Kalisz,ul. Karpacka 3,Kalisz,Karpacka 3,ul
16845,SZKOŁA PODSTAWOWA IM. JANUSZA KORCZAKA W SUSZCU,2026,Suszec,ul. Szkolna 130,Suszec,Szkolna 130,ul
16848,SZKOŁA PODSTAWOWA IM. JANA BRZECHWY W RADOSTOWICACH,2026,Radostowice,ul. Dworcowa 56,Radostowice,Dworcowa 56,ul
16854,SZKOŁA PODSTAWOWA NR 18 IM. JANUSZA KUSOCIŃSKIEGO W KALISZU,2026,Kalisz,ul. Podmiejska 9a,Kalisz,Podmiejska 9a,ul
16880,SZKOŁA PODSTAWOWA NR 10 IM. GRZEGORZA PIRAMOWICZA,2026,Warszawa,ul. Jasielska 49/53,Warszawa,Jasielska 49/53,ul
16899,SZKOŁA PODSTAWOWA NR 316 IM. ASTRID LINDGREN,2026,Warszawa,ul. Stanisława Szobera 1/3,Warszawa,Szobera 1/3,ul stanisława
16905,SZKOŁA PODSTAWOWA NR 321,2026,Warszawa,ul. ppłk. Wacława Szadkowskiego 3,Warszawa,Szadkowskiego 3,ul ppłk wacława
16941,SZKOŁA PODSTAWOWA Z ODDZIAŁAMI INTEGRACYJNYMI NR 8 IM. JANUSZA KORCZAKA W ZABRZU,2026,Zabrze,ul. ks. Józefa Wajdy 7,Zabrze,Wajdy 7,ul ks józefa
16960,SZKOŁA PODSTAWOWA IM. JANA PAWŁA II W ŚWIDNICY,2026,Świdnica,ul. Ogrodowa 36,Świdnica,Ogrodowa 36,ul
16965,SZKOŁA PODSTAWOWA NR 15 IM. KSIĘDZA JANA DZIERŻONA W ZABRZU,2026,Zabrze,ul. Czołgistów 1,Zabrze,Czołgistów 1,ul
16972,SZKOŁA PODSTAWOWA IM. MARSZAŁKA POLSKI JÓZEFA PIŁSUDSKIEGO W JANOWIE,2026,Janowo,ul. Chorzelska 21,Janowo,Chorzelska 21,ul
17024,SPORTOWA SZKOŁA PODSTAWOWA NR 17 W SOSNOWCU,2026,Sosnowiec,ul. Zamkowa 17,Sosnowiec,Zamkowa 17,ul
17059,SZKOŁA PODSTAWOWA NR 18 IM. IGNACEGO KRASICKIEGO W SOSNOWCU,2026,Sosnowiec,ul. Przyjaciół Żołnierza 1,Sosnowiec,Przyjaciół Żołnierza 1,ul
17066,SZKOŁA PODSTAWOWA NR 38 IM. GEN. STANISŁAWA MACZKA W GDAŃSKU,2026,Gdańsk,ul. Leśna Góra 2,Gdańsk,Leśna Góra 2,ul
17071,SZKOŁA PODSTAWOWA NR 5 IM GUSTAWA MORCINKA W MYSŁOWICACH,2026,Mysłowice,ul. Długa 92,Mysłowice,Długa 92,ul
17081,SZKOŁA PODSTAWOWA NR 2 IM. JÓZEFA WYBICKIEGO W WITNICY,2026,Witnica,ul. Wiosny Ludów 14,Witnica,Wiosny Ludów 14,ul
17087,SZKOŁA PODSTAWOWA W PEWLI MAŁEJ,2026,Pewel Mała,ul. Jana Pawła II 15,Pewel Mała,Jana Pawła II 15,ul
17093,SZKOŁA PODSTAWOWA IM. ADAMA MICKIEWICZA W KOBIELICACH,2026,Kobielice,ul. Topolowa 42,Kobielice,Topolowa 42,ul
17125,SZKOŁA PODSTAWOWA NR 19 IM. MARII SKŁODOWSKIEJ-CURIE W SOSNOWCU,2026,Sosnowiec,ul. Składowa 5,Sosnowiec,Składowa 5,ul
17149,SZKOŁA PODSTAWOWA IM. JANUSZA KORCZAKA W KLESZCZOWIE,2026,Kleszczów,ul. Szkolna 4,Kleszczów,Szkolna 4,ul
17151,SZKOŁA PODSTAWOWA IM. MIKOŁAJA KOPERNIKA W ŁĘKIŃSKU,2026,Łękińsko,ul. Szkolna 20,Łękińsko,Szkolna 20,ul
17192,SZKOŁA PODSTAWOWA NR 4 IM. KRÓLA KAZIMIERZA JAGIELLOŃCZYKA W GDAŃSKU,2026,Gdańsk,ul. Łąkowa 61,Gdańsk,Łąkowa 61,ul
17195,MIEJSKA SZKOŁA PODSTAWOWA Z ODDZIAŁAMI INTEGRACYJNYMI NR 2 IM. KAROLA MIARKI W KNUROWIE,2026,Knurów,ul. Wilsona 22,Knurów,Wilsona 22,ul
17216,PUBLICZNA SZKOŁA PODSTAWOWA NR 5 IM. EDMUNDA BOJANOWSKIEGO W DĘBICY,2026,Dębica,ul. Paderewskiego 4,Dębica,Paderewskiego 4,ul
17217,SZKOŁA PODSTAWOWA NR 2 IM. KRÓLOWEJ JADWIGI W DĘBICY,2026,Dębica,ul. Ogrodowa 22,Dębica,Ogrodowa 22,ul
17218,PUBLICZNA SZKOŁA PODSTAWOWA NR 3 IM. GENERAŁA TADEUSZA BORA-KOMOROWSKIEGO,2026,Dębica,ul. Kraszewskiego 37,Dębica,Kraszewskiego 37,ul
17233,SZKOŁA PODSTAWOWA W NOWEJ BIAŁEJ,2026,Nowa Biała,ul. Główna 13,Nowa Biała,Główna 13,ul
17240,SZKOŁA PODSTAWOWA IM. JANA KOCHANOWSKIEGO W ŁASZCZÓWCE,2026,Łaszczówka,ul. Spółdzielcza 2,Łaszczówka,Spółdzielcza 2,ul
17280,SZKOŁA PODSTAWOWA IM.MIKOŁAJA KOPERNIKA W PEŁCZYCACH,2026,Pełczyce,ul. ks. kan. Henryka Raźniewskiego 3,Pełczyce,Raźniewskiego 3,ul ks kan henryka
17301,SZKOŁA PODSTAWOWA IM. BOHATERÓW ARMII KRAJOWEJ,2026,Prusy,ul. Parkowa 1,Prusy,Parkowa 1,ul
17319,ZESPÓŁ SZKOLNO-PRZEDSZKOLNY NR 4 SZKOŁA PODSTAWOWA NR 11 IM. NA BURSZTYNOWYM SZLAKU W GDAŃSKU,2026,Gdańsk,ul. Wilhelma Stryjewskiego 28,Gdańsk,Stryjewskiego 28,ul wilhelma
17335,SZKOŁA PODSTAWOWA NR 4 IM. WŁODZIMIERZA PUCHALSKIEGO W LEGNICY,2026,Legnica,ul. Piastowska 3,Legnica,Piastowska 3,ul
17340,SZKOŁA PODSTAWOWA NR 1 IM. JANA PAWŁA II W SULEJOWIE,2026,Sulejów,ul. Konecka 45,Sulejów,Konecka 45,ul
17344,SZKOŁA PODSTAWOWA IM. H. KOŁŁĄTAJA W UHOWIE,2026,Uhowo,ul. Szkolna 19,Uhowo,Szkolna 19,ul
17348,ZESPÓŁ SZKOLNO-PRZEDSZKOLNY NR 5 SZKOŁA PODSTAWOWA NR 92 IM. KARD. STEFANA WYSZYŃSKIEGO PRYMASA TYSIĄCLECIA W GDAŃSKU,2026,Gdańsk,ul. Startowa 9,Gdańsk,Startowa 9,ul
17359,SZKOŁA PODSTAWOWA IM. POLSKICH NOBLISTÓW Z ODDZIAŁAMI PRZEDSZKOLNYMI W KŁOCZEWIE,2026,Kłoczew,ul. Długa 69,Kłoczew,Długa 69,ul
17364,SZKOŁA PODSTAWOWA IM. ŚWIĘTEGO JANA PAWŁA II W RUSZCZY,2026,Ruszcza,ul. Szkolna 2,Ruszcza,Szkolna 2,ul
17366,SZKOŁA PODSTAWOWA NR 4 IM. JÓZEFA PUKOWCA W PSZCZYNIE,2026,Pszczyna,ul. Marii Konopnickiej 44,Pszczyna,Konopnickiej 44,ul marii
17367,SZKOŁA PODSTAWOWA W PORĘBIE,2026,Poręba,ul. Szkolna 8,Poręba,Szkolna 8,ul
17401,PUBLICZNA SZKOŁA PODSTAWOWA NR 3 IM. HIERONIMA ŁASKIEGO W STASZOWIE,2026,Staszów,ul. Adama Mickiewicza 40,Staszów,Mickiewicza 40,ul adama
17410,SZKOŁA PODSTAWOWA NR 69 IM GENERAŁA STANISŁAWA SOSABOWSKIEGO W GDAŃSKU,2026,Gdańsk,ul. Zielony Trójkąt 1,Gdańsk,Zielony Trójkąt 1,ul
17422,SZKOŁA PODSTAWOWA IM. ŻOŁNIERZY WRZEŚNIA 1939R W MAJDANIE GÓRNYM,2026,Majdan Górny,ul. Długa 180,Majdan Górny,Długa 180,ul
17428,SZKOŁA PODSTAWOWA IM. HENRYKA SUCHARSKIEGO W KOŚCIELNEJ WSI,2026,Kościelna Wieś,ul. Kaliska 2,Kościelna Wieś,Kaliska 2,ul
17430,ZESPÓŁ SZKÓŁ OGÓLNOKSZTAŁCĄCYCH NR 10 IM. EUGENIUSZA KWIATKOWSKIEGO W GDAŃSKU - SZKOŁA PODSTAWOWA NR 18,2026,Gdańsk,ul. Ignacego Krasickiego 10,Gdańsk,Krasickiego 10,ul ignacego
17481,SZKOŁA PODSTAWOWA NR 8 IM. JANA PAWŁA II W DĘBICY,2026,Dębica,ul. Wielopolska 162,Dębica,Wielopolska 162,ul
17482,PUBLICZNA SZKOŁA PODSTAWOWA NR 9 IM. DĘBICKICH SAPERÓW W DĘBICY,2026,Dębica,ul. Grottgera 3,Dębica,Grottgera 3,ul
17487,"SZKOŁA PODSTAWOWA STOWARZYSZENIA ""ZŁOTY POTOK"" W ŁĄCE PRUDNICKIEJ",2026,Łąka Prudnicka,ul. Głuchołaska 13,Łąka Prudnicka,Głuchołaska 13,ul
17492,SZKOŁA PODSTAWOWA NR 48 Z ODDZIAŁAMI SPECJALNYMI I SPORTOWYMI W BYDGOSZCZY,2026,Bydgoszcz,ul. Ludwika Waryńskiego 1,Bydgoszcz,Waryńskiego 1,ul ludwika
17511,SZKOŁA PODSTAWOWA NR 2 IM. KRÓLOWEJ JADWIGI W SULEJOWIE,2026,Sulejów,ul. Rycerska 10,Sulejów,Rycerska 10,ul
17513,SZKOŁA PODSTAWOWA IM. PRZYJACIÓŁ PRZYRODY WE WŁODZIMIERZOWIE,2026,Włodzimierzów,ul. Łęczyńska 8,Włodzimierzów,Łęczyńska 8,ul
17514,SZKOŁA PODSTAWOWA W USZCZYNIE,2026,Uszczyn,ul. Szkolna 12,Uszczyn,Szkolna 12,ul
17523,ZESPÓŁ SZKOLNO - PRZEDSZKOLNY NR 1 W GDAŃSKU - SZKOŁA PODSTAWOWA NR 76 IM. JAROSŁAWA DĄBROWSKIEGO,2026,Gdańsk,ul. Jagiellońska 14,Gdańsk,Jagiellońska 14,ul
17562,SZKOŁA PODSTAWOWA NR 4 IM. MARII SKŁODOWSKIEJ-CURIE,2026,Aleksandrów Łódzki,al. Wyzwolenia 3,Aleksandrów Łódzki,Wyzwolenia 3,al
17566,SZKOŁA PODSTAWOWA W BORKOWICACH IM. JANUSZA ŁĄCKIEGO,2026,Borkowice,ul. ks. Jana Wiśniewskiego 8,Borkowice,Wiśniewskiego 8,ul ks jana
17579,KATOLICKA SZKOŁA PODSTAWOWA IM. PIOTRA DUNINA W CHOJNICACH,2026,Chojnice,ul. Grunwaldzka 1,Chojnice,Grunwaldzka 1,ul
17618,ZESPÓŁ SZKOLNO - PRZEDSZKOLNY - SZKOŁA PODSTAWOWA IM. KS. FRANCISZKA SAWICKIEGO,2026,Godziszewo,ul. Gdańska 7,Godziszewo,Gdańska 7,ul
17630,SZKOŁA PODSTAWOWA IM. MARII KONOPNICKIEJ W JAWORZYNIE ŚLĄSKIEJ,2026,Jaworzyna Śląska,ul. Adama Mickiewicza 9,Jaworzyna Śląska,Mickiewicza 9,ul adama
17631,SZKOŁA PODSTAWOWA IM. ŚWIĘTEGO MIKOŁAJA W PASTUCHOWIE,2026,Pastuchów,ul. Wyzwolenia 22,Pastuchów,Wyzwolenia 22,ul
17642,PUBLICZNA SZKOŁA PODSTAWOWA W BOGACICY IM. BOHATERÓW II BRYGADY PANCERNEJ,2026,Bogacica,ul. Szkolna 10,Bogacica,Szkolna 10,ul
17643,PUBLICZNA SZKOŁA PODSTAWOWA Z ODDZIAŁAMI PRZEDSZKOLNYMI IM. M. KOPERNIKA W KUJAKOWICACH DOLNYCH,2026,Kujakowice Dolne,ul. 1 Maja 27,Kujakowice Dolne,Maja 27,ul 1
17645,PUBLICZNA SZKOŁA PODSTAWOWA NR 1 IM. JANA DZIERŻONA W KLUCZBORKU,2026,Kluczbork,ul. Mickiewicza 10,Kluczbork,Mickiewicza 10,ul
17646,PUBLICZNA SZKOŁA PODSTAWOWA NR 2 IM. JANUSZA KORCZAKA W KLUCZBORKU,2026,Kluczbork,ul. Wolności 17,Kluczbork,Wolności 17,ul
17647,PUBLICZNA SZKOŁA PODSTAWOWA NR 5 Z ODDZIAŁAMI INTEGRACYJNYMI IM. EMILII PLATER W KLUCZBORKU,2026,Kluczbork,ul. Konopnickiej 17,Kluczbork,Konopnickiej 17,ul
17658,SZKOŁA PODSTAWOWA IM. IGNACEGO ŁUKASIEWICZA,2026,Krośnice,ul. Parkowa 14,Krośnice,Parkowa 14,ul
17679,SZKOŁA PODSTAWOWA NR 34 W BYDGOSZCZY IM. BOHATERÓW 3.PUŁKU LOTNICTWA SZTURMOWEGO W BYDGOSZCZY,2026,Bydgoszcz,ul. Opławiec 157,Bydgoszcz,Opławiec 157,ul
17681,SZKOŁA PODSTAWOWA NR 67 IM. ANDRZEJA SZWALBEGO Z ODDZIAŁAMI SPORTOWYMI W BYDGOSZCZY,2026,Bydgoszcz,ul. Marcina Kromera 11,Bydgoszcz,Kromera 11,ul marcina
17685,SZKOŁA PODSTAWOWA NR 10 IM. KS. PROF. ALOJZEGO FRANCISZKA NOSALA W DĘBICY,2026,Dębica,ul. Huberta Wagnera 4,Dębica,Wagnera 4,ul huberta
17692,SZKOŁA PODSTAWOWA IM. JANA PAWŁA II W MAŁEJ NIESZAWCE,2026,Mała Nieszawka,ul. Toruńska 64,Mała Nieszawka,Toruńska 64,ul
17693,SZKOŁA PODSTAWOWA IM. KORNELA MAKUSZYŃSKIEGO W CIERPICACH,2026,Cierpice,ul. Szkolna 9,Cierpice,Szkolna 9,ul
17728,SZKOŁA PODSTAWOWA NR 1 IM. STANISŁAWA STASZICA,2026,Złotów,ul. Bohaterów Westerplatte 9,Złotów,Bohaterów Westerplatte 9,ul
17786,SZKOŁA PODSTAWOWA IM. POLSKICH OLIMPIJCZYKÓW W DRZEWICY,2026,Drzewica,ul. Szkolna 18,Drzewica,Szkolna 18,ul
17792,SZKOŁA PODSTAWOWA IM. ŚW. JANA PAWŁA II W WIELICZKACH,2026,Wieliczki,ul. Lipowa 10,Wieliczki,Lipowa 10,ul
17798,SZKOŁA PODSTAWOWA IM. POWSTAŃCÓW STYCZNIOWYCH,2026,Osieck,ul. Warszawska 61,Osieck,Warszawska 61,ul
17803,SZKOŁA PODSTAWOWA W NIEDZICY,2026,Niedzica,ul. 3 Maja 97,Niedzica,Maja 97,ul 3
17808,NIEPUBLICZNA SZKOŁA PODSTAWOWA,2026,Wołów,ul. Zaułek Zielony 20,Wołów,Zaułek Zielony 20,ul
17811,PUBLICZNA SZKOŁA PODSTAWOWA IM. JANUSZA KORCZAKA W GOŹDZIE,2026,Gózd,ul. Starowiejska 130,Gózd,Starowiejska 130,ul
17813,PUBLICZNA SZKOŁA PODSTAWOWA IM. JANA KOCHANOWSKIEGO W MAŁĘCZYNIE,2026,Małęczyn,ul. Szkolna 64,Małęczyn,Szkolna 64,ul
17823,SZKOŁA PODSTAWOWA SPECJALNA NR 26,2026,Szczecin,ul. Kamienna 22,Szczecin,Kamienna 22,ul
17826,SZKOŁA PODSTAWOWA SPECJALNA NR 4,2026,Szczecin,ul. Przylesie 17,Szczecin,Przylesie 17,ul
17842,SZKOŁA PODSTAWOWA NR 10 SPORTOWA Z ODDZIAŁAMI MISTRZOSTWA SPORTOWEGO W ZESPOLE SZKÓŁ MISTRZOSTWA SPORTOWEGO W ZIELONEJ GÓRZE,2026,Zielona Góra,ul. Stanisława Wyspiańskiego 23,Zielona Góra,Wyspiańskiego 23,ul stanisława
17876,EKOLOGICZNA SZKOŁA PODSTAWOWA NR 22 Z ODDZIAŁAMI INTEGRACYJNYMI W ZESPOLE SZKÓŁ EKOLOGICZNYCH IM. UNII EUROPEJSKIEJ W ZIELONEJ GÓRZE,2026,Zielona Góra,ul. Francuska 25a,Zielona Góra,Francuska 25a,ul
17887,SZKOŁA PODSTAWOWA NR 21 IM. KAROLA WOJTYŁY W ZESPOLE EDUKACYJNYM NR 3 W ZIELONEJ GÓRZE,2026,Zielona Góra,ul. Osiedle Pomorskie 13,Zielona Góra,Osiedle Pomorskie 13,ul
17902,SZKOŁA PODSTAWOWA NR 23 IM. EDWARDA SZYMAŃSKIEGO,2026,Warszawa,ul. Mikołaja Reja 1,Warszawa,Reja 1,ul mikołaja
17910,SZKOŁA PODSTAWOWA NR 3 IM. ALFREDA FREYERA,2026,Tarnobrzeg,ul. Jana Kochanowskiego 1,Tarnobrzeg,Kochanowskiego 1,ul jana
17911,SZKOŁA PODSTAWOWA NR 10 IM. JANUSZA KORCZAKA,2026,Tarnobrzeg,ul. Marii Dąbrowskiej 10,Tarnobrzeg,Dąbrowskiej 10,ul marii
17926,SZKOŁA PODSTAWOWA NR 4 IM. MIKOŁAJA KOPERNIKA,2026,Tarnobrzeg,ul. Stanisława Wyspiańskiego 10,Tarnobrzeg,Wyspiańskiego 10,ul stanisława
17931,SZKOŁA PODSTAWOWA NR 7 IM. GEN. LEOPOLDA OKULICKIEGO,2026,Tarnobrzeg,ul. Henryka Sienkiewicza 215,Tarnobrzeg,Sienkiewicza 215,ul henryka
17962,SZKOŁA PODSTAWOWA IM. JÓZEFA RYMERA W ZABEŁKOWIE,2026,Zabełków,ul. Rymera 7,Zabełków,Rymera 7,ul
17990,SZKOŁA PODSTAWOWA IM. MARII DĄBROWSKIEJ W KAŹMIERZU,2026,Kaźmierz,ul. Gimnazjalna 3,Kaźmierz,Gimnazjalna 3,ul
17992,PUBLICZNA SZKOŁA PODSTAWOWA NR 11 Z ODDZIAŁAMI INTEGRACYJNYMI IM. 5 PUŁKU STRZELCÓW KONNYCH ARMII KRAJOWEJ W DĘBICY,2026,Dębica,ul. Szkotnia 14,Dębica,Szkotnia 14,ul
17993,SZKOŁA PODSTAWOWA NR 12 IM. ARMII KRAJOWEJ W DĘBICY,2026,Dębica,ul. Gajowa 9,Dębica,Gajowa 9,ul
17996,SZKOŁA PODSTAWOWA IM. KAROLA MIARKI W PIELGRZYMOWICACH,2026,Pielgrzymowice,ul. Powstańców 6,Pielgrzymowice,Powstańców 6,ul
17998,SZKOŁA PODSTAWOWA NR 2 IM.JÓZEFA PUKOWCA W PAWŁOWICACH,2026,Pawłowice,ul. Pukowca 4,Pawłowice,Pukowca 4,ul
17999,SZKOŁA PODSTAWOWA NR 1 IM. JANUSZA KORCZAKA W PAWŁOWICACH,2026,Pawłowice,ul. Szkolna 1,Pawłowice,Szkolna 1,ul
18000,SZKOŁA PODSTAWOWA IM.JÓZEFA PIŁSUDSKIEGO W WARSZOWICACH,2026,Warszowice,ul. Pszczyńska 2,Warszowice,Pszczyńska 2,ul
18023,SZKOŁA PODSTAWOWA NR 1 IM. MAJORA HENRYKA SUCHARSKIEGO W ORNECIE,2026,Orneta,ul. Zamkowa 26,Orneta,Zamkowa 26,ul
18025,SZKOŁA PODSTAWOWA NR 3 IM. JANA PAWŁA II W NOWYM TARGU,2026,Nowy Targ,ul. Kowaniec 125a,Nowy Targ,Kowaniec 125a,ul
18027,SZKOŁA PODSTAWOWA NR 2 IM. MIKOŁAJA KOPERNIKA W NOWYM TARGU,2026,Nowy Targ,al. Mikołaja Kopernika 28,Nowy Targ,Kopernika 28,al mikołaja
18029,SZKOŁA PODSTAWOWA NR 6 IM. JÓZEFA RAJSKIEGO BURMISTRZA NOWEGO TARGU W NOWYM TARGU,2026,Nowy Targ,os. Na Skarpie 11,Nowy Targ,Na Skarpie 11,os
18052,SZKOŁA PODSTAWOWA NR 24 IM. POWSTAŃCÓW ŚLĄSKICH,2026,Chorzów,ul. 17 Sierpnia 1,Chorzów,Sierpnia 1,ul 17
18054,SZKOŁA PODSTAWOWA NR 8 IM. MIKOŁAJA KOPERNIKA W MALBORKU,2026,Malbork,ul. gen. de Gaulle'a 91,Malbork,de Gaulle'a 91,ul gen
18090,SZKOŁA PODSTAWOWA NR 1 IM. HUGONA KOŁŁĄTAJA W MŁAWIE,2026,Mława,ul. Warszawska 52,Mława,Warszawska 52,ul
18093,SZKOŁA PODSTAWOWA NR 4 IM. JANUSZA KORCZAKA W ORNECIE,2026,Orneta,ul. Kopernika 13,Orneta,Kopernika 13,ul
18123,SZKOŁA PODSTAWOWA NR 7,2026,Rzeszów,ul. Beskidzka 5,Rzeszów,Beskidzka 5,ul
18176,SZKOŁA PODSTAWOWA W WOJCIESZKOWIE,2026,Wojcieszków,ul. Parkowa 1 a,Wojcieszków,Parkowa 1 a,ul
18185,ZESPÓŁ SZKOLNO-PRZEDSZKOLNY W BYTYNIU SZKOŁA PODSTAWOWA IM. ARKADEGO FIEDLERA,2026,Bytyń,ul. Szkolna 55,Bytyń,Szkolna 55,ul
18205,PUBLICZNA SZKOŁA PODSTAWOWA W NACZĘSŁAWICACH,2026,Naczęsławice,ul. Główna 19,Naczęsławice,Główna 19,ul
18223,SZKOŁA PODSTAWOWA IM. JANA PAWŁA II W PIOTRKOWICACH,2026,Piotrkowice,ul. Franciszki Krasińskiej 1,Piotrkowice,Krasińskiej 1,ul franciszki
18227,SZKOŁA PODSTAWOWA NR 4 IM. HALINY RUDNICKIEJ W MŁAWIE,2026,Mława,ul. Graniczna 39,Mława,Graniczna 39,ul
18243,SZKOŁA PODSTAWOWA NR 25 IM.STANISŁAWA HADYNY,2026,Chorzów,ul. Główna 21,Chorzów,Główna 21,ul
18261,SZKOŁA PODSTAWOWA NR 3,2026,Lębork,ul. Kossaka 103,Lębork,Kossaka 103,ul
18262,SZKOŁA PODSTAWOWA W ROZBITYM KAMIENIU,2026,Rozbity Kamień,ul. Wiktora Szajkowskiego 7,Rozbity Kamień,Szajkowskiego 7,ul wiktora
18266,SZKOŁA PODSTAWOWA NR 9 IM. KAZIMIERZA JAGIELLOŃCZYKA W MALBORKU,2026,Malbork,pl. Gabriela Narutowicza 15,Malbork,Narutowicza 15,pl gabriela
18268,SZKOŁA PODSTAWOWA IM. KORNELA MAKUSZYŃSKIEGO W GRONOWIE,2026,Gronów,ul. Główna 1,Gronów,Główna 1,ul
18269,ZESPÓŁ SZKÓŁ SPORTOWYCH I MISTRZOSTWA SPORTOWEGO IM. JANUSZA KUSOCIŃSKIEGO SPORTOWA SZKOŁA PODSTAWOWA NR 75 Z ODDZIAŁAMI MISTRZOSTWA SPORTOWEGO IM. JANUSZA KUSOCIŃSKIEGO W GDAŃSKU,2026,Gdańsk,ul. Subisława 22,Gdańsk,Subisława 22,ul
18273,SZKOŁA PODSTAWOWA IM. KRÓLOWEJ JADWIGI W SOKOLNIKACH,2026,Sokolniki,ul. Leśna 1A,Sokolniki,Leśna 1A,ul
18302,SZKOŁA PODSTAWOWA NR 29 IM.IGNACEGO MOŚCICKIEGO,2026,Chorzów,ul. Lwowska 36,Chorzów,Lwowska 36,ul
18325,SAMORZĄDOWA SZKOŁA PODSTAWOWA IM. POLSKICH NOBLISTÓW W NOWYM FOLWARKU,2026,Nowy Folwark,ul. Nowa 5,Nowy Folwark,Nowa 5,ul
18327,SAMORZĄDOWA SZKOŁA PODSTAWOWA IM. MARII KONOPNICKIEJ W MARZENINIE,2026,Marzenin,ul. ks. Twardego 22,Marzenin,Twardego 22,ul ks
18335,SZKOŁA PODSTAWOWA IM. KS. JÓZEFA BARANOWICZA W SZCZERCOWIE,2026,Szczerców,ul. Łaska 8,Szczerców,Łaska 8,ul
18350,SZKOŁA PODSTAWOWA NR 32 IM.KS.J.CZEMPIELA,2026,Chorzów,ul. Kaliny 61,Chorzów,Kaliny 61,ul
18397,SZKOŁA PODSTAWOWA NR 7 IM. ZUZANNY MORAWSKIEJ W MŁAWIE,2026,Mława,ul. Ordona 14,Mława,Ordona 14,ul
18400,SZKOŁA PODSTAWOWA NR 34 IM. SPORTOWCÓW HAJDUCKICH,2026,Chorzów,ul. Kaliny 55,Chorzów,Kaliny 55,ul
18411,SZKOŁA PODSTAWOWA IM. MIKOŁAJA KOPERNIKA,2026,Ryjewo,ul. Grunwaldzka 63,Ryjewo,Grunwaldzka 63,ul
18465,SZKOŁA PODSTAWOWA NR 3 IM. MIKOŁAJA KOPERNIKA W WIELICZCE,2026,Wieliczka,os. Henryka Sienkiewicza 26,Wieliczka,Sienkiewicza 26,os henryka
18473,SZKOŁA PODSTAWOWA NR 4 IM. PAPIEŻA JANA PAWŁA II W ŁĘCZNEJ,2026,Łęczna,ul. Jaśminowa 6,Łęczna,Jaśminowa 6,ul
18491,SZKOŁA PODSTAWOWA NR 37 IM.KAROLA GRZESIKA,2026,Chorzów,ul. Ratuszowa 20,Chorzów,Ratuszowa 20,ul
18509,SZKOŁA PODSTAWOWA IM. JANA PAWŁA II W ŁOPUSZNIE,2026,Łopuszno,ul. Strażacka 5,Łopuszno,Strażacka 5,ul
18537,SZKOŁA PODSTAWOWA W BRZEŹCACH,2026,Brzeźce,ul. Pokoju 2,Brzeźce,Pokoju 2,ul
18541,SZKOŁA PODSTAWOWA NR 2 IM. KRZYSZTOFA KAMILA BACZYŃSKIEGO W KOLBUSZOWEJ,2026,Kolbuszowa,ul. Obrońców Pokoju 46,Kolbuszowa,Obrońców Pokoju 46,ul
18548,SZKOŁA PODSTAWOWA NR 43 IM. KOMISJI EDUKACJI NARODOWEJ W KRAKOWIE,2026,Kraków,ul. Myślenicka 112,Kraków,Myślenicka 112,ul
18549,SZKOŁA PODSTAWOWA Z ODDZIAŁAMI INTEGRACYJNYMI NR 4 IM. ERAZMA JÓZEFA JERZMANOWSKIEGO W WIELICZCE,2026,Wieliczka,ul. Krzyszkowicka 18a,Wieliczka,Krzyszkowicka 18a,ul
18570,SZKOŁA PODSTAWOWA NR 5,2026,Lębork,ul. Tadeusza Kościuszki 14,Lębork,Kościuszki 14,ul tadeusza
18597,SZKOŁA PODSTAWOWA IM. KAI MIRECKIEJ W NAKLE ŚLĄSKIM,2026,Nakło Śląskie,ul. Dworcowa 2,Nakło Śląskie,Dworcowa 2,ul
18704,SZKOŁA PODSTAWOWA IM. ADAMA MICKIEWICZA W ŚWIERKLAŃCU,2026,Świerklaniec,ul. Młyńska 7,Świerklaniec,Młyńska 7,ul
18707,SZKOŁA PODSTAWOWA IM. KRÓLOWEJ JADWIGI W NOWYM CHECHLE,2026,Nowe Chechło,ul. Lasowicka 103,Nowe Chechło,Lasowicka 103,ul
18756,SZKOŁA PODSTAWOWA IM. MIKOŁAJA KOPERNIKA W SICIENKU,2026,Sicienko,ul. Bydgoska 8,Sicienko,Bydgoska 8,ul
18765,SZKOŁA PODSTAWOWA GMINY OLEŚNICA IM. ADAMA MICKIEWICZA W OLEŚNICY,2026,Oleśnica,ul. Wileńska 32A,Oleśnica,Wileńska 32A,ul
18776,PUBLICZNA SZKOŁA PODSTAWOWA NR 2 IM. JÓZEFA WYBICKIEGO W GŁUCHOŁAZACH,2026,Głuchołazy,ul. Kraszewskiego 30,Głuchołazy,Kraszewskiego 30,ul
18778,PUBLICZNA SZKOŁA PODSTAWOWA IM. IGNACEGO KRASICKIEGO W DUBIECKU,2026,Dubiecko,ul. Przemyska 6,Dubiecko,Przemyska 6,ul
18796,PUBLICZNA SZKOŁA PODSTAWOWA IM.MARII KONOPNICKIEJ W STARYM LUBIEJEWIE,2026,Stare Lubiejewo,ul. Szkolna 15,Stare Lubiejewo,Szkolna 15,ul
18798,SZKOŁA PODSTAWOWA NR 16 Z ODDZIAŁAMI INTEGRACYJNYMI IM. ORLĄT LWOWSKICH W NOWYM SĄCZU,2026,Nowy Sącz,ul. gen. Tadeusza Bora-Komorowskiego 7,Nowy Sącz,Bora-Komorowskiego 7,ul gen tadeusza
18819,PUBLICZNA SZKOŁA PODSTAWOWA NR 5 IM. BRONISŁAWA MALINOWSKIEGO W BOGUSZOWIE-GORCACH,2026,Boguszów-Gorce,ul. Stanisława Staszica 5,Boguszów-Gorce,Staszica 5,ul stanisława
18821,SZKOŁA PODSTAWOWA IM. ARKADEGO FIEDLERA W PRZEŹMIEROWIE,2026,Przeźmierowo,ul. Kościelna 46/48,Przeźmierowo,Kościelna 46/48,ul
18830,SZKOŁA PODSTAWOWA NR 3 IM. MARII KONOPNICKIEJ W ŁAPACH,2026,Łapy,ul. Letnia 1,Łapy,Letnia 1,ul
18835,SZKOŁA PODSTAWOWA IM. KARDYNAŁA STEFANA WYSZYŃSKIEGO W KRUSZYNIE,2026,Kruszyn,ul. Szkolna 6,Kruszyn,Szkolna 6,ul
18841,SZKOŁA PODSTAWOWA IM. JANUSZA KORCZAKA W CERADZU KOŚCIELNYM,2026,Ceradz Kościelny,ul. Jankowicka 22a,Ceradz Kościelny,Jankowicka 22a,ul
18934,SZKOŁA PODSTAWOWA NR 12 IM. MICHAŁA KAJKI W ELBLĄGU,2026,Elbląg,ul. Wojciecha Zajchowskiego 12,Elbląg,Zajchowskiego 12,ul wojciecha
18935,SZKOŁA PODSTAWOWA IM. GEN. JÓZEFA DOWBORA MUŚNICKIEGO W LUSOWIE,2026,Lusowo,ul. Nowa 6,Lusowo,Nowa 6,ul
18966,PUBLICZNA SZKOŁA PODSTAWOWA NR 1 IM. MARII KONOPNICKIEJ W BOGUSZOWIE-GORCACH,2026,Boguszów-Gorce,ul. Szkolna 4,Boguszów-Gorce,Szkolna 4,ul
18967,SZKOŁA PODSTAWOWA NR 16 IM. JÓZEFA WYBICKIEGO W ELBLĄGU,2026,Elbląg,ul. Sadowa 2,Elbląg,Sadowa 2,ul
18985,SZKOŁA PODSTAWOWA NR 1 IM. ADAMA MICKIEWICZA W WYSZKOWIE,2026,Wyszków,ul. 11 Listopada 62,Wyszków,Listopada 62,ul 11
18986,SZKOŁA PODSTAWOWA NR 3 IM. JANUSZA KORCZAKA W NYSIE,2026,Nysa,ul. Krawiecka 6,Nysa,Krawiecka 6,ul
18989,SZKOŁA PODSTAWOWA IM KS. JERZEGO POPIEŁUSZKI W WOJSCE,2026,Wojska,ul. Zakładowa 8,Wojska,Zakładowa 8,ul
18990,SZKOŁA PODSTAWOWA IM. MJR HENRYKA SUCHARSKIEGO W CHAŁUPKACH,2026,Chałupki,ul. Szkolna 7,Chałupki,Szkolna 7,ul
18992,SZKOŁA PODSTAWOWA IM. GUSTAWA MORCINKA W KRZYŻANOWICACH,2026,Krzyżanowice,ul. Łąkowa 18,Krzyżanowice,Łąkowa 18,ul
19013,SZKOŁA PODSTAWOWA IM. BOLESŁAWA KRZYWOUSTEGO W KAMIEŃCU WROCŁAWSKIM,2026,Kamieniec Wrocławski,ul. Kolejowa 8,Kamieniec Wrocławski,Kolejowa 8,ul
19071,MIEJSKA SZKOŁA PODSTAWOWA NR 6 IM. KRÓLOWEJ JADWIGI W KNUROWIE,2026,Knurów,ul. Stefana Batorego 7,Knurów,Stefana Batorego 7,ul
19078,SZKOŁA PODSTAWOWA Z ODDZIAŁAMI INTEGRACYJNYMI NR 151 IM. UNIWERSYTETU JAGIELLOŃSKIEGO W KRAKOWIE,2026,Kraków,ul. Wacława Lipińskiego 2,Kraków,Lipińskiego 2,ul wacława
19120,SZKOŁA PODSTAWOWA NR 2 W ŁĘCZNEJ IM. TADEUSZA KOŚCIUSZKI,2026,Łęczna,ul. Szkolna 53,Łęczna,Szkolna 53,ul
19132,SZKOŁA PODSTAWOWA NR 3 IM.HENRYKA SIENKIEWICZA W ŚWIĘTOCHŁOWICACH,2026,Świętochłowice,ul. Fryderyka Chopina 1,Świętochłowice,Chopina 1,ul fryderyka
19133,SZKOŁA PODSTAWOWA NR 8 IM. JANA III SOBIESKIEGO W ŚWIĘTOCHŁOWICACH,2026,Świętochłowice,ul. Wiśniowa 9,Świętochłowice,Wiśniowa 9,ul
19134,SZKOŁA PODSTAWOWA NR 19 IM. BOLESŁAWA CHROBREGO W ŚWIĘTOCHŁOWICACH,2026,Świętochłowice,ul. Bolesława Chrobrego 4,Świętochłowice,Bolesława Chrobrego 4,ul
19141,MIEJSKA SZKOŁA PODSTAWOWA NR 7 W KNUROWIE,2026,Knurów,ul. Jedności Narodowej 5,Knurów,Jedności Narodowej 5,ul
19165,SZKOŁA PODSTAWOWA Z ODDZIAŁAMI INTEGRACYJNYMI NR 17 IM. GUSTAWA MORCINKA W ŚWIĘTOCHŁOWICACH,2026,Świętochłowice,ul. Armii Krajowej 14,Świętochłowice,Armii Krajowej 14,ul
19166,SZKOŁA PODSTAWOWA NR 4 IM. TADEUSZA KOŚCIUSZKI W ŚWIĘTOCHŁOWICACH,2026,Świętochłowice,ul. Szkolna 17,Świętochłowice,Szkolna 17,ul
19171,SZKOŁA PODSTAWOWA Z ODDZIAŁAMI INTEGRACYJNYMI NR 90 IM. POLSKICH KAWALERÓW MALTAŃSKICH W KRAKOWIE,2026,Kraków,ul. Czarnogórska 14,Kraków,Czarnogórska 14,ul
19199,PUBLICZNA SZKOŁA PODSTAWOWA W LIPIE,2026,Lipa,ul. Szkolna 5,Lipa,Szkolna 5,ul
19205,MIEJSKA SZKOŁA PODSTAWOWA NR 9 IM. MARII KONOPNICKIEJ,2026,Knurów,ul. Aleja Lipowa 12,Knurów,Aleja Lipowa 12,ul
19216,SZKOŁA PODSTAWOWA NR 22 IM. AGATY MRÓZ W SOSNOWCU,2026,Sosnowiec,ul. Anieli Urbanowicz 14,Sosnowiec,Urbanowicz 14,ul anieli
19279,SZKOŁA PODSTAWOWA NR 138 IM. POLSKICH WOJSK LOTNICZYCH W KRAKOWIE,2026,Kraków,ul. Kazimierza Wierzyńskiego 3,Kraków,Wierzyńskiego 3,ul kazimierza
19288,SZKOŁA PODSTAWOWA NR 1 IM.MARII SKŁODOWSKIEJ-CURIE W GŁOGÓWKU,2026,Głogówek,ul. Jana Pawła II 1,Głogówek,Jana Pawła II 1,ul
19298,SZKOŁA PODSTAWOWA NR 4 Z ODDZIAŁAMI INTEGRACYJNYMI IM. BRONISŁAWA CHĄCIŃSKIEGO W ŁUKOWIE,2026,Łuków,ul. 11 Listopada 20,Łuków,Listopada 20,ul 11
19301,SZKOŁA PODSTAWOWA NR 1 IM. KS. GRZEGORZA PIRAMOWICZA W ŁUKOWIE,2026,Łuków,ul. Partyzantów 15,Łuków,Partyzantów 15,ul
19325,SZKOŁA PODSTAWOWA NR2 IM. HENRYKA SIENKIEWICZA W GŁOGÓWKU,2026,Głogówek,ul. Sobieskiego 6,Głogówek,Sobieskiego 6,ul
19374,SZKOŁA PODSTAWOWA NR 75 W KRAKOWIE,2026,Kraków,ul. Grochowska 20,Kraków,Grochowska 20,ul
19392,SZKOŁA PODSTAWOWA SIÓSTR URSZULANEK UNII RZYMSKIEJ W RYBNIKU,2026,Rybnik,ul. 3 Maja 22,Rybnik,Maja 22,ul 3
19394,SZKOŁA PODSTAWOWA IM. JANA BOGUMIŁA SOKOŁOWSKIEGO W CZESZEWIE,2026,Czeszewo,ul. Szkolna 27,Czeszewo,Szkolna 27,ul
19457,PUBLICZNA SZKOŁA PODSTAWOWA IM. TADEUSZA KOŚCIUSZKI W KONIEMŁOTACH,2026,Koniemłoty,ul. Staszowska 7,Koniemłoty,Staszowska 7,ul
19460,SZKOŁA PODSTAWOWA IM. BŁ. JERZEGO POPIEŁUSZKI W PIASECZNIE,2026,Piaseczno,ul. Kardynała Wojtyły 15,Piaseczno,Wojtyły 15,ul kardynała
19468,SZKOŁA PODSTAWOWA Z ODDZIAŁEM PRZEDSZKOLNYM W TWARDAWIE,2026,Twardawa,ul. Kozielska 6,Twardawa,Kozielska 6,ul
19491,SZKOŁA PODSTAWOWA Z ODDZIAŁAMI INTEGRACYJNYMI NR 354 IM. ADAMA ASNYKA,2026,Warszawa,ul. Otwocka 3,Warszawa,Otwocka 3,ul
19526,SZKOŁA PODSTAWOWA IM.MARII KONOPNICKIEJ,2026,Garbów,ul. Szkolna 25,Garbów,Szkolna 25,ul
19590,PUBLICZNA SZKOŁA PODSTAWOWA Z ODDZIAŁAMI INTEGRACYJNYMI NR7 IM. MIKOŁAJA KOPERNIKA W STALOWEJ WOLI,2026,Stalowa Wola,ul. Generała Leopolda Okulickiego 14,Stalowa Wola,Okulickiego 14,ul generała leopolda
19597,SZKOŁA PODSTAWOWA NR 4 IM. GUSTAWA MORCINKA W KONINIE,2026,Konin,ul. Kazimierza Błaszaka 4,Konin,Błaszaka 4,ul kazimierza
19610,SZKOŁA PODSTAWOWA NR 39 IM. ARKADEGO FIEDLERA W SZCZECINIE,2026,Szczecin,ul. Kablowa 14,Szczecin,Kablowa 14,ul
19623,SZKOŁA PODSTAWOWA NR 2 IM. IGNACEGO ŁUKASIEWICZA W WOŁOMINIE,2026,Wołomin,ul. Aleja Armii Krajowej 81,Wołomin,Aleja Armii Krajowej 81,ul
19627,SZKOŁA PODSTAWOWA NR 4 Z ODDZIAŁAMI INTEGRACYJNYMI IM. MARYNARKI WOJENNEJ RP W WOŁOMINIE,2026,Wołomin,ul. 1 Maja 19,Wołomin,Maja 19,ul 1
19631,SZKOŁA PODSTAWOWA IM. JANA PAWŁA II W DUCZKACH,2026,Duczki,ul. Szosa Jadowska 37,Duczki,Szosa Jadowska 37,ul
19633,SZKOŁA PODSTAWOWA IM. GEN. JANA HENRYKA DĄBROWSKIEGO W CZARNEJ,2026,Czarna,ul. Witosa 52,Czarna,Witosa 52,ul
19635,SZKOŁA PODSTAWOWA IM. KS. IGNACEGO SKORUPKI W OSSOWIE,2026,Ossów,ul. Matarewicza 148,Ossów,Matarewicza 148,ul
19670,SZKOŁA PODSTAWOWA IM. JANA KOCHANOWSKIEGO W GŁUSZYNIE,2026,Głuszyna,ul. Główna 115,Głuszyna,Główna 115,ul
19721,SZKOŁA PODSTAWOWA NR 1 IM. ADAMA MICKIEWICZA,2026,Brzeg Dolny,ul. Adama Mickiewicza 2,Brzeg Dolny,Mickiewicza 2,ul adama
19722,SZKOŁA PODSTAWOWA NR 5 IM. MARII SKŁODOWSKIEJ-CURIE,2026,Brzeg Dolny,ul. Zwycięstwa 10,Brzeg Dolny,Zwycięstwa 10,ul
19723,SZKOŁA PODSTAWOWA NR 23 Z ODDZIAŁAMI DWUJĘZYCZNYMI SZKOŁA RADOŚCI W SOSNOWCU,2026,Sosnowiec,ul. Władysława Jagiełły 3,Sosnowiec,Władysława Jagiełły 3,ul
19754,PUBLICZNA SZKOŁA PODSTAWOWA NR4 IM. EUGENIUSZA KWIATKOWSKIEGO W STALOWEJ WOLI,2026,Stalowa Wola,ul. Niezłomnych 1,Stalowa Wola,Niezłomnych 1,ul
19776,SZKOŁA PODSTAWOWA IM. ŻOŁNIERZY WRZEŚNIA W ĆWIKLICACH W ZESPOLE SZKOLNO-PRZEDSZKOLNYM W ĆWIKLICACH,2026,Ćwiklice,ul. Męczenników Oświęcimskich 71,Ćwiklice,Męczenników Oświęcimskich 71,ul
19777,SZKOŁA PODSTAWOWA NR 3 IM. JANA PAWŁA II W PSZCZYNIE W ZESPOLE SZKOLNO-PRZEDSZKOLNYM W PSZCZYNIE,2026,Pszczyna,ul. Staromiejska 41,Pszczyna,Staromiejska 41,ul
19784,SZKOŁA PODSTAWOWA NR 1 IM. TADEUSZA KOŚCIUSZKI W PARCZEWIE,2026,Parczew,ul. 11 Listopada 90,Parczew,Listopada 90,ul 11
19785,SZKOŁA PODSTAWOWA NR 2 W PARCZEWIE IM. ŚW. KRÓLOWEJ JADWIGI,2026,Parczew,ul. Polna 34,Parczew,Polna 34,ul
19800,SZKOŁA PODSTAWOWA NR 10 IM. LEONIDA TELIGI,2026,Szczecin,ul. Kazimierza Królewicza 63,Szczecin,Kazimierza Królewicza 63,ul
19817,SZKOŁA PODSTAWOWA W JASTRZĘBIU,2026,Jastrzębie,ul. Opolska 68,Jastrzębie,Opolska 68,ul
19870,SZKOŁA PODSTAWOWA NR 16 IM. TONY HALIKA,2026,Warszawa,ul. Wilczy Dół 4,Warszawa,Wilczy Dół 4,ul
19879,SZKOŁA PODSTAWOWA Z ODDZIAŁAMI INTEGRACYJNYMI NR 158 IM. PROFESORA JULIANA ALEKSANDROWICZA W KRAKOWIE,2026,Kraków,ul. Strąkowa 3a,Kraków,Strąkowa 3a,ul
19892,SZKOŁA PODSTAWOWA NR 20 Z ODDZIAŁAMI SPORTOWYMI IM. POLSKICH OLIMPIJCZYKÓW W TARNOWIE,2026,Tarnów,ul. Zbylitowska 7,Tarnów,Zbylitowska 7,ul
19931,SZKOŁA PODSTAWOWA IM. A. FREDRY W ODRZYKONIU,2026,Odrzykoń,ul. ks. Ernesta Świątka 4,Odrzykoń,Świątka 4,ul ks ernesta
19964,SZKOŁA PODSTAWOWA NR 15 IM. KOMISJI EDUKACJI NARODOWEJ,2026,Grudziądz,ul. Bydgoska 24,Grudziądz,Bydgoska 24,ul
19966,MIEJSKA SZKOŁA PODSTAWOWA NR 4 W KNUROWIE,2026,Knurów,ul. Jana Kilińskiego 6,Knurów,Kilińskiego 6,ul jana
20005,SZKOŁA PODSTAWOWA IM. TADEUSZA KOŚCIUSZKI,2026,Ostrowy nad Okszą,ul. Szkolna 6,Ostrowy nad Okszą,Szkolna 6,ul
20069,SZKOŁA PODSTAWOWA NR 1 IM. EMILII PLATER W KOŃSKICH,2026,Końskie,ul. Armii Krajowej 2,Końskie,Armii Krajowej 2,ul
20070,KATOLICKA SZKOŁA PODSTAWOWA IM. KS. MACIEJA KAZIMIERZA SARBIEWSKIEGO SI W MŁAWIE,2026,Mława,ul. Zygmunta Krasińskiego 5,Mława,Krasińskiego 5,ul zygmunta
20072,SZKOŁA PODSTAWOWA NR 29 IM. WŁADYSŁAWA BRONIEWSKIEGO W SOSNOWCU,2026,Sosnowiec,ul. Zagłębiowska 25,Sosnowiec,Zagłębiowska 25,ul
20075,SZKOŁA PODSTAWOWA Z ODDZIAŁAMI INTEGRACYJNYMI IM. B. CZECHA I H. MARUSARZÓWNYW DUSZNIKACH-ZDROJU,2026,Duszniki-Zdrój,ul. Sprzymierzonych 6,Duszniki-Zdrój,Sprzymierzonych 6,ul
20094,SZKOŁA PODSTAWOWA IM. ORŁA BIAŁEGO W AUGUSTÓWCE,2026,Augustówka,ul. Kolejowa 2,Augustówka,Kolejowa 2,ul
20117,SZKOŁA PODSTAWOWA IM. MJR. HENRYKA SUCHARSKIEGO W SOCHOCINIE,2026,Sochocin,ul. Szkolna 17,Sochocin,Szkolna 17,ul
20128,SZKOŁA PODSTAWOWA NR 74 IM. STANISŁAWA GROŃSKIEGO,2026,Szczecin,ul. Seledynowa 50,Szczecin,Seledynowa 50,ul
20140,SZKOŁA PODSTAWOWA IM. EMILII SCZANIECKIEJ W LWÓWKU,2026,Lwówek,ul. Gimnazjalna 1,Lwówek,Gimnazjalna 1,ul
20144,SZKOŁA PODSTAWOWA NR 35 IM. ARMII KRAJOWEJ W SOSNOWCU,2026,Sosnowiec,ul. Stanisława Ligonia 3A,Sosnowiec,Ligonia 3A,ul stanisława
20188,SZKOŁA PODSTAWOWA NR 113,2026,Wrocław,ul. Zemska 16c,Wrocław,Zemska 16c,ul
20244,SZKOŁA PODSTAWOWA NR 2 IM. STANISŁAWA STASZICA W KOŃSKICH,2026,Końskie,ul. Polna 6,Końskie,Polna 6,ul
20261,MIEJSKA SZKOŁA PODSTAWOWA NR 3 W KNUROWIE,2026,Knurów,ul. Feliksa Michalskiego 27,Knurów,Michalskiego 27,ul feliksa
20267,SZKOŁA PODSTAWOWA NR 85 IM. ZRZESZENIA KASZUBSKO-POMORSKIEGO W GDAŃSKU,2026,Gdańsk,ul. Stolema 59,Gdańsk,Stolema 59,ul
20273,SZKOŁA PODSTAWOWA NR 38 IM. JERZEGO KUKUCZKI,2026,Wrocław,ul. Eugeniusza Horbaczewskiego 61,Wrocław,Horbaczewskiego 61,ul eugeniusza
20280,SZKOŁA PODSTAWOWA NR 4 IM. MIKOŁAJA KOPERNIKA W ZAWIERCIU,2026,Zawiercie,ul. Powstańców Śląskich 18,Zawiercie,Powstańców Śląskich 18,ul
20298,SZKOŁA PODSTAWOWA NR 2 IM HUGONA KOŁŁĄTAJA,2026,Przeworsk,ul. Lwowska 11,Przeworsk,Lwowska 11,ul
20313,PUBLICZNA SZKOŁA PODSTAWOWA NR 3 W PACZKOWIE,2026,Paczków,ul. 1 Maja 2,Paczków,Maja 2,ul 1
20328,SZKOŁA PODSTAWOWA IM. JANA PAWŁA II W DOMANIEWICACH,2026,Domaniewice,ul. Główna 13,Domaniewice,Główna 13,ul
20330,SZKOŁA PODSTAWOWA NR 40 IM. SPORTOWCÓW ZAGŁĘBIA DĄBROWSKIEGO W SOSNOWCU,2026,Sosnowiec,ul. Stefana Kisielewskiego 4B,Sosnowiec,Kisielewskiego 4B,ul stefana
20332,SZKOŁA PODSTAWOWA NR 9 IM. TADEUSZA KOŚCIUSZKI,2026,Jarosław,ul. Łazy Kostkowskie 14,Jarosław,Łazy Kostkowskie 14,ul
20343,SZKOŁA PODSTAWOWA NR 6 IM. KS. PIOTRA SKARGI,2026,Jarosław,ul. Spytka z Jarosławia 2,Jarosław,Spytka z Jarosławia 2,ul
20346,SZKOŁA PODSTAWOWA NR 10 IM. WOJSKA POLSKIEGO,2026,Jarosław,os. Słoneczne 7,Jarosław,Słoneczne 7,os
20352,SZKOŁA PODSTAWOWA W MŁOCHOWIE,2026,Młochów,ul. Mazowiecka 46,Młochów,Mazowiecka 46,ul
20377,SZKOŁA PODSTAWOWA NR 32 IM. KAROLA CHODKIEWICZA W KRAKOWIE,2026,Kraków,ul. Królowej Jadwigi 78,Kraków,Jadwigi 78,ul królowej
20385,SZKOŁA PODSTAWOWA NR 1 IM. JANA PAWŁA II,2026,Damnica,ul. Marii Konopnickiej 1,Damnica,Konopnickiej 1,ul marii
20393,SZKOŁA PODSTAWOWA IM. ŚW. STANISŁAWA KOSTKI W KOSTOWCU,2026,Kostowiec,ul. Matki Florentyny Dymman 5,Kostowiec,Dymman 5,ul matki florentyny
20408,SZKOŁA PODSTAWOWA IM. MARII SKŁODOWSKIEJ-CURIE W RUŚCU,2026,Rusiec,ul. Osiedlowa 72,Rusiec,Osiedlowa 72,ul
20439,SZKOŁA PODSTAWOWA NR 42 W SOSNOWCU,2026,Sosnowiec,ul. Bolesława Prusa 253A,Sosnowiec,Prusa 253A,ul bolesława
20446,SZKOŁA PODSTAWOWA NR 2 Z ODDZIAŁAMI INTEGRACYJNYMI,2026,Środa Wielkopolska,ul. Dąbrowskiego 50,Środa Wielkopolska,Dąbrowskiego 50,ul
20471,SZKOŁA PODSTAWOWA IM. PODRÓŻNIKÓW I ODKRYWCÓW W KACZOROWIE,2026,Kaczorów,pl. Pollaka 14,Kaczorów,Pollaka 14,pl
20479,SZKOŁA PODSTAWOWA NR 8 W KRAKOWIE,2026,Kraków,ul. Seweryna Goszczyńskiego 44,Kraków,Goszczyńskiego 44,ul seweryna
20480,SZKOŁA PODSTAWOWA IM. PŁKA STANISŁAWA KRÓLICKIEGO W IZABELINIE,2026,Hornówek,ul. 3 Maja 49,Hornówek,Maja 49,ul 3
20512,PUBLICZNA SZKOŁA PODSTAWOWA NR 1 IM. TADEUSZA KOŚCIUSZKI W STASZOWIE,2026,Staszów,ul. Wysoka 39,Staszów,Wysoka 39,ul
20513,SZKOŁA PODSTAWOWA NR 10 IM. BOLESŁAWA KRZYWOUSTEGO,2026,Wrocław,ul. Inflancka 13,Wrocław,Inflancka 13,ul
20534,SZKOŁA PODSTAWOWA IM. JANA PAWŁA II W GŁOJSCACH,2026,Głojsce,ul. Szkolna 7,Głojsce,Szkolna 7,ul
20551,PUBLICZNA SZKOŁA PODSTAWOWA W ZAKLIKOWIE,2026,Zaklików,ul. Sandomierska 56,Zaklików,Sandomierska 56,ul
20562,SZKOŁA PODSTAWOWA IM.MIKOŁAJA KOPERNIKA W SEROCKU,2026,Serock,ul. Pułtuska 68,Serock,Pułtuska 68,ul
20590,ZESPÓŁ PLACÓWEK OŚWIATOWYCH W MODLISZEWICACH SZKOŁA PODSTAWOWA W MODLISZEWICACH,2026,Modliszewice,ul. Franciszka Gasińskiego 2,Modliszewice,Gasińskiego 2,ul franciszka
20599,SZKOŁA PODSTAWOWA NR 84 IM. JANA BRZECHWY W GDAŃSKU,2026,Gdańsk,ul. Otomińska 72,Gdańsk,Otomińska 72,ul
20652,SZKOŁA PODSTAWOWA SPECJALNA NR 2 W MROWINACH,2026,Mrowiny,ul. Szkolna 6,Mrowiny,Szkolna 6,ul
20653,SZKOŁA PODSTAWOWA NR 60 IM. POWSTANIA LISTOPADOWEGO,2026,Warszawa,ul. Zbaraska 3,Warszawa,Zbaraska 3,ul
20656,SPORTOWA SZKOŁA PODSTAWOWA NR 3 IM. JÓZEFA JAWORSKIEGO,2026,Aleksandrów Łódzki,ul. Bankowa 7/11,Aleksandrów Łódzki,Bankowa 7/11,ul
20672,SZKOŁA PODSTAWOWA NR 157 IM. IGNACEGO JANA PADEREWSKIEGO W KRAKOWIE,2026,Kraków,ul. Ludwika Rydygiera 20,Kraków,Rydygiera 20,ul ludwika
20719,PUBLICZNA SZKOŁA PODSTAWOWA NR 11 IM. SZARYCH SZEREGÓW W STALOWEJ WOLI,2026,Stalowa Wola,ul. Wojska Polskiego 9,Stalowa Wola,Wojska Polskiego 9,ul
20730,SZKOŁA PODSTAWOWA W SKORZESZYCACH IM. JANA PAWŁA II,2026,Skorzeszyce,ul. Szkolna 11,Skorzeszyce,Szkolna 11,ul
20733,SZKOŁA PODSTAWOWA IM. JANUSZA KORCZAKA W GÓRNIE,2026,Górno,ul. Szkolna 1,Górno,Szkolna 1,ul
20767,SZKOŁA PODSTAWOWA NR 65 IM. WŁADYSŁAWA ORKANA,2026,Warszawa,ul. Mścisławska 1,Warszawa,Mścisławska 1,ul
20768,SZKOŁA PODSTAWOWA Z ODDZIAŁAMI INTEGRACYJNYMI NR 68 IM. ARTURA OPPMANA,2026,Warszawa,ul. Or-Ota 5,Warszawa,Or-Ota 5,ul
20769,SZKOŁA PODSTAWOWA NR 92 IM. JANA BRZECHWY,2026,Warszawa,ul. Przasnyska 18A,Warszawa,Przasnyska 18A,ul
20770,SZKOŁA PODSTAWOWA NR 267 IM. JULIUSZA SŁOWACKIEGO,2026,Warszawa,ul. Braci Załuskich 1,Warszawa,Załuskich 1,ul braci
20772,SZKOŁA PODSTAWOWA NR 72 IM. PRZYJACIÓŁ GROCHOWA,2026,Warszawa,ul. Ludwika Michała Paca 44,Warszawa,Paca 44,ul ludwika michała
20793,SZKOŁA PODSTAWOWA NR 1 IM. MARII KOWNACKIEJ W ŁOMIANKACH,2026,Łomianki,ul. Warszawska 73,Łomianki,Warszawska 73,ul
20826,PUBLICZNA SZKOŁA PODSTAWOWA NR 7 W STRZELCACH OPOLSKICH,2026,Strzelce Opolskie,ul. Kardynała Stefana Wyszyńskiego 2,Strzelce Opolskie,Wyszyńskiego 2,ul kardynała stefana
20877,SZKOŁA PODSTAWOWA NR 40 IM. PROF. BOLESŁAWA IWASZKIEWICZA,2026,Wrocław,ul. Sołtysowicka 34,Wrocław,Sołtysowicka 34,ul
20888,"SZKOŁA PODSTAWOWA NR 120 Z ODDZIAŁAMI INTEGRACYJNYMI IM. PUŁKÓW PIECHOTY ""DZIECI WARSZAWY""",2026,Warszawa,ul. Międzyborska 64/70,Warszawa,Międzyborska 64/70,ul
20890,SZKOŁA PODSTAWOWA NR 21 IM. MIESZKA I,2026,Wrocław,ul. Osobowicka 127,Wrocław,Osobowicka 127,ul
20910,SZKOŁA PODSTAWOWA NR 1 IM.POWSTAŃCÓW ŚLĄSKICH W KĘDZIERZYNIE-KOŹLU,2026,Kędzierzyn-Koźle,ul. Kościelna 19,Kędzierzyn-Koźle,Kościelna 19,ul
20932,SZKOŁA PODSTAWOWA IM. ŚW. JANA PAWŁA II W KRUSZYNIE,2026,Kruszyn,ul. Kasztanowa 1,Kruszyn,Kasztanowa 1,ul
20938,PUBLICZNA SZKOŁA PODSTAWOWA IM.KORNELA MAKUSZYŃSKIEGO W UGNIEWIE,2026,Ugniewo,ul. Szkolna 28,Ugniewo,Szkolna 28,ul
20964,SZKOŁA PODSTAWOWA NR 34,2026,Wrocław,ul. Konstantego Ildefonsa Gałczyńskiego 8,Wrocław,Gałczyńskiego 8,ul konstantego ildefonsa
20970,SZKOŁA PODSTAWOWA NR 19 IM. BOLESŁAWA CHROBREGO,2026,Wrocław,ul. Koszykarska 2-4,Wrocław,Koszykarska 2-4,ul
20977,SZKOŁA PODSTAWOWA NR 58 IM. WANDY RUTKIEWICZ,2026,Wrocław,ul. Składowa 2-4,Wrocław,Składowa 2-4,ul
20983,SZKOŁA PODSTAWOWA NR 2 IM. JANA PAWŁA II W CZERSKU,2026,Czersk,ul. Kościuszki 6,Czersk,Kościuszki 6,ul
20994,SZKOŁA PODSTAWOWA NR 15 IM. KSIĘŻNEJ JADWIGI ŚLĄSKIEJ,2026,Wrocław,ul. Ludwika Solskiego 13,Wrocław,Solskiego 13,ul ludwika
20995,SZKOŁA PODSTAWOWA IM. HENRYKA DRZAZGI W LGOCIE MAŁEJ W ZESPOLE SZKOLNO-PRZEDSZKOLNYM W LGOCIE MAŁEJ,2026,Lgota Mała,ul. Szkolna 1/3,Lgota Mała,Szkolna 1/3,ul
21008,PUBLICZNA SZKOŁA PODSTAWOWA NR 5 IM.ADAMA MICKIEWICZA W KĘDZIERZYNIE-KOŹLU,2026,Kędzierzyn-Koźle,ul. Tadeusza Kościuszki 41,Kędzierzyn-Koźle,Kościuszki 41,ul tadeusza
21016,SZKOŁA PODSTAWOWA IM. POWSTAŃCÓW STYCZNIOWYCH W KRUSZYNIE,2026,Kruszyna,ul. Pocztowa 2,Kruszyna,Pocztowa 2,ul
21025,SZKOŁA PODSTAWOWA NR 81 W GDAŃSKU IM. PROF. MICHAŁA SIEDLECKIEGO,2026,Gdańsk,ul. prof. Michała Siedleckiego 14,Gdańsk,Siedleckiego 14,ul prof michała
21026,SZKOŁA PODSTAWOWA NR 27 IM. WISŁAWY SZYMBORSKIEJ,2026,Wrocław,ul. Rumiankowa 34,Wrocław,Rumiankowa 34,ul
21044,SZKOŁA PODSTAWOWA NR 141 IM. MJR HENRYKA SUCHARSKIEGO,2026,Warszawa,ul. Szaserów 117,Warszawa,Szaserów 117,ul
21063,SZKOŁA PODSTAWOWA IMIENIA ŚWIĘTEGO JANA PAWŁA II W OKSZOWIE,2026,Okszów,ul. Chełmska 14,Okszów,Chełmska 14,ul
21086,SZKOŁA PODSTAWOWA NR 6 IM. JANUSZA KORCZAKA W ZAWIERCIU,2026,Zawiercie,ul. Wierzbowa 4,Zawiercie,Wierzbowa 4,ul
21107,SZKOŁA PODSTAWOWA NR 3 IM. POWSTAŃCÓW WIELKOPOLSKICH W PLESZEWIE,2026,Pleszew,ul. Bolesława Krzywoustego 4,Pleszew,Bolesława Krzywoustego 4,ul
21120,SZKOŁA PODSTAWOWA IM.POWSTAŃCÓW ŚLĄSKICH W STRUMIENIU,2026,Strumień,ul. Młyńska 8,Strumień,Młyńska 8,ul
21127,SZKOŁA PODSTAWOWA NR 16 Z ODDZIAŁAMI PRZEDSZKOLNYMI IM. ZWIĄZKU ORŁA BIAŁEGO W DĄBROWIE GÓRNICZEJ,2026,Dąbrowa Górnicza,ul. Konopnickiej 56,Dąbrowa Górnicza,Konopnickiej 56,ul
21170,SZKOŁA PODSTAWOWA IM. POR. ADOLFA PILCHA PS. GÓRA-DOLINA W DZIEKANOWIE POLSKIM,2026,Dziekanów Polski,ul. Rolnicza 435,Dziekanów Polski,Rolnicza 435,ul
21172,SZKOŁA PODSTAWOWA IM. MARII KONOPNICKIEJ W DZIEKANOWIE LEŚNYM,2026,Dziekanów Leśny,ul. por. Francisa Akinsa 6,Dziekanów Leśny,Akinsa 6,ul por francisa
21187,SZKOŁA PODSTAWOWA IM. MJR HENRYKA SUCHARSKIEGO,2026,Resko,ul. Bolesława Prusa 2,Resko,Prusa 2,ul bolesława
21191,SZKOŁA PODSTAWOWA IM.JAROSŁAWA IWASZKIEWICZA Z ODDZIAŁAMI INTEGRACYJNYMI,2026,Ścinawka Średnia,ul. Sikorskiego 34C,Ścinawka Średnia,Sikorskiego 34C,ul
21192,SZKOŁA PODSTAWOWA IM.KARDYNAŁA STEFANA WYSZYŃSKIEGO,2026,Wambierzyce,ul. ks. Tadeusza Michalika 5,Wambierzyce,Michalika 5,ul ks tadeusza
21203,SZKOŁA PODSTAWOWA NR 13 W ZAWIERCIU,2026,Zawiercie,ul. Filaretów 9,Zawiercie,Filaretów 9,ul
21208,SZKOŁA PODSTAWOWA IM. POWSTAŃCÓW WIELKOPOLSKICH W KONOJADZIE,2026,Konojad,ul. Szkolna 15,Konojad,Szkolna 15,ul
21209,SZKOŁA PODSTAWOWA IM.ADAMA MICKIEWICZA W PRZYROWIE,2026,Przyrów,ul. Szkolna 44,Przyrów,Szkolna 44,ul
21213,SZKOŁA PODSTAWOWA NR 13 IM. ADAMA PIWOWARA W DĄBROWIE GÓRNICZEJ,2026,Dąbrowa Górnicza,ul. Aleja Józefa Piłsudskiego 24,Dąbrowa Górnicza,Aleja Józefa Piłsudskiego 24,ul
21219,SZKOŁA PODSTAWOWA IM. ŚW. JANA KANTEGO I ŚW. JANA PAWŁA II W ZRĘCINIE,2026,Zręcin,ul. Łukasiewicza 31,Zręcin,Łukasiewicza 31,ul
21223,PUBLICZNA SZKOŁA PODSTAWOWA NR 6 IM. MARII SKŁODOWSKIEJ-CURIE W KĘDZIERZYNIE-KOŹLE,2026,Kędzierzyn-Koźle,ul. 1 Maja 3,Kędzierzyn-Koźle,Maja 3,ul 1
21235,SZKOŁA PODSTAWOWA Z ODDZIAŁAMI INTEGRACYJNYMI NR 30 IM. POWSTAŃCÓW 1863 R. W WARSZAWIE,2026,Warszawa,ul. Kawęczyńska 2,Warszawa,Kawęczyńska 2,ul
21243,SZKOŁA PODSTAWOWA IM. ANDRZEJA MAŁKOWSKIEGO W SZCZAWINIE KOŚCIELNYM,2026,Szczawin Kościelny,ul. Jana Pawła II 1,Szczawin Kościelny,Jana Pawła II 1,ul
21253,SZKOŁA PODSTAWOWA Z ODDZIAŁAMI INTEGRACYJNYMI NR 73 IM. KRÓLA STEFANA BATOREGO W WARSZAWIE,2026,Warszawa,ul. Białostocka 10/18,Warszawa,Białostocka 10/18,ul
21257,SZKOŁA PODSTAWOWA IM. KOMISJI EDUKACJI NARODOWEJ W HUCIE DĄBROWIE,2026,Huta-Dąbrowa,ul. Hutnicza 30,Huta-Dąbrowa,Hutnicza 30,ul
21273,SZKOŁA PODSTAWOWA IM.JANA PAWŁA II W KAMIEŃCU,2026,Kamieniec,ul. Stawowa 28,Kamieniec,Stawowa 28,ul
21274,SZKOŁA PODSTAWOWA W STARYCH JUCHACH,2026,Stare Juchy,ul. Mazurska 11,Stare Juchy,Mazurska 11,ul
21285,SZKOŁA PODSTAWOWA IM. MJR HENRYKA SUCHARSKIEGO W LICHENIU STARYM,2026,Licheń Stary,ul. Konińska 48,Licheń Stary,Konińska 48,ul
21298,SZKOŁA PODSTAWOWA NR 29 Z ODDZIAŁAMI SPORTOWYMI IM. ALFREDA SZKLARSKIEGO W DĄBROWIE GÓRNICZEJ,2026,Dąbrowa Górnicza,ul. Gustawa Morcinka 4,Dąbrowa Górnicza,Morcinka 4,ul gustawa
21304,"SZKOŁA PODSTAWOWA NR 163 IM. BATALIONU ""ZOŚKA""",2026,Warszawa,ul. Osiecka 28/32,Warszawa,Osiecka 28/32,ul
21340,SZKOŁA PODSTAWOWA NR 185 IM. UNICEF,2026,Warszawa,ul. gen. Tadeusza Bora-Komorowskiego 31,Warszawa,Bora-Komorowskiego 31,ul gen tadeusza
21344,SZKOŁA PODSTAWOWA NR 127 IM. HENRYKA SIENKIEWICZA W WARSZAWIE,2026,Warszawa,ul. Kowieńska 12/20,Warszawa,Kowieńska 12/20,ul
21347,PUBLICZNA SZKOŁA PODSTAWOWA NR 11 IM.WŁADYSŁAWA BRONIEWSKIEGO W KĘDZIERZYNIE-KOŹLU,2026,Kędzierzyn-Koźle,ul. Aleja Partyzantów 30,Kędzierzyn-Koźle,Aleja Partyzantów 30,ul
21350,ZESPÓŁ SZKÓŁ SZKOŁA PODSTAWOWA IM. BŁ. O. MICHAŁA TOMASZKA W ŁĘKAWICY,2026,Łękawica,ul. Sportowa 5a,Łękawica,Sportowa 5a,ul
21371,PUBLICZNA SZKOŁA PODSTAWOWA IM. JANA PAWŁA II W WOLANOWIE,2026,Wolanów,ul. Kolejowa 29,Wolanów,Kolejowa 29,ul
21387,SZKOŁA PODSTAWOWA IM.KORNELA MAKUSZYŃSKIEGO W GOLASOWICACH,2026,Golasowice,ul. Z. Nałkowskiej 2,Golasowice,Nałkowskiej 2,ul z
21389,SZKOŁA PODSTAWOWA IM. GUSTAWA MORCINKA W KRZYŻOWICACH,2026,Krzyżowice,ul. Szkolna 7,Krzyżowice,Szkolna 7,ul
21409,SZKOŁA PODSTAWOWA NR 135 IM. KSIĘDZA PROFESORA JÓZEFA TISCHNERA W KRAKOWIE,2026,Kraków,ul. Mirtowa 2,Kraków,Mirtowa 2,ul
21411,OGÓLNOKSZTAŁCĄCA SZKOŁA MUZYCZNA I STOPNIA IM. IGNACEGO JANA PADEREWSKIEGO W KRAKOWIE,2026,Kraków,ul. Basztowa 8,Kraków,Basztowa 8,ul
21422,SZKOŁA PODSTAWOWA IM. JANA PAWŁA II W MIKORZYNIE,2026,Mikorzyn,ul. Papieska 5,Mikorzyn,Papieska 5,ul
21425,SZKOŁA PODSTAWOWA IM. POWSTAŃCÓW WIELKOPOLSKICH W MYJOMICACH,2026,Myjomice,ul. Jana Pawła II 5,Myjomice,Jana Pawła II 5,ul
21504,SZKOŁA PODSTAWOWA NR 53 IM. PROF. STEFANA BANACHA,2026,Wrocław,ul. Strachocińska 155-157,Wrocław,Strachocińska 155-157,ul
21509,SZKOŁA PODSTAWOWA NR 26 IM. PIASTÓW ŚLĄSKICH,2026,Wrocław,ul. Suwalska 5,Wrocław,Suwalska 5,ul
21515,SZKOŁA PODSTAWOWA NR 24,2026,Wrocław,ul. Częstochowska 42,Wrocław,Częstochowska 42,ul
21530,SZKOŁA PODSTAWOWA NR 25 IM. FRANCISZKA JUSZCZAKA,2026,Wrocław,ul. Stanisławowska 38-44,Wrocław,Stanisławowska 38-44,ul
21535,SZKOŁA PODSTAWOWA NR 3 IM. EDMUNDA WOJNOWSKIEGO,2026,Wąbrzeźno,ul. Tysiąclecia 1,Wąbrzeźno,Tysiąclecia 1,ul
21536,SZKOŁA PODSTAWOWA NR 16,2026,Wrocław,ul. Wietrzna 50,Wrocław,Wietrzna 50,ul
21537,SZKOŁA PODSTAWOWA NR 17 IM. PROF. STANISŁAWA KULCZYŃSKIEGO,2026,Wrocław,ul. Wieczysta 105,Wrocław,Wieczysta 105,ul
21587,PUBLICZNA SZKOŁA PODSTAWOWA W PIOTRKOWIE KUJAWSKIM,2026,Piotrków Kujawski,ul. Włocławska 37,Piotrków Kujawski,Włocławska 37,ul
21590,PRYWATNA SZKOŁA PODSTAWOWA W REDZIE IM. TONY HALIKA,2026,Reda,ul. Cypriana Kamila Norwida 59,Reda,Norwida 59,ul cypriana kamila
21619,SZKOŁA PODSTAWOWA NR 34 IM. OBROŃCÓW POCZTY POLSKIEJ W GDAŃSKU W KRAKOWIE,2026,Kraków,ul. Urzędnicza 65,Kraków,Urzędnicza 65,ul
21688,SZKOŁA PODSTAWOWA NR 68 IM. JERZEGO BIŃCZYCKIEGO W KRAKOWIE,2026,Kraków,ul. Porzeczkowa 3,Kraków,Porzeczkowa 3,ul
21723,SZKOŁA PODSTAWOWA NR 10 Z ODDZIAŁAMI INTEGRACYJNYMI IM. J. H. DĄBROWSKIEGO W NYSIE,2026,Nysa,ul. 11 Listopada 6,Nysa,Listopada 6,ul 11
21760,SZKOŁA PODSTAWOWA IM. WINCENTEGO WITOSA W GROMNIKU,2026,Gromnik,ul. Witosa 4,Gromnik,Witosa 4,ul
21768,SZKOŁA PODSTAWOWA IM. MARII KOWNACKIEJ W KRZYWDZIE,2026,Krzywda,ul. Osiedlowa 5,Krzywda,Osiedlowa 5,ul
21777,SZKOŁA PODSTAWOWA W STRZELECZKACH,2026,Strzeleczki,ul. Sienkiewicza 37,Strzeleczki,Sienkiewicza 37,ul
21782,SZKOŁA PODSTAWOWA IM. W. BRONIEWSKIEGO W WIELGIEM,2026,Wielgie,ul. Szkolna 5,Wielgie,Szkolna 5,ul
21796,SZKOŁA PODSTAWOWA NR 2 IM. WŁADYSŁAWA BRONIEWSKIEGO W WYSZKOWIE,2026,Wyszków,ul. Jana Matejki 5,Wyszków,Matejki 5,ul jana
21805,SZKOŁA PODSTAWOWA NR 11 IM. PABLA NERUDY,2026,Toruń,ul. Jurija Gagarina 36,Toruń,Gagarina 36,ul jurija
21825,SZKOŁA PODSTAWOWA NR 43 Z ODDZIAŁAMI INTEGRACYJNYMI IM. JANA KACZMARKA,2026,Wrocław,ul. Grochowa 36-38,Wrocław,Grochowa 36-38,ul
21828,ZESPÓŁ SZKOLNO-PRZEDSZKOLNY W BACHOWICACH-SZKOŁA PODSTAWOWA IM.KS.FRANCISZKA GOŁBY,2026,Bachowice,ul. ks. Gołby 1,Bachowice,Gołby 1,ul ks
21842,SZKOŁA PODSTAWOWA IM.GRZEGORZA PIRAMOWICZA W KŁOMNICACH,2026,Kłomnice,ul. Szkolna 1,Kłomnice,Szkolna 1,ul
21844,SZKOŁA PODSTAWOWA IM.HENRYKA SIENKIEWICZA W RZERZĘCZYCACH,2026,Rzerzęczyce,ul. Skrzydlowska 91,Rzerzęczyce,Skrzydlowska 91,ul
21871,SZKOŁA PODSTAWOWA W GIEBLE,2026,Giebło,ul. Edukacyjna 6,Giebło,Edukacyjna 6,ul
21894,SZKOŁA PODSTAWOWA NR 45 IM. JANUSZA KUSOCIŃSKIEGO,2026,Wrocław,ul. Rafała Krajewskiego 1,Wrocław,Krajewskiego 1,ul rafała
21942,SZKOŁA PODSTAWOWA NR 30 IM. EMILII ZAWIDZKIEJ W DĄBROWIE GÓRNICZEJ,2026,Dąbrowa Górnicza,ul. Jaworowa 6,Dąbrowa Górnicza,Jaworowa 6,ul
21950,SZKOŁA PODSTAWOWA IM. JANA BRZECHWY W LUCYNOWIE,2026,Lucynów,ul. Szkolna 12,Lucynów,Szkolna 12,ul
21998,SZKOŁA PODSTAWOWA IM. ANTONIEGO KUCHARCZYKA W PASZKÓWCE,2026,Paszkówka,ul. Wadowicka 38,Paszkówka,Wadowicka 38,ul
21999,SZKOŁA PODSTAWOWA IM. MARII KONOPNICKIEJ W SOSNOWICACH,2026,Sosnowice,ul. Szkolna 1,Sosnowice,Szkolna 1,ul
22047,SZKOŁA PODSTAWOWA IM. DANUTY SIEDZIKÓWNY PS. INKA,2026,Czarne,ul. Parkowa 4,Czarne,Parkowa 4,ul
22084,SZKOŁA PODSTAWOWA NR 312 IM. EWY SZELBURG-ZAREMBINY,2026,Warszawa,ul. Władysława Umińskiego 12,Warszawa,Umińskiego 12,ul władysława
22111,SZKOŁA PODSTAWOWA NR 47 IM. STEFANA CZARNIECKIEGO W KRAKOWIE,2026,Kraków,ul. Myśliwska 64,Kraków,Myśliwska 64,ul
22144,PUBLICZNA SZKOŁA PODSTAWOWA NR 4 W STRZELCACH OPOLSKICH,2026,Strzelce Opolskie,ul. Sosnowa 3,Strzelce Opolskie,Sosnowa 3,ul
22190,SZKOŁA PODSTAWOWA W TARŁOWIE IM. BOHATERÓW BITWY O TARŁÓW W 1915 R.,2026,Tarłów,ul. Rynek 42,Tarłów,Rynek 42,ul
22194,KATOLICKA SZKOŁA PODSTAWOWA IM. KS. FRANCISZKA BLACHNICKIEGO,2026,Białystok,ul. Transportowa 2,Białystok,Transportowa 2,ul
22197,SZKOŁA PODSTAWOWA NR 96 IM. IRENY KOSMOWSKIEJ,2026,Warszawa,ul. Sarabandy 16/22,Warszawa,Sarabandy 16/22,ul
22206,SZKOŁA PODSTAWOWA NR 100 IM. PŁK. FRANCESCO NULLO,2026,Warszawa,ul. Taneczna 54/58,Warszawa,Taneczna 54/58,ul
22214,SZKOŁA PODSTAWOWA NR 303 IM. FRYDERYKA CHOPINA,2026,Warszawa,ul. Koncertowa 8,Warszawa,Koncertowa 8,ul
22242,SZKOŁA PODSTAWOWA IM. MIKOŁAJA KOPERNIKA W TWORKOWIE,2026,Tworków,ul. Zamkowa 13,Tworków,Zamkowa 13,ul
22248,SZKOŁA PODSTAWOWA NR 1 IM. BOHATERÓW WESTERPLATTE W KĘPNIE,2026,Kępno,ul. Sienkiewicza 21,Kępno,Sienkiewicza 21,ul
22269,SZKOŁA PODSTAWOWA IM. POWSTAŃCÓW ŚLĄSKICH,2026,Tworóg,ul. Szkolna 15,Tworóg,Szkolna 15,ul
22274,SPOŁECZNA SZKOŁA PODSTAWOWA NR 1 IM. KS.PROF. JÓZEFA TISCHNERA W TARNOWIE,2026,Tarnów,ul. Gumniska 47,Tarnów,Gumniska 47,ul
22275,SPOŁECZNA SZKOŁA PODSTAWOWA NR 2 SPOŁECZNEGO TOWARZYSTWA OŚWIATOWEGO W TARNOWIE,2026,Tarnów,ul. Jana Matejki 6,Tarnów,Matejki 6,ul jana
22298,SZKOŁA PODSTAWOWA W STRADUNI,2026,Stradunia,ul. Powstańców Śląskich 40,Stradunia,Powstańców Śląskich 40,ul
22326,SZKOŁA PODSTAWOWA NR 34 W ZESPOLE SZKÓŁ NR 4 W DĄBROWIE GÓRNICZEJ,2026,Dąbrowa Górnicza,ul. Łęknice 35,Dąbrowa Górnicza,Łęknice 35,ul
22339,SZKOŁA PODSTAWOWA NR 51 IM. PROF. STANISŁAWA HELSZTYŃSKIEGO,2026,Szczecin,ul. Jodłowa 21,Szczecin,Jodłowa 21,ul
22350,SZKOŁA PODSTAWOWA NR 6 IM. TADEUSZA KOŚCIUSZKI W GŁOGOWIE,2026,Głogów,ul. Tadeusza Kościuszki 18,Głogów,Kościuszki 18,ul tadeusza
22352,SZKOŁA PODSTAWOWA NR 10 IM. MIKOŁAJA KOPERNIKA W GŁOGOWIE,2026,Głogów,ul. Andromedy 62,Głogów,Andromedy 62,ul
22353,SZKOŁA PODSTAWOWA NR 12 Z ODDZIAŁAMI INTEGRACYJNYMI IM. KAWALERÓW ORDERU UŚMIECHU W GŁOGOWIE,2026,Głogów,ul. Mikołaja Gomółki 43,Głogów,Gomółki 43,ul mikołaja
22354,SZKOŁA PODSTAWOWA NR 13 IM. ORLĄT LWOWSKICH W GŁOGOWIE,2026,Głogów,ul. Akacjowa 10,Głogów,Akacjowa 10,ul
22355,SZKOŁA PODSTAWOWA NR 14 IM. HENRYKA III GŁOGOWSKIEGO W GŁOGOWIE,2026,Głogów,ul. Królewska 12,Głogów,Królewska 12,ul
22384,ZESPÓŁ SZKOLNO-PRZEDSZKOLNY IM.TADEUSZA KOŚCIUSZKI W RYCZOWIE-SZKOŁA PODSTAWOWA,2026,Ryczów,ul. Szkolna 18,Ryczów,Szkolna 18,ul
22396,SZKOŁA PODSTAWOWA W RZECZENICY IM. GENERAŁA WŁADYSŁAWA ANDERSA,2026,Rzeczenica,ul. Przechlewska 6,Rzeczenica,Przechlewska 6,ul
22400,SZKOŁA PODSTAWOWA NR 9 IM. JÓZEFA PIŁSUDSKIEGO W ELBLĄGU,2026,Elbląg,ul. Józefa Wybickiego 20,Elbląg,Wybickiego 20,ul józefa
22424,KATOLICKA SZKOŁA PODSTAWOWA IM. KS. DRA BERNARDA SYCHTY,2026,Świecie,ul. Sądowa 20,Świecie,Sądowa 20,ul
22432,SZKOŁA PODSTAWOWA IM.POLSKI NIEPODLEGŁEJ W ZALESIU,2026,Zalesie,ul. Szkolna 10,Zalesie,Szkolna 10,ul
22435,SZKOŁA PODSTAWOWA IM.STEFANA ŻEROMSKIEGO W TRZCIŃSKU-ZDROJU,2026,Trzcińsko-Zdrój,ul. 2 Lutego 3,Trzcińsko-Zdrój,Lutego 3,ul 2
22494,SZKOŁA PODSTAWOWA NR 3 IM.FR.SĘDZICKIEGO W KOŚCIERZYNIE,2026,Kościerzyna,ul. Mestwina II 2,Kościerzyna,Mestwina II 2,ul
22507,SZKOŁA PODSTAWOWA NR 1 IM. KAZIMIERZA WIELKIEGO W GRYBOWIE,2026,Grybów,ul. Szkolna 1,Grybów,Szkolna 1,ul
22511,SZKOŁA PODSTAWOWA NR 12 IM. MIRY ZIMIŃSKIEJ SYGIETYŃSKIEJ W PŁOCKU,2026,Płock,ul. Brzozowa 3,Płock,Brzozowa 3,ul
22515,PUBLICZNA SZKOŁA PODSTAWOWA IM. MIKOŁAJA KOPERNIKA W LEWINIE BRZESKIM,2026,Lewin Brzeski,ul. Kościuszki 61,Lewin Brzeski,Kościuszki 61,ul
22533,SZKOŁA PODSTAWOWA W MIKOŁAJKACH,2026,Mikołajki,ul. Papieża Jana Pawła II 7,Mikołajki,Jana Pawła II 7,ul papieża
22544,SZKOŁA PODSTAWOWA NR 23 IM. FRYDERYKA CHOPINA W ZESPOLE SZKOLNO-PRZEDSZKOLNYM NR 6 W DĄBROWIE GÓRNICZEJ,2026,Dąbrowa Górnicza,ul. Idzikowskiego 139 c,Dąbrowa Górnicza,Idzikowskiego 139 c,ul
22604,SZKOŁA PODSTAWOWA W RADAWNICY,2026,Radawnica,ul. Uniwersytecka 6,Radawnica,Uniwersytecka 6,ul
22654,SZKOŁA PODSTAWOWA NR 25 IM. STEFANA ŻEROMSKIEGO W ZESPOLE SZKOLNO-PRZEDSZKOLNYM NR 2 W DABROWIE GÓRNICZEJ,2026,Dąbrowa Górnicza,ul. Mieszka I 20,Dąbrowa Górnicza,Mieszka I 20,ul
22675,SZKOŁA PODSTAWOWA IM. ARMII KRAJOWEJ,2026,Niechlów,ul. Szkolna 23,Niechlów,Szkolna 23,ul
22683,PUBLICZNA SZKOŁA PODSTAWOWA,2026,Niwiski,ul. Rynek 21,Niwiski,Rynek 21,ul
22686,SZKOŁA PODSTAWOWA IM. KS. JANA TWARDOWSKIEGO W MAKOWIE Z FILIĄ W ŚWIĘTEM,2026,Maków,ul. Główna 4,Maków,Główna 4,ul
22713,SZKOŁA PODSTAWOWA NR 26 Z ODDZIAŁAMI PRZEDSZKOLNYMI IM. MARII KONOPNICKIEJ W DĄBROWIE GÓRNICZEJ,2026,Dąbrowa Górnicza,ul. Gołonoska 23,Dąbrowa Górnicza,Gołonoska 23,ul
22723,SZKOŁA PODSTAWOWA IM. IGNACEGO ŁUKASIEWICZA W ŚWIERZOWEJ POLSKIEJ,2026,Świerzowa Polska,ul. Szkolna 31,Świerzowa Polska,Szkolna 31,ul
22771,SZKOŁA PODSTAWOWA Z ODDZIAŁAMI INTEGRACYJNYMI NR 22 IM. JANUSZA KORCZAKA W PŁOCKU,2026,Płock,ul. Czwartaków 6,Płock,Czwartaków 6,ul
22773,SZKOŁA PODSTAWOWA NR 23 IM. MARII DĄBROWSKIEJ W ELBLĄGU,2026,Elbląg,ul. Słoneczna 14,Elbląg,Słoneczna 14,ul
22779,SZKOŁA PODSTAWOWA IM. MARII KONOPNICKIEJ W KOTLINIE,2026,Kotlin,ul. Marii Konopnickiej 22,Kotlin,Konopnickiej 22,ul marii
22875,OGÓLNOKSZTAŁCĄCA SZKOŁA MUZYCZNA I STOPNIA,2026,Rzeszów,ul. Jana III Sobieskiego 15,Rzeszów,Jana III Sobieskiego 15,ul
22907,SZKOŁA PODSTAWOWA NR 3 IM.KPT.STANISŁAWA BETLEJA,2026,Kłodzko,ul. Jana Pawła II 4,Kłodzko,Jana Pawła II 4,ul
22918,INTEGRACYJNA PRYWATNA SZKOŁA PODSTAWOWA MONTESSORI IM. TERESY BAUMAN,2026,Kościerzyna,ul. Kalinowa 37,Kościerzyna,Kalinowa 37,ul
22969,PRYWATNA SZKOŁA PODSTAWOWA COMPLEX OF SILESIAN INTERNATIONAL SCHOOLS,2026,Katowice,ul. Wincentego Witosa 18,Katowice,Witosa 18,ul wincentego
22977,SZKOŁA PODSTAWOWA NR 27 IM. BOLESŁAWA PRUSA W ZESPOLE SZKOLNO-PRZEDSZKOLNYM NR 1 W DABROWIE GÓRNICZEJ,2026,Dąbrowa Górnicza,ul. Żołnierska 188,Dąbrowa Górnicza,Żołnierska 188,ul
23003,SZKOŁA PODSTAWOWA NR 6 IM. OBROŃCÓW WESTERPLATTE W STARACHOWICACH,2026,Starachowice,ul. Stanisława Moniuszki 117,Starachowice,Moniuszki 117,ul stanisława
23009,SZKOŁA PODSTAWOWA IM. EDMUNDA BOJANOWSKIEGO W KUNOWIE,2026,Kunowo,ul. Szkolna 5,Kunowo,Szkolna 5,ul
23023,SZKOŁA PODSTAWOWA IM. TADEUSZA KOŚCIUSZKI W PAWONKOWIE,2026,Pawonków,ul. Szkolna 1,Pawonków,Szkolna 1,ul
23047,SZKOŁA PODSTAWOWA NR 310 IM. MICHAŁA BYLINY,2026,Warszawa,ul. Hawajska 7,Warszawa,Hawajska 7,ul
23058,SZKOŁA PODSTAWOWA IM. WANDY KAWY I BRONISŁAWY KAWY W KOŚMIDRACH,2026,Kośmidry,ul. Szkolna 3,Kośmidry,Szkolna 3,ul
23063,SZKOŁA PODSTAWOWA NR 1 IM. ADAMA MICKIEWICZA,2026,Łódź,ul. dr. Seweryna Sterlinga 24,Łódź,Sterlinga 24,ul dr seweryna
23065,"SZKOŁA PODSTAWOWA NR 3 IM. MJR. HENRYKA DOBRZAŃSKIEGO "" HUBALA""",2026,Łódź,al. Harcerzy - Zatorowców 6,Łódź,Harcerzy - Zatorowców 6,al
23067,SZKOŁA PODSTAWOWA NR 5 IM. KRÓLA STEFANA BATOREGO,2026,Łódź,ul. Łęczycka 23,Łódź,Łęczycka 23,ul
23069,SZKOŁA PODSTAWOWA NR 7 IM. ORLĄT LWOWSKICH,2026,Łódź,ul. Wiosenna 1,Łódź,Wiosenna 1,ul
23070,SZKOŁA PODSTAWOWA NR 10 IM. WŁADYSŁAWA BRONIEWSKIEGO,2026,Łódź,ul. Stanisława Przybyszewskiego 15/21,Łódź,Przybyszewskiego 15/21,ul stanisława
23071,SZKOŁA PODSTAWOWA NR 11 IM. MARII KOWNACKIEJ,2026,Łódź,ul. Hufcowa 20a,Łódź,Hufcowa 20a,ul
23072,SZKOŁA PODSTAWOWA NR 12 IM. MARIANA BATKI,2026,Łódź,ul. Juliusza Jurczyńskiego 1/3,Łódź,Jurczyńskiego 1/3,ul juliusza
23073,SZKOŁA PODSTAWOWA NR 14 IM. JÓZEFA LOMPY,2026,Łódź,ul. inż. pilota Wigury 8/10,Łódź,Wigury 8/10,ul inż pilota
23075,SZKOŁA PODSTAWOWA NR 23 IM. MARII BOHUSZEWICZÓWNY,2026,Łódź,ul. Gdańska 16,Łódź,Gdańska 16,ul
23076,SZKOŁA PODSTAWOWA NR 24,2026,Łódź,ul. Ciesielska 14a,Łódź,Ciesielska 14a,ul
23077,"SZKOŁA PODSTAWOWA NR 26 IM. ARMII ""ŁÓDŹ""",2026,Łódź,ul. Kpt. Stefana Pogonowskiego 27/29,Łódź,Pogonowskiego 27/29,ul kpt stefana
23078,SZKOŁA PODSTAWOWA NR 29 IM. JANA KOCHANOWSKIEGO,2026,Łódź,ul. Przędzalniana 70,Łódź,Przędzalniana 70,ul
23079,SZKOŁA PODSTAWOWA NR 313 IM. POLSKICH ODKRYWCÓW,2026,Warszawa,ul. Jana Cybisa 1,Warszawa,Cybisa 1,ul jana
23080,SZKOŁA PODSTAWOWA NR 30 IM. ROTMISTRZA WITOLDA PILECKIEGO,2026,Łódź,ul. Rysownicza 1/3,Łódź,Rysownicza 1/3,ul
23082,SZKOŁA PODSTAWOWA NR 34 IM. WISŁAWY SZYMBORSKIEJ,2026,Łódź,ul. Mieczysławy Ćwiklińskiej 9,Łódź,Ćwiklińskiej 9,ul mieczysławy
23083,SZKOŁA PODSTAWOWA NR 35 IM. MARIANA PIECHALA,2026,Łódź,ul. Generała Tadeusza Kutrzeby 4,Łódź,Kutrzeby 4,ul generała tadeusza
23084,SZKOŁA PODSTAWOWA NR 36 IM. ZENONA WASILEWSKIEGO,2026,Łódź,ul. płk. dr. St. Więckowskiego 35,Łódź,Więckowskiego 35,ul płk dr st
23086,SZKOŁA PODSTAWOWA NR 38 IM. DR. HENRYKA JORDANA,2026,Łódź,ul. Krochmalna 21,Łódź,Krochmalna 21,ul
23087,SZKOŁA PODSTAWOWA NR 40 IM. BOHATERÓW REWOLUCJI 1905 R.,2026,Łódź,ul. Ksawerego Praussa 2,Łódź,Praussa 2,ul ksawerego
23088,SZKOŁA PODSTAWOWA NR 41 IM. KRÓLA WŁADYSŁAWA JAGIEŁŁY,2026,Łódź,ul. Rajdowa 18,Łódź,Rajdowa 18,ul
23089,SZKOŁA PODSTAWOWA NR 42 IM. STANISŁAWA STASZICA,2026,Łódź,ul. Przyszkole 42,Łódź,Przyszkole 42,ul
23090,SZKOŁA PODSTAWOWA NR 44 IM. PROF. JANA MOLLA,2026,Łódź,ul. Janusza Kusocińskiego 100,Łódź,Kusocińskiego 100,ul janusza
23104,SZKOŁA PODSTAWOWA NR 46 IM. JÓZEFA CHEŁMOŃSKIEGO,2026,Łódź,ul. kpt. pilota Żwirki 11/13,Łódź,Żwirki 11/13,ul kpt pilota
23105,SZKOŁA PODSTAWOWA NR 48 IM. STANISŁAWA MONIUSZKI,2026,Łódź,ul. Rydzowa 15,Łódź,Rydzowa 15,ul
23106,SZKOŁA PODSTAWOWA NR 51 IM. STEFANA LINKEGO,2026,Łódź,ul. Konstantego Ciołkowskiego 11a,Łódź,Ciołkowskiego 11a,ul konstantego
23108,SZKOŁA PODSTAWOWA W MYŚLACHOWICACH,2026,Myślachowice,ul. Trzebińska 15,Myślachowice,Trzebińska 15,ul
23118,SZKOŁA PODSTAWOWA IM.WŁADYSŁAWA BRONIEWSKIEGO W PSARACH,2026,Psary,ul. Szkolna 17,Psary,Szkolna 17,ul
23124,SZKOŁA PODSTAWOWA NR 12 IM. MIKOŁAJA KOPERNIKA W STARACHOWICACH,2026,Starachowice,ul. Słoneczna 1a,Starachowice,Słoneczna 1a,ul
23128,SZKOŁA PODSTAWOWA W BORONOWIE W ZESPOLE PLACÓWEK OŚWIATOWYCH IM. UNII EUROPEJSKIEJ W BORONOWIE,2026,Boronów,ul. Poznańska 2,Boronów,Poznańska 2,ul
23146,SZKOŁA PODSTAWOWA NR 16 IM. JANA ŚNIADECKIEGO W KRAKOWIE,2026,Kraków,ul. Józefa Dietla 70,Kraków,Dietla 70,ul józefa
23163,SZKOŁA PODSTAWOWA NR 36 IM. HENRYKA SIENKIEWICZA W KRAKOWIE,2026,Kraków,ul. Mazowiecka 70,Kraków,Mazowiecka 70,ul
23178,SZKOŁA PODSTAWOWA Z ODDZIAŁAMI INTEGRACYJNYMI NR 61 IM. JULIANA PRZYBOSIA W WARSZAWIE,2026,Warszawa,ul. Białobrzeska 27,Warszawa,Białobrzeska 27,ul
23192,SZKOŁA PODSTAWOWA NR 97 IM POLSKICH NOBLISTEK W WARSZAWIE,2026,Warszawa,ul. Spiska 1,Warszawa,Spiska 1,ul
23194,ZESPÓŁ SZKOLNO-PRZEDSZKOLNY IM.MAJORA HENRYKA SUCHARSKIEGO W SPYTKOWICACH-SZKOŁA PODSTAWOWA NR 1,2026,Spytkowice,ul. Szkolna 14,Spytkowice,Szkolna 14,ul
23195,SZKOŁA PODSTAWOWA NR 5 Z ODDZIAŁAMI INTEGRACYJNYMI W TYCHACH,2026,Tychy,ul. Stefana Czarnieckiego 22,Tychy,Czarnieckiego 22,ul stefana
23197,SPORTOWA SZKOŁA PODSTAWOWA NR 19 IM. MIKOŁAJA KOPERNIKA,2026,Tychy,al. Niepodległości 190,Tychy,Niepodległości 190,al
23233,SZKOŁA PODSTAWOWA NR 2 IM. JANA PAWŁA II W MUSZYNIE,2026,Muszyna,ul. Kościuszki 54,Muszyna,Kościuszki 54,ul
23237,SZKOŁA PODSTAWOWA IM. KRZYSZTOFA KAMILA BACZYŃSKIEGO W PIŁAWIE GÓRNEJ,2026,Piława Górna,ul. Tadeusza Kościuszki 1,Piława Górna,Kościuszki 1,ul tadeusza
23244,SZKOŁA PODSTAWOWA NR 54 IM. KORNELA MAKUSZYŃSKIEGO,2026,Łódź,ul. Wróbla 5,Łódź,Wróbla 5,ul
23245,SZKOŁA PODSTAWOWA NR 55 IM. EUGENIUSZA LOKAJSKIEGO,2026,Łódź,ul. Antoniego Mackiewicza 9,Łódź,Mackiewicza 9,ul antoniego
23254,SZKOŁA PODSTAWOWA NR 83 IM. STANISŁAWA JACHOWICZA,2026,Łódź,ul. Podmiejska 21,Łódź,Podmiejska 21,ul
23256,SZKOŁA PODSTAWOWA NR 91 IM. LEONIDA TELIGI,2026,Łódź,ul. Marcina Kasprzaka 45,Łódź,Kasprzaka 45,ul marcina
23267,SZKOŁA PODSTAWOWA IM. JANA PAWŁA II,2026,Boruszowice,ul. Szkolna 2,Boruszowice,Szkolna 2,ul
23280,SZKOŁA PODSTAWOWA NR 3 IM. ZIEMI RADLIŃSKIEJ W RADLINIE,2026,Radlin,ul. Józefa Rymera 170,Radlin,Rymera 170,ul józefa
23295,SZKOŁA PODSTAWOWA IM. JANA PAWŁA II W SOKOLNIKACH,2026,Sokolniki,ul. Szkolna 1,Sokolniki,Szkolna 1,ul
23297,SZKOŁA PODSTAWOWA IM. MIKOŁAJA KOPERNIKA W DOBRZYCY,2026,Dobrzyca,ul. Szkolna 4a,Dobrzyca,Szkolna 4a,ul
23298,"SZKOŁA PODSTAWOWA NR 24 Z ODDZIAŁAMI INTEGRACYJNYMI IM. ""POLSKICH OLIMPIJCZYKÓW"" W ZESPOLE EDUKACYJNYM NR 4 W ZIELONEJ GÓRZE",2026,Zielona Góra,ul. Drzonków-Szkolna 2,Zielona Góra,Drzonków-Szkolna 2,ul
23300,SZKOŁA PODSTAWOWA NR 26 Z ODDZIAŁAMI INTEGRACYJNYMI IM.JANA BRZECHWY W ZESPOLE EDUKACYJNYM NR 6 W ZIELONEJ GÓRZE,2026,Zielona Góra,ul. Przylep-8 Maja 6,Zielona Góra,Przylep-8 Maja 6,ul
23301,SZKOŁA PODSTAWOWA NR 27 IM. WŁADYSŁAWA BRONIEWSKIEGO W ZESPOLE EDUKACYJNYM NR 7 W ZIELONEJ GÓRZE,2026,Zielona Góra,ul. Stary Kisielin-Szkolna 14,Zielona Góra,Stary Kisielin-Szkolna 14,ul
23302,"SZKOŁA PODSTAWOWA NR 28 IM. ""LUBUSKICH RODZIN KATYŃSKICH"" W ZESPOLE EDUKACYJNYM NR 8 W ZIELONEJ GÓRZE",2026,Zielona Góra,ul. Zawada-Szkolna 24,Zielona Góra,Zawada-Szkolna 24,ul
23311,SZKOŁA PODSTAWOWA NR 264 IM. GABRIELI MISTRAL W WARSZAWIE,2026,Warszawa,ul. Walentego Skorochód-Majewskiego 17,Warszawa,Skorochód-Majewskiego 17,ul walentego
23341,"SZKOŁA PODSTAWOWA IM. 32 ESKADRY ROZPOZNAWCZEJ LOTNICTWA ARMII ""ŁÓDŹ"" W WALICHNOWACH",2026,Walichnowy,ul. Szkolna 28A,Walichnowy,Szkolna 28A,ul
23346,SZKOŁA PODSTAWOWA Z ODDZIAŁAMI INTEGRACYJNYMI NR 280 IM. TYTUSA CHAŁUBIŃSKIEGO W WARSZAWIE,2026,Warszawa,ul. Gorlicka 3,Warszawa,Gorlicka 3,ul
23389,SZKOŁA PODSTAWOWA NR 101 IM. JANA KOCHANOWSKIEGO,2026,Łódź,ul. Wspólna 5/7,Łódź,Wspólna 5/7,ul
23390,SZKOŁA PODSTAWOWA NR 109 IM. LUDWIKI WAWRZYŃSKIEJ,2026,Łódź,ul. Pryncypalna 74,Łódź,Pryncypalna 74,ul
23391,SZKOŁA PODSTAWOWA NR 110 IM. PARTYZANTÓW ZIEMI ŁÓDZKIEJ,2026,Łódź,ul. Zamknięta 3,Łódź,Zamknięta 3,ul
23392,SZKOŁA PODSTAWOWA NR 111,2026,Łódź,ul. Stefana Jaracza 44/46,Łódź,Jaracza 44/46,ul stefana
23395,SZKOŁA PODSTAWOWA NR 319 IM. MARII KANN,2026,Warszawa,ul. Związku Walki Młodych 10,Warszawa,Związku Walki Młodych 10,ul
23399,SPORTOWA SZKOŁA PODSTAWOWA NR 2 IM. KOMISJI EDUKACJI NARODOWEJ W RADLINIE,2026,Radlin,ul. mjr. Piotra Iwanowicza Rogozina 55,Radlin,Rogozina 55,ul mjr piotra iwanowicza
23401,SZKOŁA PODSTAWOWA NR 322 IM. JANA BRZECHWY,2026,Warszawa,ul. Edwarda Dembowskiego 9,Warszawa,Dembowskiego 9,ul edwarda
23403,SZKOŁA PODSTAWOWA NR 113 IM. ADOLFA DYGASIŃSKIEGO,2026,Łódź,ul. Unicka 6,Łódź,Unicka 6,ul
23404,SZKOŁA PODSTAWOWA NR 114,2026,Łódź,ul. Milionowa 64,Łódź,Milionowa 64,ul
23419,SZKOŁA PODSTAWOWA NR 18 IM. CYPRIANA KAMILA NORWIDA W BIELSKU-BIAŁEJ,2026,Bielsko-Biała,ul. Cypriana Kamila Norwida 30,Bielsko-Biała,Norwida 30,ul cypriana kamila
23448,SZKOŁA PODSTAWOWA NR 323 IM. POLSKICH OLIMPIJCZYKÓW,2026,Warszawa,ul. Ludwika Hirszfelda 11,Warszawa,Hirszfelda 11,ul ludwika
23457,SZKOŁA PODSTAWOWA IMIENIA SZARYCH SZEREGÓW W CZARNOCINIE W ZESPOLE SZKOLNO- PRZEDSZKOLNYM W CZARNOCINIE,2026,Czarnocin,ul. Główna 134,Czarnocin,Główna 134,ul
23482,SZKOŁA PODSTAWOWA NR 120 IM. KONSTYTUCJI 3 MAJA,2026,Łódź,ul. Centralna 40,Łódź,Centralna 40,ul
23483,SZKOŁA PODSTAWOWA NR 122,2026,Łódź,ul. Jesionowa 38,Łódź,Jesionowa 38,ul
23503,SZKOŁA PODSTAWOWA NR 77 IM. WANDY CHOTOMSKIEJ,2026,Warszawa,ul. Samogłoska 9,Warszawa,Samogłoska 9,ul
23504,SZKOŁA PODSTAWOWA NR 133 IM. STEFANA CZARNIECKIEGO,2026,Warszawa,ul. Antoniego Fontany 3,Warszawa,Fontany 3,ul antoniego
23505,SZKOŁA PODSTAWOWA NR 187 IM. ADAMA MICKIEWICZA,2026,Warszawa,ul. Leopolda Staffa 21,Warszawa,Staffa 21,ul leopolda
23508,"SZKOŁA PODSTAWOWA Z ODDZIAŁAMI INTEGRACYJNYMI NR 247 IM. KAZIMIERZA LISIECKIEGO ""DZIADKA""",2026,Warszawa,ul. Wrzeciono 9,Warszawa,Wrzeciono 9,ul
23514,SZKOŁA PODSTAWOWA INTEGRACYJNA NR 135 IM. MARII KOWNACKIEJ,2026,Warszawa,ul. Grzegorza Przemyka 5,Warszawa,Przemyka 5,ul grzegorza
23529,"SZKOŁA PODSTAWOWA NR 336 IM. JANKA BYTNARA ""RUDEGO""",2026,Warszawa,ul. Witolda Małcużyńskiego 4,Warszawa,Małcużyńskiego 4,ul witolda
23617,SZKOŁA PODSTAWOWA NR 8,2026,Lębork,ul. Mireckiego 10,Lębork,Mireckiego 10,ul
23635,SZKOŁA PODSTAWOWA NR 31 IM. ZAGŁĘBIA DĄBROWSKIEGO W ZESPOLE SZKOLNO-PRZEDSZKOLNYM NR 7 W DĄBROWIE GÓRNICZEJ,2026,Dąbrowa Górnicza,ul. Aleja Zwycięstwa 77,Dąbrowa Górnicza,Aleja Zwycięstwa 77,ul
23641,SZKOŁA PODSTAWOWA NR 1 IM. STEFANA ŻEROMSKIEGO W ŻUROMINIE,2026,Żuromin,ul. Wyzwolenia 12,Żuromin,Wyzwolenia 12,ul
23670,SZKOŁA PODSTAWOWA NR 35 Z ODDZIAŁAMI PRZEDSZKOLNYMI W DĄBROWIE GÓRNICZEJ,2026,Dąbrowa Górnicza,ul. Uczniowska 24,Dąbrowa Górnicza,Uczniowska 24,ul
23693,PARAFIALNA SZKOŁA PODSTAWOWA IM. ŚW. FRANCISZKA Z ASYŻU,2026,Żukowo,ul. Klasztorna 18,Żukowo,Klasztorna 18,ul
23696,SZKOŁA PODSTAWOWA NR 1 IM. BOHATERÓW WESTERPLATTE W BIELSKU-BIAŁEJ,2026,Bielsko-Biała,ul. Dywizji Kościuszkowskiej 2,Bielsko-Biała,Dywizji Kościuszkowskiej 2,ul
23697,SZKOŁA PODSTAWOWA NR 3 IM. MACIERZY SZKOLNEJ W BIELSKU-BIAŁEJ,2026,Bielsko-Biała,ul. Antoniego Osuchowskiego 8,Bielsko-Biała,Osuchowskiego 8,ul antoniego
23698,SZKOŁA PODSTAWOWA NR 4 W BIELSKU-BIAŁEJ,2026,Bielsko-Biała,ul. Emilii Plater 3,Bielsko-Biała,Plater 3,ul emilii
23699,SZKOŁA PODSTAWOWA NR 6 INTEGRACYJNA IM. KAZIMIERZA BRODZIŃSKIEGO W BIELSKU-BIAŁEJ,2026,Bielsko-Biała,ul. Kazimierza Brodzińskiego 3,Bielsko-Biała,Brodzińskiego 3,ul kazimierza
23701,SZKOŁA PODSTAWOWA NR 9 IM. TADEUSZA KOŚCIUSZKI W BIELSKU-BIAŁEJ,2026,Bielsko-Biała,ul. Józefa Piłsudskiego 47,Bielsko-Biała,Piłsudskiego 47,ul józefa
23702,SZKOŁA PODSTAWOWA NR 13 IM. WŁADYSŁAWA JAGIEŁŁY W BIELSKU-BIAŁEJ,2026,Bielsko-Biała,ul. Lipnicka 226,Bielsko-Biała,Lipnicka 226,ul
23703,SZKOŁA PODSTAWOWA NR 20 IM.JERZEGO KUKUCZKI W BIELSKU-BIAŁEJ,2026,Bielsko-Biała,ul. Teofila Aleksandra Lenartowicza 17,Bielsko-Biała,Lenartowicza 17,ul teofila aleksandra
23704,SZKOŁA PODSTAWOWA NR 24 IM. TADEUSZA KOŚCIUSZKI W BIELSKU-BIAŁEJ,2026,Bielsko-Biała,ul. Żywiecka 239,Bielsko-Biała,Żywiecka 239,ul
23705,SZKOŁA PODSTAWOWA NR 25 IM. KSIĘDZA JANA TWARDOWSKIEGO W BIELSKU-BIAŁEJ,2026,Bielsko-Biała,ul. Pocztowa 28a,Bielsko-Biała,Pocztowa 28a,ul
23706,SZKOŁA PODSTAWOWA NR 26 IM. ZYGMUNTA LUBERTOWICZA W BIELSKU-BIAŁEJ,2026,Bielsko-Biała,ul. Złoty Potok 7,Bielsko-Biała,Złoty Potok 7,ul
23708,SZKOŁA PODSTAWOWA NR 28 IM. GEN. JÓZEFA KUSTRONIA W BIELSKU-BIAŁEJ,2026,Bielsko-Biała,ul. Wyzwolenia 343,Bielsko-Biała,Wyzwolenia 343,ul
23710,SZKOŁA PODSTAWOWA NR 31 IM. JANA KOCHANOWSKIEGO W BIELSKU-BIAŁEJ,2026,Bielsko-Biała,ul. Zapłocie Duże 1,Bielsko-Biała,Zapłocie Duże 1,ul
23711,SZKOŁA PODSTAWOWA NR 32 IM. JANA III SOBIESKIEGO W BIELSKU-BIAŁEJ,2026,Bielsko-Biała,ul. Cieszyńska 393,Bielsko-Biała,Cieszyńska 393,ul
23728,SZKOŁA PODSTAWOWA IM. MARII KONOPNICKIEJ W NOWYM BRZESKU,2026,Nowe Brzesko,ul. Krakowska 29,Nowe Brzesko,Krakowska 29,ul
23729,SZKOŁA PODSTAWOWA Z ODDZIAŁAMI INTEGRACYJNYMI NR 343 IM. MATKI TERESY Z KALKUTY,2026,Warszawa,ul. Stefana Kopcińskiego 7,Warszawa,Kopcińskiego 7,ul stefana
23735,NIEPUBLICZNA SZKOŁA PODSTAWOWA Z ODDZIAŁAMI INTEGRACYJNYMI W ZALESICACH,2026,Zalesice,ul. Nadrzeczna 3,Zalesice,Nadrzeczna 3,ul
23736,SZKOŁA PODSTAWOWA NR 1 IM. MIKOŁAJA KOPERNIKA,2026,Lidzbark Warmiński,ul. Szkolna 2,Lidzbark Warmiński,Szkolna 2,ul
23746,SZKOŁA PODSTAWOWA NR 168 IM. CZESŁAWA NIEMENA,2026,Warszawa,ul. Zwycięzców 44,Warszawa,Zwycięzców 44,ul
23759,ZESPÓŁ SZKÓŁ W ŁĘCE OPATOWSKIEJ SZKOŁA PODSTAWOWA IMIENIA MJRA STANISŁAWA JEZIORNEGO W ŁĘCE OPATOWSKIEJ,2026,Łęka Opatowska,ul. Szkolna 4,Łęka Opatowska,Szkolna 4,ul
23762,ZESPÓŁ SZKÓŁ W OPATOWIE SZKOŁA PODSTAWOWA IM. KARDYNAŁA STEFANA WYSZYŃSKIEGO W OPATOWIE,2026,Opatów,ul. Poznańska 7,Opatów,Poznańska 7,ul
23775,SZKOŁA PODSTAWOWA NR 1 IM. KRÓLOWEJ JADWIGI W OŚWIĘCIMIU,2026,Oświęcim,ul. Królowej Jadwigi 12,Oświęcim,Jadwigi 12,ul królowej
23776,SZKOŁA PODSTAWOWA Z ODDZIAŁAMI INTEGRACYJNYMI NR 4 IM. STANISŁAWA WYSPIAŃSKIEGO W OŚWIĘCIMIU,2026,Oświęcim,ul. Jędrzeja Śniadeckiego 26,Oświęcim,Śniadeckiego 26,ul jędrzeja
23778,SZKOŁA PODSTAWOWA IM. KARDYNAŁA STEFANA WYSZYŃSKIEGO W KADZIDLE,2026,Kadzidło,ul. Kościuszki 13,Kadzidło,Kościuszki 13,ul
23795,SZKOŁA PODSTAWOWA NR 2 IM. STANISŁAWA STASZICA,2026,Chełmno,ul. 22 Stycznia 4,Chełmno,Stycznia 4,ul 22
23802,SZKOŁA PODSTAWOWA IM. JANA PAWŁA II W SOBKOWIE,2026,Sobków,ul. Źródłowa 4,Sobków,Źródłowa 4,ul
23830,"ZESPÓŁ SZKÓŁ W SIEMIANICACH SZKOŁA PODSTAWOWA W SIEMIANICACH IM.""SZEMBEKÓW Z SIEMIANIC""",2026,Siemianice,ul. Szkolna 2,Siemianice,Szkolna 2,ul
23841,SZKOŁA PODSTAWOWA NR 5 IM. ORŁA BIAŁEGO W OŚWIĘCIMIU,2026,Oświęcim,ul. Eugeniusza Kalicińskiego 5,Oświęcim,Kalicińskiego 5,ul eugeniusza
23880,SZKOŁA PODSTAWOWA NR 255 IM. CYPRIANA KAMILA NORWIDA,2026,Warszawa,ul. Kamionkowska 36/44,Warszawa,Kamionkowska 36/44,ul
23899,SZKOŁA PODSTAWOWA IM. MARSZAŁKA JÓZEFA PIŁSUDSKIEGO W IŁOWIE,2026,Iłów,ul. Płocka 14,Iłów,Płocka 14,ul
23921,SZKOŁA PODSTAWOWA Z ODDZIAŁAMI SPORTOWYMI NR 11 IM. MIKOŁAJA KOPERNIKA W OŚWIĘCIMIU,2026,Oświęcim,ul. Aleja Juliusza Słowackiego 2A,Oświęcim,Aleja Juliusza Słowackiego 2A,ul
23928,SZKOŁA PODSTAWOWA NR 17 IM. BOHATERÓW WESTERPLATTE W ZABRZU W ZESPOLE SZKÓŁ OGÓLNOKSZTAŁCĄCYCH NR 14 W ZABRZU,2026,Zabrze,ul. ks. Doktora Antoniego Korczoka 98,Zabrze,Korczoka 98,ul ks doktora antoniego
23929,SZKOŁA PODSTAWOWA NR 18 IM.POWSTAŃCÓW ŚLĄSKICH W ZABRZU,2026,Zabrze,ul. Olchowa 2,Zabrze,Olchowa 2,ul
23930,SZKOŁA PODSTAWOWA NR 21 IM.JURIJA GAGARINA W ZABRZU,2026,Zabrze,ul. Bytomska 26,Zabrze,Bytomska 26,ul
23932,SZKOŁA PODSTAWOWA NR 23 IM.TADEUSZA KOŚCIUSZKI W ZABRZU,2026,Zabrze,ul. Johanna Pestalozziego 16,Zabrze,Pestalozziego 16,ul johanna
23935,SZKOŁA PODSTAWOWA NR 26 IM. RODŁA W ZABRZU,2026,Zabrze,ul. Stanisława Ogórka 9,Zabrze,Ogórka 9,ul stanisława
23936,SZKOŁA PODSTAWOWA NR 28 IM. MIŁOŚNIKÓW ROKITNICY W ZABRZU,2026,Zabrze,ul. Ireny Kosmowskiej 43,Zabrze,Kosmowskiej 43,ul ireny
23937,SZKOŁA PODSTAWOWA NR 30 W ZABRZU,2026,Zabrze,ul. Ludwiki Wawrzyńskiej 11,Zabrze,Wawrzyńskiej 11,ul ludwiki
23938,SZKOŁA PODSTAWOWA NR 31 W ZABRZU,2026,Zabrze,ul. dr. Henryka Jordana 7,Zabrze,Jordana 7,ul dr henryka
23945,SZKOŁA MISTRZOSTWA SPORTOWEGO W ZABRZU W ZESPOLE SZKÓŁ SPORTOWYCH IM. JANUSZA KUSOCIŃSKIEGO W ZABRZU,2026,Zabrze,ul. Filipiny Płaskowickiej 2,Zabrze,Płaskowickiej 2,ul filipiny
24016,SZKOŁA PODSTAWOWA NR 35 W ZABRZU W ZESPOLE SZKÓŁ NR 18 W ZABRZU,2026,Zabrze,ul. Konrada Sitki 55,Zabrze,Sitki 55,ul konrada
24028,SZKOŁA PODSTAWOWA IM. DR LECHA SIUDY W SZEWCACH,2026,Szewce,ul. Bukowska 151,Szewce,Bukowska 151,ul
24031,SZKOŁA PODSTAWOWA IM. O. IGNACEGO CIEŚLAKA W DOBIEŻYNIE,2026,Dobieżyn,ul. Powstańców Wlkp. 3,Dobieżyn,Powstańców Wlkp. 3,ul
24067,SZKOŁA PODSTAWOWA NR 3 IM. IGNACEGO KRASICKIEGO,2026,Lidzbark Warmiński,ul. Lipowa 17a,Lidzbark Warmiński,Lipowa 17a,ul
24073,SZKOŁA PODSTAWOWA IM. JANUSZA KORCZAKA W BABACH,2026,Baby,ul. Piotrkowska 20,Baby,Piotrkowska 20,ul
24094,SZKOŁA PODSTAWOWA IM. ADAMA MICKIEWICZA W CIEPŁOWODACH,2026,Ciepłowody,ul. Szkolna 2,Ciepłowody,Szkolna 2,ul
24103,SZKOŁA PODSTAWOWA NR 2 SPECJALNA W KRUPSKIM MŁYNIE,2026,Krupski Młyn,ul. Krasickiego 4,Krupski Młyn,Krasickiego 4,ul
24119,SZKOŁA PODSTAWOWA NR 2 IM. A. MICKIEWICZA W KŁOBUCKU,2026,Kłobuck,ul. Szkolna 1,Kłobuck,Szkolna 1,ul
24122,PUBLICZNA SZKOŁA PODSTAWOWA STOWARZYSZENIA PRZYJACIÓŁ SZKÓŁ KATOLICKICH IM. BŁ. KARDYNAŁA STEFANA WYSZYŃSKIEGO W LGOCIE,2026,Lgota,ul. Południowa 138,Lgota,Południowa 138,ul
24147,SZKOŁA PODSTAWOWA NR 3 IM. JANA BRZECHWY W GOLENIOWIE,2026,Goleniów,ul. Jodłowa 33,Goleniów,Jodłowa 33,ul
24178,"SZKOŁA PODSTAWOWA NR 7 IM. ""GEN. JÓZEFA BEMA"" W OSTROWIE WIELKOPOLSKIM",2026,Ostrów Wielkopolski,ul. Bema 30,Ostrów Wielkopolski,Bema 30,ul
24179,"SZKOŁA PODSTAWOWA NR 9 IM. ""JANA PAWŁA II"" W OSTROWIE WIELKOPOLSKIM",2026,Ostrów Wielkopolski,ul. Asnyka 26,Ostrów Wielkopolski,Asnyka 26,ul
24187,SZKOŁA PODSTAWOWA NR 1 IM. RATOWNIKÓW GÓRSKICH W KRYNICY-ZDROJU,2026,Krynica-Zdrój,ul. Marszałka Józefa Piłsudskiego 91,Krynica-Zdrój,Piłsudskiego 91,ul marszałka józefa
24189,SZKOŁA PODSTAWOWA IM. KAZIMIERZA PUŁASKIEGO W TYLICZU,2026,Tylicz,ul. Kazimierza Wielkiego 9,Tylicz,Kazimierza Wielkiego 9,ul
24194,SZKOŁA PODSTAWOWA NR 1 IM. STEFANA ŻEROMSKIEGO W OGRODZIEŃCU,2026,Ogrodzieniec,ul. Kościuszki 67,Ogrodzieniec,Kościuszki 67,ul
24232,SZKOŁA PODSTAWOWA IM. MARII I MICHAŁA KRUKIERKÓW W RÓWNEM,2026,Równe,ul. Długa 41,Równe,Długa 41,ul
24262,SZKOŁA PODSTAWOWA IM. BOHATERÓW WALK O PRZEŁĘCZ DUKIELSKĄ W LATACH 1944-1945 W DUKLI,2026,Dukla,ul. Kościuszki 13,Dukla,Kościuszki 13,ul
24266,SZKOŁA PODSTAWOWA NR 7 IM. MARII KONOPNICKIEJ W ZAWIERCIU,2026,Zawiercie,ul. Oświatowa 55,Zawiercie,Oświatowa 55,ul
24295,ZESPÓŁ KSZTAŁCENIA PODSTAWOWEGO I PRZEDSZKOLNEGO W MAŁEJ SŁOŃCY - SZKOŁA PODSTAWOWA IM. IRENY SENDLEROWEJ W MAŁEJ SŁOŃCY,2026,Mała Słońca,ul. Długa 1,Mała Słońca,Długa 1,ul
24328,SZKOŁA PODSTAWOWA NR 15 IM. ŚW. FRANCISZKA Z ASYŻU W PŁOCKU,2026,Płock,ul. Przyszkolna 22,Płock,Przyszkolna 22,ul
24335,SZKOŁA PODSTAWOWA NR 1 W BIERUNIU,2026,Bieruń,ul. Krakowska 30,Bieruń,Krakowska 30,ul
24336,SZKOŁA PODSTAWOWA W SOLCU-ZDROJU,2026,Solec-Zdrój,ul. 1 Maja 18,Solec-Zdrój,Maja 18,ul 1
24348,SZKOŁA PODSTAWOWA NR 1 IM. JANA KOCHANOWSKIEGO W STARACHOWICACH,2026,Starachowice,ul. 1 Maja 11,Starachowice,Maja 11,ul 1
24358,SZKOŁA PODSTAWOWA IM.UNITÓW DRELOWSKICH W DRELOWIE,2026,Drelów,ul. Szkolna 11,Drelów,Szkolna 11,ul
24382,SZKOŁA PODSTAWOWA NR 3 IM. ORŁA BIAŁEGO W BIERUNIU,2026,Bieruń,ul. Węglowa 11,Bieruń,Węglowa 11,ul
24385,SZKOŁA PODSTAWOWA W ZBOROWIE,2026,Zborów,ul. Zwierzyniec 3,Zborów,Zwierzyniec 3,ul
24410,SZKOŁA PODSTAWOWA NR 3 IM . 25 KALISKIEJ DYWIZJI PIECHOTY,2026,Łęczyca,ul. Zachodnia 23,Łęczyca,Zachodnia 23,ul
24437,SZKOŁA PODSTAWOWA IMIENIA PARTYZANTÓW BRACI MICHAŁA I ALEKSANDRA CHRZANOWSKICH W GRÓDKU,2026,Gródek,ul. Aleksandra i Grzegorza Chodkiewiczów 18,Gródek,Chodkiewiczów 18,ul aleksandra i grzegorza
24449,SZKOŁA PODSTAWOWA IM. WŁADYSŁAWA JAGIEŁŁY W KOŚCIELISKU,2026,Kościelisko,ul. Szeligówka 11,Kościelisko,Szeligówka 11,ul
24461,SZKOŁA PODSTAWOWA IM. TOMASZA MASTEJA W CHOJNEM,2026,Chojne,ul. Główna 1,Chojne,Główna 1,ul
24572,SZKOŁA PODSTAWOWA IM.STANISŁAWA STASZICA,2026,Dankowice,ul. Szkolna 4,Dankowice,Szkolna 4,ul
24573,SZKOŁA PODSTAWOWA IM.JANA PAWŁAII,2026,Pisarzowice,ul. św. Floriana 28,Pisarzowice,Floriana 28,ul św
24591,"SZKOŁA PODSTAWOWA NR 6 IM. ""MACIEJA RATAJA"" W OSTROWIE WIELKOPOLSKIM",2026,Ostrów Wielkopolski,ul. Staroprzygodzka 112,Ostrów Wielkopolski,Staroprzygodzka 112,ul
24598,PUBLICZNA SZKOŁA PODSTAWOWA NR 5 Z ODZ. INTEGRACYJNYMI IM. KAROLA MUSIOŁA W OPOLU,2026,Opole,"ul. Majora ""Hubala"" 2",Opole,"""Hubala"" 2",ul majora
24600,"SZKOŁA PODSTAWOWA NR 5 IM. ""MIESZKA I"" W OSTROWIE WIELKOPOLSKIM",2026,Ostrów Wielkopolski,ul. Grabowska 1-3,Ostrów Wielkopolski,Grabowska 1-3,ul
24611,SZKOŁA PODSTAWOWA IM. JANA III SOBIESKIEGO W RUDACH,2026,Rudy,ul. Rogera 2,Rudy,Rogera 2,ul
24612,SPOŁECZNA JĘZYKOWA SZKOŁA PODSTAWOWA LTO,2026,Lębork,ul. Jacka Malczewskiego 34,Lębork,Malczewskiego 34,ul jacka
24643,PUBLICZNA SZKOŁA PODSTAWOWA NR 2 IM. I MARSZAŁKA POLSKI JÓZEFA PIŁSUDSKIEGO,2026,Mogielnica,ul. Przylesie 10a,Mogielnica,Przylesie 10a,ul
24648,SZKOŁA PODSTAWOWA NR 8 W RACIBORZU,2026,Racibórz,ul. Kozielska 19,Racibórz,Kozielska 19,ul
24649,SZKOŁA PODSTAWOWA NR 2 IM. MARII SKŁODOWSKIEJ-CURIE,2026,Piastów,ul. Aleja Krakowska 20,Piastów,Aleja Krakowska 20,ul
24683,SZKOŁA PODSTAWOWA NR 4 IM. JANA PAWŁA II,2026,Lidzbark Warmiński,ul. Polna 36,Lidzbark Warmiński,Polna 36,ul
24684,SZKOŁA PODSTAWOWA IM. MARII KONOPNICKIEJ W SEROKOMLI,2026,Serokomla,ul. Warszawska 28,Serokomla,Warszawska 28,ul
24685,"SZKOŁA PODSTAWOWA NR 279 IM. BATALIONÓW AK ""GUSTAW"" I ""HARNAŚ""",2026,Warszawa,ul. Cyrklowa 1,Warszawa,Cyrklowa 1,ul
24714,I PRYWATNA SZKOŁA PODSTAWOWA,2026,Sierpc,ul. Dworcowa 5b,Sierpc,Dworcowa 5b,ul
24722,SZKOŁA PODSTAWOWA NR 2 IM.ARMII KRAJOWEJ W SIERPCU,2026,Sierpc,ul. Płocka 38a,Sierpc,Płocka 38a,ul
24768,PUBLICZNA SZKOŁA PODSTAWOWA NR 28 IM. ŚW. WOJCIECHA W OPOLU,2026,Opole,ul. Bogumiła Wyszomirskiego 6,Opole,Wyszomirskiego 6,ul bogumiła
24780,SPOŁECZNA SZKOŁA PODSTAWOWA NR 3 Z ODDZIAŁAMI DWUJĘZYCZNYMI BIAŁOSTOCKIEGO TOWARZYSTWA OŚWIATOWEGO W BIAŁYMSTOKU,2026,Białystok,ul. Kalinowa 5,Białystok,Kalinowa 5,ul
24804,SZKOŁA PODSTAWOWA IM. POWSTAŃCÓW WIELKOPOLSKICH W GÓRZE,2026,Góra,ul. Jarocińska 6,Góra,Jarocińska 6,ul
24805,SZKOŁA PODSTAWOWA IM. JANUSZA KORCZAKA W NOSKOWIE,2026,Nosków,ul. Szkolna 28,Nosków,Szkolna 28,ul
24825,SZKOŁA PODSTAWOWA NR 1 IM. MARII KONOPNICKIEJ W ZŁOTORYI,2026,Złotoryja,pl. Niepodległości 7,Złotoryja,Niepodległości 7,pl
24828,SZKOŁA PODSTAWOWA NR 3 IM. HENRYKA BRODATEGO W ZŁOTORYI,2026,Złotoryja,ul. Wilcza 41,Złotoryja,Wilcza 41,ul
24940,SZKOŁA PODSTAWOWA NR 1 Z ODDZIAŁAMI INTEGRACYJNYMI IM. CZARNEGO LEGIONU W GOSTYNIU,2026,Gostyń,ul. Stanisława Helsztyńskiego 8,Gostyń,Helsztyńskiego 8,ul stanisława
24941,SZKOŁA PODSTAWOWA NR 2 IM. GEN. TADEUSZA KUTRZEBY W GOSTYNIU,2026,Gostyń,ul. Wrocławska 264,Gostyń,Wrocławska 264,ul
24942,SZKOŁA PODSTAWOWA NR 5 IM. KS. FRANCISZKA OLEJNICZAKA W GOSTYNIU,2026,Gostyń,ul. Graniczna 1,Gostyń,Graniczna 1,ul
24956,SZKOŁA PODSTAWOWA NR 45 IM. PAULI MONTAL SIÓSTR PIJAREK,2026,Kraków,ul. Janusza Meissnera 20,Kraków,Meissnera 20,ul janusza
24976,SZKOŁA PODSTAWOWA NR 12 IM. SYNÓW PUŁKU,2026,Grudziądz,ul. Moniuszki 14,Grudziądz,Moniuszki 14,ul
24977,SZKOŁA PODSTAWOWA NR 4 IM. POR. ZBIGNIEWA KRUSZELNICKIEGO PS. „WILK”,2026,Grudziądz,ul. Jaśminowa 2,Grudziądz,Jaśminowa 2,ul
24978,SZKOŁA PODSTAWOWA NR 5 IM. PŁK STANISŁAWA SITKA,2026,Grudziądz,ul. Sienkiewicza 24,Grudziądz,Sienkiewicza 24,ul
24979,SZKOŁA PODSTAWOWA NR 18 IM. BOHATERÓW WESTERPLATTE,2026,Grudziądz,ul. Dąbrówki 7,Grudziądz,Dąbrówki 7,ul
25010,PUBLICZNA SZKOŁA PODSTAWOWA W ROKOCINIE,2026,Rokocin,ul. Parkowa 2,Rokocin,Parkowa 2,ul
25025,KATOLICKA SZKOŁA PODSTAWOWA NR 7 IM. KS. KARD. STEFANA WYSZYŃSKIEGO,2026,Warszawa,ul. Ogrodowa 3a,Warszawa,Ogrodowa 3a,ul
25028,SPOŁECZNA SZKOŁA PODSTAWOWA NR 10 IM.KARDYNAŁA STEFANA WYSZYŃSKIEGO SPOŁECZNEGO TOWARZYSTWA OŚWIATOWEGO,2026,Warszawa,ul. Ostrobramska 72,Warszawa,Ostrobramska 72,ul
25031,PRYWATNA SZKOŁA PODSTAWOWA NR 6 SIÓSTR NIEPOKALANEK IM. BŁ. M. MARCELINY DAROWSKIEJ,2026,Warszawa,ul. Jerzego Zaruby 2,Warszawa,Zaruby 2,ul jerzego
25035,SZKOŁA PODSTAWOWA NR 24 SPOŁECZNEGO TOWARZYSTWA OŚWIATOWEGO,2026,Warszawa,ul. Muszlowa 15,Warszawa,Muszlowa 15,ul
25047,SZKOŁA PODSTAWOWA NR 1 IM DR. STANISŁAWA KRZYSIA W BARCINIE,2026,Barcin,ul. Plac 1 Maja 8,Barcin,Plac 1 Maja 8,ul
25058,SZKOŁA PODSTAWOWA NR 1 IM. JANA III SOBIESKIEGO W GNIEWIE,2026,Gniew,ul. Gdańska 16,Gniew,Gdańska 16,ul
25105,SZKOŁA PODSTAWOWA NR 1 IM. KRZYSZTOFA SZYDŁOWIECKIEGO W ĆMIELOWIE,2026,Ćmielów,ul. Długa 164,Ćmielów,Długa 164,ul
25130,PUBLICZNA SZKOŁA PODSTAWOWA IM. JANA PAWŁA II Z ODDZIAŁAMI PRZEDSZKOLNYMI W KOSTRZY,2026,Kostrza,ul. Stefana Żeromskiego 22,Kostrza,Żeromskiego 22,ul stefana
25157,SZKOŁA PODSTAWOWA NR 4 IM. NAUCZYCIELI BOHATERÓW ZIEMI KOŚCIERSKIEJ W KOSCIERZYNIE,2026,Kościerzyna,ul. Szkolna 1,Kościerzyna,Szkolna 1,ul
25167,SZKOŁA PODSTAWOWA NR 3 IM.KS. JANA TWARDOWSKIEGO W SIERPCU,2026,Sierpc,ul. Konstytucji 3 Maja 8,Sierpc,Konstytucji 3 Maja 8,ul
25172,SZKOŁA PODSTAWOWA NR 3 IM.KRZYSZTOFA KAMILA BACZYŃSKIEGO,2026,Racibórz,ul. Kapitana Serafina Myśliwca 16,Racibórz,Myśliwca 16,ul kapitana serafina
25174,SZKOŁA PODSTAWOWA NR 27 IM. GEN. ELŻBIETY ZAWACKIEJ,2026,Toruń,ul. Turystyczna 19,Toruń,Turystyczna 19,ul
25175,PUBLICZNA SZKOŁA PODSTAWOWA IM. STEFANA ŻEROMSKIEGO W OLEŚNICY,2026,Oleśnica,ul. Szkolna 9,Oleśnica,Szkolna 9,ul
25192,SZKOŁA PODSTAWOWA NR 56 IM. BRONISŁAWA CZECHA,2026,Łódź,ul. Turoszowska 10,Łódź,Turoszowska 10,ul
25193,SZKOŁA PODSTAWOWA NR 58 IM. MELCHIORA WAŃKOWICZA,2026,Łódź,ul. Młynarska 42/46,Łódź,Młynarska 42/46,ul
25194,SZKOŁA PODSTAWOWA NR 65 IM. JULIUSZA SŁOWACKIEGO,2026,Łódź,ul. Pojezierska 10,Łódź,Pojezierska 10,ul
25195,SZKOŁA PODSTAWOWA NR 70 IM. STANISŁAWA WYSPIAŃSKIEGO,2026,Łódź,ul. Rewolucji 1905 r. 22,Łódź,Rewolucji 1905 r. 22,ul
25198,SZKOŁA PODSTAWOWA NR 81 IM. BOHATERSKICH DZIECI ŁODZI,2026,Łódź,ul. Emilii Plater 28/32,Łódź,Plater 28/32,ul emilii
25203,PUBLICZNA SZKOŁA PODSTAWOWA NR 3 IM. HENRYKA SIENKIEWICZA Z ODDZIAŁAMI PRZEDSZKOLNYMI W STRZEGOMIU,2026,Strzegom,ul. Brzegowa 1,Strzegom,Brzegowa 1,ul
25234,SZKOŁA PODSTAWOWA NR 5 IM. JANA BRZECHWY Z JĘZYKIEM MNIEJSZOŚCI NIEMIECKIEJ,2026,Racibórz,ul. Bojanowska 5,Racibórz,Bojanowska 5,ul
25238,SZKOŁA PODSTAWOWA NR 152 IM. MARII DĄBROWSKIEJ W WARSZAWIE,2026,Warszawa,ul. Powstańców Wielkopolskich 4,Warszawa,Powstańców Wielkopolskich 4,ul
25301,SZKOŁA PODSTAWOWA NR 2 IM.ŚW.TERESY OD DZIECIĄTKA JEZUS,2026,Podkowa Leśna,ul. Kościelna 4,Podkowa Leśna,Kościelna 4,ul
25315,ZESPÓŁ SZKOLNO - PRZEDSZKOLNY SZKOŁA PODSTAWOWA IM.ADAMA MICKIEWICZA W KONSTANTYNOWIE,2026,Konstantynów,ul. Nowa 2,Konstantynów,Nowa 2,ul
25346,SZKOŁA PODSTAWOWA NR 13 IM.STANISŁAWA STASZICA,2026,Racibórz,ul. ks. Stanisława Staszica 12,Racibórz,Staszica 12,ul ks stanisława
25378,SZKOŁA PODSTAWOWA IM.BERNARDA CHRZANOWSKIEGO W WOJNOWICACH,2026,Wojnowice,ul. Poznańska 5,Wojnowice,Poznańska 5,ul
25409,SZKOŁA PODSTAWOWA NR 7 IM. TADEUSZA KOŚCIUSZKI,2026,Racibórz,ul. Juliana Tuwima 1,Racibórz,Tuwima 1,ul juliana
25413,SZKOŁA PODSTAWOWA NR 125 IM. JANUSZA KORCZAKA,2026,Łódź,ul. Dzwonowa 18/20,Łódź,Dzwonowa 18/20,ul
25427,SZKOŁA PODSTAWOWA NR 130 IM. MARSZAŁKA JÓZEFA PIŁSUDSKIEGO,2026,Łódź,ul. Gościniec 1,Łódź,Gościniec 1,ul
25431,SZKOŁA PODSTAWOWA IM WALERIANA ŁUKASIŃSKIEGO W MORDACH,2026,Mordy,ul. Kilińskiego 13,Mordy,Kilińskiego 13,ul
25436,SZKOŁA PODSTAWOWA NR 137 IM. PROF. ALEKSANDRA KAMIŃSKIEGO,2026,Łódź,ul. Florecistów 3b,Łódź,Florecistów 3b,ul
25466,SZKOŁA PODSTAWOWA W PRZEZCHLEBIU,2026,Przezchlebie,ul. Szkolna 46,Przezchlebie,Szkolna 46,ul
25469,SZKOŁA PODSTAWOWA IM. JANA PAWŁA II W PROSTKACH,2026,Prostki,ul. 1 Maja 19,Prostki,Maja 19,ul 1
25477,SZKOŁA PODSTAWOWA NR 32 IM. 1 PUŁKU STRZELCÓW BYTOMSKICH,2026,Bytom,ul. Szymały 124,Bytom,Szymały 124,ul
25493,SZKOŁA PODSTAWOWA IM.JULIANA TUWIMA W ZŁOCHOWICACH,2026,Złochowice,ul. Wesoła 3,Złochowice,Wesoła 3,ul
25518,SZKOŁA PODSTAWOWA NR 2 IM. JANA KILIŃSKIEGO,2026,Krosno Odrzańskie,ul. Moniuszki 30,Krosno Odrzańskie,Moniuszki 30,ul
25520,ZESPÓŁ SZKOLNO-PRZEDSZKOLNY SZKOŁA PODSTAWOWA NR 1 IM. MARII SKŁODOWSKIEJ - CURIE,2026,Krosno Odrzańskie,ul. Bohaterów Wojska Polskiego 21,Krosno Odrzańskie,Bohaterów Wojska Polskiego 21,ul
25521,SZKOŁA PODSTAWOWA NR 3 IM.IGNACEGO ŁUKASIEWICZA,2026,Krosno Odrzańskie,ul. Pułaskiego 3,Krosno Odrzańskie,Pułaskiego 3,ul
25549,PUBLICZNA SZKOŁA PODSTAWOWA W KIETRZU IM. JANA PAWŁA II UL. GŁOWACKIEGO 37 48 - 130 KIETRZ,2026,Kietrz,ul. Głowackiego 37,Kietrz,Głowackiego 37,ul
25595,SZKOŁA PODSTAWOWA NR 36 W BYTOMIU,2026,Bytom,ul. Henryka Siemiradzkiego 9,Bytom,Siemiradzkiego 9,ul henryka
25680,SZKOŁA PODSTAWOWA IM. JANA PAWŁA II W KRĘPSKU,2026,Krępsko,ul. Szkolna 2,Krępsko,Szkolna 2,ul
25692,SZKOŁA PODSTAWOWA IM. WŁADYSŁAWA STANISŁAWA REYMONTA,2026,Kołaczkowo,ul. Krakowska 1,Kołaczkowo,Krakowska 1,ul
25701,"PRYWATNA SZKOŁA PODSTAWOWA IM. M.SKŁODOWSKIEJ-CURIE FUNDACJI ""SERCE SZKOLE""",2026,Dąbrowa Górnicza,ul. Aleja Józefa Piłsudskiego 4,Dąbrowa Górnicza,Aleja Józefa Piłsudskiego 4,ul
25766,SZKOŁA PODSTAWOWA NR 16 IM. PŁK. ZBIGNIEWA MAKOWIECKIEGO,2026,Grudziądz,ul. Kochanowskiego 19,Grudziądz,Kochanowskiego 19,ul
25804,SZKOŁA PODSTAWOWA NR 3 IM. JANUSZA KORCZAKA,2026,Grudziądz,ul. Narutowicza 6,Grudziądz,Narutowicza 6,ul
25809,SZKOŁA PODSTAWOWA NR 4,2026,Lębork,al. Wolności 31,Lębork,Wolności 31,al
25827,"SZKOŁA PODSTAWOWA SPÓŁDZIELNI OŚWIATOWEJ ""EDUKATOR"" W OSTROWIE WIELKOPOLSKIM",2026,Ostrów Wielkopolski,ul. Tuwima 12,Ostrów Wielkopolski,Tuwima 12,ul
25857,SZKOŁA PODSTAWOWA IM. MARSZAŁKA JÓZEFA PIŁSUDSKIEGO W DROHICZYNIE,2026,Drohiczyn,ul. Warszawska 51,Drohiczyn,Warszawska 51,ul
25862,SZKOŁA PODSTAWOWA NR 10 W RUMI IM. JANA BRZECHWY,2026,Rumia,ul. Górnicza 19,Rumia,Górnicza 19,ul
25865,SZKOŁA PODSTAWOWA NR 3 IM.WŁADYSŁAWA BRONIEWSKIEGO,2026,Bytom,ul. Strażacka 2,Bytom,Strażacka 2,ul
25866,SZKOŁA PODSTAWOWA NR 4 IM.MIKOŁAJA KOPERNIKA,2026,Bytom,ul. Bolesława Chrobrego 9,Bytom,Bolesława Chrobrego 9,ul
25871,SZKOŁA PODSTAWOWA IM. BRUNONA GREGORKIEWICZA W BIELKÓWKU,2026,Bielkówko,ul. Brunona Gregorkiewicza 11,Bielkówko,Gregorkiewicza 11,ul brunona
25872,SZKOŁA PODSTAWOWA NR 95 IM. WŁADYSŁAWA BRONIEWSKIEGO W KRAKOWIE,2026,Kraków,ul. Wileńska 9B,Kraków,Wileńska 9B,ul
25875,SZKOŁA PODSTAWOWA NR 6 IM. KSIĘDZA GRZEGORZA GERWAZEGO GORCZYCKIEGO,2026,Bytom,ul. Królowej Jadwigi 2,Bytom,Jadwigi 2,ul królowej
25876,SZKOŁA PODSTAWOWA NR 9 IM.ADAMA MICKIEWICZA,2026,Bytom,ul. Jana Matejki 15,Bytom,Matejki 15,ul jana
25898,SZKOŁA PODSTAWOWA NR 1 IM. TADEUSZA KOŚCIUSZKI Z ODDZIAŁAMI INTEGRACYJNYMI W CHEŁMIE,2026,Chełm,ul. Wołyńska 1,Chełm,Wołyńska 1,ul
25918,SZKOŁA PODSTAWOWA IM. MARII KONOPNICKIEJ W RACISZYNIE,2026,Raciszyn,ul. Działoszyńska 65,Raciszyn,Działoszyńska 65,ul
25935,SZKOŁA PODSTAWOWA W CZEKANOWIE,2026,Czekanów,ul. Szkolna 26,Czekanów,Szkolna 26,ul
25939,SZKOŁA PODSTAWOWA IM. JANA PAWŁA II W BONIOWICACH,2026,Boniowice,ul. Gliwicka 6,Boniowice,Gliwicka 6,ul
25942,SZKOŁA PODSTAWOWA W ZIEMIĘCICACH,2026,Ziemięcice,ul. Szkolna 6,Ziemięcice,Szkolna 6,ul
25987,SZKOŁA PODSTAWOWA IM. ADAMA MICKIEWICZA W UDANINIE,2026,Udanin,ul. Główna 19,Udanin,Główna 19,ul
26018,SZKOŁA PODSTAWOWA NR 2 W ŻUROMINIE IM. KORNELA MAKUSZYŃSKIEGO,2026,Żuromin,ul. Wiatraczna 16,Żuromin,Wiatraczna 16,ul
26037,SZKOŁA PODSTAWOWA NR 139 IM. WOJSKA POLSKIEGO,2026,Łódź,ul. Giewont 28,Łódź,Giewont 28,ul
26039,SZKOŁA PODSTAWOWA NR 142 IM. ZAWISZY CZARNEGO,2026,Łódź,ul. Łupkowa 6,Łódź,Łupkowa 6,ul
26043,SZKOŁA PODSTAWOWA IM. KARDYNAŁA STEFANA WYSZYŃSKIEGO W RUSKU,2026,Rusko,ul. Szkolna 29,Rusko,Szkolna 29,ul
26063,PUBLICZNA SZKOŁA PODSTAWOWA NR 4 IM. KORNELA MAKUSZYŃSKIEGO Z ODDZIAŁAMI PRZEDSZKOLNYMI W STRZEGOMIU,2026,Strzegom,ul. Aleja Wojska Polskiego 3-5,Strzegom,Aleja Wojska Polskiego 3-5,ul
26082,SZKOŁA PODSTAWOWA NR 6,2026,Brzeg Dolny,ul. Wilcza 4,Brzeg Dolny,Wilcza 4,ul
26087,SZKOŁA PODSTAWOWA NR 7,2026,Kłodzko,ul. H. Sienkiewicza 61,Kłodzko,Sienkiewicza 61,ul h
26091,SZKOŁA PODSTAWOWA IM. ANASTAZJI MILEWSKIEJ W LIPSKU,2026,Lipsk,ul. Szkolna 1,Lipsk,Szkolna 1,ul
26092,SZKOŁA PODSTAWOWA NR 143,2026,Łódź,ul. Kuźnicka 12,Łódź,Kuźnicka 12,ul
26093,SZKOŁA PODSTAWOWA NR 149 IM. OBROŃCÓW WESTERPLATTE,2026,Łódź,ul. Tatrzańska 69a,Łódź,Tatrzańska 69a,ul
26094,SZKOŁA PODSTAWOWA NR 152 IM. ELIZY ORZESZKOWEJ,2026,Łódź,ul. 28 Pułku Strzelców Kaniowskich 52/54,Łódź,Pułku Strzelców Kaniowskich 52/54,ul 28
26095,SZKOŁA PODSTAWOWA NR 153 IM. MARII SKŁODOWSKIEJ-CURIE,2026,Łódź,ul. Obrońców Westerplatte 28,Łódź,Obrońców Westerplatte 28,ul
26096,SZKOŁA PODSTAWOWA NR 61 IM. ŚW. FRANCISZKA Z ASYŻU,2026,Łódź,ul. Okólna 183,Łódź,Okólna 183,ul
26112,SZKOŁA PODSTAWOWA IM. JANA PAWŁA II W MAKSYMILIANOWIE,2026,Maksymilianowo,ul. Szkolna 7,Maksymilianowo,Szkolna 7,ul
26133,SZKOŁA PODSTAWOWA NR 162 IM. JANA NOWAKA-JEZIORAŃSKIEGO,2026,Łódź,ul. Powszechna 15,Łódź,Powszechna 15,ul
26134,SZKOŁA PODSTAWOWA NR 164 IM. ANDRZEJA FRYCZA MODRZEWSKIEGO,2026,Łódź,ul. Walerego Wróblewskiego 65,Łódź,Wróblewskiego 65,ul walerego
26135,SZKOŁA PODSTAWOWA IM. AGATY MRÓZ W NIEMCZU,2026,Niemcz,ul. Bydgoska 35,Niemcz,Bydgoska 35,ul
26194,SZKOŁA PODSTAWOWA NR 2 IM. MARII KONOPNICKIEJ W MOGILNIE,2026,Mogilno,ul. Sądowa 13,Mogilno,Sądowa 13,ul
26196,SZKOŁA PODSTAWOWA IM. HENRYKA SIENKIEWICZA W OKRZEI,2026,Okrzeja,ul. Szkolna 1,Okrzeja,Szkolna 1,ul
26255,SPOŁECZNA SZKOŁA PODSTAWOWA SPOŁECZNEGO TOWARZYSTWA OŚWIATOWEGO,2026,Kluczbork,ul. Ligonia 12,Kluczbork,Ligonia 12,ul
26266,SZKOŁA PODSTAWOWA NR 166 IM. AKADEMII PANA KLEKSA,2026,Łódź,ul. Szamotulska 1/7,Łódź,Szamotulska 1/7,ul
26267,SZKOŁA PODSTAWOWA NR 169 IM. MARII DĄBROWSKIEJ,2026,Łódź,ul. Napoleońska 7/17,Łódź,Napoleońska 7/17,ul
26268,SZKOŁA PODSTAWOWA NR 170 IM. ANIELI KRZYWOŃ,2026,Łódź,ul. Miedziana 1/3,Łódź,Miedziana 1/3,ul
26270,SZKOŁA PODSTAWOWA NR 172 IM. PROF. STEFANA BANACHA,2026,Łódź,ul. Jaskrowa 15,Łódź,Jaskrowa 15,ul
26302,SZKOŁA PODSTAWOWA NR 3 IM.TADEUSZA KOŚCIUSZKI W GOŁDAPI,2026,Gołdap,ul. Tadeusza Kościuszki 25,Gołdap,Kościuszki 25,ul tadeusza
26315,SZKOŁA PODSTAWOWA NR 1 W LUBONIU,2026,Luboń,ul. Józefa Poniatowskiego 16,Luboń,Poniatowskiego 16,ul józefa
26331,SZKOŁA PODSTAWOWA IM. KAWALERÓW ORDERU UŚMIECHU W DĄBRÓWCE,2026,Dąbrówka,ul. Malinowa 41,Dąbrówka,Malinowa 41,ul
26344,SZKOŁA PODSTAWOWA NR 2 IM.AUGUSTA HR.CIESZKOWSKIEGO W LUBONIU,2026,Luboń,ul. Żabikowska 40,Luboń,Żabikowska 40,ul
26359,SZKOŁA PODSTAWOWA IM. LOTNIKÓW MORSKICH W SIEMIROWICACH,2026,Siemirowice,ul. Szkolna 15,Siemirowice,Szkolna 15,ul
26368,SZKOŁA PODSTAWOWA IM. KRÓLA JANA III SOBIESKIEGO W KAŃCZUDZE,2026,Kańczuga,ul. Szkolna 5,Kańczuga,Szkolna 5,ul
26388,SZKOŁA PODSTAWOWA NR 3 Z ODDZIAŁAMI DWUJĘZYCZNYMI,2026,Luboń,ul. Jana Henryka Dąbrowskiego 2a,Luboń,Dąbrowskiego 2a,ul jana henryka
26416,SZKOŁA PODSTAWOWA NR 1 IM. MIKOŁAJA KOPERNIKA W ŚREMIE,2026,Śrem,ul. Jana Kochanowskiego 2,Śrem,Kochanowskiego 2,ul jana
26423,SZKOŁA PODSTAWOWA NR 2 IM. NOBLISTÓW POLSKICH,2026,Racibórz,ul. Sudecka 2,Racibórz,Sudecka 2,ul
26448,SZKOŁA PODSTAWOWA NR 4 IM. PROF ADAMA WODZICZKI,2026,Luboń,ul. 1 Maja 10,Luboń,Maja 10,ul 1
26462,SZKOŁA PODSTAWOWA NR 173 IM. ŻOŁNIERZY DYWIZJI KOŚCIUSZKOWSKIEJ,2026,Łódź,ul. Henryka Sienkiewicza 46,Łódź,Sienkiewicza 46,ul henryka
26464,SZKOŁA PODSTAWOWA NR 175 IM. HENRYKA RYLA,2026,Łódź,ul. Pomorska 27,Łódź,Pomorska 27,ul
26465,"SZKOŁA PODSTAWOWA NR 182 IM. TADEUSZA ZAWADZKIEGO ""ZOŚKI""",2026,Łódź,ul. Łanowa 16,Łódź,Łanowa 16,ul
26468,SZKOŁA PODSTAWOWA W ZĘBOWIE,2026,Zębowo,ul. Długa 1,Zębowo,Długa 1,ul
26478,SZKOŁA PODSTAWOWA NR 3 IM. MARII CURIE SKŁODOWSKIEJ,2026,Leszno,pl. pl. Jana Amosa Komeńskiego 1,Leszno,pl. Jana Amosa Komeńskiego 1,
26479,SZKOŁA PODSTAWOWA NR 4 IM. ADAMA MICKIEWICZA,2026,Leszno,ul. Henrykowska 1,Leszno,Henrykowska 1,ul
26480,SZKOŁA PODSTAWOWA NR 5 IM. HENRYKA SIENKIEWICZA,2026,Leszno,ul. Łowiecka 50c,Leszno,Łowiecka 50c,ul
26496,SZKOŁA PODSTAWOWA NR 293 IM. JANA KOCHANOWSKIEGO,2026,Warszawa,ul. Jana Kochanowskiego 8,Warszawa,Kochanowskiego 8,ul jana
26508,SZKOŁA PODSTAWOWA IM. POLSKICH OLIMPIJCZYKÓW W MASZEWIE LĘBORSKIM,2026,Maszewo Lęborskie,ul. Szkolna 5,Maszewo Lęborskie,Szkolna 5,ul
26528,SZKOŁA PODSTAWOWA NR 2 IM. POLSKICH OLIMPIJCZYKÓW W TRZEMESZNIE,2026,Trzemeszno,ul. 1 Maja 11,Trzemeszno,Maja 11,ul 1
26667,SZKOŁA PODSTAWOWA NR 21 IM. JÓZEFA LOMPY,2026,Bytom,ul. Worpie 14-16,Bytom,Worpie 14-16,ul
26668,SZKOŁA PODSTAWOWA NR 23,2026,Bytom,ul. Stanisława Wojciechowskiego 6,Bytom,Wojciechowskiego 6,ul stanisława
26669,SZKOŁA PODSTAWOWA NR 28 IM.KRÓLOWEJ JADWIGI,2026,Bytom,ul. Armii Krajowej 40,Bytom,Armii Krajowej 40,ul
26670,SZKOŁA PODSTAWOWA NR 33,2026,Bytom,ul. Matki Ewy 9,Bytom,Matki Ewy 9,ul
26675,SZKOŁA PODSTAWOWA NR 4 IM. WOJSKA POLSKIEGO W KROTOSZYNIE,2026,Krotoszyn,ul. Sienkiewicza 9,Krotoszyn,Sienkiewicza 9,ul
26686,SZKOŁA PODSTAWOWA NR 190 IM. JAROSŁAWA IWASZKIEWICZA,2026,Łódź,ul. Jacka Malczewskiego 37/47,Łódź,Malczewskiego 37/47,ul jacka
26688,SZKOŁA PODSTAWOWA NR 193 IM. KRZYSZTOFA KAMILA BACZYŃSKIEGO,2026,Łódź,ul. Małej Piętnastki 1,Łódź,Małej Piętnastki 1,ul
26689,SZKOŁA PODSTAWOWA NR 199 IM. JULIANA TUWIMA,2026,Łódź,ul. Józefa Elsnera 8,Łódź,Elsnera 8,ul józefa
26690,SZKOŁA PODSTAWOWA NR 202 IM. JANA PAWŁA II,2026,Łódź,ul. Jugosłowiańska 2,Łódź,Jugosłowiańska 2,ul
26693,SZKOŁA PODSTAWOWA NR 204 IM. STEFANA KARDYNAŁA WYSZYŃSKIEGO,2026,Łódź,ul. Tadeusza Gajcego 7/11,Łódź,Gajcego 7/11,ul tadeusza
26694,SZKOŁA PODSTAWOWA NR 205 IM. ŚW. JADWIGI KRÓLOWEJ POLSKI,2026,Łódź,ul. Dąbrówki 1,Łódź,Dąbrówki 1,ul
26709,SZKOŁA PODSTAWOWA IM. ZIEMI WARMIŃSKIEJ W PIENIĘŻNIE,2026,Pieniężno,ul. Ornecka 8,Pieniężno,Ornecka 8,ul
26723,SZKOŁA PODSTAWOWA Z ODDZIAŁAMI INTEGRACYJNYMI NR 1 IM. HELENY MARUSARZÓWNY,2026,Zakopane,ul. Władysława Orkana 6,Zakopane,Orkana 6,ul władysława
26734,SZKOŁA PODSTAWOWA NR 6 IM. ROMUALDA TRAUGUTTA W KONINIE,2026,Konin,ul. Kolejowa 2,Konin,Kolejowa 2,ul
26736,SZKOŁA PODSTAWOWA IM.JÓZEFA CHEŁMOŃSKIEGO W ŁYSZKOWICACH,2026,Łyszkowice,ul. Księstwa Łowickiego 11,Łyszkowice,Księstwa Łowickiego 11,ul
26777,PUBLICZNA SZKOŁA PODSTAWOWA NR 4 Z KLASAMI SPORTOWYMI IM. IRENY SZEWIŃSKIEJ W PUŁTUSKU,2026,Pułtusk,ul. New Britain 1,Pułtusk,New Britain 1,ul
26786,SZKOŁA PODSTAWOWA NR 4 IM. I SAMODZIELNEJ WARSZAWSKIEJ BRYGADY KAWALERII,2026,Gryfice,ul. Sienkiewicza 10,Gryfice,Sienkiewicza 10,ul
26789,SZKOŁA PODSTAWOWA NR 86 IM. BRONISŁAWA CZECHA,2026,Warszawa,ul. Koryncka 33,Warszawa,Koryncka 33,ul
26792,SZKOŁA PODSTAWOWA IM. MARII KOWNACKIEJ W DĄBRÓWCE WIELKIEJ,2026,Dąbrówka Wielka,ul. Główna 49,Dąbrówka Wielka,Główna 49,ul
26813,SZKOŁA PODSTAWOWA NR 37,2026,Bytom,ul. Tysiąclecia 7,Bytom,Tysiąclecia 7,ul
26814,SZKOŁA PODSTAWOWA NR 8 Z ODDZIAŁAMI DWUJĘZYCZNYMI IM. MARII SKŁODOWSKIEJ- CURIE W KROTOSZYNIE,2026,Krotoszyn,ul. 23 Stycznia 20,Krotoszyn,Stycznia 20,ul 23
26815,SZKOŁA PODSTAWOWA NR 38 IM. JANA III SOBIESKIEGO,2026,Bytom,ul. Janusza Korczaka 1,Bytom,Korczaka 1,ul janusza
26845,SZKOŁA PODSTAWOWA IM. MARII SKŁODOWSKIEJ-CURIE W OŚNIE LUBUSKIM,2026,Ośno Lubuskie,ul. Jeziorna 3,Ośno Lubuskie,Jeziorna 3,ul
26854,SZKOŁA PODSTAWOWA IM. KRZYSZTOFA KAMILA BACZYŃSKIEGO W IŃSKU,2026,Ińsko,ul. Poprzeczna 1,Ińsko,Poprzeczna 1,ul
26884,SZKOŁA PODSTAWOWA IM. TEOFILA LENARTOWICZA W REGIMINIE,2026,Regimin,ul. Heleny Dobrzynieckiej 1,Regimin,Dobrzynieckiej 1,ul heleny
26885,SZKOŁA PODSTAWOWA IM. JANA PAWŁA II W BIENIEWICACH,2026,Bieniewice,ul. Błońska 62,Bieniewice,Błońska 62,ul
26939,PUBLICZNA SZKOŁA PODSTAWOWA W ZŁOTNIKACH,2026,Złotniki,ul. Opolska 40,Złotniki,Opolska 40,ul
26948,SZKOŁA PODSTAWOWA IM. KS. JANA TWARDOWSKIEGO W STAROGARDZIE GDAŃSKIM,2026,Starogard Gdański,ul. Tadeusza Kościuszki 112,Starogard Gdański,Kościuszki 112,ul tadeusza
26952,KATOLICKA SZKOŁA PODSTAWOWA IM. ŚW. WOJCIECHA,2026,Bydgoszcz,ul. Nowodworska 17,Bydgoszcz,Nowodworska 17,ul
26989,SZKOŁA PODSTAWOWA IM. JANA PAWŁA II W GOWIDLINIE,2026,Gowidlino,ul. Prymasa Wyszyńskiego 5,Gowidlino,Wyszyńskiego 5,ul prymasa
27004,SZKOŁA PODSTAWOWA NR 9 IM. WŁODZIMIERZA PUCHALSKIEGO W SUWAŁKACH,2026,Suwałki,ul. Tadeusza Kościuszki 36,Suwałki,Kościuszki 36,ul tadeusza
27039,SZKOŁA PODSTAWOWA TOWARZYSTWA SALEZJAŃSKIEGO IM. BŁ. LAURY VICUNA W BYDGOSZCZY,2026,Bydgoszcz,ul. Pod Reglami 1,Bydgoszcz,Pod Reglami 1,ul
27041,"SZKOŁA PODSTAWOWA FUNDACJI OŚWIATOWEJ ""NASZA SZKOŁA"" W ŁODZI",2026,Łódź,ul. Zbaraska 19,Łódź,Zbaraska 19,ul
27042,ANGLOJĘZYCZNA SZKOŁA PODSTAWOWA PRZY SZKOLE EUROPEJSKIEJ,2026,Łódź,ul. Tuszyńska 31,Łódź,Tuszyńska 31,ul
27043,SZKOŁA PODSTAWOWA IM. JANA PAWŁA II W LESZCZYDOLE-NOWINACH,2026,Leszczydół-Nowiny,ul. Szkolna 26,Leszczydół-Nowiny,Szkolna 26,ul
27059,"SZKOŁA PODSTAWOWA NR 3 IM. STANISŁAWA WRÓBLA ""JASKÓŁKI"" W WYSZKOWIE",2026,Wyszków,ul. Stefana Batorego 6,Wyszków,Stefana Batorego 6,ul
27075,SZKOŁA PODSTAWOWA NR 140 IM. STANISŁAWA WYSPIAŃSKIEGO W KRAKOWIE,2026,Kraków,ul. Romana Prawocheńskiego 7,Kraków,Prawocheńskiego 7,ul romana
27083,SZKOŁA PODSTAWOWA NR 3 Z ODDZIAŁAMI INTEGRACYJNYMI IM. ADAMA MICKIEWICZA W CHEŁMIE,2026,Chełm,ul. Rejowiecka 76,Chełm,Rejowiecka 76,ul
27098,SZKOŁA PODSTAWOWA NR 1 IM. FELIKSA NOWOWIEJSKIEGO W BARCZEWIE,2026,Barczewo,ul. Wojska Polskiego 36,Barczewo,Wojska Polskiego 36,ul
27105,PUBLICZNA SZKOŁA PODSTAWOWA NR 2 IM. MIKOŁAJA KOPERNIKA Z ODDZIAŁAMI PRZEDSZKOLNYMI W STRZEGOMIU,2026,Strzegom,ul. Adama Mickiewicza 1,Strzegom,Mickiewicza 1,ul adama
27137,SZKOŁA PODSTAWOWA W OSOWIE,2026,Osowo,ul. Wielewska 23,Osowo,Wielewska 23,ul
27143,PRYWATNA SZKOŁA PODSTAWOWA KRZYSZTOFA AUGUSTYNIAKA W ŁODZI,2026,Łódź,ul. Deotymy 7,Łódź,Deotymy 7,ul
27146,PUBLICZNA SZKOŁA PODSTAWOWA IM KAROLA MIARKI W DYLAKACH,2026,Dylaki,ul. Szkolna 5,Dylaki,Szkolna 5,ul
27168,ZESPÓŁ SZKÓŁ SAMORZĄDOWYCH IM. JANA PAWŁA II SZKOŁA POSTAWOWA W TERESZPOLU-ZAORENDZIE,2026,Tereszpol-Zaorenda,ul. Szkolna 16,Tereszpol-Zaorenda,Szkolna 16,ul
27216,SZKOŁA PODSTAWOWA IM. DR WANDY BŁEŃSKIEJ W NIEPRUSZEWIE,2026,Niepruszewo,ul. Starowiejska 26,Niepruszewo,Starowiejska 26,ul
27273,SZKOŁA PODSTAWOWA ŁÓDZKIEGO STOWARZYSZENIA OŚWIATOWEGO,2026,Łódź,ul. Józefa Babickiego 15,Łódź,Babickiego 15,ul józefa
27290,SZKOŁA PODSTAWOWA IM. 18 DYWIZJI PIECHOTY ZIEMI ŁOMŻYŃSKIEJ W ANDRZEJEWIE,2026,Andrzejewo,ul. Warszawska 4,Andrzejewo,Warszawska 4,ul
27292,SZKOŁA PODSTAWOWA W GROTNIKACH,2026,Grotniki,ul. Brzozowa 4,Grotniki,Brzozowa 4,ul
27294,SZKOŁA PODSTAWOWA NR 2 IM. JANA PAWŁA II,2026,Wąbrzeźno,ul. Wolności 30,Wąbrzeźno,Wolności 30,ul
27298,SZKOŁA PODSTAWOWA IM. STULECIA ODZYSKANIA NIEPODLEGŁOŚCI POLSKI W DOBRZYKOWICACH,2026,Dobrzykowice,ul. Sukcesu 2,Dobrzykowice,Sukcesu 2,ul
27311,SZKOŁA PODSTAWOWA IM. TADEUSZA KOŚCIUSZKI W TUROBINIE,2026,Turobin,ul. Józefa Piłsudskiego 34,Turobin,Piłsudskiego 34,ul józefa
27315,SZKOŁA PODSTAWOWA NR 1 IM. KS. JÓZEFA TISCHNERA W RAJCZY,2024,Rajcza,rynek Rynek 2,Rajcza,Rynek 2,
27315,SZKOŁA PODSTAWOWA NR 1 IM. KS. JÓZEFA TISCHNERA W RAJCZY,2025,Rajcza,rynek Rynek 2,Rajcza,Rynek 2,
27315,SZKOŁA PODSTAWOWA NR 1 IM. KS. JÓZEFA TISCHNERA W RAJCZY,2026,Rajcza,rynek Rynek 2,Rajcza,Rynek 2,
27319,SZKOŁA PODSTAWOWA IM. TADEUSZA KOŚCIUSZKI W NIEDŹWIEDZIU,2026,Niedźwiedź,ul. Szkolna 11,Niedźwiedź,Szkolna 11,ul
27327,SZKOŁA PODSTAWOWA IM. JANUSZA KORCZAKA W RATOWICACH,2026,Ratowice,ul. Wrocławska 36,Ratowice,Wrocławska 36,ul
27355,SZKOŁA PODSTAWOWA IM. HENRYKA SIENKIEWICZA W SŁOWIKU,2026,Słowik,ul. Gdańska 42,Słowik,Gdańska 42,ul
27358,KATOLICKA SZKOŁA PODSTAWOWA IM. ŚW. JACKA W KATOWICACH,2026,Katowice,ul. ks. Franciszka Ścigały 17,Katowice,Ścigały 17,ul ks franciszka
27363,SZKOŁA PODSTAWOWA NR 1 IM. ZOFII URBANOWSKIEJ W KONINIE,2026,Konin,ul. Kolska 2,Konin,Kolska 2,ul
27365,SZKOŁA PODSTAWOWA IM. TADEUSZA KOŚCIUSZKI W BIAŁEJ PISKIEJ,2026,Biała Piska,ul. Moniuszki 7,Biała Piska,Moniuszki 7,ul
27369,SZKOŁA PODSTAWOWA IM. JANA PAWŁA II W PĘPOWIE,2026,Pępowo,ul. Powstańców Wielkopolskich 44,Pępowo,Powstańców Wielkopolskich 44,ul
27388,SZKOŁA PODSTAWOWA W LINIEWIE,2026,Liniewo,ul. Szkolna 2,Liniewo,Szkolna 2,ul
27394,SZKOŁA PODSTAWOWA W KOPIENICY,2026,Kopienica,ul. 1 Maja 3,Kopienica,Maja 3,ul 1
27397,SZKOŁA PODSTAWOWA IM. KORNELA MAKUSZYŃSKIEGO W BRZYSZOWIE,2026,Brzyszów,ul. Szkolna 2,Brzyszów,Szkolna 2,ul
27413,SZKOŁA PODSTAWOWA IM. JANA PAWŁA II W MOCHOWIE,2026,Mochowo-Parcele,ul. Szkolna 1,Mochowo-Parcele,Szkolna 1,ul
27456,PUBLICZNA SZKOŁA PODSTAWOWA NR 1 IM. MARII SKŁODOWSKIEJ-CURIE W OZIMKU,2026,Ozimek,ul. Częstochowska 26,Ozimek,Częstochowska 26,ul
27503,SZKOŁA PODSTAWOWA IM. MARSZAŁKA JÓZEFA PIŁSUDSKIEGO W GAŁKOWIE DUŻYM,2026,Gałków Duży,ul. Dzieci Polskich 14,Gałków Duży,Dzieci Polskich 14,ul
27504,SZKOŁA PODSTAWOWA NR 1 IM. TADEUSZA KOŚCIUSZKI W KOLUSZKACH,2026,Koluszki,ul. Zagajnikowa 12,Koluszki,Zagajnikowa 12,ul
27508,SZKOŁA PODSTAWOWA NR 2 IM. MARII KONOPNICKIEJ W KOLUSZKACH,2026,Koluszki,ul. Kościuszki 16,Koluszki,Kościuszki 16,ul
27523,ZESPÓŁ SZKOLNO-PRZEDSZKOLNY IM.TADEUSZA KOŚCIUSZKI W MUNINIE,2026,Munina,ul. 3-go Maja 93,Munina,Maja 93,ul 3 go
27526,ZESPÓŁ SZKOLNO-PRZEDSZKOLNY IM. ADAMA MICKIEWICZA W TUCZEMPACH,2026,Tuczempy,ul. Jana Pawła II 11,Tuczempy,Jana Pawła II 11,ul
27549,PUBLICZNA SZKOŁA PODSTAWOWA IM KARDYNAŁA STEFANA WYSZYŃSKIEGO W GŁOSKOWIE,2026,Głosków,ul. Szkolna 6,Głosków,Szkolna 6,ul
27604,SZKOŁA PODSTAWOWA IM. ŚW JANA PAWŁA II W RAKOWIE,2026,Raków,ul. Łagowska 25,Raków,Łagowska 25,ul
27612,SZKOŁA PODSTAWOWA NR 1 IM. BOLESŁAWA PRUSA,2026,Zielonka,ul. Stanisława Staszica 56,Zielonka,Staszica 56,ul stanisława
27613,SZKOŁA PODSTAWOWA NR 2 IM. MIKOŁAJA KOPERNIKA,2026,Zielonka,ul. Powstańców 3,Zielonka,Powstańców 3,ul
27614,SZKOŁA PODSTAWOWA NR 3 IM. JANUSZA KORCZAKA,2026,Zielonka,ul. Woodrowa Wilsona 34/36,Zielonka,Wilsona 34/36,ul woodrowa
27634,SZKOŁA PODSTAWOWA NR 7 IM WŁADYSŁAWA BRONIEWSKIEGO W ZDUŃSKIEJ WOLI,2026,Zduńska Wola,ul. Wodna 32,Zduńska Wola,Wodna 32,ul
27636,SZKOŁA PODSTAWOWA W ROGOŹNICY,2026,Rogoźnica,ul. Parkowa 1,Rogoźnica,Parkowa 1,ul
27641,SZKOŁA PODSTAWOWA NR 2 IM. KARDYNAŁA STEFANA WYSZYŃSKIEGO W HRUBIESZOWIE,2026,Hrubieszów,ul. Żeromskiego 29,Hrubieszów,Żeromskiego 29,ul
27673,SZKOŁA PODSTAWOWA IM. POWSTAŃCÓW STYCZNIOWYCH W OSJAKOWIE,2026,Osjaków,ul. Częstochowska 24,Osjaków,Częstochowska 24,ul
27705,SZKOŁA PODSTAWOWA NR 2 IM. TADEUSZA KOŚCIUSZKI NARCIARSKA SZKOŁA SPORTOWA W USTRZYKACH DOLNYCH,2026,Ustrzyki Dolne,ul. Dobra 6,Ustrzyki Dolne,Dobra 6,ul
27790,SZKOŁA PODSTAWOWA NR 2 IM DRA LEONA HEYKEGO W KOŚCIERZYNIE,2026,Kościerzyna,ul. Strzelecka 1,Kościerzyna,Strzelecka 1,ul
27798,SZKOŁA PODSTAWOWA W MURZYNOWIE,2026,Murzynowo,ul. Kościelna 7,Murzynowo,Kościelna 7,ul
27891,SZKOŁA PODSTAWOWA NR 42 IM. ZIEMI BYTOMSKIEJ W BYTOMIU,2026,Bytom,ul. Chorzowska 28H,Bytom,Chorzowska 28H,ul
27893,SZKOŁA PODSTAWOWA NR 45,2026,Bytom,ul. Zakątek 20,Bytom,Zakątek 20,ul
27894,SZKOŁA PODSTAWOWA NR 46 IM. BRACTWA KURKOWEGO GRODU BYTOMSKIEGO,2026,Bytom,ul. Bolesława Prusa 10,Bytom,Prusa 10,ul bolesława
27896,SZKOŁA PODSTAWOWA NR 54 IM. WACŁAWA KUCHARA,2026,Bytom,ul. Reptowska 86,Bytom,Reptowska 86,ul
27897,SZKOŁA PODSTAWOWA NR 51 Z ODDZIAŁAMI INTEGRACYJNYMI W BYTOMIU,2026,Bytom,ul. Łużycka 12a,Bytom,Łużycka 12a,ul
27942,SZKOŁA PODSTAWOWA Z ODDZIAŁAMI INTEGRACYJNYMI NR 2 IM. WOJCIECHA KĘTRZYŃSKIEGO,2026,Szczytno,ul. Wojciecha Kętrzyńskiego 6,Szczytno,Kętrzyńskiego 6,ul wojciecha
27944,SZKOŁA PODSTAWOWA NR 6 IM. ORŁA BIAŁEGO,2026,Szczytno,ul. Bohaterów Września 1939 r. 2,Szczytno,Bohaterów Września 1939 r. 2,ul
27950,SZKOŁA PODSTAWOWA NR 4 IM. BOLESŁAWA CHROBREGO W GOLENIOWIE,2026,Goleniów,ul. Szczecińska 36,Goleniów,Szczecińska 36,ul
27954,SZKOŁA PODSTAWOWA NR 3 IM. MARII SKŁODOWSKIEJ-CURIE,2026,Szczytno,ul. Marii Curie-Skłodowskiej 2,Szczytno,Curie-Skłodowskiej 2,ul marii
27957,PUBLICZNA SZKOŁA PODSTAWOWA W BOGUSZYCACH,2026,Boguszyce,ul. Opolska 17,Boguszyce,Opolska 17,ul
27979,SZKOŁA PODSTAWOWA IM.K.I.GAŁCZYŃSKIEGO W WĘGORZYNIE,2026,Węgorzyno,ul. Grunwaldzka 2,Węgorzyno,Grunwaldzka 2,ul
27983,SZKOŁA PODSTAWOWA IM. MIKOŁAJA KOPERNIKA W OSTROWIE,2026,Ostrów,ul. Kościelna 1,Ostrów,Kościelna 1,ul
27987,SZKOŁA PODSTAWOWA NR 7 IM. WOJSKA POLSKIEGO,2026,Leszno,al. Aleje Jana Pawła II 10,Leszno,Aleje Jana Pawła II 10,al
27989,SZKOŁA PODSTAWOWA NR 9 IM. KS. KARD. STEFANA WYSZYŃSKIEGO,2026,Leszno,ul. ks. Kardynała Stefana Wyszyńskiego 57,Leszno,Wyszyńskiego 57,ul ks kardynała stefana
28037,SZKOŁA PODSTAWOWA IM. POLSKICH DZIECI SYBERYJSKICH W STAREJ WSI,2026,Stara Wieś,ul. Fabryczna 6,Stara Wieś,Fabryczna 6,ul
28114,SZKOŁA PODSTAWOWA IM. MARSZAŁKA JÓZEFA PIŁSUDSKIEGO W PIĄTKU,2026,Piątek,ul. Szkolna 1,Piątek,Szkolna 1,ul
28116,SPOŁECZNA SZKOŁA PODSTAWOWA NR 13 Z ODDZIAŁAMI DWUJĘZYCZNYMI IM. LOTNIKÓW AMERYKAŃSKICH,2026,Warszawa,ul. Kazimierza Wóycickiego 1/3,Warszawa,Wóycickiego 1/3,ul kazimierza
28117,SPOŁECZNA SZKOŁA PODSTAWOWA NR 14 IM. DZIECI ZJEDNOCZONEJ EUROPY SPOŁECZNEGO TOWARZYSTWA OŚWIATOWEGO,2026,Warszawa,ul. Bachmacka 3,Warszawa,Bachmacka 3,ul
28118,SZKOŁA PODSTAWOWA Z ODDZIAŁAMI DWUJĘZYCZNYMI NR 20 IM. JANA GUTENBERGA FUNDACJI SZKOLNEJ W WARSZAWIE,2026,Warszawa,ul. Obrzeżna 12a,Warszawa,Obrzeżna 12a,ul
28155,SZKOŁA PODSTAWOWA W ZESPOLE SZKÓŁ IM. JÓZEFA CZYŻEWSKIEGO W OPALENIU,2026,Opalenie,ul. ks. Ludwika Warneckiego 10,Opalenie,Warneckiego 10,ul ks ludwika
28171,SZKOŁA PODSTAWOWA W KOTULINIE,2026,Kotulin,ul. Gliwicka 13,Kotulin,Gliwicka 13,ul
28172,SZKOŁA PODSTAWOWA W PACZYNIE,2026,Paczyna,ul. Wiejska 80,Paczyna,Wiejska 80,ul
28174,SZKOŁA PODSTAWOWA NR 2 IM. GUSTAWA MORCINKA W TOSZKU,2026,Toszek,ul. Wilkowicka 2,Toszek,Wilkowicka 2,ul
28210,SZKOŁA PODSTAWOWA NR 1 IM. ADAMA MICKIEWICZA W SUŁKOWICACH,2026,Sułkowice,ul. Tysiąclecia 17,Sułkowice,Tysiąclecia 17,ul
28228,SZKOŁA PODSTAWOWA IM. BOHATERÓW WYZWOLENIA ZIEMI WAŁECKIEJ W SKRZATUSZU,2026,Skrzatusz,ul. Rafała Leszczyńskiego 1,Skrzatusz,Leszczyńskiego 1,ul rafała
28504,SZKOŁA PODSTAWOWA IMIENIA ZIEMI KRZYSKIEJ W KRZYŻU WIELKOPOLSKIM,2026,Krzyż Wielkopolski,ul. Wojska Polskiego 31,Krzyż Wielkopolski,Wojska Polskiego 31,ul
28528,SZKOŁA PODSTAWOWA NR 10 IM. ŚWIĘTEGO JANA PAWŁA II,2026,Leszno,ul. Jagiellońska 7,Leszno,Jagiellońska 7,ul
28529,"SZKOŁA PODSTAWOWA NR 12 IM. GENERAŁA STEFANA ROWECKIEGO - ""GROTA""",2026,Leszno,ul. Rumuńska 6ab,Leszno,Rumuńska 6ab,ul
28530,SZKOŁA PODSTAWOWA NR 13 Z ODDZIAŁAMI INTEGRACYJNYMI IM. KRÓLA STANISŁAWA LESZCZYŃSKIEGO,2026,Leszno,ul. Tadeusza Rejtana 1,Leszno,Rejtana 1,ul tadeusza
28539,PRYWATNA SZKOŁA PODSTAWOWA KREA,2026,Łódź,ul. Gdyńska 3,Łódź,Gdyńska 3,ul
28630,SZKOŁA PODSTAWOWA IM. WŁADYSŁAWA ŁOKIETKA W ROSSOSZYCY,2026,Rossoszyca,ul. Sieradzka 7,Rossoszyca,Sieradzka 7,ul
28646,PUBLICZNA SZKOŁA PODSTAWOWA W JABŁOWIE,2026,Jabłowo,ul. Szkolna 5,Jabłowo,Szkolna 5,ul
28691,SZKOŁA PODSTAWOWA NR 15 Z ODDZIAŁAMI SPORTOWYMI W RACIBORZU IM. JANA III SOBIESKIEGO,2026,Racibórz,ul. Juliusza Słowackiego 48,Racibórz,Słowackiego 48,ul juliusza
28735,SZKOŁA PODSTAWOWA IM. ZIEMI KRAJEŃSKIEJ W SYPNIEWIE,2026,Sypniewo,ul. Szkolna 1,Sypniewo,Szkolna 1,ul
28740,SZKOŁA PODSTAWOWA NR 2 IM. KORNELA MAKUSZYŃSKIEGO W WIĘCBORKU,2026,Więcbork,ul. Wyzwolenia 19,Więcbork,Wyzwolenia 19,ul
28744,SZKOŁA PODSTAWOWA IM. JAROSŁAWA DĄBROWSKIEGO W KOŃCZYCACH MAŁYCH,2026,Kończyce Małe,ul. Jagiellońska 56,Kończyce Małe,Jagiellońska 56,ul
28752,SZKOŁA PODSTAWOWA IM. JANUSZA KORCZAKA W BIERTOWICACH,2026,Biertowice,ul. Królewska 295,Biertowice,Królewska 295,ul
28754,SZKOŁA PODSTAWOWA IM. ŚW. JANA PAWŁA II W HARBUTOWICACH,2026,Harbutowice,ul. Beskidzka 214,Harbutowice,Beskidzka 214,ul
28760,SZKOŁA PODSTAWOWA NR 5 IM. ŻOŁNIERZY ARMII KRAJOWEJ W WYSZKOWIE,2026,Wyszków,ul. Geodetów 45,Wyszków,Geodetów 45,ul
28888,SZKOŁA PODSTAWOWA IM. ŚW. JANA PAWŁA II W DZIAŁOSZYNIE,2026,Działoszyn,ul. Ogrodowa 3a,Działoszyn,Ogrodowa 3a,ul
28893,SZKOŁA PODSTAWOWA IM. KS. JANA TWARDOWSKIEGO W TRĘBACZEWIE,2026,Trębaczew,ul. Szkolna 5,Trębaczew,Szkolna 5,ul
29035,SZKOŁA PODSTAWOWA IM. JADWIGI WAJSÓWNY W CHECHLE DRUGIM,2026,Chechło Drugie,ul. Lipowa 1,Chechło Drugie,Lipowa 1,ul
29036,SZKOŁA PODSTAWOWA IM. PROF. ANDRZEJA WAKSMUNDZKIEGO W OSTROWSKU,2026,Ostrowsko,ul. Jana Pawła II 13,Ostrowsko,Jana Pawła II 13,ul
29061,SZKOŁA PODSTAWOWA IM. KS. JÓZEFA LONDZINA W ZABRZEGU,2026,Zabrzeg,ul. Karola Pytla 1,Zabrzeg,Pytla 1,ul karola
29118,SZKOŁA PODSTAWOWA NR 1 IM. BOLESŁAWA PRUSA W HRUBIESZOWIE,2026,Hrubieszów,ul. Listopadowa 12,Hrubieszów,Listopadowa 12,ul
29137,SZKOŁA PODSTAWOWA NR 5 IM. WŁADYSŁAWA BRONIEWSKIEGO W CIECHANOWIE,2026,Ciechanów,ul. Władysława Broniewskiego 1,Ciechanów,Broniewskiego 1,ul władysława
29140,SZKOŁA PODSTAWOWA IM. STANISŁAWA WYSPIAŃSKIEGO W PORĘBIE ŻEGOTY,2026,Poręba Żegoty,ul. Szembeków 24,Poręba Żegoty,Szembeków 24,ul
29163,SZKOŁA PODSTAWOWA NR 1 W ŻYCHLINIE,2026,Żychlin,ul. Łukasińskiego 21,Żychlin,Łukasińskiego 21,ul
29178,SZKOŁA PODSTAWOWA IM. BOHATERÓW POWSTANIA STYCZNIOWEGO W NOWEJ SŁUPI,2026,Nowa Słupia,ul. Szkolna 10,Nowa Słupia,Szkolna 10,ul
29184,SZKOŁA PODSTAWOWA W OKSIE,2026,Oksa,ul. Pl. M. Reja 19,Oksa,Reja 19,ul pl m
29189,SZKOŁA PODSTAWOWA NR 5 Z ODDZIAŁAMI SPORTOWYMI IM. JANUSZA KUSOCIŃSKIEGO,2026,Chorzów,ul. Józefa Ryszki 55,Chorzów,Ryszki 55,ul józefa
29248,SZKOŁA PODSTAWOWA W ZDUNACH,2026,Zduny,ul. Łacnowa 26,Zduny,Łacnowa 26,ul
29270,SZKOŁA PODSTAWOWA IM.GEN.STANISŁAWA TACZAKA W WĄSOWIE,2026,Wąsowo,ul. Lipowa 51,Wąsowo,Lipowa 51,ul
29284,SZKOŁA PODSTAWOWA NR 9 IM. TADEUSZA KOŚCIUSZKI,2026,Grudziądz,ul. Forteczna 29,Grudziądz,Forteczna 29,ul
29324,SZKOŁA PODSTAWOWA W WIŚLE WIELKIEJ W ZESPOLE SZKOLNO-PRZEDSZKOLNYM W WIŚLE WIELKIEJ,2026,Wisła Wielka,ul. Hodowców 38,Wisła Wielka,Hodowców 38,ul
29326,SZKOŁA PODSTAWOWA IM. KORNELA MAKUSZYŃSKIEGO W CZARKOWIE W ZESPOLE SZKOLNO-PRZEDSZKOLNYM W CZARKOWIE,2026,Czarków,ul. Powstańców Śląskich 25,Czarków,Powstańców Śląskich 25,ul
29329,ZESPÓŁ KSZTAŁCENIA PODSTAWOWEGO I PRZEDSZKOLNEGO NR 1 W GDAŃSKU - SZKOŁA PODSTAWOWA NR 87,2026,Gdańsk,ul. Tęczowa 6,Gdańsk,Tęczowa 6,ul
29330,SZKOŁA PODSTAWOWA W PIASKU W ZESPOLE SZKOLNO-PRZEDSZKOLNYM W PIASKU,2026,Piasek,ul. Szkolna 4,Piasek,Szkolna 4,ul
29334,SZKOŁA PODSTAWOWA W WIŚLE MAŁEJ,2026,Wisła Mała,ul. Sokola 10,Wisła Mała,Sokola 10,ul
29349,SZKOŁA PODSTAWOWA NR 1 IM. ALEKSANDRA KAMIŃSKIEGO W TOMASZOWIE MAZOWIECKIM,2026,Tomaszów Mazowiecki,ul. Leona Witolda May'a 11/13,Tomaszów Mazowiecki,May'a 11/13,ul leona witolda
29353,SZKOŁA PODSTAWOWA NR 8 W TOMASZOWIE MAZOWIECKIM,2026,Tomaszów Mazowiecki,ul. Stolarska 21/27,Tomaszów Mazowiecki,Stolarska 21/27,ul
29356,SZKOŁA PODSTAWOWA NR 13 POMNIK TYSIĄCLECIA PAŃSTWA POLSKIEGO W TOMASZOWIE MAZOWIECKIM,2026,Tomaszów Mazowiecki,ul. J. U. Niemcewicza 50/56,Tomaszów Mazowiecki,Niemcewicza 50/56,ul j u
29357,SZKOŁA PODSTAWOWA NR 14 IM. ORŁA BIAŁEGO W TOMASZOWIE MAZOWIECKIM,2026,Tomaszów Mazowiecki,ul. Juliusza Słowackiego 32/42,Tomaszów Mazowiecki,Słowackiego 32/42,ul juliusza
29377,PUBLICZNA SZKOŁA PODSTAWOWA NR 1 IM. WACŁAWA GÓRSKIEGO W STALOWEJ WOLI,2026,Stalowa Wola,ul. Romana Dmowskiego 9,Stalowa Wola,Dmowskiego 9,ul romana
29382,SZKOŁA PODSTAWOWA NR 7 IM. KORNELA MAKUSZYŃSKIEGO W MIKOŁOWIE,2026,Mikołów,ul. Zamkowa 1,Mikołów,Zamkowa 1,ul
29402,SZKOŁA PODSTAWOWA NR 4 Z ODDZIAŁAMI INTEGRACYJNYMI IM. WŁADYSŁAWA STANISŁAWA REYMONTA W NAMYSŁOWIE,2026,Namysłów,ul. Władysława Stanisława Reymonta 56,Namysłów,Reymonta 56,ul władysława stanisława
29404,SZKOŁA PODSTAWOWA NR 5 IM. ŚWIĘTEGO JANA PAWŁA II W NAMYSŁOWIE,2026,Namysłów,ul. Kazimierza Pułaskiego 22,Namysłów,Pułaskiego 22,ul kazimierza
29413,SZKOŁA PODSTAWOWA IM.HENRYKA SIENKIEWICZA W KAMIENICY POLSKIEJ,2026,Kamienica Polska,ul. Adama Ferensa 12A,Kamienica Polska,Ferensa 12A,ul adama
29428,POZNAŃSKA OGÓLNOKSZTAŁĄCA SZKOŁA MUZYCZNA I STOPNIA NR 1 IM. HENRYKA WIENIAWSKIEGO,2026,Poznań,ul. Solna 12,Poznań,Solna 12,ul
29514,SZKOŁA PODSTAWOWA NR 4 IM. ORŁA BIAŁEGO W TRZEBINI,2026,Trzebinia,ul. Styczniowa 47,Trzebinia,Styczniowa 47,ul
29534,SZKOŁA PODSTAWOWA IM. WOJSKA POLSKIEGO W MROCZY,2026,Mrocza,ul. marsz. Józefa Piłsudskiego 4,Mrocza,Piłsudskiego 4,ul marsz józefa
29539,SZKOŁA PODSTAWOWA IM. NARCYZY ŻMICHOWSKIEJ W RZECZYCY,2026,Rzeczyca,ul. Ks. Jędrzeja Kitowicza 4,Rzeczyca,Kitowicza 4,ul ks jędrzeja
29542,SZKOŁA PODSTAWOWA NR 195 IM. KRÓLA MACIUSIA I,2026,Warszawa,ul. Króla Maciusia 5,Warszawa,Maciusia 5,ul króla
29557,SZKOŁA PODSTAWOWA NR 22 IM. KAROLA MIARKI Z ODDZIAŁAMI INTEGRACYJNYMI,2026,Chorzów,ul. św. Piotra 9a,Chorzów,Piotra 9a,ul św
29596,ZESPÓL SZKÓŁ W PUCHACZOWIE SZKOŁA PODSTAWOWA IM. ADAMA MICKIEWICZA,2026,Puchaczów,ul. Adama Mickiewicza 19,Puchaczów,Mickiewicza 19,ul adama
29642,SPOŁECZNA SZKOŁA PODSTAWOWA W BUDZISKACH,2026,Budziska,ul. Szkolna 12,Budziska,Szkolna 12,ul
29660,GMINNA SZKOŁA PODSTAWOWA W SKARBIMIERZU-OSIEDLE,2026,Skarbimierz-Osiedle,ul. Akacjowa 28,Skarbimierz-Osiedle,Akacjowa 28,ul
29679,"KATOLICKA SZKOŁA PODSTAWOWA FUNDACJI ""SZKOŁA Z CHARAKTEREM"" IM. EDYTY STEIN",2026,Gliwice,ul. Bałtycka 8,Gliwice,Bałtycka 8,ul
29708,SZKOŁA PODSTAWOWA IM. BOHATERSKICH DZIECI WARSZAWY W PYZÓWCE,2026,Pyzówka,ul. Władysława Orkana 4,Pyzówka,Orkana 4,ul władysława
29712,SZKOŁA PODSTAWOWA NR 34 W ZABRZU W ZESPOLE SZKOLNO-PRZEDSZKOLNYM NR 6 W ZABRZU,2026,Zabrze,ul. gen. Władysława Sikorskiego 74,Zabrze,Sikorskiego 74,ul gen władysława
29716,SZKOŁA PODSTAWOWA NR 32 IM. ROBERTA BEDNORZA W ZABRZU W ZESPOLE SZKOLNO-PRZEDSZKOLNYM NR 8 W ZABRZU,2026,Zabrze,ul. ks. Jerzego Badestinusa 30,Zabrze,Badestinusa 30,ul ks jerzego
29719,SZKOŁA PODSTAWOWA IM. ANDRZEJA ZALEWSKIEGO W ŚWINKOWIE,2026,Świnków,ul. Szkolna 4,Świnków,Szkolna 4,ul
29732,PUBLICZNA SZKOŁA PODSTAWOWA NR 12 IM. JANA PAWŁA II W STALOWEJ WOLI,2026,Stalowa Wola,ul. Józefa Poniatowskiego 55,Stalowa Wola,Poniatowskiego 55,ul józefa
29733,SZKOŁA PODSTAWOWA NR 2 IM. JANA BRZECHWY W ZABRZU W ZESPOLE SZKOLNO-PRZEDSZKOLNYM NR 16 W ZABRZU,2026,Zabrze,ul. Cmentarna 7,Zabrze,Cmentarna 7,ul
29739,SZKOŁA PODSTAWOWA NR 46 W ZABRZU W ZESPOLE SZKOLNO-PRZEDSZKOLNYM NR 9 W ZABRZU,2026,Zabrze,ul. Gwarecka 15,Zabrze,Gwarecka 15,ul
29745,SZKOŁA PODSTAWOWA IM. HENRYKA SIENKIEWICZA W RYBNIE,2026,Rybno,ul. Wyszkowska 87,Rybno,Wyszkowska 87,ul
29760,SZKOŁA PODSTAWOWA IM. ADAMA MICKIEWICZA W JEDWABNEM,2026,Jedwabne,ul. Wojska Polskiego 17,Jedwabne,Wojska Polskiego 17,ul
29764,SZKOŁA PODSTAWOWA NR 1 IM .TADEUSZA KOŚCIUSZKI W NOWYM TOMYŚLU,2026,Nowy Tomyśl,ul. Wierzbowa 1,Nowy Tomyśl,Wierzbowa 1,ul
29783,SZKOŁA PODSTAWOWA NR 1 IM. TADEUSZA KOŚCIUSZKI W BRWINOWIE,2026,Brwinów,ul. marsz. Józefa Piłsudskiego 11,Brwinów,Piłsudskiego 11,ul marsz józefa
29790,NIEPUBLICZNA KATOLICKA SZKOŁA PODSTAWOWA IM. ŚW. RODZINY W KATOWICACH,2026,Katowice,ul. Zofii Kossak-Szczuckiej 24,Katowice,Kossak-Szczuckiej 24,ul zofii
29837,SZKOŁA PODSTAWOWA W SŁUPI POD KĘPNEM,2026,Słupia pod Kępnem,ul. Szkolna 5,Słupia pod Kępnem,Szkolna 5,ul
29860,SPOŁECZNA SZKOŁA PODSTAWOWA NR 26 IM. PROF. JIGORO KANO SPOŁECZNEGO TOWARZYSTWA OŚWIATOWEGO,2026,Warszawa,ul. Puławska 97,Warszawa,Puławska 97,ul
29884,SZKOŁA PODSTAWOWA W OLSZANCE,2026,Olszanka,ul. Zachodnia 3,Olszanka,Zachodnia 3,ul
29926,"PRYWATNA SZKOŁA PODSTAWOWA NR 4 ""INSPIRACJA""",2026,Kraków,ul. Jana i Jędrzeja Śniadeckich 12b,Kraków,Śniadeckich 12b,ul jana i jędrzeja
29940,KATOLICKA SZKOŁA PODSTAWOWA IM. ŚW. JANA APOSTOŁA I EWANGELISTY,2026,Oleśnica,ul. Północna 16,Oleśnica,Północna 16,ul
29946,SZKOŁA PODSTAWOWA NIEPUBLICZNA NR 49,2026,Warszawa,ul. Jana Sebastiana Bacha 2,Warszawa,Bacha 2,ul jana sebastiana
29949,SZKOŁA PODSTAWOWA SIÓSTR FELICJANEK NR 28 IM. BŁ. MARII ANGELI TRUSZKOWSKIEJ,2026,Warszawa,ul. Azaliowa 10,Warszawa,Azaliowa 10,ul
29953,SPOŁECZNA SZKOŁA PODSTAWOWA NR 30 SPOŁECZNEGO TOWARZYSTWA OŚWIATOWEGO,2026,Warszawa,ul. Astronautów 11,Warszawa,Astronautów 11,ul
29954,SZKOŁA PODSTAWOWA NR 3 IM. PRZEMYSŁA II W KĘPNIE,2026,Kępno,ul. Tysiąclecia 1,Kępno,Tysiąclecia 1,ul
29956,SZKOŁA PODSTAWOWA NR 7 IM. GEN. WŁADYSŁAWA SIKORSKIEGO W CHEŁMIE,2026,Chełm,ul. Synów Pułku 15,Chełm,Synów Pułku 15,ul
29970,SZKOŁA PODSTAWOWA NR 1 Z ODDZIAŁAMI INTEGRACYJNYMI I DWUJĘZYCZNYMI IM. FILIPA DE GIRARDA W ŻYRARDOWIE,2026,Żyrardów,ul. Jasna 11,Żyrardów,Jasna 11,ul
29974,SZKOŁA PODSTAWOWA NR 3 IM. FLAGI POLSKI W LIBIĄŻU,2026,Libiąż,ul. Świętej Barbary 5,Libiąż,Barbary 5,ul świętej
30003,SZKOŁA PODSTAWOWA NR 1 IM. KSIĄŻĄT PSZCZYŃSKICH W PSZCZYNIE,2026,Pszczyna,ul. ks. bp. Bogedaina 1,Pszczyna,Bogedaina 1,ul ks bp
30020,SZKOŁA PODSTAWOWA IM. JANA KOCHANOWSKIEGO W WITKOWICACH,2026,Witkowice,ul. Częstochowska 22,Witkowice,Częstochowska 22,ul
30066,SZKOŁA PODSTAWOWA ZAKONU PIJARÓW MATKI BOŻEJ KRÓLOWEJ SZKÓŁ POBOŻNYCH,2026,Katowice,ul. Pijarska 7,Katowice,Pijarska 7,ul
30121,SZKOŁA PODSTAWOWA NR 11 Z ODDZIAŁAMI INTEGRACYJNYMI IM. GEN. BRYG. PIL. WITOLDA URBANOWICZA W SUWAŁKACH,2026,Suwałki,ul. Szpitalna 66,Suwałki,Szpitalna 66,ul
30151,SZKOŁA PODSTAWOWA NR 3 IM. KAWALERÓW ORDERU UŚMIECHU W KONINIE,2026,Konin,ul. Sosnowa 16,Konin,Sosnowa 16,ul
30161,SZKOŁA PODSTAWOWA NR 5 IM. SEWERYNA UDZIELI W ROPCZYCACH,2026,Ropczyce,ul. Stanisława Konarskiego 4,Ropczyce,Konarskiego 4,ul stanisława
30166,SZKOŁA PODSTAWOWA NR 76 IM. 13 DYWIZJI PIECHOTY STRZELCÓW KRESOWYCH,2026,Warszawa,ul. Poezji 5,Warszawa,Poezji 5,ul
30180,SZKOŁA PODSTAWOWA NR 8 Z ODDZIAŁAMI INTEGRACYJNYMI IM. POWSTAŃCÓW WIELKOPOLSKICH W KONINIE,2026,Konin,ul. Kardynała Stefana Wyszyńskiego 24,Konin,Wyszyńskiego 24,ul kardynała stefana
30235,SZKOŁA PODSTAWOWA NR 156 IM. KS. KARD. ADAMA STEFANA SAPIEHY W KRAKOWIE,2026,Kraków,ul. Centralna 39,Kraków,Centralna 39,ul
30258,SZKOŁA PODSTAWOWA W ZESPOLE SZKÓŁ OGÓLNOKSZTAŁCĄCYCH IM. KAZIMIERZA WIELKIEGO W SŁOMNIKACH,2026,Słomniki,ul. św. Jana Pawła II 2,Słomniki,Jana Pawła II 2,ul św
30264,SZKOŁA PODSTAWOWA W JANKOWICACH W ZESPOLE SZKOLNO-PRZEDSZKOLNYM W JANKOWICACH,2026,Jankowice,ul. Baziowa 17,Jankowice,Baziowa 17,ul
30265,SZKOŁA PODSTAWOWA NR 6 IM. KS. JANA TWARDOWSKIEGO W PSZCZYNIE,2026,Pszczyna,ul. Księżycowa 25,Pszczyna,Księżycowa 25,ul
30303,SZKOŁA PODSTAWOWA W ZESPOLE SZKOLNO - PRZEDSZKOLNYM IM. JANA PAWŁA II W MIŁAKOWIE,2026,Miłakowo,ul. Olsztyńska 9a,Miłakowo,Olsztyńska 9a,ul
30307,SZKOŁA PODSTAWOWA IM. ŻOŁNIERZY I ARMII WOJSKA POLSKIEGO W KOCZALE,2026,Koczała,ul. Szkolna 16,Koczała,Szkolna 16,ul
30314,SZKOŁA PODSTAWOWA IM.MARII KONOPNICKIEJ W ZIELKOWICACH,2026,Zielkowice,ul. Starowiejska 101,Zielkowice,Starowiejska 101,ul
30315,NIEPUBLICZNA NIEPŁATNA SZKOŁA PODSTAWOWA W TARNOWIE,2026,Tarnów,ul. Błotna 2,Tarnów,Błotna 2,ul
30331,SZKOŁA PODSTAWOWA NR 5 IM. GUSTAWA MORCINKA W MIKOŁOWIE,2026,Mikołów,ul. Katowicka 24,Mikołów,Katowicka 24,ul
30346,SZKOŁA PODSTAWOWA NR 1 IM. LECHA BĄDKOWSKIEGO W LUZINIE,2026,Luzino,ul. Szkolna 13,Luzino,Szkolna 13,ul
30368,SZKOŁA PODSTAWOWA NR 2 IM. MARII KONOPNICKIEJ W ŻYRARDOWIE,2026,Żyrardów,ul. Gabriela Narutowicza 35,Żyrardów,Narutowicza 35,ul gabriela
30370,SZKOŁA PODSTAWOWA Z ODDZIAŁAMI INTEGRACYJNYMI NR 9 IM. BOHATERÓW WESTERPLATTE W KONINIE,2026,Konin,ul. Fikusowa 8,Konin,Fikusowa 8,ul
30374,SZKOŁA PODSTAWOWA NR 3 IM KORNELA MAKUSZYŃSKIEGO W RAWICZU,2026,Rawicz,ul. Wały Jarosława Dąbrowskiego 1,Rawicz,Wały Jarosława Dąbrowskiego 1,ul
30399,SZKOŁA PODSTAWOWA IM.JANUSZA KORCZAKA W POPOWIE,2026,Łowicz,ul. Poznańska 4,Łowicz,Poznańska 4,ul
30401,SZKOŁA PODSTAWOWA IM. JANA BRZECHWY,2026,Kobiór,ul. Juliana Tuwima 33,Kobiór,Tuwima 33,ul juliana
30411,SZKOŁA PODSTAWOWA IM. JANUSZA KORCZAKA W ŁOWINKU,2026,Łowinek,ul. Szkolna 2,Łowinek,Szkolna 2,ul
30439,SZKOŁA PODSTAWOWA W SŁUPI KAPITULNEJ,2026,Słupia Kapitulna,ul. Dubińska 127,Słupia Kapitulna,Dubińska 127,ul
30445,SZKOŁA PODSTAWOWA NR 1 IM.KARDYNAŁA BOLESŁAWA KOMINKA W KĄTACH WROCŁAWSKICH,2026,Kąty Wrocławskie,ul. 1 Maja 59,Kąty Wrocławskie,Maja 59,ul 1
30461,SZKOŁA PODSTAWOWA NR 261 IM. STANISŁAWA KOSTKI POTOCKIEGO W WARSZAWIE,2026,Warszawa,ul. Wiertnicza 26,Warszawa,Wiertnicza 26,ul
30477,SZKOŁA PODSTAWOWA IM. MARKA KOTAŃSKIEGO W BIAŁUNIU,2026,Białuń,ul. Sielankowa 4,Białuń,Sielankowa 4,ul
30493,SZKOŁA PODSTAWOWA IM. JANUSZA KORCZAKA W WYSZECINIE,2026,Wyszecino,ul. Szkolna 2,Wyszecino,Szkolna 2,ul
30513,SZKOŁA PODSTAWOWA IM. PIOTRA ŚCIEGIENNEGO W BĘCZKOWIE,2026,Bęczków,ul. Jana Pawła II 16,Bęczków,Jana Pawła II 16,ul
30534,SZKOŁA PODSTAWOWA W OGRODNICZKACH IM. OCHOTNICZYCH STRAŻY POŻARNYCH,2026,Ogrodniczki,ul. Zagórna 7,Ogrodniczki,Zagórna 7,ul
30553,SZKOŁA PODSTAWOWA IM. MJR HENRYKA SUCHARSKIEGO W SZEMUDZIE,2026,Szemud,ul. Szkolna 4,Szemud,Szkolna 4,ul
30614,ZESPÓŁ SZKÓŁ SZKOŁA PODSTAWOWA IM. POLSKICH OLIMPIJCZYKÓW W RYTLU,2026,Rytel,ul. ks. Antoniego Kowalkowskiego 6,Rytel,Kowalkowskiego 6,ul ks antoniego
30620,SZKOŁA PODSTAWOWA W MASŁOWIE,2026,Masłowo,ul. Śląska 58,Masłowo,Śląska 58,ul
30622,SZKOŁA PODSTAWOWA IM. BATALIONÓW CHŁOPSKICH W STOPNICY,2026,Stopnica,ul. Kazimierza Wielkiego 23,Stopnica,Kazimierza Wielkiego 23,ul
30632,SZKOŁA PODSTAWOWA STOWARZYSZENIA PRZYJACIÓŁ SZKÓŁ KATOLICKICH IM. ŚW. JANA PAWŁA II W STANISŁAWIU GÓRNYM,2026,Stanisław Górny,ul. ks. Zygmunta Kuźmy 76,Stanisław Górny,Kuźmy 76,ul ks zygmunta
30637,SZKOŁA PODSTAWOWA IM. PŁK. STANISŁAWA DĄBKA,2026,Sychowo,ul. Szkolna 4,Sychowo,Szkolna 4,ul
30660,ZESPÓŁ SZKOLNO - PRZEDSZKOLNY W MODRZU - SZKOŁA PODSTAWOWA IMIENIA ORŁA BIAŁEGO,2026,Modrze,ul. Tadeusza Kościuszki 14,Modrze,Kościuszki 14,ul tadeusza
30684,SZKOŁA PODSTAWOWA W NOWEJ WSI MALBORSKIEJ,2026,Nowa Wieś Malborska,ul. Stanisława Moniuszki 24,Nowa Wieś Malborska,Moniuszki 24,ul stanisława
30711,"NIEPUBLICZNA SZKOŁA PODSTAWOWA NR 47 IM. ROBERTA SCHUMANA FUNDACJI ""PRIMUS""",2026,Warszawa,ul. płk. Zoltána Baló 1,Warszawa,Baló 1,ul płk zolt na
30726,SZKOŁA PODSTAWOWA IM. POWSTAŃCZEJ KOMPANII KRZYWIŃSKIEJ W KRZYWINIU,2026,Krzywiń,ul. Strzelecka 13,Krzywiń,Strzelecka 13,ul
30768,SZKOŁA PODSTAWOWA NR 3 IM. MIKOŁAJA KOPERNIKA W DĄBROWIE GÓRNICZEJ,2026,Dąbrowa Górnicza,ul. Mireckiego 1,Dąbrowa Górnicza,Mireckiego 1,ul
30781,SZKOŁA PODSTAWOWA IM. ELIZY ORZESZKOWEJ W SOBOLEWIE,2026,Sobolewo,ul. Podlaska 8,Sobolewo,Podlaska 8,ul
30807,PUBLICZNA SZKOŁA PODSTAWOWA W KIETLINIE,2026,Kietlin,ul. Radomszczańska 61,Kietlin,Radomszczańska 61,ul
30841,PUBLICZNA SZKOŁA PODSTAWOWA IM WANDY CHOTOMSKIEJ W CHOMENTOWIE PUSZCZ,2026,Chomentów-Puszcz,ul. Ogrodowa 1,Chomentów-Puszcz,Ogrodowa 1,ul
30842,PUBLICZNA SZKOŁA PODSTAWOWA IM. KORNELA MAKUSZYŃSKIEGO W MAKOWIE,2026,Maków,ul. Szkolna 6,Maków,Szkolna 6,ul
30870,SZKOŁA PODSTAWOWA NR 138 Z ODDZIAŁAMI INTEGRACYJNYMI IM. JÓZEFA HORSTA,2026,Warszawa,ul. Mieczysława Pożaryskiego 2,Warszawa,Pożaryskiego 2,ul mieczysława
30878,SZKOŁA PODSTAWOWA NR 218 IM. MICHAŁA KAJKI,2026,Warszawa,ul. Michała Kajki 80/82,Warszawa,Kajki 80/82,ul michała
30882,SZKOŁA PODSTAWOWA NR 10 IM. MARII SKŁODOWSKIEJ-CURIE W ZDUŃSKIEJ WOLI,2026,Zduńska Wola,ul. Zielona 46a,Zduńska Wola,Zielona 46a,ul
30911,SZKOŁA PODSTAWOWA NR 26 W ZESPOLE SZKOLNO-PRZEDSZKOLNYM NR 2 IM. JANUSZA KORCZAKA W RYBNIKU,2026,Rybnik,ul. Gustawa Morcinka 18,Rybnik,Morcinka 18,ul gustawa
30913,SZKOŁA PODSTAWOWA NR 204 IM. 19 PUŁKU UŁANÓW WOŁYŃSKICH,2026,Warszawa,ul. Bajkowa 17/21,Warszawa,Bajkowa 17/21,ul
30918,SZKOŁA PODSTAWOWA IM. JÓZEFA WYBICKIEGO,2026,Jastarnia,ul. Mariana Stelmaszczyka 4,Jastarnia,Stelmaszczyka 4,ul mariana
30955,SZKOŁA PODSTAWOWA NR2 IM.MARII SKŁODOWSKIEJ -CURIE W NOWYM TOMYŚLU,2026,Nowy Tomyśl,ul. 3 Stycznia 12,Nowy Tomyśl,Stycznia 12,ul 3
30971,SZKOŁA PODSTAWOWA NR 66 IM. KS. JULIANA CHROŚCICKIEGO,2026,Warszawa,ul. Przepiórki 16/18,Warszawa,Przepiórki 16/18,ul
30973,SZKOŁA PODSTAWOWA NR 94 IM. I MARSZAŁKA POLSKI JÓZEFA PIŁSUDSKIEGO,2026,Warszawa,ul. Cietrzewia 22a,Warszawa,Cietrzewia 22a,ul
30974,SZKOŁA PODSTAWOWA NR 88 IM. GABRIELA NARUTOWICZA,2026,Warszawa,ul. Radarowa 4b,Warszawa,Radarowa 4b,ul
30975,"SZKOŁA PODSTAWOWA Z ODDZIAŁAMI INTEGRACYJNYMI NR 87 IM. 7 PP AK ""GARŁUCH""",2026,Warszawa,ul. Malownicza 31,Warszawa,Malownicza 31,ul
31022,PUBLICZNA SZKOŁA PODSTAWOWA W PŁOSZOWIE,2026,Płoszów,ul. Radomszczańska 41,Płoszów,Radomszczańska 41,ul
31023,SZKOŁA PODSTAWOWA IM. ADAMA MICKIEWICZA W WAPNIE,2026,Wapno,pl. Mickiewicza 2,Wapno,Mickiewicza 2,pl
31061,SZKOŁA PODSTAWOWA NR 2 IM. MIKOŁAJA KOPERNIKA W DOBRYM MIEŚCIE,2026,Dobre Miasto,ul. Gdańska 13,Dobre Miasto,Gdańska 13,ul
31071,SZKOŁA PODSTAWOWA IM. ŚW. JANA KANTEGO W ODRZECHOWEJ,2026,Odrzechowa,ul. Szkolna 1,Odrzechowa,Szkolna 1,ul
31075,"PRYWATNA SZKOŁA PODSTAWOWA NR 81 FUNDACJI ""RODZICE DZIECIOM""",2026,Warszawa,ul. Ludwika Krzywickiego 30,Warszawa,Krzywickiego 30,ul ludwika
31096,SZKOŁA PODSTAWOWA IM. WINCENTEGO ROGALI W KARSINIE,2026,Karsin,ul. Długa 167,Karsin,Długa 167,ul
31099,SZKOŁA PODSTAWOWA IM. WICKA ROGALI W WIELU,2026,Wiele,ul. Wicka Rogali 5,Wiele,Rogali 5,ul wicka
31106,SZKOŁA PODSTAWOWA NR 5 IM. HENRYKA SIENKIEWICZA W ZESPOLE SZKOLNO-PRZEDSZKOLNYM NR 5 W DĄBROWIE GÓRNICZEJ,2026,Dąbrowa Górnicza,ul. Strzemieszycka 390,Dąbrowa Górnicza,Strzemieszycka 390,ul
31107,SZKOŁA PODSTAWOWA IM. ODKRYWCÓW I PODRÓŻNIKÓW W KMIECINIE,2026,Kmiecin,ul. Żuławska 6,Kmiecin,Żuławska 6,ul
31112,SZKOŁA PODSTAWOWA NR 5 IM. WŁADYSŁAWA BRONIEWSKIEGO W PŁOCKU,2026,Płock,ul. Krakówka 4,Płock,Krakówka 4,ul
31116,PUBLICZNA SZKOŁA PODSTAWOWA IM KSIĘDZA JANA TWARDOWSKIEGO,2026,Baranów Sandomierski,ul. Kościuszki 6,Baranów Sandomierski,Kościuszki 6,ul
31128,SZKOŁA PODSTAWOWA NR 8 IM. KARDYNAŁA AUGUSTA HLONDA W GOLENIOWIE,2026,Goleniów,ul. Szkolna 13,Goleniów,Szkolna 13,ul
31136,SZKOŁA PODSTAWOWA W HAŃSKU,2026,Hańsk Pierwszy,ul. Szkolna 1,Hańsk Pierwszy,Szkolna 1,ul
31154,PUBLICZNA SZKOŁA PODSTAWOWA W STRZAŁKOWIE,2026,Strzałków,ul. Kolumba 2,Strzałków,Kolumba 2,ul
31156,SZKOŁA PODSTAWOWA IM.KS. MICHAŁA SOPOĆKI W KSIĘŻYNIE,2026,Księżyno,ul. Szkolna 7,Księżyno,Szkolna 7,ul
31160,SZKOŁA PODSTAWOWA W JUCHNOWCU GÓRNYM,2026,Juchnowiec Górny,ul. Szkolna 5,Juchnowiec Górny,Szkolna 5,ul
31162,SZKOŁA PODSTAWOWA IM.JANA PAWŁA II W KLEOSINIE,2026,Kleosin,ul. Zambrowska 20,Kleosin,Zambrowska 20,ul
31167,SZKOŁA PODSTAWOWA IM. KURIERA JANA ŁOŻAŃSKIEGO W ZARSZYNIE,2026,Zarszyn,ul. Bieszczadzka 19,Zarszyn,Bieszczadzka 19,ul
31169,KATOLICKA PUBLICZNA SZKOŁA PODSTAWOWA IM. ŚW. JANA PAWŁA II W ŚREMIE,2026,Śrem,ul. Stanisława Staszica 1,Śrem,Staszica 1,ul stanisława
31203,SZKOŁA PODSTAWOWA W MARZĘCINIE,2026,Marzęcino,ul. Polna 5A,Marzęcino,Polna 5A,ul
31229,"PRYWATNA SZKOŁA PODSTAWOWA ""OXPRESS"" W BOLESŁAWCU",2026,Bolesławiec,ul. Heleny i Wincentego Tyrankiewiczów 22,Bolesławiec,Tyrankiewiczów 22,ul heleny i wincentego
31234,SZKOŁA PODSTAWOWA INTEGRACYJNA NR 21 IM. KORNELA MAKUSZYŃSKIEGO W KOSZALINIE,2026,Koszalin,ul. Podgórna 55,Koszalin,Podgórna 55,ul
31266,SZKOŁA PODSTAWOWA IM. JANA PAWŁA II W ORZECHOWIE,2026,Orzechowo,ul. Szkolna 18,Orzechowo,Szkolna 18,ul
31304,SZKOŁA PODSTAWOWA NR 1 IM. JANA PAWŁA II W WADOWICACH,2026,Wadowice,os. Pod Skarpą 10,Wadowice,Pod Skarpą 10,os
31305,SZKOŁA PODSTAWOWA IM. GEN. WALERIANA CZUMY W ZAWADCE,2026,Zawadka,ul. Górska 62,Zawadka,Górska 62,ul
31332,SZKOŁA PODSTAWOWA NR 8 IM. ADAMA MICKIEWICZA W DĄBROWIE GÓRNICZEJ,2026,Dąbrowa Górnicza,ul. Krasińskiego 34,Dąbrowa Górnicza,Krasińskiego 34,ul
31353,SZKOŁA PODSTAWOWA NR 4 IM. MIKOŁAJA REJA W ŻYRARDOWIE,2026,Żyrardów,ul. Radziwiłłowska 16,Żyrardów,Radziwiłłowska 16,ul
31407,SZKOŁA PODSTAWOWA NR 1 IM. ARMII KRAJOWEJ W OSTRÓDZIE,2026,Ostróda,ul. Seweryna Pieniężnego 30A,Ostróda,Pieniężnego 30A,ul seweryna
31408,SZKOŁA PODSTAWOWA NR 2 IM. GUSTAWA GIZEWIUSZA W OSTRÓDZIE,2026,Ostróda,ul. Olsztyńska 7,Ostróda,Olsztyńska 7,ul
31409,SZKOŁA PODSTAWOWA NR 3 IM. JANA PAWŁA II W OSTRÓDZIE,2026,Ostróda,ul. Rycerska 5,Ostróda,Rycerska 5,ul
31410,SZKOŁA PODSTAWOWA NR 4 IM. POLSKICH OLIMPIJCZYKÓW W OSTRÓDZIE,2026,Ostróda,ul. Tadeusza Kościuszki 14,Ostróda,Kościuszki 14,ul tadeusza
31467,SZKOŁA PODSTAWOWA W SMARDZEWICACH,2026,Smardzewice,ul. Główna 10,Smardzewice,Główna 10,ul
31496,PUBLICZNA SZKOŁA PODSTAWOWA IM. WINCENTEGO WITOSA W BORKU STRZELIŃSKIM,2026,Borek Strzeliński,ul. Szkolna 3,Borek Strzeliński,Szkolna 3,ul
31512,SZKOŁA PODSTAWOWA NR 3 IM. MIKOŁAJA KOPERNIKA,2026,Włocławek,ul. Cyganka 6/10,Włocławek,Cyganka 6/10,ul
31570,SZKOŁA PODSTAWOWA IM.JANA PAWŁA II W PYZDRACH,2026,Pyzdry,ul. Szkolna 2,Pyzdry,Szkolna 2,ul
31580,SZKOŁA PODSTAWOWA NR 7 Z ODDZIAŁAMI INTEGRACYJNYMI IM. HENRYKA JORDANA W KROTOSZYNIE,2026,Krotoszyn,ul. Władysława Jagiełły 4,Krotoszyn,Władysława Jagiełły 4,ul
31593,SZKOŁA PODSTAWOWA NR 2 IM. MIKOŁAJA KOPERNIKA W ŁOSICACH,2026,Łosice,ul. Bialska 15,Łosice,Bialska 15,ul
31602,SZKOŁA PODSTAWOWA NR 7 IM. HENRYKA SIENKIEWICZA W ŻYRARDOWIE,2026,Żyrardów,ul. Franklina Roosevelta 2,Żyrardów,Roosevelta 2,ul franklina
31688,SZKOŁA PODSTAWOWA IM. MARII KONOPNICKIEJ W BOROWEM,2026,Borowe,ul. Długa 75,Borowe,Długa 75,ul
31698,PRYWATNA ŻEŃSKA SZKOŁA PODSTAWOWA Z ODDZIAŁAMI DWUJĘZYCZNYMI IM. CECYLII PLATER-ZYBERKÓWNY,2026,Warszawa,ul. Piękna 24/26,Warszawa,Piękna 24/26,ul
31704,PRYWATNA SZKOŁA PODSTAWOWA NR 83,2026,Warszawa,ul. Wacława Lachmana 2,Warszawa,Lachmana 2,ul wacława
31717,SZKOŁA PODSTAWOWA NR 5 IM. HENRYKA SIENKIEWICZA,2026,Kutno,ul. Konduktorska 13,Kutno,Konduktorska 13,ul
31727,SZKOŁA PODSTAWOWA NR 6 IM. MARII SKŁODOWSKIEJ - CURIE W KUTNIE,2026,Kutno,ul. Łąkoszyńska 9,Kutno,Łąkoszyńska 9,ul
31729,SZKOŁA PODSTAWOWA NR 4 IM. MIKOŁAJA KOPERNIKA W KUTNIE,2026,Kutno,ul. Narutowicza 22,Kutno,Narutowicza 22,ul
31751,SZKOŁA PODSTAWOWA NR 2 IM. STEFANA ŻEROMSKIEGO,2026,Grudziądz,ul. Żeromskiego 8,Grudziądz,Żeromskiego 8,ul
31814,PRYWATNA SZKOŁA PODSTAWOWA NR 105 IM. ASTRID LINDGREN,2026,Warszawa,ul. Żwanowiecka 46/50,Warszawa,Żwanowiecka 46/50,ul
31818,SZKOŁA PODSTAWOWA NR 18 IM.KSIĄŻĄT RACIBORSKICH,2026,Racibórz,ul. Ocicka 52,Racibórz,Ocicka 52,ul
31864,SZKOŁA PODSTAWOWA NR 4 W SKARŻYSKU-KAMIENNEJ,2026,Skarżysko-Kamienna,ul. Książęca 149,Skarżysko-Kamienna,Książęca 149,ul
31880,OGÓLNOKSZTAŁCĄCA SZKOŁA MUZYCZNA I STOPNIA NR 3 IM. PROFESOR MARII ZDUNIAK,2026,Wrocław,ul. Kłodnicka 36,Wrocław,Kłodnicka 36,ul
31890,SZKOŁA PODSTAWOWA W SROCKU,2026,Srock,ul. Łódzka 5,Srock,Łódzka 5,ul
31891,SZKOŁA PODSTAWOWA NR 35 IM. KS. FRANCISZKA BLACHNICKIEGO W RYBNIKU,2026,Rybnik,ul. Śląska 18a,Rybnik,Śląska 18a,ul
31928,SZKOŁA PODSTAWOWA NR 1 Z ODDZIAŁAMI INTEGRACYJNYMI IM TADEUSZA KOŚCIUSZKI,2026,Głubczyce,ul. Dworcowa 2,Głubczyce,Dworcowa 2,ul
31929,PUBLICZNA SZKOŁA PODSTAWOWA IM. WŁADYSŁAWA ROSŁOŃCA W PRZYBYSZEWIE,2026,Przybyszew,ul. Władysława Rosłońca 5,Przybyszew,Rosłońca 5,ul władysława
31931,SZKOŁA PODSTAWOWA NR 2 IM JANUSZA KORCZAKA,2026,Głubczyce,ul. Jana Kochanowskiego 2,Głubczyce,Kochanowskiego 2,ul jana
31935,PUBLICZNA SZKOŁA PODSTAWOWA IM. RODZINY HORODYŃSKICH W ZBYDNIOWIE,2026,Zbydniów,ul. Sandomierska 210,Zbydniów,Sandomierska 210,ul
31938,PUBLICZNA SZKOŁA PODSTAWOWA IM. POR. JÓZEFA MĄCZKI W ZALESZANACH,2026,Zaleszany,ul. Sandomierska 95,Zaleszany,Sandomierska 95,ul
31949,SZKOŁA PODSTAWOWA NR 1 IM.KS.STANISŁAWA KONARSKIEGO W GORLICACH,2026,Gorlice,ul. Piękna 9,Gorlice,Piękna 9,ul
31957,SZKOŁA PODSTAWOWA IM. JANUSZA KORCZAKA W SIERAKOWIE,2026,Sierakowo,ul. Przyjmy Przyjemskiego 35,Sierakowo,Przyjmy Przyjemskiego 35,ul
31964,SZKOŁA PODSTAWOWA NR 3 W GORLICACH,2026,Gorlice,ul. kard. Stefana Wyszyńskiego 16,Gorlice,Wyszyńskiego 16,ul kard stefana
31992,SZKOŁA PODSTAWOWA W KAZUNIU NOWYM IM. 2 BRYGADY SAPERÓW,2026,Kazuń Nowy,ul. Główna 6,Kazuń Nowy,Główna 6,ul
31999,SZKOŁA PODSTAWOWA NR 1 IM.WŁ.JAGIEŁŁY W TUSZYNIE,2026,Tuszyn,ul. Piotrkowska 15,Tuszyn,Piotrkowska 15,ul
32003,SZKOŁA PODSTAWOWA NR 4 IM.BOHATERÓW WESTERPLATTE W GORLICACH,2026,Gorlice,ul. Zygmunta Krasińskiego 9,Gorlice,Krasińskiego 9,ul zygmunta
32025,SZKOŁA PODSTAWOWA NR 5 IM. KAROLA KURPIŃSKIEGO,2026,Rawicz,ul. Szkolna 3,Rawicz,Szkolna 3,ul
32043,SZKOŁA PODSTAWOWA NR 9 IM. ŚWIĘTEJ JADWIGI KRÓLOWEJ,2026,Biała Podlaska,ul. Zygmunta Augusta 2,Biała Podlaska,Zygmunta Augusta 2,ul
32049,SZKOŁA PODSTAWOWA NR 3 IM. MARII KONOPNICKIEJ,2026,Biała Podlaska,ul. Sportowa 7,Biała Podlaska,Sportowa 7,ul
32051,SZKOŁA PODSTAWOWA NR 2 IM. BOHATERSKICH LOTNIKÓW PODLASIA,2026,Biała Podlaska,ul. Akademicka 8,Biała Podlaska,Akademicka 8,ul
32070,SZKOŁA PODSTAWOWA NR 6 W GORLICACH,2026,Gorlice,ul. gen. Józefa Hallera 79,Gorlice,Hallera 79,ul gen józefa
32076,SZKOŁA PODSTAWOWA IM.JANA PAWŁA II W KONARACH,2026,Konary,ul. Szkolna 3,Konary,Szkolna 3,ul
32077,SZKOŁA PODSTAWOWA IM.JANUSZA KORCZAKA W ZAWADZIE,2026,Zawada,ul. Częstochowska 8,Zawada,Częstochowska 8,ul
32082,SZKOŁA PODSTAWOWA IM. GEN. JERZEGO ZIĘTKA W WIESZOWIE,2026,Wieszowa,ul. Bytomska 62,Wieszowa,Bytomska 62,ul
32085,SZKOŁA PODSTAWOWA IM. ARKADEGO FIEDLERA W CHOMĘCICACH,2026,Chomęcice,ul. Poznańska 112,Chomęcice,Poznańska 112,ul
32091,SZKOŁA PODSTAWOWA NR 1 IM. MIKOŁAJA KOPERNIKA W SŁUBICACH,2026,Słubice,ul. Wojska Polskiego 1,Słubice,Wojska Polskiego 1,ul
32093,SZKOŁA PODSTAWOWA NR 25 IM. JANUSZA KUSOCIŃSKIEGO W ELBLĄGU,2026,Elbląg,ul. Wyżynna 3,Elbląg,Wyżynna 3,ul
32096,SZKOŁA PODSTAWOWA NR 3 IM. STEFANA CZARNIECKIEGO W SŁUBICACH,2026,Słubice,ul. Kilińskiego 8,Słubice,Kilińskiego 8,ul
32097,SZKOŁA PODSTAWOWA IM. KORNELA MAKUSZYŃSKIEGO W KUNOWICACH,2026,Kunowice,ul. Słubicka 18,Kunowice,Słubicka 18,ul
32118,SZKOŁA PODSTAWOWA NR 3 IM. PARAOLIMPIJCZYKÓW I OLIMPIJCZYKÓW POLSKICH W OZIMKU,2026,Ozimek,ul. Janusza Korczaka 12,Ozimek,Korczaka 12,ul janusza
34206,SZKOŁA PODSTAWOWA NR 6 IM. ELIZY ORZESZKOWEJ W ŻYRARDOWIE,2026,Żyrardów,ul. Józefa Mireckiego 56,Żyrardów,Mireckiego 56,ul józefa
34210,ZESPÓŁ PLACÓWEK OŚWIATOWYCH W KAZANOWIE PUBLICZNA SZKOŁA PODSTAWOWA W KAZANOWIE,2026,Kazanów,ul. Kościelna 52,Kazanów,Kościelna 52,ul
34226,PUBLICZNA SZKOŁA PODSTAWOWA NR 1 IM.A.MICKIEWICZA W KALETACH,2026,Kalety,ul. 1 Maja 6,Kalety,Maja 6,ul 1
34237,AUTORSKA SZKOŁA PODSTAWOWA NR 12,2026,Warszawa,ul. Armii Krajowej 9,Warszawa,Armii Krajowej 9,ul
34253,SZKOŁA PODSTAWOWA IM. JÓZEFA WYBICKIEGO W BIAŁEJ NYSKIEJ,2026,Biała Nyska,ul. Nyska 11,Biała Nyska,Nyska 11,ul
34255,SZKOŁA PODSTAWOWA W GOŚWINOWICACH,2026,Goświnowice,ul. Kolejowa 5,Goświnowice,Kolejowa 5,ul
34265,SZKOŁA PODSTAWOWA NR 9 IM.WŁ.JAGIEŁŁY W KUTNIE,2026,Kutno,ul. Władysława Jagiełły 6,Kutno,Władysława Jagiełły 6,ul
34266,SZKOŁA PODSTAWOWA NR 1 IM.TADEUSZA KOŚCIUSZKI W KUTNIE,2026,Kutno,ul. Kanclerza Andrzeja Zamoyskiego 1,Kutno,Zamoyskiego 1,ul kanclerza andrzeja
34280,SZKOŁA PODSTAWOWA IM. R. W. BERWIŃSKIEGO W ZANIEMYŚLU,2026,Zaniemyśl,ul. Poznańska 28,Zaniemyśl,Poznańska 28,ul
34315,ZESPÓŁ SZKÓŁ PUBLICZNYCH W SKÓRCZU PUBLICZNA SZKOŁA PODSTAWOWA IM. FRANCISZKA SCHORNAKA,2026,Skórcz,ul. gen. Józefa Hallera 7A,Skórcz,Hallera 7A,ul gen józefa
34340,SZKOŁA PODSTAWOWA IM. JANA KOCHANOWSKIEGO W MAŁYM PŁOCKU,2026,Mały Płock,ul. Jana Kochanowskiego 25,Mały Płock,Kochanowskiego 25,ul jana
34376,"SZKOŁA PODSTAWOWA NR 83 ""ŁEJERY"" IM. EMILII WAŚNIOWSKIEJ",2026,Poznań,ul. Romana Brandstaettera 1,Poznań,Brandstaettera 1,ul romana
34449,PUBLICZNA SZKOŁA PODSTAWOWA NR 9 IM. JANA KOCHANOWSKIEGO W STALOWEJ WOLI,2026,Stalowa Wola,ul. Rozwadowska 10,Stalowa Wola,Rozwadowska 10,ul
34451,SZKOŁA PODSTAWOWA NR 1 IM. MARSZAŁKA JÓZEFA PIŁSUDSKIEGO W KATOWICACH,2026,Katowice,ul. Jagiellońska 18,Katowice,Jagiellońska 18,ul
34479,SZKOŁA PODSTAWOWA Z ODDZIAŁAMI INTEGRACYJNYMI NR 18 IM. JANA BRZECHWY W RYBNIKU,2026,Rybnik,ul. Józefa Lompy 6,Rybnik,Lompy 6,ul józefa
34482,SZKOŁA PODSTAWOWA IM. JANA PAWŁA II W ŁĘGAJNACH,2026,Łęgajny,ul. Ogrodowa 7,Łęgajny,Ogrodowa 7,ul
34488,SZKOŁA PODSTAWOWA IM. 24 LUTEGO 1863 ROKU W DOBREJ,2026,Dobra,ul. Witanówek 8,Dobra,Witanówek 8,ul
34499,SZKOŁA PODSTAWOWA Z ODDZIAŁAMI INTEGRACYJNYMI NR 214 IM. HENRYKA JERZEGO CHMIELEWSKIEGO,2026,Warszawa,ul. Antoniego Fontany 1,Warszawa,Fontany 1,ul antoniego
34500,SZKOŁA PODSTAWOWA IM. JANA KOCHANOWSKIEGO W KOŃCZEWIE,2026,Kończewo,ul. Szkolna 1,Kończewo,Szkolna 1,ul
34502,SZKOŁA PODSTAWOWA IM. POLSKICH OLIMPIJCZYKÓW W KWAKOWIE,2026,Kwakowo,ul. Słupska 5,Kwakowo,Słupska 5,ul
34528,SZKOŁA PODSTAWOWA IM. MARII ZIENTARY-MALEWSKIEJ W KOZŁOWIE,2026,Kozłowo,ul. Szkolna 6,Kozłowo,Szkolna 6,ul
34541,SZKOŁA PODSTAWOWA SPECJALNA NR 11 IM. JANUSZA KORCZAKA W BIELSKU-BIAŁEJ,2026,Bielsko-Biała,ul. Józefa Lompy 9,Bielsko-Biała,Lompy 9,ul józefa
34570,SZKOŁA PODSTAWOWA NR 29 IM.GIUSEPPE GARIBALDIEGO,2026,Warszawa,ul. Fabryczna 19,Warszawa,Fabryczna 19,ul
34575,PUBLICZNA SZKOŁA PODSTAWOWA IM. JANA KOCHANOWSKIEGO W DOBRYSZYCACH,2026,Dobryszyce,ul. Leśna 1,Dobryszyce,Leśna 1,ul
34577,SZKOŁA PODSTAWOWA IM. HENRYKA SIENKIEWICZA W BLOKU DOBRYSZYCE,2026,Blok Dobryszyce,ul. Kolejowa 24,Blok Dobryszyce,Kolejowa 24,ul
34624,ZESPÓŁ SZKOLNO - PRZEDSZKOLNY W STRYKOWIE - SZKOŁA PODSTAWOWA IM. JANUSZA KORCZAKA,2026,Strykowo,ul. Bukowska 2,Strykowo,Bukowska 2,ul
34633,SZKOŁA PODSTAWOWA NR 32 Z ODDZIAŁAMI INTEGRACYJNYMI IM. MAŁEGO POWSTAŃCA,2026,Warszawa,ul. Dow Bera Meiselsa 1,Warszawa,Meiselsa 1,ul dow bera
34634,SZKOŁA PODSTAWOWA NR 12 IM. POWSTAŃCÓW ŚLĄSKICH,2026,Warszawa,ul. Górnośląska 45,Warszawa,Górnośląska 45,ul
34635,SZKOŁA PODSTAWOWA NR 1 IM. GUSTAWA MORCINKA,2026,Warszawa,ul. Wilcza 53,Warszawa,Wilcza 53,ul
34645,PUBLICZNA SZKOŁA PODSTAWOWA IM. KORNELA MAKUSZYŃSKIEGO W ADAMOWIE,2026,Adamów,ul. Kościelna 2,Adamów,Kościelna 2,ul
34652,SZKOŁA PODSTAWOWA IM. W. KOMARA I T. ŚLUSARSKIEGO W CZARNOGŁOWACH,2026,Czarnogłowy,ul. Lipowa 11,Czarnogłowy,Lipowa 11,ul
34685,SZKOŁA PODSTAWOWA NR 4 IM. KORNELA MAKUSZYŃSKIEGO W BIAŁEJ PODLASKIEJ,2026,Biała Podlaska,ul. Stanisława Moniuszki 36,Biała Podlaska,Moniuszki 36,ul stanisława
34711,ZESPÓŁ SZKOLNO - PRZEDSZKOLNY W JEZIORKACH - SZKOŁA PODSTAWOWA,2026,Jeziorki,ul. Pocztowa 12,Jeziorki,Pocztowa 12,ul
34716,PUBLICZNA SZKOŁA PODSTAWOWA IM. JANA PAWŁA II W KROŚCIENKU WYŻNYM,2026,Krościenko Wyżne,ul. Szkolna 34,Krościenko Wyżne,Szkolna 34,ul
34734,SZKOŁA PODSTAWOWA NR 5 IM. DZIEWIĘCIU GÓRNIKÓW Z WUJKA,2026,Katowice,ul. J. Gallusa 5,Katowice,Gallusa 5,ul j
34745,SZKOŁA PODSTAWOWA NR 34 IM. STANISŁAWA DUBOIS,2026,Warszawa,ul. Leona Kruczkowskiego 12b,Warszawa,Kruczkowskiego 12b,ul leona
34835,SZKOŁA PODSTAWOWA NR 1 IM. BRACI JEZIOROWSKICH W PŁOCKU,2026,Płock,inne Pasaż Vuka Karadzica 1,Płock,Pasaż Vuka Karadzica 1,inne
34838,SZKOŁA PODSTAWOWA NR 17 IM. TADEUSZA KOŚCIUSZKI W PŁOCKU,2026,Płock,ul. Miodowa 18,Płock,Miodowa 18,ul
34847,PUBLICZNA SZKOŁA PODSTAWOWA IM. JANUSZA KORCZAKA W PAWŁOWICZKACH,2026,Pawłowiczki,ul. Korfantego 3,Pawłowiczki,Korfantego 3,ul
34850,SZKOŁA PODSTAWOWA IM. KORNELA MAKUSZYŃSKIEGO W CENTRUM OŚWIATOWYM IM. STANISŁAWA WYSPIAŃSKIEGO W KOSZYCACH,2026,Koszyce,ul. Marii Skłodowskiej-Curie 4,Koszyce,Skłodowskiej-Curie 4,ul marii
34884,SZKOŁA PODSTAWOWA NR 3 Z ODDZIAŁAMI INTEGRACYJNYMI IM. FELIKSA STAMMA W KOŚCIANIE,2026,Kościan,ul. Wyzwolenia 24,Kościan,Wyzwolenia 24,ul
34889,SZKOŁA PODSTAWOWA IM. OBROŃCÓW TOBRUKU W TOMICACH,2026,Tomice,ul. Wrzesińska 2,Tomice,Wrzesińska 2,ul
34983,SZKOŁA PODSTAWOWA NR 75 IM. MARII KONOPNICKIEJ,2026,Warszawa,ul. Niecała 14,Warszawa,Niecała 14,ul
35012,SZKOŁA PODSTAWOWA NR 10 IM. MARII CURIE-SKŁODOWSKIEJ,2026,Katowice,ul. Sokolska 23,Katowice,Sokolska 23,ul
35013,SZKOŁA PODSTAWOWA IM. JANUSZA KORCZAKA W SORKWITACH,2026,Sorkwity,ul. Szkolna 17B,Sorkwity,Szkolna 17B,ul
35022,SZKOŁA PODSTAWOWA IM. ŚW.JANA PAWŁA II W HUCINIE,2026,Hucina,ul. Wspólna 54,Hucina,Wspólna 54,ul
35031,SZKOŁA PODSTAWOWA NR 16 IM. MIKOŁAJA KOPERNIKA W PŁOCKU,2026,Płock,ul. Piasta Kołodzieja 7,Płock,Piasta Kołodzieja 7,ul
35079,SZKOŁA PODSTAWOWA IM. ORŁA BIAŁEGO W OSTRÓWKU,2026,Ostrówek,ul. Szkolna 2,Ostrówek,Szkolna 2,ul
35094,SZKOŁA PODSTAWOWA NR 158 IM. JANA KILIŃSKIEGO,2026,Warszawa,ul. Ciasna 13,Warszawa,Ciasna 13,ul
35103,SZKOŁA PODSTAWOWA IM. KORNELA MAKUSZYŃSKIEGO,2026,Kalisz Pomorski,ul. Błonie Kaszubskie 2,Kalisz Pomorski,Błonie Kaszubskie 2,ul
35115,SZKOŁA PODSTAWOWA Z ODDZIAŁAMI INTEGRACYJNYMI NR 1 IM. JANUSZA KORCZAKA W RYBNIKU,2026,Rybnik,ul. Bolesława Chrobrego 29,Rybnik,Bolesława Chrobrego 29,ul
35132,SZKOŁA PODSTAWOWA W BARANOWIE,2026,Baranów,ul. Orlika 2,Baranów,Orlika 2,ul
35139,SZKOŁA PODSTAWOWA W MIEDARACH,2026,Miedary,ul. Główna 26,Miedary,Główna 26,ul
35162,SZKOŁA PODSTAWOWA IM. KS. STEFANA KARD. WYSZYŃSKIEGO KATOLICKIEGO STOWARZYSZENIA WYCHOWAWCÓW,2026,Libiąż,ul. Heleny Kmieć 2,Libiąż,Kmieć 2,ul heleny
35182,SZKOŁA PODSTAWOWA NR 5 W GORLICACH,2026,Gorlice,ul. Krakowska 5,Gorlice,Krakowska 5,ul
35184,SZKOŁA PODSTAWOWA NR 2 W ROPCZYCACH,2026,Ropczyce,ul. Robotnicza 48,Ropczyce,Robotnicza 48,ul
35188,SZKOŁA PODSTAWOWA NR 203 IM. ANTONINY I JANA ŻABIŃSKICH,2026,Warszawa,ul. ks. Ignacego Skorupki 8,Warszawa,Skorupki 8,ul ks ignacego
35216,SZKOŁA PODSTAWOWA Z ODDZIAŁAMI INTEGRACYJNYMI IM. POLSKICH NOBLISTÓW W KRUSZYNIE,2026,Kruszyn,ul. Szkolna 15,Kruszyn,Szkolna 15,ul
35230,PUBLICZNA SZKOŁA PODSTAWOWA IM. JANUSZA KORCZAKA W KOWALI-STĘPOCINIE,2026,Kowala-Stępocina,ul. Marii Walewskiej 6,Kowala-Stępocina,Walewskiej 6,ul marii
35240,SZKOŁA PODSTAWOWA NR 1 IM. JÓZEFA WYBICKIEGO WE FRYSZTAKU,2026,Frysztak,ul. Józefa Piętniewicza 7,Frysztak,Piętniewicza 7,ul józefa
35254,PRYWATNA SZKOŁA PODSTAWOWA W SKARŻYSKU-KAMIENNEJ,2026,Skarżysko-Kamienna,ul. Słowackiego 29,Skarżysko-Kamienna,Słowackiego 29,ul
35305,SZKOŁA PODSTAWOWA IM. HENRYKA SIENKIEWICZA W SADLINKACH,2026,Sadlinki,ul. Grudziądzka 14a,Sadlinki,Grudziądzka 14a,ul
35320,SZKOŁA PODSTAWOWA NR 3 Z ODDZIAŁAMI INTEGRACYJNYMI IM. JANA PAWŁA II W KROTOSZYNIE,2026,Krotoszyn,pl. Szkolny 19,Krotoszyn,Szkolny 19,pl
35328,SZKOŁA PODSTAWOWA IM. JANA PAWŁA II W BENICACH,2026,Benice,ul. Armii Krajowej 9,Benice,Armii Krajowej 9,ul
35367,SZKOŁA PODSTAWOWA NR 13 IM. KOLEJARZY POLSKICH W ZDUŃSKIEJ WOLI,2026,Zduńska Wola,ul. 1 Maja 27,Zduńska Wola,Maja 27,ul 1
37676,SZKOŁA PODSTAWOWA IM. IGORA SIKIRYCKIEGO W WOLI ZARADZYŃSKIEJ,2026,Wola Zaradzyńska,ul. majora Hubala 55,Wola Zaradzyńska,Hubala 55,ul majora
38444,"NIEPUBLICZNA SZKOŁA PODSTAWOWA ""NASZA SZKOŁA"" IM. JANUSZA KORCZAKA W WARSZAWIE",2026,Warszawa,ul. Liczydło 3,Warszawa,Liczydło 3,ul
38458,ZESPÓŁ SZKOLNO-PRZEDSZKOLNY – SZKOŁA PODSTAWOWA IM.GRZEGORZA PIRAMOWICZA,2026,Kurów,ul. Lubelska 16,Kurów,Lubelska 16,ul
38480,SPOŁECZNA SZKOŁA PODSTAWOWA STO,2026,Szczecinek,ul. Słowiańska 2,Szczecinek,Słowiańska 2,ul
38488,ZESPÓŁ PLACÓWEK OŚWIATOWYCH W KALETACH MIOTKU - PUBLICZNA SZKOŁA PODSTAWOWA NR 2 IM.JULIUSZA LIGONIA,2026,Kalety,ul. Orzeszkowej 10,Kalety,Orzeszkowej 10,ul
38513,SZKOŁA PODSTAWOWA NR 1 IM. KURIERÓW SĄDECKICH W MUSZYNIE,2026,Muszyna,ul. Rynek 13,Muszyna,Rynek 13,ul
38530,SZKOŁA PODSTAWOWA NR 23 IM. JANUSZA KORCZAKA,2026,Tychy,ul. Jedności 51,Tychy,Jedności 51,ul
38533,SZKOŁA PODSTAWOWA NR 8 IM. ŚWIĘTEGO JANA PAWŁA II,2026,Tychy,ul. Cmentarna 54,Tychy,Cmentarna 54,ul
38556,PUBLICZNA SZKOŁA PODSTAWOWA W OSTROŻNICY,2026,Ostrożnica,ul. Kościelna 42,Ostrożnica,Kościelna 42,ul
38569,SZKOŁA PODSTAWOWA NR 44 IM. MARII CURIE-SKŁODOWSKIEJ,2026,Katowice,ul. Morawa 86,Katowice,Morawa 86,ul
38643,PUBLICZNA SZKOŁA PODSTAWOWA SPECJALNA,2026,Radom,ul. Wośnicka 121,Radom,Wośnicka 121,ul
38701,SZKOŁA PODSTAWOWA NR 1 IM. TADEUSZA KOŚCIUSZKI Z ODDZIAŁAMI DWUJĘZYCZNYMI I SPORTOWYMI,2026,Police,ul. Gen. Władysława Sikorskiego 8,Police,Sikorskiego 8,ul gen władysława
38720,SZKOŁA PODSTAWOWA NR 2 W ZESPOLE SZKOLNO-PRZEDSZKOLNYM NR 10 W RYBNIKU,2026,Rybnik,ul. Wodzisławska 46,Rybnik,Wodzisławska 46,ul
38723,SZKOŁA PODSTAWOWA NR 6 W ZESPOLE SZKOLNO-PRZEDSZKOLNYM NR 9 W RYBNIKU,2026,Rybnik,ul. Wodzisławska 123,Rybnik,Wodzisławska 123,ul
38724,SZKOŁA PODSTAWOWA NR 12 IM. KARDYNAŁA STEFANA WYSZYŃSKIEGO W ZESPOLE SZKOLNO-PRZEDSZKOLNYM NR 12 W RYBNIKU,2026,Rybnik,ul. Maksymiliana Buhla 3,Rybnik,Buhla 3,ul maksymiliana
38728,SZKOŁA PODSTAWOWA NR 15 IM. KS. PRAŁATA KONRADA SZWEDY W RYBNIKU,2026,Rybnik,ul. Rybacka 55,Rybnik,Rybacka 55,ul
38730,SZKOŁA PODSTAWOWA NR 19 W RYBNIKU,2026,Rybnik,ul. Włościańska 39e,Rybnik,Włościańska 39e,ul
38735,SZKOŁA PODSTAWOWA NR 1 IM. JANUSZA KUSOCIŃSKIEGO W HAJNÓWCE,2026,Hajnówka,ul. 3 Maja 54,Hajnówka,Maja 54,ul 3
38737,SZKOŁA PODSTAWOWA Z ODDZIAŁAMI INTEGRACYJNYMI NR 23 IM. ARMII KRAJOWEJ W PŁOCKU,2026,Płock,ul. Walecznych 20,Płock,Walecznych 20,ul
38738,OGÓLNOKSZTAŁCĄCA SZKOŁA MUZYCZNA I STOPNIA W PŁOCKU,2026,Płock,ul. Kolegialna 23,Płock,Kolegialna 23,ul
38742,SZKOŁA PODSTAWOWA NR 48 IMIENIA ADAMA PRÓCHNIKA,2026,Warszawa,ul. Stefanii Sempołowskiej 4,Warszawa,Sempołowskiej 4,ul stefanii
38747,SZKOŁA PODSTAWOWA NR 6 W ROPCZYCACH,2026,Ropczyce,ul. Szkolna 33,Ropczyce,Szkolna 33,ul
38758,PUBLICZNA SZKOŁA PODSTAWOWA IM. MARII KONOPNICKIEJ W STĘŻYCY,2026,Stężyca,ul. Królewska 2a,Stężyca,Królewska 2a,ul
38766,SZKOŁA PODSTAWOWA IM. DR HENRYKA JORDANA W KSAWEROWIE,2026,Ksawerów,ul. Zachodnia 33,Ksawerów,Zachodnia 33,ul
38777,SZKOŁA PODSTAWOWA NR 53 IM. STEFANA ŻEROMSKIEGO W KATOWICACH,2026,Katowice,pl. Wyzwolenia 18,Katowice,Wyzwolenia 18,pl
38778,SZKOŁA PODSTAWOWA NR 20 IM. WŁADYSŁAWA BRONIEWSKIEGO W PŁOCKU,2026,Płock,ul. Janusza Korczaka 10,Płock,Korczaka 10,ul janusza
38779,SZKOŁA PODSTAWOWA Z ODDZIAŁAMI DWUJĘZYCZNYMI NR 3 IM. KORNELA MAKUSZYŃSKIEGO W PŁOCKU,2026,Płock,ul. Królowej Jadwigi 4,Płock,Jadwigi 4,ul królowej
38794,SZKOŁA PODSTAWOWA NR 2 IM. OBROŃCÓW POLSKIEGO MORZA,2026,Leszno,ul. Gabriela Narutowicza 57,Leszno,Narutowicza 57,ul gabriela
38797,SZKOŁA PODSTAWOWA STOWARZYSZENIA PRZYJACIÓŁ SZKÓŁ KATOLICKICH IM.BŁ.JANA PAWŁA II,2026,Modzerowo,ul. Szkolna 28,Modzerowo,Szkolna 28,ul
38799,SZKOŁA PODSTAWOWA STOWARZYSZENIA PRZYJACIÓŁ SZKÓŁ KATOLICKICH IM. BŁ.KS.FRANCISZKA DRZEWIECKIEGO,2026,Warząchewka Polska,ul. Wspólna 1,Warząchewka Polska,Wspólna 1,ul
38801,SZKOŁA PODSTAWOWA NR 2 IM. ORŁA BIAŁEGO W BOLESŁAWCU,2026,Bolesławiec,ul. Juliusza Słowackiego 2,Bolesławiec,Słowackiego 2,ul juliusza
38803,SZKOŁA PODSTAWOWA NR 1 IM. JANUSZA KUSOCIŃSKIEGO W BOLESŁAWCU,2026,Bolesławiec,ul. Jana Pawła II 38c,Bolesławiec,Jana Pawła II 38c,ul
38811,SZKOŁA PODSTAWOWA NR 3 IM. BRONISŁAWA MALINOWSKIEGO W ŚCINAWIE,2026,Ścinawa,ul. Królowej Jadwigi 9,Ścinawa,Jadwigi 9,ul królowej
38880,SZKOŁA PODSTAWOWA NR 12 IM. STANISŁAWA MONIUSZKI W KONINIE,2026,Konin,ul. Tadeusza Szeligowskiego 5,Konin,Szeligowskiego 5,ul tadeusza
38892,SZKOŁA PODSTAWOWA NR 5 IM. JANUSZA KORCZAKA,2026,Orzesze,ul. Żorska 101,Orzesze,Żorska 101,ul
38896,SZKOŁA PODSTAWOWA NR 10 IM. GUSTAWA MORCINKA,2026,Orzesze,ul. Norwida 2,Orzesze,Norwida 2,ul
38909,SZKOŁA PODSTAWOWA NR 1 IM. STANISŁAWA KONARSKIEGO W KOLE,2026,Koło,ul. Szkolna 2A,Koło,Szkolna 2A,ul
38946,SZKOŁA PODSTAWOWA NR 1 W PSZOWIE,2026,Pszów,ul. Romualda Traugutta 12,Pszów,Traugutta 12,ul romualda
38947,SZKOŁA PODSTAWOWA NR 3 W PSZOWIE,2026,Pszów,ul. Armii Krajowej 54,Pszów,Armii Krajowej 54,ul
38948,SZKOŁA PODSTAWOWA NR 2 W PSZOWIE,2026,Pszów,ul. Karola Miarki 16 A,Pszów,Miarki 16 A,ul karola
38967,SZKOŁA PODSTAWOWA IM. GEN. J. DWERNICKIEGO W STOCZKU ŁUKOWSKIM,2026,Stoczek Łukowski,pl. Stanisława Wielgoska 5,Stoczek Łukowski,Wielgoska 5,pl stanisława
38999,SZKOŁA PODSTAWOWA NR 4 IM. HENRYKA SIENKIEWICZA W ZELOWIE,2026,Zelów,ul. Stefana Żeromskiego 53,Zelów,Żeromskiego 53,ul stefana
39016,PUBLICZNA SZKOŁA PODSTAWOWA IM. JANUSZA KORCZAKA W KRZECZOWIE,2026,Krzeczów,ul. Szkolna 2,Krzeczów,Szkolna 2,ul
39022,SZKOŁA PODSTAWOWA IM.ARMII KRAJOWEJ GRUPY KAMPINOS W BORZĘCINIE DUŻYM,2026,Borzęcin Duży,ul. Warszawska 697,Borzęcin Duży,Warszawska 697,ul
39037,SZKOŁA PODSTAWOWA W CEDYNI,2026,Cedynia,ul. Mieszka I 21,Cedynia,Mieszka I 21,ul
39066,SZKOŁA PODSTAWOWA SPECJALNA NR 28,2026,Gdańsk,ul. Tęczowa 26,Gdańsk,Tęczowa 26,ul
39070,SZKOŁA PODSTAWOWA NR 48 IM. GEN. JÓZEFA HALLERA W GDAŃSKU,2026,Gdańsk,ul. Zbigniewa Burzyńskiego 10,Gdańsk,Burzyńskiego 10,ul zbigniewa
39079,SZKOŁA PODSTAWOWA NR 78 IM. PROF. WIKTORA DEGI W POZNANIU,2026,Poznań,ul. Żonkilowa 34,Poznań,Żonkilowa 34,ul
39121,SZKOŁA PODSTAWOWA W ŁABUNIACH IM. DZIECI ZAMOJSZCZYZNY,2026,Łabunie,ul. Zamojska 1,Łabunie,Zamojska 1,ul
39609,SZKOŁA PODSTAWOWA NR 21 IM. KAROLA MIARKI W RYBNIKU,2026,Rybnik,ul. Niedobczycka 191,Rybnik,Niedobczycka 191,ul
39616,SZKOŁA PODSTAWOWA NR 1 IM. PRZYJACIÓŁ ZIEMI,2026,Człuchów,ul. Średnia 4a,Człuchów,Średnia 4a,ul
39641,SZKOŁA PODSTAWOWA IM. JANUSZA KORCZAKA W PASIEKACH,2026,Pasieki,ul. Szkolna 2,Pasieki,Szkolna 2,ul
39683,SZKOŁA PODSTAWOWA NR 2 IM. ARKADEGO FIEDLERA W NOWEM,2026,Nowe,ul. Myśliwska 2,Nowe,Myśliwska 2,ul
39709,SZKOŁA PODSTAWOWA NR 1 W WOLBROMIU,2026,Wolbrom,ul. Mariacka 28,Wolbrom,Mariacka 28,ul
39718,SZKOŁA PODSTAWOWA NR 2 IM. ROTMISTRZA WITOLDA PILECKIEGO W OLSZTYNKU,2026,Olsztynek,ul. Ostródzka 2,Olsztynek,Ostródzka 2,ul
39740,NIEPUBLICZNA SZKOŁA PODSTAWOWA INTERNATIONAL SCHOOL OF BYDGOSZCZ,2026,Bydgoszcz,ul. Bośniacka 3,Bydgoszcz,Bośniacka 3,ul
39750,PUBLICZNA SZKOŁA PODSTAWOWA W KOZŁOWICACH,2026,Kozłowice,ul. Nowa 2,Kozłowice,Nowa 2,ul
39756,SZKOŁA PODSTAWOWA NR 1 IM. MIKOŁAJA KOPERNIKA,2026,Mińsk Mazowiecki,ul. Mikołaja Kopernika 9,Mińsk Mazowiecki,Kopernika 9,ul mikołaja
39771,SZKOŁA PODSTAWOWA IM. KAZIMIERZA JAGIELLOŃCZYKA W WILKASACH,2026,Wilkasy,ul. Szkolna 8,Wilkasy,Szkolna 8,ul
39883,SPOŁECZNA SZKOŁA PODSTAWOWA,2026,Kłodzko,ul. Ignacego Daszyńskiego 12,Kłodzko,Daszyńskiego 12,ul ignacego
40084,SZKOŁA PODSTAWOWA IM. ODKRYWCÓW POLSKIEJ MIEDZI W CHOCIANOWIE,2026,Chocianów,ul. Wesoła 16,Chocianów,Wesoła 16,ul
40106,SZKOŁA PODSTAWOWA IM. ŻOŁNIERZY NIEZŁOMNYCH W LIGOCIE,2026,Ligota,ul. Kaliska 2,Ligota,Kaliska 2,ul
40118,SZKOŁA PODSTAWOWA NR 5 IM. ARKADEGO FIEDLERA,2026,Koło,ul. Kolejowa 5,Koło,Kolejowa 5,ul
40137,ZESPÓŁ SZKÓŁ W SUBKOWACH - SZKOŁA PODSTAWOWA IM. LEONIDA TELIGI W SUBKOWACH,2026,Subkowy,ul. Józefa Wybickiego 19b,Subkowy,Wybickiego 19b,ul józefa
40143,SZKOŁA PODSTAWOWA Z ODDZIAŁAMI PRZEDSZKOLNYMI NR 22 IM. JULIUSZA SŁOWACKIEGO W RYBNIKU,2026,Rybnik,ul. Boczna 17,Rybnik,Boczna 17,ul
40171,SZKOŁA PODSTAWOWA NR 3 IM. MARII KONOPNICKIEJ W KOLE Z ODDZIAŁAMI INTEGRACYJNYMI,2026,Koło,ul. Toruńska 68,Koło,Toruńska 68,ul
40173,SZKOŁA PODSTAWOWA IM. KORNELA MAKUSZYŃSKIEGO W KOBYLNICY,2026,Kobylnica,ul. Główna 63,Kobylnica,Główna 63,ul
40186,PUBLICZNA SZKOŁA PODSTAWOWA IM. BOHATERÓW POWSTAŃ ŚLĄSKICH W KOSTOWIE,2026,Kostów,ul. Główna 26,Kostów,Główna 26,ul
40194,SZKOŁA PODSTAWOWA NR 5 IM. JANUSZA KORCZAKA W OSTRÓDZIE,2026,Ostróda,ul. Plebiscytowa 50,Ostróda,Plebiscytowa 50,ul
40199,PUBLICZNA SZKOŁA PODSTAWOWA IM. JANUSZA KORCZAKA W REPKACH,2026,Repki,ul. Osiedlowa 8,Repki,Osiedlowa 8,ul
40221,SZKOŁA PODSTAWOWA NR 2 IM. CYSTERSÓW WĄGROWIECKICH,2026,Wągrowiec,ul. Krótka 4,Wągrowiec,Krótka 4,ul
40499,SZKOŁA PODSTAWOWA IM. KS. JANA TWARDOWSKIEGO W BABICY,2026,Babica,ul. Górska 38,Babica,Górska 38,ul
40524,NIEPUBLICZNA SZKOŁA PODSTAWOWA WIELICZKA MONTESSORI SCHOOL - WIELICKA SZKOŁA MONTESSORI,2026,Wieliczka,ul. Jana Mikołaja Daniłowicza 2,Wieliczka,Daniłowicza 2,ul jana mikołaja
40540,SZKOŁA PODSTAWOWA SPECJALNA NR 11 W GNIEŹNIE,2026,Gniezno,ul. Gdańska 106,Gniezno,Gdańska 106,ul
40545,SZKOŁA PODSTAWOWA NR 351 IM. BOLESŁAWA PRUSA,2026,Warszawa,ul. Jana Olbrachta 48/56,Warszawa,Jana Olbrachta 48/56,ul
40560,SZKOŁA PODSTAWOWA IM. STANISŁAWA STASZICA W BŁASZKACH,2026,Błaszki,ul. Szkolna 1,Błaszki,Szkolna 1,ul
40615,SZKOŁA PODSTAWOWA NR 3 IM. HENRYKA SIENKIEWICZA W EŁKU,2026,Ełk,ul. Grodzieńska 1,Ełk,Grodzieńska 1,ul
40625,SZKOŁA PODSTAWOWA W GOSZCZU,2026,Goszcz,ul. Szkolna 1,Goszcz,Szkolna 1,ul
40626,SZKOŁA PODSTAWOWA NR 2 IM. JANA PAWŁA 2 W TWARDOGÓRZE,2026,Twardogóra,ul. Stefana Batorego 5,Twardogóra,Stefana Batorego 5,ul
40630,SZKOŁA PODSTAWOWA NR 79,2026,Poznań,ul. Jesionowa 14,Poznań,Jesionowa 14,ul
40657,PUBLICZNA SZKOŁA PODSTAWOWA NR 1 Z ODDZIAŁAMI INTEGRACYJNYMI IM. IGNACEGO DASZYŃSKIEGO W RADOMIU,2026,Radom,ul. Odrodzenia 37,Radom,Odrodzenia 37,ul
40662,SZKOŁA PODSTAWOWA IM. MARII KONOPNICKIEJ W ŻELEŹNIKOWEJ WIELKIEJ,2026,Żeleźnikowa Wielka,ul. św. Jana Pawła II 93,Żeleźnikowa Wielka,Jana Pawła II 93,ul św
40683,SZKOŁA PODSTAWOWA NR 2 IM ANDRZEJA FRYCZA MODRZEWSKIEGO W BRZEZINACH,2026,Brzeziny,ul. Henryka Sienkiewicza 17,Brzeziny,Sienkiewicza 17,ul henryka
40685,SZKOŁA PODSTAWOWA NR 1 IM. KAZIMIERZA WIELKIEGO W BRZEZINACH,2026,Brzeziny,ul. Stanisława Moniuszki 21,Brzeziny,Moniuszki 21,ul stanisława
40690,SZKOŁA PODSTAWOWA NR 18 IM. KAROLA MIARKI,2026,Katowice,ul. Sportowa 29,Katowice,Sportowa 29,ul
40702,SZKOŁA PODSTAWOWA W BOCHOTNICY,2026,Bochotnica,ul. Zamłynie 1,Bochotnica,Zamłynie 1,ul
40716,SZKOŁA PODSTAWOWA NR 26 IM. MIROSŁAWA BIERNACKIEGO,2026,Warszawa,ul. Miedziana 8,Warszawa,Miedziana 8,ul
40717,SZKOŁA PODSTAWOWA NR 132 IM. SÁNDORA PETŐFIEGO,2026,Warszawa,ul. Grabowska 1,Warszawa,Grabowska 1,ul
40748,SZKOŁA PODSTAWOWA NR 6 IM. JANA PAWŁA II W KRAŚNIKU,2026,Kraśnik,ul. Grunwaldzka 2,Kraśnik,Grunwaldzka 2,ul
40749,SZKOŁA PODSTAWOWA NR 1 IM. RYSZARDA KNOSAŁY W OLSZTYNIE,2026,Olsztyn,ul. Stanisława Moniuszki 10,Olsztyn,Moniuszki 10,ul stanisława
40798,SZKOŁA PODSTAWOWA NR 1 IM. ŚW. KAZIMIERZA W KARTUZACH,2026,Kartuzy,ul. 3 Maja 14,Kartuzy,Maja 14,ul 3
40827,SZKOŁA PODSTAWOWA IM. WOJSKA POLSKIEGO W WIEWIÓRCZYNIE,2026,Wiewiórczyn,ul. Szkolna 1,Wiewiórczyn,Szkolna 1,ul
40848,SZKOŁA PODSTAWOWA IM. KONSTYTUCJI 3 MAJA W ŚMIGLU,2026,Śmigiel,ul. Konopnickiej 5,Śmigiel,Konopnickiej 5,ul
40878,SZKOŁA PODSTAWOWA W MACHNOWIE NOWYM,2026,Machnów Nowy,ul. Św. Jana Pawła II 16,Machnów Nowy,Jana Pawła II 16,ul św
40898,SZKOŁA PODSTAWOWA NR 238 IM. CHRISTO BOTEWA,2026,Warszawa,ul. Redutowa 37,Warszawa,Redutowa 37,ul
40908,SZKOŁA PODSTAWOWA NR 139 IM. LUDWIKI WAWRZYŃSKIEJ,2026,Warszawa,ul. Syreny 5/7,Warszawa,Syreny 5/7,ul
40938,PUBLICZNA SZKOŁA PODSTAWOWA NR 2 IM. HANSA CHRISTIANA ANDERSENA W RADOMIU,2026,Radom,ul. Batalionów Chłopskich 16,Radom,Batalionów Chłopskich 16,ul
40945,SZKOŁA PODSTAWOWA NR 63 IM. ZAWISZY CZARNEGO,2026,Warszawa,ul. Płocka 30,Warszawa,Płocka 30,ul
41001,SZKOŁA PODSTAWOWA IM.MIESZKA I W MIESZKOWICACH,2026,Mieszkowice,ul. Henryka Sienkiewicza 56,Mieszkowice,Sienkiewicza 56,ul henryka
41025,SZKOŁA PODSTAWOWA IM. 2 WARSZAWSKIEJ DYWIZJI PIECHOTY GEN. JANA HENRYKA DĄBROWSKIEGO W WIERZCHOWIE,2026,Wierzchowo,ul. Długa 26A,Wierzchowo,Długa 26A,ul
41035,PUBLICZNA SZKOŁA PODSTAWOWA NR 4 Z ODDZIAŁAMI INTEGRACYJNYMI IM. ŚW. KAZIMIERZA JAGIELLOŃCZYKA W RADOMIU,2026,Radom,ul. Wyścigowa 49,Radom,Wyścigowa 49,ul
41045,SZKOŁA PODSTAWOWA IM. PŁK. MARIANA SOŁTYSIAKA „BARABASZA” W DALESZYCACH,2026,Daleszyce,ul. Henryka Sienkiewicza 11B,Daleszyce,Sienkiewicza 11B,ul henryka
41050,SZKOŁA PODSTAWOWA IM. POLSKICH OLIMPIJCZYKÓW W TURZE,2026,Tur,ul. Bydgoska 28,Tur,Bydgoska 28,ul
41051,SZKOŁA PODSTAWOWA W LUBISZEWIE,2026,Lubiszewo Tczewskie,ul. Sambora 3,Lubiszewo Tczewskie,Sambora 3,ul
41056,ZESPÓŁ KSZTAŁCENIA I WYCHOWANIA W SWAROŻYNIE SZKOŁA PODSTAWOWA IM. STEFANA ŻEROMSKIEGO W SWAROŻYNIE,2026,Swarożyn,ul. Wyzwolenia 18,Swarożyn,Wyzwolenia 18,ul
41061,ZESPÓŁ KSZTAŁCENIA I WYCHOWANIA SZKOŁA PODSTAWOWA W TURZU,2026,Turze,ul. Kościelna 7,Turze,Kościelna 7,ul
41069,PODSTAWOWA SZKOŁA GEDANENSIS,2026,Gdańsk,ul. Dworska 34,Gdańsk,Dworska 34,ul
41073,SZKOŁA PODSTAWOWA IM ZBIGNIEWA DŁUŻNIEWSKIEGO,2026,Nowa Góra,ul. Szkolna 6,Nowa Góra,Szkolna 6,ul
41119,SZKOŁA PODSTAWOWA IM. JANA KACZOROWSKIEGO W SZYDŁOWIE,2026,Szydłów,ul. Szkolna 10 i 12,Szydłów,Szkolna 10 i 12,ul
41137,PUBLICZNA SZKOŁA PODSTAWOWA NR 5 IM.MARII DĄBROWSKIEJ W RADOMIU,2026,Radom,ul. gen. Józefa Sowińskiego 1,Radom,Sowińskiego 1,ul gen józefa
41154,SZKOŁA PODSTAWOWA NR 6 IM. HIPOLITA CEGIELSKIEGO Z ODDZIALAMI INTEGRACYJNYMI,2026,Poznań,os. Rusa 56,Poznań,Rusa 56,os
41155,SZKOŁA PODSTAWOWA IM.WANDY CHOTOMSKIEJ W KLECZEWIE,2026,Kleczew,ul. Świętej Kingi 7,Kleczew,Kingi 7,ul świętej
41156,SZKOŁA PODSTAWOWA W ŁASINIE,2026,Łasin,ul. Curie-Skłodowskiej 14,Łasin,Curie-Skłodowskiej 14,ul
41158,SZKOŁA PODSTAWOWA SPECJALNA W WIELKICH DROGACH,2026,Wielkie Drogi,ul. Jana Brandysa 8,Wielkie Drogi,Brandysa 8,ul jana
41174,SZKOŁA PODSTAWOWA NR 148 IM. HUGONA KOŁŁĄTAJA,2026,Warszawa,ul. Ożarowska 69,Warszawa,Ożarowska 69,ul
41178,SZKOŁA PODSTAWOWA NR 5 IM. MARII KONOPNICKIEJ W EŁKU,2026,Ełk,ul. św. Maksymiliana Marii Kolbe 11,Ełk,Kolbe 11,ul św maksymiliana marii
41187,SZKOŁA PODSTAWOWA IM.STEFANA ŻEROMSKIEGO W DOMASZOWICACH,2026,Domaszowice,ul. Kolejowa 3,Domaszowice,Kolejowa 3,ul
41207,ZESPÓŁ EDUKACYJNY W OSIECZNICY - SZKOŁA PODSTAWOWA IM. KAWALERÓW ORDERU UŚMIECHU,2026,Osiecznica,ul. Szkolna 15,Osiecznica,Szkolna 15,ul
41213,SZKOŁA PODSTAWOWA NR 1 IM. FILOMATÓW POMORSKICH,2026,Chełmno,ul. Kościuszki 11,Chełmno,Kościuszki 11,ul
41218,SZKOŁA PODSTAWOWA NR 4 IM. WOJSKA POLSKIEGO,2026,Chełmno,os. Marii Curie-Skłodowskiej 16,Chełmno,Curie-Skłodowskiej 16,os marii
41223,PARAFIALNA PODSTAWOWA SZKOŁA POLSKO - ROMSKA Z ODDZIAŁAMI INTEGRACYJNYMI W SUWAŁKACH,2026,Suwałki,ul. Tadeusza Kościuszki 58,Suwałki,Kościuszki 58,ul tadeusza
41393,SZKOŁA PODSTAWOWA NR3 IM. MARII ZIENTARY MALEWSKIEJ W KĘTRZYNIE,2026,Kętrzyn,ul. Bydgoska 1,Kętrzyn,Bydgoska 1,ul
41453,SZKOŁA PODSTAWOWA SPECJALNA W MŁODZIEŻOWYM OŚRODKU SOCJOTERAPII W KIERNOZI,2026,Kiernozia,ul. Sobocka 2b,Kiernozia,Sobocka 2b,ul
41455,SZKOŁA PODSTAWOWA NR 222 IM. JANA BRZECHWY,2026,Warszawa,ul. Esperanto 7a,Warszawa,Esperanto 7a,ul
41638,SZKOŁA PODSTAWOWA IM.ARKADEGO FIEDLERA W BUDZISŁAWIU KOŚCIELNYM,2026,Budzisław Kościelny,ul. Szkolna 17,Budzisław Kościelny,Szkolna 17,ul
41649,SZKOŁA PODSTAWOWA NR 236 Z ODDZIAŁAMI INTEGRACYJNYMI IM. IRENY SENDLEROWEJ,2026,Warszawa,ul. Elekcyjna 21/23,Warszawa,Elekcyjna 21/23,ul
41798,SZKOŁA PODSTAWOWA NR 1 IM. ZDOBYWCÓW PRZESTWORZY,2026,Częstochowa,ul. Księżycowa 6,Częstochowa,Księżycowa 6,ul
41811,PUBLICZNA SZKOŁA PODSTAWOWA IM. BRACI ANDRZEJA I JÓZEFA ZAŁUSKICH W JEDLANCE,2026,Jedlanka,ul. Główna 29,Jedlanka,Główna 29,ul
41813,SZKOŁA PODSTAWOWA NR 1 IM. FELIKSA NOWOWIEJSKIEGO W KĘTRZYNIE,2026,Kętrzyn,ul. Mikołaja Kopernika 12,Kętrzyn,Kopernika 12,ul mikołaja
41818,SZKOŁA PODSTAWOWA NR 227 IM. LOTNIKÓW POLSKICH,2026,Warszawa,ul. Astronautów 17,Warszawa,Astronautów 17,ul
41823,"NIEPUBLICZNA SZKOŁA PODSTAWOWA ""NASZA SZKOŁA"" W OPOLU",2026,Opole,ul. Chabrów 54,Opole,Chabrów 54,ul
41830,SZKOŁA PODSTAWOWA NR 2 W PIWNICZNEJ ZDROJU,2026,Piwniczna-Zdrój,inne Kosarzyska 23,Piwniczna-Zdrój,Kosarzyska 23,inne
41863,"SZKOŁA PODSTAWOWA Z ODDZIAŁAMI INTEGRACYJNYMI NR 41 IM. ŻOŁNIERZY ARMII KRAJOWEJ GRUPY BOJOWEJ ""KRYBAR"" W WARSZAWIE",2026,Warszawa,ul. Drewniana 8,Warszawa,Drewniana 8,ul
41866,SZKOŁA PODSTAWOWA IM. JÓZEFA PIŁSUDSKIEGO W RYKOSZYNIE,2026,Rykoszyn,ul. Świętokrzyska 112,Rykoszyn,Świętokrzyska 112,ul
41876,SZKOŁA PODSTAWOWA NR 1 IM. ŚW. JADWIGI KRÓLOWEJ POLSKI W ŻURAWICY,2026,Żurawica,ul. Ojca Św. Jana Pawła II 194,Żurawica,Jana Pawła II 194,ul ojca św
41878,SZKOŁA PODSTAWOWA NR 27 IM. JAROSŁAWA DĄBROWSKIEGO W ZESPOLE SZKOLNO-PRZEDSZKOLNYM NR 15 W RYBNIKU,2026,Rybnik,ul. Gzelska 7,Rybnik,Gzelska 7,ul
41909,SZKOŁA PODSTAWOWA IM. KAN.STEFANA WOJTYŁKI,2026,Stara Wieś,ul. Dolna 12,Stara Wieś,Dolna 12,ul
41934,SZKOŁA PODSTAWOWA SPORTOWA Z ODDZIAŁAMI MISTRZOSTWA SPORTOWEGO NR 8 IM. MARII SKŁODOWSKIEJ-CURIE W OŚWIĘCIMIU,2026,Oświęcim,ul. Aleja Juliusza Słowackiego 41,Oświęcim,Aleja Juliusza Słowackiego 41,ul
41935,SZKOŁA PODSTAWOWA NR 10 IM. KPT. STANISŁAWA BETLEJA W KROŚNIE,2026,Krosno,ul. Jana i Stanisława Magurów 1,Krosno,Magurów 1,ul jana i stanisława
41955,SZKOŁA PODSTAWOWA IM.ST.SIERŻ. M. MAJCHRZAKA W MORYNIU,2026,Moryń,ul. Dworcowa 6A,Moryń,Dworcowa 6A,ul
41991,SZKOŁA PODSTAWOWA SPECJALNA NR 212,2026,Łódź,ul. Częstochowska 36,Łódź,Częstochowska 36,ul
41993,SZKOŁA PODSTAWOWA SPECJALNA NR 214,2026,Łódź,ul. Łucji 12/16,Łódź,Łucji 12/16,ul
42019,SZKOŁA PODSTAWOWA NR 21,2026,Poznań,ul. Łozowa 77,Poznań,Łozowa 77,ul
42062,SZKOŁA PODSTAWOWA NR 1 IM. MJRA HENRYKA SUCHARSKIEGO W DRAWSKU POMORSKIM,2026,Drawsko Pomorskie,ul. Obrońców Westerplatte 13,Drawsko Pomorskie,Obrońców Westerplatte 13,ul
42092,SZKOŁA PODSTAWOWA NR 2 IM. KRZYSZTOFA KAMILA BACZYŃSKIEGO,2026,Częstochowa,ul. Krzysztofa Kamila Baczyńskiego 2a,Częstochowa,Baczyńskiego 2a,ul krzysztofa kamila
42098,PUBLICZNA SZKOŁA PODSTAWOWA NR 32 IM. KAWALERÓW ORDERU UŚMIECHU W OPOLU,2026,Opole,ul. Opolska 34,Opole,Opolska 34,ul
42111,SZKOŁA PODSTAWOWA IM. STEFANII CYGAŃSKIEJ W JAKTOROWIE,2026,Jaktorów,ul. Warszawska 88,Jaktorów,Warszawska 88,ul
42112,SZKOŁA PODSTAWOWA IM. JÓZEFA JAGIELSKIEGO W MIĘDZYBOROWIE,2026,Międzyborów,ul. Staszica 5,Międzyborów,Staszica 5,ul
42137,SZKOŁA PODSTAWOWA IM.KS.STANISŁAWA KUJOTA W WYBCZU,2026,Wybcz,ul. M. Konopnickiej 4,Wybcz,Konopnickiej 4,ul m
42145,SZKOŁA PODSTAWOWA IM. BRONISŁAWA WANATA W MOSZCZENICY,2026,Moszczenica,ul. Leśna 5,Moszczenica,Leśna 5,ul
42153,PUBLICZNA SZKOŁA PODSTAWOWA IM.JANA PAWŁA II W PYSZNICY,2026,Pysznica,ul. Sportowa 1,Pysznica,Sportowa 1,ul
42155,PUBLICZNA SZKOŁA PODSTAWOWA IM. ARMII KRAJOWEJ W JASTKOWICACH,2026,Jastkowice,ul. Mickiewicza 1,Jastkowice,Mickiewicza 1,ul
42158,SZKOŁA PODSTAWOWA NR 5 IM. ZJEDNOCZONEJ EUROPY W KWIDZYNIE,2026,Kwidzyn,ul. Kamienna 18,Kwidzyn,Kamienna 18,ul
42163,PUBLICZNA SZKOŁA PODSTAWOWA NR 15 IM.JANA KOCHANOWSKIEGO W KĘDZIERZYNIE-KOŹLU,2026,Kędzierzyn-Koźle,ul. Karola Szymanowskiego 19,Kędzierzyn-Koźle,Szymanowskiego 19,ul karola
42176,PUBLICZNA SZKOŁA PODSTAWOWA NR 6 Z ODDZIAŁAMI INTEGRACYJNYMI IM.ORŁA BIAŁEGO W RADOMIU,2026,Radom,ul. Adama Rapackiego 24,Radom,Rapackiego 24,ul adama
42184,SZKOŁA PODSTAWOWA IM. HENRYKA SIENKIEWICZA W ADAMOWIE,2026,Adamów,ul. Szkolna 4a,Adamów,Szkolna 4a,ul
42212,PUBLICZNA SZKOŁA PODSTAWOWA NR 7 IM.KAZIMIERZA PUŁASKIEGO W RADOMIU,2026,Radom,ul. Aleksandra Tybla 7/11,Radom,Tybla 7/11,ul aleksandra
42237,PUBLICZNA SZKOŁA PODSTAWOWA NR 9 IM. HENRYKA SIENKIEWICZA W RADOMIU,2026,Radom,ul. Sandomierska 19,Radom,Sandomierska 19,ul
42246,SZKOŁA PODSTAWOWA NR 2 W PŁOŃSKU IM. JANA WALEREGO JĘDRZEJEWICZA,2026,Płońsk,ul. Szkolna 30,Płońsk,Szkolna 30,ul
42264,SZKOŁA PODSTAWOWA NR 1 IM. POLSKICH OLIMPIJCZYKÓW WE WSCHOWIE,2026,Wschowa,ul. Kazimierza Wielkiego 10,Wschowa,Kazimierza Wielkiego 10,ul
42287,SZKOŁA PODSTAWOWA NR 2 IM.MJR.HENRYKA SUCHARSKIEGO W KWIDZYNIE,2026,Kwidzyn,ul. Staszica 16,Kwidzyn,Staszica 16,ul
42290,SZKOŁA PODSTAWOWA W GRZYMISZEWIE,2026,Grzymiszew,ul. Nowa 2,Grzymiszew,Nowa 2,ul
42295,SZKOŁA PODSTAWOWA NR 3 IM. JANA PAWŁA II W ROPCZYCACH,2026,Ropczyce,ul. 3 Maja 424,Ropczyce,Maja 424,ul 3
42300,SAMORZĄDOWA SZKOŁA PODSTAWOWA W MOTKOWICACH,2026,Motkowice,ul. Szkolna 2,Motkowice,Szkolna 2,ul
42325,SZKOŁA PODSTAWOWA NR 15 IM. JANA BRZECHWY W JAWORZNIE,2026,Jaworzno,ul. Leśna 49,Jaworzno,Leśna 49,ul
42329,SZKOŁA PODSTAWOWA NR 2 IM. KRÓLOWEJ JADWIGI W OSIEKU,2026,Osiek,ul. Główna 450,Osiek,Główna 450,ul
42351,SZKOŁA PODSTAWOWA W TULISZKOWIE,2026,Tuliszków,ul. Nortowska 1,Tuliszków,Nortowska 1,ul
42374,SZKOŁA PODSTAWOWA IM. LITERATÓW DZIECIĘCYCH W ŚWIBIU,2026,Świbie,ul. Szkolna 2,Świbie,Szkolna 2,ul
42403,SZKOŁA PODSTAWOWA NR 8 IM. HALINY POŚWIATOWSKIEJ,2026,Częstochowa,ul. Szczytowa 28/30,Częstochowa,Szczytowa 28/30,ul
42432,SZKOŁA PODSTAWOWA Z ODDZIAŁAMI INTEGRACYJNYMI IM. 100-LECIA ODZYSKANIA NIEPODLEGŁOŚCI PRZEZ POLSKĘ W MICIGOŹDZIE,2026,Micigózd,ul. Częstochowska 21,Micigózd,Częstochowska 21,ul
42436,SZKOŁA PODSTAWOWA IM. MARSZAŁKA JÓZEFA PIŁSUDSKIEGO W HORYŃCU-ZDROJU,2026,Horyniec-Zdrój,ul. Jana III Sobieskiego 8,Horyniec-Zdrój,Jana III Sobieskiego 8,ul
42453,SZKOŁA PODSTAWOWA W RUSZKOWIE PIERWSZYM,2026,Ruszków Pierwszy,ul. Brudzewska 3,Ruszków Pierwszy,Brudzewska 3,ul
42562,PUBLICZNA SZKOŁA PODSTAWOWA STOWARZYSZENIA PRZYJACIÓŁ SZKÓŁ KATOLICKICH W BRZEZINCE IM. ŚW. ANTONIEGO Z PADWY,2026,Brzezinka,ul. Słoneczna 5,Brzezinka,Słoneczna 5,ul
42566,SZKOŁA PODSTAWOWA IM. MARII SKŁODOWSKIEJ CURIE W STARYCH BIELICACH,2026,Stare Bielice,ul. Kościelna 5,Stare Bielice,Kościelna 5,ul
42744,PUBLICZNA SZKOŁA PODSTAWOWA IM.ORŁA BIAŁEGO W KRZAKACH,2026,Krzaki,ul. Nowa 15,Krzaki,Nowa 15,ul
42758,SZKOŁA PODSTAWOWA NR 16 IM. KONSTYTUCJI 3 MAJA W JAWORZNIE,2026,Jaworzno,ul. 3 Maja 18,Jaworzno,Maja 18,ul 3
42767,PUBLICZNA SZKOŁA PODSTAWOWA NR 10 IM.WOJSKA POLSKIEGO W KĘDZIERZYNIE-KOŹLU,2026,Kędzierzyn-Koźle,ul. Szkolna 3,Kędzierzyn-Koźle,Szkolna 3,ul
42802,SZKOŁA PODSTAWOWA NR 64 IM.MARII KONOPNICKIEJ,2026,Poznań,os. Orła Białego 120,Poznań,Orła Białego 120,os
42812,SZKOŁA PODSTAWOWA IM. KONSTANTEGO MACIEJEWICZA W STEPNICY,2026,Stepnica,ul. Bolesława Krzywoustego 4,Stepnica,Bolesława Krzywoustego 4,ul
42814,SZKOŁA PODSTAWOWA IM. ADAMA MICKIEWICZA,2026,Maszewo,ul. Jedności Narodowej 7,Maszewo,Jedności Narodowej 7,ul
42835,SZKOŁA PODSTAWOWA W GROMCU,2026,Gromiec,ul. Husarska 2,Gromiec,Husarska 2,ul
42836,SZKOŁA PODSTAWOWA NR 166 IM. ŻWIRKI I WIGURY,2026,Warszawa,ul. Żytnia 40,Warszawa,Żytnia 40,ul
42843,SZKOŁA PODSTAWOWA NR 11 IM. MARII DĄBROWSKIEJ,2026,Częstochowa,ul. Festynowa 24,Częstochowa,Festynowa 24,ul
42854,SZKOŁA PODSTAWOWA IM. BOHATERÓW WRZEŚNIA 1939R,2026,Jeżów,ul. Wojska Polskiego 2,Jeżów,Wojska Polskiego 2,ul
42855,SZKOŁA PODSTAWOWA W RZĄŚNI,2026,Rząśnia,ul. 1 Maja 16,Rząśnia,Maja 16,ul 1
42860,SZKOŁA PODSTAWOWA W MAŁKOWICACH,2026,Małkowice,ul. Szkolna 3,Małkowice,Szkolna 3,ul
42861,SZKOŁA PODSTAWOWA W SADKOWIE,2026,Sadków,ul. Szkolna 9,Sadków,Szkolna 9,ul
42866,SZKOŁA PODSTAWOWA NR 3 IM. STANISŁAWA WYSPIAŃSKIEGO,2026,Płońsk,ul. Stanisława Wyspiańskiego 4,Płońsk,Wyspiańskiego 4,ul stanisława
42897,SZKOŁA PODSTAWOWA NR 40 IM. KPT. Ż. W. K. O. BORCHARDTA W GDYNI,2026,Gdynia,ul. Rozewska 33,Gdynia,Rozewska 33,ul
42902,SZKOŁA PODSTAWOWA NR 8 IM. WŁADYSŁAWA WEBERA W ZESPOLE SZKOLNO-PRZEDSZKOLNYM Z ODDZIAŁAMI INTEGRACYJNYMI NR 1 W RYBNIKU,2026,Rybnik,ul. Gliwicka 105,Rybnik,Gliwicka 105,ul
42903,SZKOŁA PODSTAWOWA IM.PAWŁA WŁODKOWICA W BRUDZENIU DUŻYM,2026,Brudzeń Duży,ul. Płocka 12,Brudzeń Duży,Płocka 12,ul
42914,SZKOŁA PODSTAWOWA IM. OBROŃCÓW WYBRZEŻA W JAROSŁAWCU,2026,Jarosławiec,ul. Bałtycka 65B,Jarosławiec,Bałtycka 65B,ul
42924,ZESPÓŁ SZKÓŁ:SZKOŁA PODSTAWOWA IM. J.I.KRASZEWSKIEGO W WOLI UHRUSKIEJ,2026,Wola Uhruska,ul. Gimnazjalna 34,Wola Uhruska,Gimnazjalna 34,ul
42985,SZKOŁA PODSTAWOWA NR 12 IM. BOLESŁAWA CHROBREGO,2026,Częstochowa,ul. Warszawska 31,Częstochowa,Warszawska 31,ul
43331,SZKOŁA PODSTAWOWA NR 19 IM. MIKOŁAJA KOPERNIKA W JAWORZNIE,2026,Jaworzno,ul. Kasztanowa 33,Jaworzno,Kasztanowa 33,ul
43347,SZKOŁA PODSTAWOWA NR 1 IM. MIKOŁAJA KOPERNIKA W PISZU,2026,Pisz,ul. dr. Władysława Klementowskiego 2,Pisz,Klementowskiego 2,ul dr władysława
43348,SZKOŁA PODSTAWOWA IM. HENRYKA SIENKIEWICZA W GŁOBINIE,2026,Głobino,ul. Główna 47,Głobino,Główna 47,ul
43357,SZKOŁA PODSTAWOWA IM. TADEUSZA KOŚCIUSZKI W BOBROWNIKACH,2026,Bobrowniki,ul. Sienkiewicza 163,Bobrowniki,Sienkiewicza 163,ul
43381,SZKOŁA PODSTAWOWA NR 3 IM. KONSTYTUCJI 3 MAJA,2026,Nakło nad Notecią,ul. Mrotecka 1A,Nakło nad Notecią,Mrotecka 1A,ul
43382,SZKOŁA PODSTAWOWA IM.JÓZEFA MOZOLEWSKIEGO W KOBYLANCE,2026,Kobylanka,ul. Szkolna 10,Kobylanka,Szkolna 10,ul
43477,SZKOŁA PODSTAWOWA NR 20 Z ODDZIAŁAMI INTEGRACYJNYMI IM. GENERAŁA WŁADYSŁAWA SIKORSKIEGO W DĄBROWIE GÓRNICZEJ,2026,Dąbrowa Górnicza,ul. Karola Adamieckiego 12,Dąbrowa Górnicza,Adamieckiego 12,ul karola
43526,SZKOŁA PODSTAWOWA Z ODDZIAŁEM DWUJĘZYCZNYM IM. PIOTRA MICHAŁOWSKIEGO TSSP,2026,Kraków,ul. Piotra Michałowskiego 10,Kraków,Michałowskiego 10,ul piotra
43548,PUBLICZNA SZKOŁA PODSTAWOWA NR 19 IM.BRONISŁAWA MALINOWSKIEGO W KĘDZIERZYNIE-KOŹLU,2026,Kędzierzyn-Koźle,ul. Mieszka I 4,Kędzierzyn-Koźle,Mieszka I 4,ul
43593,SZKOŁA PODSTAWOWA IM. MARII KONOPNICKIEJ W KRZYKOSACH,2026,Krzykosy,ul. Główna 39,Krzykosy,Główna 39,ul
43615,SZKOŁA PODSTAWOWA NR 4 IM. LUDWIKA JERZEGO KERNA,2026,Jastrzębie-Zdrój,ul. Tadeusza Kościuszki 19,Jastrzębie-Zdrój,Kościuszki 19,ul tadeusza
43625,SZKOŁA PODSTAWOWA NR 38,2026,Poznań,ul. Romana Brandstaettera 6,Poznań,Brandstaettera 6,ul romana
43637,SZKOŁA PODSTAWOWA NR 1 IM. TADEUSZA KOŚCIUSZKI,2026,Rawa Mazowiecka,ul. Kościuszki 19,Rawa Mazowiecka,Kościuszki 19,ul
43646,"SPOŁECZNA SZKOŁA PODSTAWOWA STOWARZYSZENIA ""SZKOŁA PRZYSZŁOŚCI""",2026,Chorzów,ul. Stefana Batorego 46,Chorzów,Stefana Batorego 46,ul
43659,SZKOŁA PODSTAWOWA NR 1 IM. FLORIANA CEYNOWY W SIERAKOWICACH,2026,Sierakowice,ul. Kubusia Puchatka 7,Sierakowice,Kubusia Puchatka 7,ul
43666,PUBLICZNA SZKOŁA PODSTAWOWA IM.KARDYNAŁA STEFANA WYSZYŃSKIEGO W KŁYŻOWIE,2026,Kłyżów,ul. Mickiewicza 70,Kłyżów,Mickiewicza 70,ul
43688,SZKOŁA PODSTAWOWA NR 1 W WIEPRZU,2026,Wieprz,ul. Centralna 19,Wieprz,Centralna 19,ul
43703,SZKOŁA PODSTAWOWA IM. ALOJZEGO PŁAWECKIEGO W ŁĄCE W ZESPOLE SZKOLNO-PRZEDSZKOLNYM W ŁĄCE,2026,Łąka,ul. Grzegorza Fitelberga 1,Łąka,Fitelberga 1,ul grzegorza
43723,SZKOŁA PODSTAWOWA IM. JANA BRZECHWY WE FRYDRYCHOWICACH,2026,Frydrychowice,ul. Wadowicka 77,Frydrychowice,Wadowicka 77,ul
43749,SZKOŁA PODSTAWOWA NR 57 IM.JÓZEFA KOSTRZEWSKIEGO W POZNANIU,2026,Poznań,ul. Leśnowolska 35,Poznań,Leśnowolska 35,ul
43763,SZKOŁA PODSTAWOWA IM.IGNACEGO ŁUKASIEWICZA W PADWI NARODOWEJ,2026,Padew Narodowa,ul. Szkolna 1,Padew Narodowa,Szkolna 1,ul
43788,SZKOŁA PODSTAWOWA IM. JANA STAPIŃSKIEGO W DŁUGIEM,2026,Długie,ul. Sanocka 121,Długie,Sanocka 121,ul
43789,SZKOŁA PODSTAWOWA NR 14 IM. HENRYKA SIENKIEWICZA,2026,Częstochowa,ul. Jerzego Waszyngtona 62,Częstochowa,Waszyngtona 62,ul jerzego
43803,SZKOŁA PODSTAWOWA NR 4 IM. KORNELA MAKUSZYŃSKIEGO,2026,Rawa Mazowiecka,ul. Kazimierza Wielkiego 28,Rawa Mazowiecka,Kazimierza Wielkiego 28,ul
43810,SZKOŁA PODSTAWOWA IM. KORNELA MAKUSZYŃSKIEGO W KORYTOWIE A,2026,Korytów A,ul. Szkolna 3,Korytów A,Szkolna 3,ul
43813,SZKOŁA PODSTAWOWA NR 1 IM. WOJSKA POLSKIEGO W CHOSZCZNIE,2026,Choszczno,ul. Obrońców Westerplatte 1a,Choszczno,Obrońców Westerplatte 1a,ul
43816,SZKOŁA PODSTAWOWA NR 3 W CHOSZCZNIE,2026,Choszczno,ul. Wolności 62a,Choszczno,Wolności 62a,ul
43825,SZKOŁA PODSTAWOWA Z ODDZIAŁAMI INTEGRACYJNYMI NR 5 IM. WŁADYSŁAWA BRONIEWSKIEGO,2026,Jastrzębie-Zdrój,ul. Mazurska 6,Jastrzębie-Zdrój,Mazurska 6,ul
43836,SZKOŁA PODSTAWOWA NR 210 IM. BOHATERÓW PAWIAKA,2026,Warszawa,ul. Karmelicka 13,Warszawa,Karmelicka 13,ul
43837,SZKOŁA PODSTAWOWA Z ODDZIAŁAMI INTEGRACYJNYMI I ODDZIAŁAMI DWUJĘZYCZNYMI NR 211 IM. JANUSZA KORCZAKA,2026,Warszawa,ul. Nowy Świat 21a,Warszawa,Nowy Świat 21a,ul
43849,SZKOŁA PODSTAWOWA NR 1 IM. STANISŁAWA JACHOWICZA Z ODDZIAŁAMI INTEGRACYJNYMI,2026,Bełchatów,ul. Dąbrowskiego 11,Bełchatów,Dąbrowskiego 11,ul
43850,SZKOŁA PODSTAWOWA NR 4 IM. STEFANA ŻEROMSKIEGO,2026,Bełchatów,ul. Lipowa 11,Bełchatów,Lipowa 11,ul
43851,SZKOŁA PODSTAWOWA NR 3 IM. ŻOŁNIERZY POW,2026,Bełchatów,ul. Sienkiewicza 25,Bełchatów,Sienkiewicza 25,ul
43852,PIĄTKOWSKA SZKOŁA SPOŁECZNA IM. DR WANDY BŁEŃSKIEJ,2026,Poznań,ul. Franciszka Stróżyńskiego 16,Poznań,Stróżyńskiego 16,ul franciszka
43853,SZKOŁA PODSTAWOWA NR 5 IM. ŻOŁNIERZY WOJSKA POLSKIEGO,2026,Bełchatów,ul. Szkolna 10,Bełchatów,Szkolna 10,ul
43854,SZKOŁA PODSTAWOWA NR 12 IM. KORNELA MAKUSZYŃSKIEGO,2026,Bełchatów,ul. Witolda Budryka 7,Bełchatów,Budryka 7,ul witolda
43882,SZKOŁA PODSTAWOWA IM. JANA HENRYKA DĄBROWSKIEGO W PIĘCZKOWIE,2026,Pięczkowo,ul. Szkolna 5,Pięczkowo,Szkolna 5,ul
43929,"SZKOŁA PODSTAWOWA NR 353 IM. ""WIELKICH ODKRYWCÓW""",2026,Warszawa,ul. Cieplarniana 23,Warszawa,Cieplarniana 23,ul
43937,SZKOŁA PODSTAWOWA IM. POMNIK WDZIĘCZNOŚCI W ZAKROCZYMIU,2026,Zakroczym,ul. Ojca Honorata Koźmińskiego 63,Zakroczym,Koźmińskiego 63,ul ojca honorata
43953,SZKOŁA PODSTAWOWA NR 3 IM. KS. KARDYNAŁA STEFANA WYSZYŃSKIEGO,2026,Praszka,ul. Listopadowa 18,Praszka,Listopadowa 18,ul
43960,SZKOŁA PODSTAWOWA NR 4 IM. WŁADYSŁAWA BRONIEWSKIEGO W JAROCINIE,2026,Jarocin,ul. Marii Curie-Skłodowskiej 4,Jarocin,Curie-Skłodowskiej 4,ul marii
43961,SZKOŁA PODSTAWOWA W MIESZKOWIE,2026,Mieszków,ul. Radliniecka 11,Mieszków,Radliniecka 11,ul
43964,SZKOŁA PODSTAWOWA IM. ŚWIATOWEGO DNIA ROWERU W WITASZYCACH,2026,Witaszyce,ul. Szkolna 1a,Witaszyce,Szkolna 1a,ul
43965,SZKOŁA PODSTAWOWA IM. HELENY MOSZCZEŃSKIEJ W GOLINIE,2026,Golina,ul. Jarocińska 32,Golina,Jarocińska 32,ul
43977,NIEPUBLICZNA SZKOŁA PODSTAWOWA W BACHORZEWIE,2026,Bachorzew,ul. Szkolna 8,Bachorzew,Szkolna 8,ul
44004,SZKOŁA PODSTAWOWA IM. KORNELA MAKUSZYŃSKIEGO W KRYRACH,2026,Kryry,ul. Nierad 86,Kryry,Nierad 86,ul
44013,SZKOŁA PODSTAWOWA NR 1 IM. STANISŁAWA JACHOWICZA,2026,Ostrołęka,"ul. gen. Augusta Emila Fieldorfa ""Nila"" 4/6",Ostrołęka,"Fieldorfa ""Nila"" 4/6",ul gen augusta emila
44015,SZKOŁA PODSTAWOWA NR 2 IM. STANISŁAWA STASZICA W OSTROŁĘCE,2026,Ostrołęka,ul. Papiernicza 1,Ostrołęka,Papiernicza 1,ul
44030,SZKOŁA PODSTAWOWA NR 4 Z ODDZIAŁAMI INTEGRACYJNYMI IM. IGNACEGO JANA PADEREWSKIEGO W LIBIĄŻU,2026,Libiąż,ul. Ignacego Paderewskiego 2,Libiąż,Paderewskiego 2,ul ignacego
44054,SZKOŁA PODSTAWOWA NR 6 IM. JANUSZA KORCZAKA,2026,Jastrzębie-Zdrój,ul. Śląska 6,Jastrzębie-Zdrój,Śląska 6,ul
44111,SZKOŁA PODSTAWOWA IM. ARKADEGO FIEDLERA W MURZYNOWIE LEŚNYM,2026,Murzynowo Leśne,ul. Poznańska 74,Murzynowo Leśne,Poznańska 74,ul
44114,SZKOŁA PODSTAWOWA IM.PRYMASA TYSIĄCLECIA W NADMIE,2026,Nadma,ul. Szkolna 7,Nadma,Szkolna 7,ul
44118,SZKOŁA PODSTAWOWA W GOLESZOWIE,2026,Goleszów,ul. 1 Maja 1,Goleszów,Maja 1,ul
44126,SZKOŁA PODSTAWOWA NR 6 W ŻYWCU,2026,Żywiec,ul. Moszczanicka 26,Żywiec,Moszczanicka 26,ul
44234,SZKOŁA PODSTAWOWA NR 9 IM. GUSTAWA MORCINKA,2026,Jastrzębie-Zdrój,ul. Wielkopolska 22,Jastrzębie-Zdrój,Wielkopolska 22,ul
44255,SZKOŁA PODSTAWOWA NR 4 IM. HENRYKA SIENKIEWICZA,2026,Barlinek,ul. Kombatantów 3,Barlinek,Kombatantów 3,ul
44280,SZKOŁA PODSTAWOWA NR 1 IM. WOJSKA POLSKIEGO W GNIEWKOWIE,2026,Gniewkowo,ul. Toruńska 40,Gniewkowo,Toruńska 40,ul
44367,SZKOŁA PODSTAWOWA IM. JANUSZA KUSOCIŃSKIEGO W OPATÓWKU,2026,Opatówek,ul. Szkolna 3-7,Opatówek,Szkolna 3-7,ul
44372,SZKOŁA PODSTAWOWA NR 6 Z ODDZIAŁAMI INTEGRACYJNYMI IM. WŁADYSŁAWA GĘBIKA W KWIDZYNIE,2026,Kwidzyn,ul. Grunwaldzka 54,Kwidzyn,Grunwaldzka 54,ul
44375,SZKOŁA PODSTAWOWA NR 8 W ŻYWCU,2026,Żywiec,ul. Niezapominajki 14,Żywiec,Niezapominajki 14,ul
44444,SZKOŁA PODSTAWOWA IM. JANA TWARDOWSKIEGO W BARŁOMINIE,2026,Barłomino,ul. Szkolna 3,Barłomino,Szkolna 3,ul
44508,PUBLICZNA SZKOŁA PODSTAWOWA IM.K.K. BACZYŃSKIEGO W ZGŁOBICACH,2026,Zgłobice,ul. Zgłobicka 4,Zgłobice,Zgłobicka 4,ul
44541,SZKOŁA PODSTAWOWA NR 6 IM. ALFREDA SZKLARSKIEGO,2026,Orzesze,ul. 1000-lecia 3,Orzesze,1000-lecia 3,ul
44547,SZKOŁA PODSTAWOWA NR 10 IM. MARII SKŁODOWSKIEJ-CURIE,2026,Jastrzębie-Zdrój,ul. Zielona 2a,Jastrzębie-Zdrój,Zielona 2a,ul
44557,SZKOŁA PODSTAWOWA NR 1 IM. JANUSZA KORCZAKA,2026,Drezdenko,ul. Szkolna 11,Drezdenko,Szkolna 11,ul
44558,SZKOŁA PODSTAWOWA IM. HENRYKA SIENKIEWICZA W SULĘCINIE,2026,Sulęcin,ul. Długa 24,Sulęcin,Długa 24,ul
44577,SZKOŁA PODSTAWOWA IM.PAWŁA STALMACHA W PRZEGĘDZY,2026,Przegędza,ul. Szkolna 1,Przegędza,Szkolna 1,ul
44610,SZKOŁA PODSTAWOWA W USTRONIU MORSKIM,2026,Ustronie Morskie,ul. Wojska Polskiego 8,Ustronie Morskie,Wojska Polskiego 8,ul
44625,NIEPUBLICZNA SZKOŁA PODSTAWOWA W ZACHOWICACH STOWARZYSZENIE NA RZECZ ROZWOJU WSI ZACHOWICE I OKOLIC,2026,Zachowice,ul. Słoneczna 4,Zachowice,Słoneczna 4,ul
44631,SZKOŁA PODSTAWOWA IM. OBROŃCÓW WIZNY W WIŹNIE,2026,Wizna,pl. kpt. Władysława Raginisa 12,Wizna,Raginisa 12,pl kpt władysława
44634,SZKOŁA PODSTAWOWA NR 3 IM. KAWALERÓW ORDERU UŚMIECHU W OLSZTYNIE,2026,Olsztyn,ul. Kołobrzeska 13m,Olsztyn,Kołobrzeska 13m,ul
44649,SZKOŁA PODSTAWOWA NR 12 IM. JERZEGO KUKUCZKI,2026,Jastrzębie-Zdrój,ul. Szkolna 7,Jastrzębie-Zdrój,Szkolna 7,ul
44656,SZKOŁA PODSTAWOWA W BUKOWCU,2026,Bukowiec,ul. Kościelna 75,Bukowiec,Kościelna 75,ul
44670,SZKOŁA PODSTAWOWA IM. EDWARDA TOMIŃSKIEGO W BUCZU,2026,Bucz,ul. Kasztanowa 8,Bucz,Kasztanowa 8,ul
44717,SZKOŁA PODSTAWOWA NR 6 IM. ARMII KRAJOWEJ W AUGUSTOWIE,2026,Augustów,ul. Tartaczna 21,Augustów,Tartaczna 21,ul
44740,SZKOŁA PODSTAWOWA IM. ŚW. JANA PAWŁA II W TRZEBICZU,2026,Trzebicz,ul. Szkolna 1,Trzebicz,Szkolna 1,ul
46538,SZKOŁA PODSTAWOWA NR 3 IM. SENATU RZECZYPOSPOLITEJ POLSKIEJ W BRANIEWIE,2026,Braniewo,ul. PCK 4,Braniewo,PCK 4,ul
46539,SZKOŁA PODSTAWOWA NR 5 W BRANIEWIE IM. ZIEMI BRANIEWSKIEJ,2026,Braniewo,ul. Moniuszki 22a,Braniewo,Moniuszki 22a,ul
46540,SZKOŁA PODSTAWOWA SPORTOWA NR 6 IM. JANA PAWŁA II Z ODDZIAŁAMI PRZEDSZKOLNYMI W BRANIEWIE,2026,Braniewo,ul. Konarskiego 13,Braniewo,Konarskiego 13,ul
46558,SZKOŁA PODSTAWOWA IM. ARKADEGO FIEDLERA,2026,Połajewo,ul. Leśna 1,Połajewo,Leśna 1,ul
46576,SZKOŁA PODSTAWOWA IM.BOHATERÓW WRZEŚNIA 1939R. W UNIEJOWIE,2026,Uniejów,ul. Kościelnicka 26/28,Uniejów,Kościelnicka 26/28,ul
46577,SZKOŁA PODSTAWOWA IM. KS. EWALDA KASPERCZYKA W TURZY ŚLĄSKIEJ,2026,Turza Śląska,ul. Ligonia 2b,Turza Śląska,Ligonia 2b,ul
46578,SZKOŁA PODSTAWOWA W NOWOSIELCACH,2026,Nowosielce,ul. Szkolna 2,Nowosielce,Szkolna 2,ul
46591,SZKOŁA PODSTAWOWA IM. POWSTAŃCÓW ŚLĄSKICH W BLUSZCZOWIE,2026,Bluszczów,ul. Wiejska 8,Bluszczów,Wiejska 8,ul
46592,SZKOŁA PODSTAWOWA IM. WINCENTEGO WOŹNIAKA W CZYŻOWICACH,2026,Czyżowice,ul. Wodzisławska 111,Czyżowice,Wodzisławska 111,ul
46596,SZKOŁA PODSTAWOWA NR 1 IM. ADAMA MICKIEWICZA W GORZYCACH,2026,Gorzyce,ul. Raciborska 55,Gorzyce,Raciborska 55,ul
47007,SZKOŁA PODSTAWOWA IM. BOLESŁAWA CHROBREGO W CYBINCE,2026,Cybinka,ul. Szkolna 15,Cybinka,Szkolna 15,ul
47065,SZKOŁA PODSTAWOWA IM. STEFANA ŻEROMSKIEGO,2026,Drawno,ul. Szkolna 25,Drawno,Szkolna 25,ul
47071,SZKOŁA PODSTAWOWA IM. POWSTAŃCÓW WIELKOPOLSKICH W JANKOWIE PRZYGODZKIM,2026,Janków Przygodzki,ul. Szkolna 4,Janków Przygodzki,Szkolna 4,ul
47093,SZKOŁA PODSTAWOWA NR 15 IM. JANA III SOBIESKIEGO,2026,Poznań,os. Jana III Sobieskiego 105,Poznań,Jana III Sobieskiego 105,os
47115,SZKOŁA PODSTAWOWA NR 26 IM. TADEUSZA KOŚCIUSZKI,2026,Częstochowa,ul. Rakowska 42,Częstochowa,Rakowska 42,ul
47117,SZKOŁA PODSTAWOWA W POLANOWIE IM. DANUTY SIEDZIKÓWNY PS. INKA,2026,Polanów,ul. Wolności 14,Polanów,Wolności 14,ul
47122,NIEPUBLICZNA SZKOŁA PODSTAWOWA W TRZECIEWNICY IM. POWSTAŃCÓW WIELKOPOLSKICH,2026,Trzeciewnica,ul. Powstańców Wielkopolskich 25,Trzeciewnica,Powstańców Wielkopolskich 25,ul
47135,SZKOŁA PODSTAWOWA IM. MIKOŁAJA KOPERNIKA W NIDKU,2026,Nidek,ul. św. Judy Tadeusza 2,Nidek,Judy Tadeusza 2,ul św
47140,SZKOŁA PODSTAWOWA IM. JANA PAWŁA II W GONIĄDZU,2026,Goniądz,ul. Konstytucji 3 Maja 18,Goniądz,Konstytucji 3 Maja 18,ul
47147,SZKOŁA PODSTAWOWA IM. POLSKICH NOBLISTÓW W DEBRZNIE,2026,Debrzno,ul. Królewska 8,Debrzno,Królewska 8,ul
47151,SZKOŁA PODSTAWOWA W POŁOMI,2026,Połomia,ul. Szkolna 21,Połomia,Szkolna 21,ul
47156,SZKOŁA PODSTAWOWA IM. JANA PAWŁA II W SULIKOWIE,2026,Sulików,ul. Zgorzelecka 28,Sulików,Zgorzelecka 28,ul
47177,ZESPÓŁ SZKOLNO - PRZEDSZKOLNY W ŚWINICACH WARCKICH SZKOŁA PODSTAWOWA IM. M. KONOPNICKIEJ,2026,Świnice Warckie,ul. Szkolna 5,Świnice Warckie,Szkolna 5,ul
47216,SZKOŁA PODSTAWOWA NR 5 IM. WŁADYSŁAWA BRONIEWSKIEGO W BIAŁOGARDZIE,2026,Białogard,ul. Kołobrzeska 23,Białogard,Kołobrzeska 23,ul
47217,SZKOŁA PODSTAWOWA IM. MARII KONOPNICKIEJ W KONARACH,2026,Konary,ul. Szkolna 13,Konary,Szkolna 13,ul
47218,SZKOŁA PODSTAWOWA IM. JANUSZA KORCZAKA W LIBERTOWIE,2026,Libertów,ul. Jana Pawła II 43,Libertów,Jana Pawła II 43,ul
47222,SZKOŁA PODSTAWOWA NR 2 IM. WŁADYSŁAWA BRONIEWSKIEGO,2026,Pasłęk,ul. Sprzymierzonych 9,Pasłęk,Sprzymierzonych 9,ul
47257,PUBLICZNA SZKOŁA PODSTAWOWA IM. JOHANNA WOLFGANGA VON GOETHE W KĘDZIERZYNIE-KOŹLU,2026,Kędzierzyn-Koźle,ul. Stoczniowców 11,Kędzierzyn-Koźle,Stoczniowców 11,ul
47264,SZKOŁA PODSTAWOWA IM.MARII KONOPNICKIEJ W KAZIMIERZU,2026,Kazimierz,ul. Sienkiewicza 25,Kazimierz,Sienkiewicza 25,ul
47270,KATOLICKA SZKOŁA PODSTAWOWA IM. KS. JANA TWARDOWSKIEGO,2026,Zabrze,ul. Tarnopolska 3,Zabrze,Tarnopolska 3,ul
47311,SZKOŁA PODSTAWOWA NR 3 IM. JULIANA TUWIMA,2026,Nowa Sól,ul. Botaniczna 22,Nowa Sól,Botaniczna 22,ul
47342,SZKOŁA PODSTAWOWA IM. MICHAŁA SZCZYGŁA W GIERAŁTOWICACH,2026,Gierałtowice,ul. św. Marcina 7,Gierałtowice,Marcina 7,ul św
47343,SZKOŁA PODSTAWOWA IM. ŚW. KAZIMIERZA W MSZANIE,2026,Mszana,ul. Sportowa 3,Mszana,Sportowa 3,ul
47345,SZKOŁA PODSTAWOWA NR 65 IM. FR.ŻWIRKI I ST. WIGURY,2026,Poznań,os. Kosmonautów 111,Poznań,Kosmonautów 111,os
47376,SZKOŁA PODSTAWOWA W GNIAZDOWIE,2026,Gniazdów,ul. Szkolna 85,Gniazdów,Szkolna 85,ul
47484,SZKOŁA PODSTAWOWA IM. MIKOŁAJA KOPERNIKA W NOWEJ WSI,2026,Nowa Wieś,ul. Główna 96,Nowa Wieś,Główna 96,ul
47523,SZKOŁA PODSTAWOWA NR 7 IM. ZIEMI WARMIŃSKIEJ W OLSZTYNIE,2026,Olsztyn,ul. Aleja Przyjaciół 42,Olsztyn,Aleja Przyjaciół 42,ul
47540,SZKOŁA PODSTAWOWA W SKÓRCU,2026,Skórzec,ul. Siedlecka 1,Skórzec,Siedlecka 1,ul
47610,SZKOŁA PODSTAWOWA NR 3 IM. IGNACEGO ŁUKASIEWICZA W TRZEBINI,2026,Trzebinia,ul. 1 Maja 60,Trzebinia,Maja 60,ul 1
47642,SZKOŁA PODSTAWOWA NR 66 IM. MARII SKŁODOWSKIEJ - CURIE,2026,Poznań,os. Przyjaźni 127,Poznań,Przyjaźni 127,os
47650,SZKOŁA PODSTAWOWA W NURCU-STACJI,2026,Nurzec-Stacja,ul. Szkolna 6,Nurzec-Stacja,Szkolna 6,ul
47657,SZKOŁA PODSTAWOWA IM. SZARYCH SZEREGÓW W GROJCU,2026,Grojec,ul. Bartosza Głowackiego 11,Grojec,Głowackiego 11,ul bartosza
47662,SZKOŁA PODSTAWOWA W KOLSKU,2026,Kolsko,ul. Piastowska 48,Kolsko,Piastowska 48,ul
47663,SZKOŁA PODSTAWOWA IM. STEFANA ŻEROMSKIEGO W BRYNICY,2026,Brynica,ul. Przyszkolna 1,Brynica,Przyszkolna 1,ul
47664,SZKOŁA PODSTAWOWA IM. MARII SKŁODOWSKIEJ-CURIE,2026,Konotop,pl. Powstańców Wlkp. 7,Konotop,Powstańców Wlkp. 7,pl
47676,SZKOŁA PODSTAWOWA NR 29 IM. KRÓLOWEJ JADWIGI,2026,Częstochowa,ul. św. Rocha 221,Częstochowa,Rocha 221,ul św
47684,SZKOŁA PODSTAWOWA IM. K.K.BACZYŃSKIEGO W ZEBRZYDOWICACH,2026,Zebrzydowice,ul. Jana Kochanowskiego 55,Zebrzydowice,Kochanowskiego 55,ul jana
47686,SZKOŁA PODSTAWOWA IM. JANUSZA KORCZAKA W KACZYCACH,2026,Kaczyce,ul. Harcerska 13,Kaczyce,Harcerska 13,ul
47761,SZKOŁA PODSTAWOWA IM. OFIAR KATYNIA W JEZIORKU,2026,Jeziorko,ul. Długa 49,Jeziorko,Długa 49,ul
47765,SZKOŁA PODSTAWOWA IM. ZESŁAŃCÓW SYBIRU W OLSZYNACH,2026,Olszyny,ul. Wiśniowa 19,Olszyny,Wiśniowa 19,ul
47766,SZKOŁA PODSTAWOWA IM. RODZINY LUTOSŁAWSKICH W DROZDOWIE,2026,Drozdowo,ul. Główna 15,Drozdowo,Główna 15,ul
47767,SZKOŁA PODSTAWOWA IM. MJR. WŁ. RAGINISA W PIĄTNICY,2026,Piątnica Poduchowna,ul. Szkolna 31,Piątnica Poduchowna,Szkolna 31,ul
47772,SPOŁECZNA SZKOŁA PODSTAWOWA IM. JANA PAWŁA II W NIEPOGLĘDZIU,2026,Niepoględzie,ul. Puttkamerów 2,Niepoględzie,Puttkamerów 2,ul
47956,SZKOŁA PODSTAWOWA NR 31 IM. ORŁA BIAŁEGO,2026,Częstochowa,ul. Polskiego Czerwonego Krzyża 18,Częstochowa,Polskiego Czerwonego Krzyża 18,ul
48001,SZKOŁA PODSTAWOWA NR 3 IM. 100-LECIA ODZYSKANIA NIEPODLEGŁOŚCI,2026,Kudowa-Zdrój,ul. Tadeusza Kościuszki 58,Kudowa-Zdrój,Kościuszki 58,ul tadeusza
48030,SZKOŁA PODSTAWOWA NR 88 IM. POZNAŃSKICH KOZIOŁKÓW,2026,Poznań,ul. Swoboda 53,Poznań,Swoboda 53,ul
48070,ZESPÓŁ SZKOLNO-PRZEDSZKOLNY NR 4 W KRAPKOWICACH PUBLICZNA SZKOŁA PODSTAWOWA NR 4 IM. JANA BRZECHWY W KRAPKOWICACH,2026,Krapkowice,ul. Żeromskiego 34,Krapkowice,Żeromskiego 34,ul
48076,SZKOŁA PODSTAWOWA IM. MARII DĄBROWSKIEJ,2026,Komorów,ul. Aleja Marii Dąbrowskiej 12/20,Komorów,Aleja Marii Dąbrowskiej 12/20,ul
48087,SZKOŁA PODSTAWOWA NR 3 IM. MIKOŁAJA KOPERNIKA W JELENIEJ GÓRZE,2026,Jelenia Góra,ul. PCK 14a,Jelenia Góra,PCK 14a,ul
48142,SZKOŁA PODSTAWOWA IM. POLSKICH NOBLISTÓW W SYCEWICACH,2026,Sycewice,ul. Szkolna 1,Sycewice,Szkolna 1,ul
48144,SZKOŁA PODSTAWOWA NR 2 IM. JULIANA TUWIMA,2026,Wodzisław Śląski,ul. ks. Antoniego Roboty 7,Wodzisław Śląski,Roboty 7,ul ks antoniego
48166,SZKOŁA PODSTAWOWA IM. LEONA BIZEWSKIEGO W GNIEŻDŻEWIE,2026,Gnieżdżewo,ul. Dworcowa 6,Gnieżdżewo,Dworcowa 6,ul
48186,SZKOŁA PODSTAWOWA IM. ANTONIEGO ABRAHAMA W POŁCZYNIE,2026,Połczyno,ul. Szkolna 21,Połczyno,Szkolna 21,ul
48190,PUBLICZNA SZKOŁA PODSTAWOWA IM. JANA PAWŁA II W ŻYWOCICACH,2026,Żywocice,ul. Średnia 48,Żywocice,Średnia 48,ul
48217,SZKOŁA PODSTAWOWA IM. JANA JARCZAKA W GASZYNIE,2026,Gaszyn,ul. Harcerska 1,Gaszyn,Harcerska 1,ul
48284,SZKOŁA PODSTAWOWA IM. POWSTAŃCÓW STYCZNIOWYCH W DWIKOZACH,2026,Dwikozy,ul. Spółdzielcza 21,Dwikozy,Spółdzielcza 21,ul
48292,SZKOŁA PODSTAWOWA NR 12 IM. IGNACEGO JANA PADEREWSKIEGO W KATOWICACH,2026,Katowice,ul. Ignacego Paderewskiego 46,Katowice,Paderewskiego 46,ul ignacego
48293,SZKOŁA PODSTAWOWA NR 15 IM. JANA PAWŁA II Z ODDZIAŁAMI DWUJĘZYCZNYMI W KATOWICACH,2026,Katowice,ul. Ks. bpa Stanisława Adamskiego 24,Katowice,Adamskiego 24,ul ks bpa stanisława
48294,SZKOŁA PODSTAWOWA NR 17 IM. TADEUSZA KOŚCIUSZKI W KATOWICACH,2026,Katowice,ul. Jana Dekerta 1,Katowice,Dekerta 1,ul jana
48297,SZKOŁA PODSTAWOWA NR 22 IM. JULIUSZA SŁOWACKIEGO W KATOWICACH,2026,Katowice,ul. Michała Wolskiego 3,Katowice,Wolskiego 3,ul michała
48298,SZKOŁA PODSTAWOWA NR 67 IM. KOMISJI EDUKACJI NARODOWEJ Z ODDZIAŁAMI INTEGRACYJNYMI W KATOWICACH,2026,Katowice,ul. Zielona 5,Katowice,Zielona 5,ul
48321,SZKOŁA PODSTAWOWA W MARIANOWIE,2026,Marianowo,ul. Jeziorna 15,Marianowo,Jeziorna 15,ul
48399,SZKOŁA PODSTAWOWA IM. BOLESŁAWA CHROBREGO W ZAWIDOWIE,2026,Zawidów,ul. Szkolna 4,Zawidów,Szkolna 4,ul
48416,ZESPÓŁ SZKÓŁ W BORZYTUCHOMIU - SZKOŁA PODSTAWOWA,2026,Borzytuchom,ul. Szkolna 1,Borzytuchom,Szkolna 1,ul
48441,SZKOŁA PODSTAWOWA NR 3 IM.H.SIENKIEWICZA,2026,Drezdenko,ul. Portowa 1,Drezdenko,Portowa 1,ul
48539,SZKOŁA PODSTAWOWA NR 15 Z ODDZIAŁAMI SPORTOWYMI W ŻORACH,2026,Żory,ul. Bankowa 1,Żory,Bankowa 1,ul
48540,SZKOŁA PODSTAWOWA W CYNKOWIE,2026,Cynków,ul. Strażacka 1,Cynków,Strażacka 1,ul
48542,SZKOŁA PODSTAWOWA W KOZIEGŁÓWKACH,2026,Koziegłówki,ul. Lipowa 6,Koziegłówki,Lipowa 6,ul
48550,"SZKOŁA PODSTAWOWA NR 3 IM. MJR. H. DOBRZAŃSKIEGO ""HUBALA"" W HRUBIESZOWIE",2026,Hrubieszów,ul. Zamojska 16,Hrubieszów,Zamojska 16,ul
48570,SZKOŁA PODSTAWOWA IM. WŁADYSŁAWA JAGIEŁŁY W WOLBORZU,2026,Wolbórz,ul. Modrzewskiego 105,Wolbórz,Modrzewskiego 105,ul
48581,ZESPÓŁ PLACÓWEK OŚWIATOWYCH W KAZANOWIE SZKOŁA PODSTAWOWA IM. STEFANA ŻEROMSKIEGO W KAZANOWIE,2026,Nowy Kazanów,ul. Konecka 12,Nowy Kazanów,Konecka 12,ul
48584,ZESPÓŁ PLACÓWEK OŚWIATOWYCH W ROGOWIE SZKOŁA PODSTAWOWA IM. JANA PAWŁA II W ROGOWIE,2026,Rogów,ul. ks. Marcelego Prawicy 18b,Rogów,Prawicy 18b,ul ks marcelego
48594,ZESPÓŁ PLACÓWEK OŚWIATOWYCH W NIEŚWINIU SZKOŁA PODSTAWOWA IM. KPR. GABRIELI WOJCIECHOWSKIEJ W NIEŚWINIU,2026,Nieświń,ul. Szkolna 6,Nieświń,Szkolna 6,ul
48631,SZKOŁA PODSTAWOWA W ZESPOLE SZKÓL IM. O. MARIANA ŻELAZKA W CHLUDOWIE,2026,Chludowo,ul. Szkolna 3,Chludowo,Szkolna 3,ul
48638,SZKOŁA PODSTAWOWA IM.MIKOŁAJA Z RYŃSKA W RYŃSKU,2026,Ryńsk,ul. Szkolna 4,Ryńsk,Szkolna 4,ul
48645,SZKOŁA PODSTAWOWA NR 15 W KROŚNIE,2026,Krosno,ul. Stefana Kisielewskiego 18,Krosno,Kisielewskiego 18,ul stefana
48674,SZKOŁA PODSTAWOWA NR 6 W JAŚLE,2026,Jasło,ul. Rafineryjna 3a,Jasło,Rafineryjna 3a,ul
48705,SPOŁECZNA SZKOŁA PODSTAWOWA IM. STANISŁAWA MON IUSZKI,2026,Kudowa-Zdrój,ul. Słone 72,Kudowa-Zdrój,Słone 72,ul
48727,SZKOŁA PODSTAWOWA NR 32 IM. JERZEGO DUDY-GRACZA,2026,Częstochowa,ul. Kazimierza Przerwy-Tetmajera 40,Częstochowa,Przerwy-Tetmajera 40,ul kazimierza
48731,SZKOŁA PODSTAWOWA NR 24 IM. PARTYZANTÓW LUBELSZCZYZNY,2026,Lublin,ul. Niecała 1,Lublin,Niecała 1,ul
48734,SZKOŁA PODSTAWOWA NR 4 IM. WANDY CHOTOMSKIEJ W PRASZCE,2026,Praszka,ul. Styczniowa 7,Praszka,Styczniowa 7,ul
48736,SZKOŁA PODSTAWOWA NR 80 IM. KORNELA MAKUSZYŃSKIEGO,2026,Poznań,ul. Pogodna 84,Poznań,Pogodna 84,ul
48737,SZKOŁA PODSTAWOWA IM. POLSKICH OLIMPIJCZYKÓW W OSIELSKU,2026,Osielsko,ul. Centralna 7,Osielsko,Centralna 7,ul
48744,SZKOŁA PODSTAWOWA NR 1 IM. JANUSZA KORCZAKA W NIEMODLINIE,2026,Niemodlin,ul. Reymonta 9,Niemodlin,Reymonta 9,ul
48749,SZKOŁA PODSTAWOWA IM. ŚW. FRANCISZKA Z ASYŻU W EGIERTOWIE,2026,Egiertowo,ul. Kartuska 1,Egiertowo,Kartuska 1,ul
48766,SZKOŁA PODSTAWOWA IM. ANDRZEJA GRUBBY W KOŁACZKOWIE,2026,Kołaczkowo,ul. Szkolna 6,Kołaczkowo,Szkolna 6,ul
48769,SZKOŁA PODSTAWOWA NR 11 W JAŚLE,2026,Jasło,ul. Adama Mickiewicza 108,Jasło,Mickiewicza 108,ul adama
48774,SZKOŁA PODSTAWOWA W ZESPOLE SZKÓŁ IM. 7 PUŁKU STRZELCÓW KONNYCH WLKP. W BIEDRUSKU,2026,Biedrusko,ul. Wojskowa 5,Biedrusko,Wojskowa 5,ul
48803,SZKOŁA PODSTAWOWA IM. JANA KOCHANOWSKIEGO W BIAŁEJ RAWSKIEJ,2026,Biała Rawska,ul. Mickiewicza 22/24,Biała Rawska,Mickiewicza 22/24,ul
48805,SZKOŁA PODSTAWOWA IM. FRYDERYKA CHOPINA W BABSKU,2026,Babsk,ul. Lipowa 12,Babsk,Lipowa 12,ul
48809,SZKOŁA PODSTAWOWA W ZESPOLE SZKÓŁ Z ODDZIAŁAMI INTEGRACYJNYMI IM. 7 PUŁKU UŁANÓW LUBELSKICH W CYCOWIE,2026,Cyców,ul. Chełmska 44,Cyców,Chełmska 44,ul
48820,SZKOŁA PODSTAWOWA NR 1 IM. TADEUSZA KOŚCIUSZKI W ZESPOLE SZKÓŁ OGÓLNOKSZTAŁCĄCYCH W SĘDZISZOWIE,2026,Sędziszów,ul. Tadeusza Kościuszki 7,Sędziszów,Kościuszki 7,ul tadeusza
48825,SZKOŁA PODSTAWOWA NR 11 IM. FLORIANA MARCINIAKA W KONINIE,2026,Konin,ul. Łężyńska 9,Konin,Łężyńska 9,ul
48826,SZKOŁA PODSTAWOWA NR 15 IM. POLSKICH OLIMPIJCZYKÓW W KONINIE,2026,Konin,ul. Turkusowa 1a,Konin,Turkusowa 1a,ul
48834,SZKOŁA PODSTAWOWA NR 70 IM. MIKOŁAJA KOPERNIKA,2026,Poznań,ul. Piękna 37,Poznań,Piękna 37,ul
48841,SZKOŁA PODSTAWOWA NR 42 Z ODDZIAŁAMI INTEGRACYJNYMI IM. KONSTANTEGO ILDEFONSA GAŁCZYŃSKIEGO,2026,Warszawa,ul. Balkonowa 4,Warszawa,Balkonowa 4,ul
48842,SZKOŁA PODSTAWOWA NR 52 IM. MACIEJA ALEKSEGO DAWIDOWSKIEGO “ALKA”,2026,Warszawa,ul. Samarytanka 11a,Warszawa,Samarytanka 11a,ul
48843,SZKOŁA PODSTAWOWA NR 285 IM. JANA MARCINA SZANCERA,2026,Warszawa,ul. Turmoncka 20,Warszawa,Turmoncka 20,ul
48845,SZKOŁA PODSTAWOWA NR 277 IM. ELIZY ORZESZKOWEJ,2026,Warszawa,ul. Suwalska 29,Warszawa,Suwalska 29,ul
48846,SZKOŁA PODSTAWOWA NR 298 IM. JANA KASPROWICZA,2026,Warszawa,ul. Krakusa 2,Warszawa,Krakusa 2,ul
48848,SZKOŁA PODSTAWOWA NR 114 Z ODDZIAŁAMI INTEGRACYJNYMI IM. JĘDRZEJA CIERNIAKA,2026,Warszawa,ul. Remiszewska 40,Warszawa,Remiszewska 40,ul
48873,SZKOŁA PODSTAWOWA W ŁEBCZU IMIENIA POLSKICH NOBLISTÓW,2026,Łebcz,ul. Pucka 27,Łebcz,Pucka 27,ul
48875,SZKOŁA PODSTAWOWA IM. JÓZEFA WIERZBICKIEGO W POŁCHOWIE,2026,Połchowo,ul. Dworcowa 2,Połchowo,Dworcowa 2,ul
48876,SZKOŁA PODSTAWOWA IM. ALOJZEGO STENZLA W STRZELNIE,2026,Strzelno,ul. Szkolna 5,Strzelno,Szkolna 5,ul
48877,SZKOŁA PODSTAWOWA IM. WIKTORA CZAPIEWSKIEGO W REKOWIE GÓRNYM,2026,Rekowo Górne,ul. Wiktora Czapiewskiego 1,Rekowo Górne,Czapiewskiego 1,ul wiktora
48878,SZKOŁA PODSTAWOWA W WERBLINI IM. JANA DRZEŻDŻONA,2026,Werblinia,ul. Szkolna 2,Werblinia,Szkolna 2,ul
48897,SZKOŁA PODSTAWOWA IM.JANUSZA KORCZAKA W DOBCZYNIE,2026,Dobczyn,ul. Mazowiecka 67,Dobczyn,Mazowiecka 67,ul
48898,SZKOŁA PODSTAWOWA IM JANA PAWŁA II W KRUSZU,2026,Krusze,ul. Kryształowa 99 A,Krusze,Kryształowa 99 A,ul
48900,SZKOŁA PODSTAWOWA W STARYM KRASZEWIE,2026,Stary Kraszew,ul. Szkolna 5,Stary Kraszew,Szkolna 5,ul
48912,SZKOŁA PODSTAWOWA NR 33 IM. MARII KOWNACKIEJ,2026,Częstochowa,ul. Seweryna Goszczyńskiego 9/11,Częstochowa,Goszczyńskiego 9/11,ul seweryna
48918,SZKOŁA PODSTAWOWA NR 2 IM. PRZYJACIÓŁ ZIEMI,2026,Kostrzyn nad Odrą,ul. Ludwika Banaszaka 1,Kostrzyn nad Odrą,Banaszaka 1,ul ludwika
48919,SZKOŁA PODSTAWOWA NR 4 IM. KONSTYTUCJI 3 MAJA W KOSTRZYNIE NAD ODRĄ,2026,Kostrzyn nad Odrą,ul. Henryka Sienkiewicza 6,Kostrzyn nad Odrą,Sienkiewicza 6,ul henryka
48924,SZKOŁA PODSTAWOWA NR 2 IM. BOHATERÓW X SUDECKIEJ DYWIZJI PIECHOTY,2026,Lwówek Śląski,al. Wojska Polskiego 1A,Lwówek Śląski,Wojska Polskiego 1A,al
48946,SZKOŁA PODSTAWOWA NR 2 IM. JANUSZA KUSOCIŃSKIEGO W MYŚLIBORZU,2026,Myślibórz,ul. Józefa Piłsudskiego 18,Myślibórz,Piłsudskiego 18,ul józefa
48955,SZKOŁA PODSTAWOWA NR 12 Z ODDZIAŁAMI INTEGRACYJNYMI IM. IGNACEGO ŁUKASIEWICZA W JAŚLE W ZESPOLE SZKÓŁ MIEJSKICH NR 3 W JAŚLE,2026,Jasło,ul. Szkolna 38,Jasło,Szkolna 38,ul
48957,SZKOŁA PODSTAWOWA IM. JÓZEFA NOWINA KONOPKI W MOGILANACH,2026,Mogilany,ul. św. Bartłomieja Apostoła 16,Mogilany,Bartłomieja Apostoła 16,ul św
48993,PUBLICZNA SZKOŁA PODSTAWOWA W BRYNICY,2026,Brynica,ul. Powstańców Śląskich 47,Brynica,Powstańców Śląskich 47,ul
48994,PUBLICZNA SZKOŁA PODSTAWOWA W JEŁOWEJ,2026,Jełowa,ul. Wolności 15,Jełowa,Wolności 15,ul
48996,PUBLICZNA SZKOŁA PODSTAWOWA IM. POWSTAŃCÓW ŚLĄSKICH W ŁUBNIANACH,2026,Łubniany,ul. Opolska 51,Łubniany,Opolska 51,ul
49082,SZKOŁA PODSTAWOWA IM. MARSZAŁKA JÓZEFA PIŁSUDSKIEGO W WIŻAJNACH,2026,Wiżajny,ul. Sejneńska 43A,Wiżajny,Sejneńska 43A,ul
49086,SZKOŁA PODSTAWOWA IM. POLSKICH OLIMPIJCZYKÓW W DĘBNICY,2026,Dębnica,ul. Ostrowska 140,Dębnica,Ostrowska 140,ul
49090,SZKOŁA PODSTAWOWA NR 1 IM. MIKOŁAJA KOPERNIKA W SANDOMIERZU,2026,Sandomierz,ul. Stefana Okrzei 6,Sandomierz,Okrzei 6,ul stefana
49101,SZKOŁA PODSTAWOWA NR 32 IM. ARMII KRAJOWEJ,2026,Toruń,ul. Kosynierów Kościuszkowskich 11,Toruń,Kosynierów Kościuszkowskich 11,ul
49157,SZKOŁA PODSTAWOWA SPECJALNA NR 3 W ŻYCHLINIE,2026,Żychlin,ul. Dobrzelińska 6,Żychlin,Dobrzelińska 6,ul
49172,SZKOŁA PODSTAWOWA IM. JANA ADAMA MAKLAKIEWICZA W MSZCZONOWIE,2026,Mszczonów,ul. Warszawska 27,Mszczonów,Warszawska 27,ul
49176,SZKOŁA PODSTAWOWA NR 71 IM.JANUSZA KUSOCIŃSKIEGO,2026,Poznań,ul. Stanisława Przybyszewskiego 37,Poznań,Przybyszewskiego 37,ul stanisława
49207,SZKOŁA PODSTAWOWA NR 34 IM. WOJSKA POLSKIEGO,2026,Poznań,os. Bolesława Śmiałego 107,Poznań,Bolesława Śmiałego 107,os
49239,PUBLICZNA SZKOŁA PODSTAWOWA IM. TERESY GRODZIŃSKIEJ W BIELISZE,2026,Bielicha,ul. Przytycka 184,Bielicha,Przytycka 184,ul
49249,SZKOŁA PODSTAWOWA NR 2 W WIEPRZU,2026,Wieprz,ul. Beskidzka 324,Wieprz,Beskidzka 324,ul
49266,SZKOŁA PODSTAWOWA NR 3 IM. LEONIDA TELIGI W MYŚLIBORZU,2026,Myślibórz,ul. Lipowa 18,Myślibórz,Lipowa 18,ul
49279,SZKOŁA PODSTAWOWA NR 4 IM. JAROSŁAWA DĄBROWSKIEGO,2026,Pyskowice,ul. Wojska Polskiego 23,Pyskowice,Wojska Polskiego 23,ul
49292,SZKOŁA PODSTAWOWA NR 1 W JAŚLE,2026,Jasło,ul. ks. Piotra Skargi 10,Jasło,Skargi 10,ul ks piotra
49302,SZKOŁA PODSTAWOWA IM. POWSTAŃCÓW WIELKOPOLSKICH W PNIEWACH,2026,Pniewy,ul. Strzelecka 11a,Pniewy,Strzelecka 11a,ul
49325,PUBLICZNA SZKOŁA PODSTAWOWA IM. KAWALERÓW ORDERU UŚMIECHU,2026,Polska Cerekiew,ul. Konarskiego 4,Polska Cerekiew,Konarskiego 4,ul
49362,SZKOŁA PODSTAWOWA NR 5 IM. ALFREDA WIERUSZ-KOWALSKIEGO W SUWAŁKACH,2026,Suwałki,ul. Klonowa 51,Suwałki,Klonowa 51,ul
49367,"PUBLICZNA SZKOŁA PODSTAWOWA NR 4, IM. MARII KONOPNICKIEJ W PRUDNIKU",2026,Prudnik,ul. Dąbrowskiego 2,Prudnik,Dąbrowskiego 2,ul
49372,PUBLICZNA SZKOŁA PODSTAWOWA NR 4 IM. TADEUSZA KOŚCIUSZKI,2026,Strzelin,ul. Henryka Sienkiewicza 41,Strzelin,Sienkiewicza 41,ul henryka
49375,PUBLICZNA SZKOŁA PODSTAWOWA NR.15 IM. WŁADYSŁAWA SYROKOMLI W RADOMIU,2026,Radom,ul. Kielecka 2/6,Radom,Kielecka 2/6,ul
49505,SZKOŁA PODSTAWOWA ASLAN IM. C. S. LEWISA W GŁOGOWIE,2026,Głogów,ul. Piotra Skargi 5,Głogów,Skargi 5,ul piotra
49508,SZKOŁA PODSTAWOWA NR 15 IM. WOJCIECHA KĘTRZYŃSKIEGO W OLSZTYNIE,2026,Olsztyn,ul. Wojciecha Kętrzyńskiego 10,Olsztyn,Kętrzyńskiego 10,ul wojciecha
49520,SZKOŁA PODSTAWOWA NR 1 IM. JANA BRZECHWY W SULISZEWIE,2026,Suliszewo,ul. Zwycięstwa 26,Suliszewo,Zwycięstwa 26,ul
49536,SZKOŁA PODSTAWOWA W POTULICACH,2026,Potulice,ul. Szkolna 4,Potulice,Szkolna 4,ul
49561,SZKOŁA PODSTAWOWA NR 4 IM. STANISŁAWA STASZICA W BĘDZINIE,2026,Będzin,ul. Wisławy Szymborskiej 1,Będzin,Szymborskiej 1,ul wisławy
49596,SZKOŁA PODSTAWOWA NR 18 IM. ORŁA BIAŁEGO W OLSZTYNIE,2026,Olsztyn,ul. Żytnia 71,Olsztyn,Żytnia 71,ul
49610,SZKOŁA PODSTAWOWA IM. KARDYNAŁA STEFANA WYSZYŃSKIEGO W LELICACH,2026,Lelice,ul. Szkolna 1,Lelice,Szkolna 1,ul
49620,SZKOŁA PODSTAWOWA NR 8 W JAŚLE,2026,Jasło,ul. Sobniowska 58,Jasło,Sobniowska 58,ul
49640,SZKOŁA PODSTAWOWA NR 3 IM. ARMII KRAJOWEJ W SANDOMIERZU,2026,Sandomierz,ul. Flisaków 30,Sandomierz,Flisaków 30,ul
49656,SZKOŁA PODSTAWOWA NR 59 IM. GENERAŁA JANA HENRYKA DĄBROWSKIEGO,2026,Poznań,ul. Baranowska 1,Poznań,Baranowska 1,ul
49665,SZKOŁA PODSTAWOWA NR 19 IM. MIKOŁAJA KOPERNIKA W OLSZTYNIE,2026,Olsztyn,ul. Bałtycka 151,Olsztyn,Bałtycka 151,ul
49714,SZKOŁA PODSTAWOWA NR 1 IM.ŚW.KRÓLOWEJ JADWIGI W TERESPOLU,2026,Terespol,ul. Henryka Sienkiewicza 27,Terespol,Sienkiewicza 27,ul henryka
49722,SZKOŁA PODSTAWOWA W SIEMIENIU,2026,Siemień,ul. Kościelna 1,Siemień,Kościelna 1,ul
49725,SZKOŁA PODSTAWOWA W PIEKARACH,2026,Piekary,ul. Piekarska 47,Piekary,Piekarska 47,ul
49732,SZKOŁA PODSTAWOWA IM. JANUSZA KORCZAKA W SULĘCINKU,2026,Sulęcinek,ul. Szkolna 26,Sulęcinek,Szkolna 26,ul
49733,SZKOŁA PODSTAWOWA NR 1 IM. JANUSZA KORCZAKA W WIERUSZOWIE,2026,Wieruszów,ul. Fabryczna 1,Wieruszów,Fabryczna 1,ul
49736,SZKOŁA PODSTAWOWA IM. KROLOWEJ JADWIGI W PIECZYSKACH,2026,Pieczyska,ul. Szkolna 1,Pieczyska,Szkolna 1,ul
49738,SZKOŁA PODSTAWOWA W WYSZANOWIE,2026,Wyszanów,ul. Szkolna 10,Wyszanów,Szkolna 10,ul
49745,SZKOŁA PODSTAWOWA NR 6 IM. JANUSZA KORCZAKA W KROŚNIE,2026,Krosno,ul. Kletówki 1,Krosno,Kletówki 1,ul
49769,SZKOŁA PODSTAWOWA NR 22 IM. MARII DĄBROWSKIEJ W OLSZTYNIE,2026,Olsztyn,ul. Żołnierska 26,Olsztyn,Żołnierska 26,ul
49786,SZKOŁA PODSTAWOWA IM. TADEUSZA KOŚCIUSZKI W RYMANIU,2026,Rymań,ul. Szkolna 2,Rymań,Szkolna 2,ul
49790,SZKOŁA PODSTAWOWA IM. WŁ. ST. REYMONTA W LIPCACH REYMONTOWSKICH,2026,Lipce Reymontowskie,ul. Reymonta 15,Lipce Reymontowskie,Reymonta 15,ul
49798,SZKOŁA PODSTAWOWA NR 7 IM. BRONISŁAWA MALINOWSKIEGO W GRUDZIĄDZU,2026,Grudziądz,ul. Janusza Korczaka 23,Grudziądz,Korczaka 23,ul janusza
49844,SZKOŁA PODSTAWOWA NR 2 IM. MARII KONOPNICKIEJ Z ODDZIAŁAMI INTEGRACYJNYMI W NOWEJ SOLI,2026,Nowa Sól,ul. Gimnazjalna 11,Nowa Sól,Gimnazjalna 11,ul
49900,PUBLICZNA SZKOŁA PODSTAWOWA NR 17 IM. JANA KOCHANOWSKIEGO W RADOMIU,2026,Radom,ul. Czarnoleska 10,Radom,Czarnoleska 10,ul
49914,SZKOŁA PODSTAWOWA IM. STANISŁAWA WYSPIAŃSKIEGO W ŻABNIE,2026,Żabno,ul. Władysława Jagiełły 18,Żabno,Władysława Jagiełły 18,ul
49915,SZKOŁA PODSTAWOWA IM. OJCA ŚWIĘTEGO JANA PAWŁA II W ŁĘGU TARNOWSKIM,2026,Łęg Tarnowski,ul. Witosa 140,Łęg Tarnowski,Witosa 140,ul
49924,PUBLICZNA SZKOŁA PODSTAWOWA IM. JULIANA TUWIMA W TRĄBKACH,2026,Trąbki,ul. Osadnicza 4,Trąbki,Osadnicza 4,ul
49952,SZKOŁA PODSTAWOWA IM. JANA PAWŁA II W MICHAŁOWICACH,2026,Michałowice,ul. Jana Pawła II 1,Michałowice,Jana Pawła II 1,ul
49964,SZKOŁA PODSTAWOWA NR 33 TORUŃSKA SZKOŁA TERAPEUTYCZNA,2026,Toruń,ul. Antoniego Bolta 14,Toruń,Bolta 14,ul antoniego
49969,SZKOŁA PODSTAWOWA IM. TADEUSZA MAZOWIECKIEGO W TYŃCU MAŁYM,2026,Tyniec Mały,ul. Szkolna 2,Tyniec Mały,Szkolna 2,ul
49972,SZKOŁA PODSTAWOWA NR 4 IMIENIA MIKOŁAJA KOPERNIKA W ANDRYCHOWIE,2026,Andrychów,ul. Włókniarzy 10A,Andrychów,Włókniarzy 10A,ul
49980,SZKOŁA PODSTAWOWA W SMOLCU,2026,Smolec,ul. Kościelna 2,Smolec,Kościelna 2,ul
49987,SZKOŁA PODSTAWOWA IM. JANUSZA KORCZAKA W TUROWIE,2026,Turów,ul. Szkolna 12,Turów,Szkolna 12,ul
50126,SZKOŁA PODSTAWOWA IM. WŁADYSŁAWA BRONIEWSKIEGO W DROGOMYŚLU,2026,Drogomyśl,ul. Główna 15,Drogomyśl,Główna 15,ul
50128,SZKOŁA PODSTAWOWA W BĄKOWIE,2026,Bąków,ul. Główna 62,Bąków,Główna 62,ul
50132,SZKOŁA PODSTAWOWA IM. EMILII MICHALSKIEJ W PRUCHNEJ,2026,Pruchna,ul. Główna 60,Pruchna,Główna 60,ul
50135,SZKOŁA PODSTAWOWA W ZABŁOCIU,2026,Zabłocie,ul. Bielska 36,Zabłocie,Bielska 36,ul
50142,SZKOŁA PODSTAWOWA NR 20 IM. 18 PUŁKU UŁANÓW POMORSKICH,2026,Grudziądz,ul. Jana III Sobieskiego 12,Grudziądz,Jana III Sobieskiego 12,ul
50242,SALEZJAŃSKA SZKOŁA PODSTAWOWA IM. JANA PAWŁA II,2026,Piła,ul. gen. Władysława Andersa 34,Piła,Andersa 34,ul gen władysława
50277,SZKOŁA PODSTAWOWA IM. JÓZEFY JABCZYŃSKIEJ W WYSOKIEJ,2026,Wysoka,ul. Adama Mickiewicza 8,Wysoka,Mickiewicza 8,ul adama
50293,SZKOŁA PODSTAWOWA NR 1 W STRZELCACH KRAJEŃSKICH,2026,Strzelce Krajeńskie,ul. ks. Jerzego Popiełuszki 31,Strzelce Krajeńskie,Popiełuszki 31,ul ks jerzego
50329,PUBLICZNA SZKOŁA PODSTAWOWA IM. KS. JÓZEFA PONIATOWSKIEGO W ANNOPOLU,2026,Annopol,ul. Tadeusza Kościuszki 8,Annopol,Kościuszki 8,ul tadeusza
50338,PUBLICZNA SZKOŁA PODSTAWOWA IM. PAPIEŻA JANA PAWŁA II W MŁYNARZACH,2026,Młynarze,ul. Ostrołęcka 24,Młynarze,Ostrołęcka 24,ul
50374,SZKOŁA PODSTAWOWA NR 3 IM. JANA PAWŁA II W MYŚLENICACH,2026,Myślenice,ul. Dyrektora Stanisława Pardyaka 26,Myślenice,Pardyaka 26,ul dyrektora stanisława
50403,SZKOŁA PODSTAWOWA NR 90 IM. HRABIEGO WŁADYSŁAWA ZAMOYSKIEGO,2026,Poznań,ul. Józefa Chociszewskiego 56,Poznań,Chociszewskiego 56,ul józefa
50415,SZKOŁA PODSTAWOWA NR 1 IM. TADEUSZA KOŚCIUSZKI W SOLCU KUJAWSKIM,2026,Solec Kujawski,ul. Tartaczna 25,Solec Kujawski,Tartaczna 25,ul
50440,SZKOŁA PODSTAWOWA NR 1 IM. ORLĄT LWOWSKICH W POZNANIU,2026,Poznań,ul. Hezjoda 15,Poznań,Hezjoda 15,ul
50447,SZKOŁA PODSTAWOWA IM. MARII KONOPNICKIEJ W GOZDOWIE,2026,Gozdowo,ul. Krystyna Gozdawy 21,Gozdowo,Gozdawy 21,ul krystyna
50461,SZKOŁA PODSTAWOWA IM. JÓZEFA PIŁSUDSKIEGO WE FRAMPOLU,2026,Frampol,ul. Gorajska 16,Frampol,Gorajska 16,ul
50482,SZKOŁA PODSTAWOWA NR 8 IM. JANA PAWŁA II W BĘDZINIE,2026,Będzin,ul. Orla 4,Będzin,Orla 4,ul
50561,SZKOŁA PODSTAWOWA NR 1 IM.POLSKICH OLIMPIJCZYKÓW W GRODZISKU WIELKOPOLSKIM,2026,Grodzisk Wielkopolski,ul. Chopina 26,Grodzisk Wielkopolski,Chopina 26,ul
50841,SZKOŁA PODSTAWOWA IM. BOHATERÓW POWSTANIA WARSZAWSKIEGO W OŁOBOKU,2026,Ołobok,ul. Wojciechowskiego 25,Ołobok,Wojciechowskiego 25,ul
50849,SZKOŁA PODSTAWOWA IM. ŚW. JANA PAWŁA II W WOLI RĘBKOWSKIEJ W ZESPOLE SZKOLNO-PRZEDSZKOLNYM W WOLI RĘBKOWSKIEJ,2026,Wola Rębkowska,ul. Długa 90,Wola Rębkowska,Długa 90,ul
50856,SZKOŁA PODSTAWOWA NR 89 IM. KRZYSZTOFA KAMILA BACZYŃSKIEGO,2026,Poznań,ul. Sochaczewska 3,Poznań,Sochaczewska 3,ul
51293,SZKOŁA PODSTAWOWA W PUSTKOWIE WILCZKOWSKIM,2026,Pustków Wilczkowski,ul. Kłodzka 2,Pustków Wilczkowski,Kłodzka 2,ul
51436,SZKOŁA PODSTAWOWA W KORZENIEWIE,2026,Korzeniewo,ul. Kwidzyńska 20,Korzeniewo,Kwidzyńska 20,ul
51437,"SZKOŁA PODSTAWOWA IM. GEN. AUGUSTA EMILA FIELDORFA PS. ""NIL"" W RAKOWCU",2026,Rakowiec,ul. Szkolna 2,Rakowiec,Szkolna 2,ul
51801,SZKOŁA PODSTAWOWA IM. MARII KOTLARZ W TYCHNOWACH,2026,Tychnowy,ul. Kwidzyńska 19,Tychnowy,Kwidzyńska 19,ul
51855,SZKOŁA PODSTAWOWA IM. ADAMA MICKIEWICZA W DYGOWIE,2026,Dygowo,ul. Kolejowa 10,Dygowo,Kolejowa 10,ul
51860,SZKOŁA PODSTAWOWA IM.WINCENTEGO WITOSA W KOWALACH,2026,Kowale,ul. Szkolna 1,Kowale,Szkolna 1,ul
51941,SZKOŁA PODSTAWOWA NR 14 IM. MARSZAŁKA JÓZEFA PIŁSUDSKIEGO,2026,Włocławek,ul. Bukowa 9,Włocławek,Bukowa 9,ul
52078,SZKOŁA PODSTAWOWA NR 6 IM. NARODOWEGO ŚWIĘTA NIEPODLEGŁOŚCI W KOSZALINIE,2026,Koszalin,ul. Gnieźnieńska 3,Koszalin,Gnieźnieńska 3,ul
52082,SZKOŁA PODSTAWOWA NR 7 IM. I ARMII WOJSKA POLSKIEGO W KOSZALINIE,2026,Koszalin,ul. Wojska Polskiego 36,Koszalin,Wojska Polskiego 36,ul
52094,SZKOŁA PODSTAWOWA NR 17 IM. ORŁA BIAŁEGO W KOSZALINIE,2026,Koszalin,ul. Melchiora Wańkowicza 11,Koszalin,Wańkowicza 11,ul melchiora
52313,SZKOŁA PODSTAWOWA IM. FRANCISZKA PIECZKI W GODOWIE,2026,Godów,ul. Szkolna 11,Godów,Szkolna 11,ul
52316,SZKOŁA PODSTAWOWA IM. PORUCZNIKA PILOTA FRANCISZKA SURMY W GOŁKOWICACH,2026,Gołkowice,ul. 1 Maja 101a,Gołkowice,Maja 101a,ul 1
52318,SZKOŁA PODSTAWOWA IM. K. I. GAŁCZYŃSKIEGO W SKRBEŃSKU,2026,Skrbeńsko,ul. Szkolna 1,Skrbeńsko,Szkolna 1,ul
52320,SZKOŁA PODSTAWOWA IM. MIKOŁAJA KOPERNIKA W ŁAZISKACH,2026,Łaziska,ul. Powstańców Śląskich 151,Łaziska,Powstańców Śląskich 151,ul
52321,SZKOŁA PODSTAWOWA IM. POWSTAŃCÓW ŚLĄSKICH W SKRZYSZOWIE,2026,Skrzyszów,ul. 1 Maja 177,Skrzyszów,Maja 177,ul 1
52338,SZKOŁA PODSTAWOWA IM. ŚW. JANA PAWŁA II W DZIADOWEJ KŁODZIE,2026,Dziadowa Kłoda,ul. Słoneczna 5,Dziadowa Kłoda,Słoneczna 5,ul
52363,SZKOŁA PODSTAWOWA IM. WINCENTEGO WITOSA W BIERKOWIE,2026,Bierkowo,ul. Grodzka 89,Bierkowo,Grodzka 89,ul
52372,SZKOŁA PODSTAWOWA NR 84 IM. WALERIANA ŁUKASIŃSKIEGO,2026,Warszawa,ul. Radzymińska 227,Warszawa,Radzymińska 227,ul
52396,SZKOŁA PODSTAWOWA NR 4 IM. MIKOŁAJA KOPERNIKA W PILE,2026,Piła,ul. Grabowa 18,Piła,Grabowa 18,ul
52419,SZKOŁA PODSTAWOWA NR 2 IM. WŁADYSŁAWA STANISŁAWA REYMONTA,2026,Tuszyn,ul. Poniatowskiego 11,Tuszyn,Poniatowskiego 11,ul
52427,SZKOŁA PODSTAWOWA IM. KRÓLOWEJ JADWIGI W WODZINIE PRYWATNYM,2026,Wodzin Prywatny,ul. Szkolna 1,Wodzin Prywatny,Szkolna 1,ul
52436,SZKOŁA PODSTAWOWA W BOJANIE,2026,Bojano,ul. Józefa Wybickiego 38,Bojano,Wybickiego 38,ul józefa
52438,SZKOŁA PODSTAWOWA IM. GEN. WŁADYSŁAWA SIKORSKIEGO W OŁDRZYCHOWICACH KŁODZKICH,2026,Ołdrzychowice Kłodzkie,ul. Sportowa 1E,Ołdrzychowice Kłodzkie,Sportowa 1E,ul
52446,SZKOŁA PODSTAWOWA IM. BATALIONÓW CHŁOPSKICH W JANOWIE,2026,Janów,ul. Białostocka 16,Janów,Białostocka 16,ul
52458,"ZESPÓŁ SZKÓŁ NR 12, SZKOŁA PODSTAWOWA NR 14 IM. TADEUSZA KOŚCIUSZKI W LUBLINIE",2026,Lublin,ul. Sławinkowska 50,Lublin,Sławinkowska 50,ul
52464,SZKOŁA PODSTAWOWA IM. ORŁA BIAŁEGO W SZCZENURZY,2026,Szczenurze,ul. Szkolna 2,Szczenurze,Szkolna 2,ul
52480,SZKOŁA PODSTAWOWA IM. PIERWSZYCH OSADNIKÓW W GOZDNICY,2026,Gozdnica,ul. Młyńska 1A,Gozdnica,Młyńska 1A,ul
52503,SZKOŁA PODSTAWOWA NR 5 IM. DZIECI POLSKICH W PILE,2026,Piła,ul. aleja Niepodległości 18,Piła,aleja Niepodległości 18,ul
52505,SZKOŁA PODSTAWOWA IM. HENRYKA SIENKIEWICZA W RUTCE-TARTAK,2026,Rutka-Tartak,ul. Szkolna 12,Rutka-Tartak,Szkolna 12,ul
52527,SZKOŁA PODSTAWOWA IM.WŁADYSŁAWA RDZANOWSKIEGO W RADZIEJOWICACH,2026,Radziejowice,ul. Główna 2,Radziejowice,Główna 2,ul
52666,SZKOŁA PODSTAWOWA W ŻARKACH,2026,Żarki,ul. Astronautów 3,Żarki,Astronautów 3,ul
52669,SZKOŁA PODSTAWOWA NR 2 IM. WŁADYSŁAWA WĘGLOWSKIEGO W SĘDZISZOWIE MAŁOPOLSKIM,2026,Sędziszów Małopolski,ul. ks. Stanisława Maciąga 3,Sędziszów Małopolski,Maciąga 3,ul ks stanisława
52682,SZKOŁA PODSTAWOWA NR 6 IM. LOTNIKÓW POLSKICH W PILE,2026,Piła,ul. Żeromskiego 41,Piła,Żeromskiego 41,ul
52691,SZKOŁA PODSTAWOWA IM. HENRYKA SIENKIEWICZA W CHOROSZCZY,2026,Choroszcz,ul. Powstania Styczniowego 26A,Choroszcz,Powstania Styczniowego 26A,ul
52722,SZKOŁA PODSTAWOWA IM. KAZIMIERZA GÓRSKIEGO W WIERZBICY,2026,Wierzbica-Osiedle,ul. Pogodna 8,Wierzbica-Osiedle,Pogodna 8,ul
52764,SZKOŁA PODSTAWOWA NR 1 IM. KS. PIOTRA SKARGI W MILANÓWKU,2026,Milanówek,ul. Królewska 69,Milanówek,Królewska 69,ul
52808,I SPOŁECZNA SZKOŁA PODSTAWOWA SPOŁECZNEGO TOWARZYSTWA OŚWIATOWEGO W RADOMIU,2026,Radom,"ul. mjr. Jana Piwnika ""Ponurego"" 3",Radom,"Piwnika ""Ponurego"" 3",ul mjr jana
52891,ZESPÓŁ SZKÓŁ W LIPUSZU - SZKOŁA PODSTAWOWA,2026,Lipusz,ul. Derdowskiego 7A,Lipusz,Derdowskiego 7A,ul
52894,SZKOŁA PODSTAWOWA NR 6 IM. MARII KONOPNICKIEJ W BĘDZINIE,2026,Będzin,ul. Marii Konopnickiej 13,Będzin,Konopnickiej 13,ul marii
52908,SZKOŁA PODSTAWOWA NR 4 IM. KPT. JÓZEFA REJDYCHA W GRODZISKU WIELKOPOLSKIM,2026,Grodzisk Wielkopolski,ul. Środkowa 56,Grodzisk Wielkopolski,Środkowa 56,ul
52910,SZKOŁA PODSTAWOWA NR 10 IM. ARMII KRAJOWEJ W BĘDZINIE,2026,Będzin,ul. Sportowa 2,Będzin,Sportowa 2,ul
52914,SZKOŁA PODSTAWOWA NR 11 IM. WŁADYSŁAWA BRONIEWSKIEGO W BĘDZINIE,2026,Będzin,ul. Władysława Broniewskiego 12,Będzin,Broniewskiego 12,ul władysława
52933,SZKOŁA PODSTAWOWA NR 1,2026,Aleksandrów Kujawski,ul. gen. Władysława Sikorskiego 5,Aleksandrów Kujawski,Sikorskiego 5,ul gen władysława
52934,SZKOŁA PODSTAWOWA NR 3,2026,Aleksandrów Kujawski,ul. Szkolna 6,Aleksandrów Kujawski,Szkolna 6,ul
52939,SZKOŁA PODSTAWOWA NR 2 IM. POLSKICH OLIMPIJCZYKÓW,2026,Włocławek,ul. Żytnia 47,Włocławek,Żytnia 47,ul
52946,SZKOŁA PODSTAWOWA IM. STANISŁAWA MONIUSZKI,2026,Łajski,ul. Kościelna 63,Łajski,Kościelna 63,ul
52962,SZKOŁA PODSTAWOWA W LUBICZU DOLNYM IM. BŁ. KS. WŁADYSŁAWA BUKOWIŃSKIEGO,2026,Lubicz Dolny,ul. Szkolna 7,Lubicz Dolny,Szkolna 7,ul
52970,SZKOŁA PODSTAWOWA IM. MIKOŁAJA KOPERNIKA W PSZENNIE,2026,Pszenno,ul. Wrocławska 15,Pszenno,Wrocławska 15,ul
52983,KATOLICKA SZKOŁA PODSTAWOWA IM. KS. PIOTRA SKARGI,2026,Warszawa,ul. Józefa Bema 73/75,Warszawa,Bema 73/75,ul józefa
52988,"""ŻAGLE"" SZKOŁA PODSTAWOWA STOWARZYSZENIA STERNIK",2026,Warszawa,ul. Mieczysława Pożaryskiego 28,Warszawa,Pożaryskiego 28,ul mieczysława
52996,SZKOŁA PODSTAWOWA IM. PILOTA RYSZARDA WITKOWSKIEGO W MŁYŃCU PIERWSZYM,2026,Młyniec Pierwszy,ul. Toruńska 10,Młyniec Pierwszy,Toruńska 10,ul
52998,POLSKO-NIEMIECKA SZKOŁA SPOTKAŃ I DIALOGU IM. WILLY'EGO BRANDTA W WARSZAWIE - SZKOŁA PODSTAWOWA,2026,Warszawa,ul. św. Urszuli Ledóchowskiej 3,Warszawa,Ledóchowskiej 3,ul św urszuli
53000,DWUJĘZYCZNA SZKOŁA PODSTAWOWA NR 1,2026,Warszawa,ul. Wspólna 55,Warszawa,Wspólna 55,ul
53002,WARSAW BILINGUAL SCHOOL DWUJĘZYCZNA SZKOŁA PODSTAWOWA IM. PROFESORA WŁADYSŁAWA BARTOSZEWSKIEGO,2026,Warszawa,ul. Radarowa 6,Warszawa,Radarowa 6,ul
53008,NIEPUBLICZNA WALDORFSKA SZKOŁA PODSTAWOWA IM. AUGUSTA CIESZKOWSKIEGO,2026,Warszawa,ul. Alpejska 16,Warszawa,Alpejska 16,ul
53024,NIEPUBLICZNA SZKOŁA PODSTAWOWA IM. JULIUSZA VERNE'A,2026,Warszawa,ul. Marymoncka 34,Warszawa,Marymoncka 34,ul
53028,NIEPUBLICZNA SZKOŁA PODSTAWOWA GAUDEAMUS,2026,Warszawa,ul. Lazurowa 67,Warszawa,Lazurowa 67,ul
53038,SZKOŁA PODSTAWOWA NR 1 IM. WŁADYSŁAWA ŁOKIETKA W BRZEŚCIU KUJAWSKIM,2026,Brześć Kujawski,ul. Królewska 21,Brześć Kujawski,Królewska 21,ul
53062,SZKOŁA PODSTAWOWA W CZAPLINKU,2026,Czaplinek,ul. Wałecka 49,Czaplinek,Wałecka 49,ul
53169,SZKOŁA PODSTAWOWA NR 35,2026,Częstochowa,ul. Ogrodowa 50/64,Częstochowa,Ogrodowa 50/64,ul
53171,PUBLICZNA SZKOŁA PODSTAWOWA IM.JAROSŁAWA IWASZKIEWICZA W DĄBRÓWNIE,2026,Dąbrówno,ul. Ostródzka 12,Dąbrówno,Ostródzka 12,ul
53183,SZKOŁA PODSTAWOWA NR 1 IM. GEN. BRYG. STANISŁAWA GANO W OPATOWIE,2026,Opatów,ul. Ćmielowska 2,Opatów,Ćmielowska 2,ul
53241,SZKOŁA PODSTAWOWA IM. MJR HENRYKA SUCHARSKIEGO W STROJCU,2026,Strojec,ul. Szkolna 6,Strojec,Szkolna 6,ul
53247,SZKOŁA PODSTAWOWA NR 2 IM. LUDWIKA KOBIELI W CHYBIU,2026,Chybie,ul. Szkolna 8,Chybie,Szkolna 8,ul
53272,SZKOŁA PODSTAWOWA IM. ADAMA MICKIEWICZA W LUBINIU,2026,Lubiń,ul. Powstańców 23,Lubiń,Powstańców 23,ul
53275,SZKOŁA PODSTAWOWA IM. KS. EDMUNDA ROSZCZYNIALSKIEGO W CEWICACH,2026,Cewice,ul. Wincentego Witosa 65,Cewice,Witosa 65,ul wincentego
53287,SZKOŁA PODSTAWOWA NR 2 Z ODDZIAŁAMI DWUJĘZYCZNYMI IM. ALEKSANDRY PIŁSUDSKIEJ W SUWAŁKACH,2026,Suwałki,ul. Tadeusza Kościuszki 126,Suwałki,Kościuszki 126,ul tadeusza
53291,SZKOŁA PODSTAWOWA NR 1 W BIAŁYM BORZE,2026,Biały Bór,ul. Dworcowa 19,Biały Bór,Dworcowa 19,ul
53303,SZKOŁA PODSTAWOWA W GMINIE MALBORK,2026,Malbork,ul. Główna 5,Malbork,Główna 5,ul
53310,SZKOŁA PODSTAWOWA IM. JANA PAWŁA II W DOMANIOWIE,2026,Domaniów,ul. Sportowa 6,Domaniów,Sportowa 6,ul
53327,SZKOŁA PODSTAWOWA IM. MICHAŁA OKURZAŁEGO W TĄPKOWICACH,2026,Tąpkowice,ul. Kopernika 2,Tąpkowice,Kopernika 2,ul
53328,SZKOŁA PODSTAWOWA NR 36 IM. POLSKICH OLIMPIJCZYKÓW,2026,Częstochowa,ul. Kasztanowa 7/9,Częstochowa,Kasztanowa 7/9,ul
53337,SZKOŁA PODSTAWOWA SPORTOWA CZŁUCHÓW,2026,Człuchów,ul. Koszalińska 2b,Człuchów,Koszalińska 2b,ul
53360,SZKOŁA PODSTAWOWA IM.HENRYKA SIENKIEWICZA W KOMAROWIE-OSADZIE,2026,Komarów-Osada,ul. Kościuszki 2,Komarów-Osada,Kościuszki 2,ul
53368,SZKOŁA PODSTAWOWA NR 18 IM. JANA ZYGMUNTA JAKUBOWSKIEGO W PŁOCKU,2026,Płock,ul. Jasna 8,Płock,Jasna 8,ul
53424,PUBLICZNA SZKOŁA PODSTAWOWA IM. JANUSZA KORCZAKA W SUCHEJ,2026,Sucha,ul. Szlachecka 88A,Sucha,Szlachecka 88A,ul
53452,SZKOŁA PODSTAWOWA IM. 6 PUŁKU PIECHOTY W STARYM BRONISZEWIE,2026,Stary Broniszew,ul. Kwiatowa 28,Stary Broniszew,Kwiatowa 28,ul
53453,SZKOŁA PODSTAWOWA IM.WOŁYŃSKIEJ BRYGADY KAWALERII W STARYM KOCINIE,2026,Stary Kocin,ul. Kręta 91,Stary Kocin,Kręta 91,ul
53456,SZKOŁA PODSTAWOWA NR 3 IM.TADEUSZA KOŚCIUSZKI W ŚWIDNIKU,2026,Świdnik,ul. Mikołaja Kopernika 9a,Świdnik,Kopernika 9a,ul mikołaja
53457,SZKOŁA PODSTAWOWA IM.JANA BRZECHWY W RADOSTKOWIE,2026,Radostków-Kolonia,ul. Szkolna 1,Radostków-Kolonia,Szkolna 1,ul
53460,SZKOŁA PODSTAWOWA NR 37 IM. JANA PAWŁA II,2026,Częstochowa,ul. Wielkoborska 54,Częstochowa,Wielkoborska 54,ul
53480,SZKOŁA PODSTAWOWA IM.ŚW. JANA DE LA SALLE W CZĘSTOCHOWIE,2026,Częstochowa,ul. gen. Kazimierza Pułaskiego 71,Częstochowa,Pułaskiego 71,ul gen kazimierza
53486,SZKOŁA PODSTAWOWA IM. MIKOŁAJA REJA W GORZYCZKACH,2026,Gorzyczki,ul. Wiejska 30,Gorzyczki,Wiejska 30,ul
53553,SZKOŁA PODSTAWOWA IM. ŚW. JANA KANTEGO W WOJNICZU,2026,Wojnicz,ul. Szkolna 10,Wojnicz,Szkolna 10,ul
53557,SZKOŁA PODSTAWOWA NR 33 IM. FUNDUSZU NARODÓW ZJEDNOCZONYCH NA RZECZ DZIECI UNICEF W OLSZTYNIE,2026,Olsztyn,ul. Bolesława Jeziołowicza 2,Olsztyn,Jeziołowicza 2,ul bolesława
53595,SZKOŁA PODSTAWOWA W LUTYNI,2026,Lutynia,ul. Polna 1B,Lutynia,Polna 1B,ul
53598,SZKOŁA PODSTAWOWA W PISARZOWICACH IM.PIASTÓW ŚLĄSKICH,2026,Pisarzowice,ul. Szkolna 3A,Pisarzowice,Szkolna 3A,ul
53688,SZKOŁA PODSTAWOWA NR 13 IM. HUBERTA WAGNERA W BĘDZINIE,2026,Będzin,ul. Rewolucjonistów 18,Będzin,Rewolucjonistów 18,ul
53689,SZKOŁA PODSTAWOWA NR 38 IM. HENRYKA SIENKIEWICZA W LUBLINIE,2026,Lublin,ul. Pana Wołodyjowskiego 13,Lublin,Pana Wołodyjowskiego 13,ul
53691,SZKOŁA PODSTAWOWA NR 2 IM. MICHALINY CHEŁMOŃSKIEJ-SZCZEPANKOWSKIEJ W SŁUPNIE,2026,Słupno,ul. Szkolna 3,Słupno,Szkolna 3,ul
53696,SZKOŁA PODSTAWOWA IM. TYSIĄCLECIA PAŃSTWA POLSKIEGO,2026,Dzierzgoń,ul. Krzywa 17,Dzierzgoń,Krzywa 17,ul
53701,SZKOŁA PODSTAWOWA IM. ABP ROMUALDA JAŁBRZYKOWSKIEGO W KOŁAKACH KOŚCIELNYCH,2026,Kołaki Kościelne,ul. Kościelna 26,Kołaki Kościelne,Kościelna 26,ul
53730,PUBLICZNA SZKOŁA PODSTAWOWA IM. TADEUSZA KOŚCIUSZKI W JEDLIŃSKU,2026,Jedlińsk,ul. Konopnickiej 2,Jedlińsk,Konopnickiej 2,ul
53733,SZKOŁA PODSTAWOWA NR 3 W ŁAZACH,2026,Łazy,ul. rtm. Witolda Pileckiego 14,Łazy,Pileckiego 14,ul rtm witolda
53748,SZKOŁA PODSTAWOWA IM. JANA PAWŁA II W ZENDKU,2026,Zendek,ul. Główna 126,Zendek,Główna 126,ul
53770,SZKOŁA PODSTAWOWA IM.JANA BRZECHWY W ŁĘKNICY,2026,Łęknica,ul. Wojska Polskiego 19A,Łęknica,Wojska Polskiego 19A,ul
53777,SZKOŁA PODSTAWOWA IM. PAWŁA KOJZARA W MNICHU,2026,Mnich,ul. Kopernika 12,Mnich,Kopernika 12,ul
53784,SZKOŁA PODSTAWOWA NR 10 IM. KORNELA MAKUSZYŃSKIEGO W DĄBROWIE GÓRNICZEJ,2026,Dąbrowa Górnicza,ul. Górników Redenu 4,Dąbrowa Górnicza,Górników Redenu 4,ul
53786,SZKOŁA PODSTAWOWA NR 11 IM. LUDWIKA WARYŃSKIEGO W DĄBROWIE GÓRNICZEJ,2026,Dąbrowa Górnicza,ul. Aleja Józefa Piłsudskiego 103,Dąbrowa Górnicza,Aleja Józefa Piłsudskiego 103,ul
53789,SZKOŁA PODSTAWOWA NR 12 IM. STANISŁAWA STASZICA W DĄBROWIE GÓRNICZEJ,2026,Dąbrowa Górnicza,ul. Tysiąclecia 25,Dąbrowa Górnicza,Tysiąclecia 25,ul
53793,SZKOŁA PODSTAWOWA NR 17 IM. ADAMA MICKIEWICZA W ZESPOLE SZKOLNO-PRZEDSZKOLNYM NR 4 W DĄBROWIE GÓRNICZEJ,2026,Dąbrowa Górnicza,ul. Ofiar Katynia 76,Dąbrowa Górnicza,Ofiar Katynia 76,ul
53794,SZKOŁA PODSTAWOWA NR 18 IM. WŁADYSŁAWA BRONIEWSKIEGO W DĄBROWIE GÓRNICZEJ,2026,Dąbrowa Górnicza,ul. Aleja Józefa Piłsudskiego 73,Dąbrowa Górnicza,Aleja Józefa Piłsudskiego 73,ul
53803,SZKOŁA PODSTAWOWA IM. JANA PAWŁA II W LNIANIE,2026,Lniano,ul. Szkolna 13,Lniano,Szkolna 13,ul
53805,SZKOŁA PODSTAWOWA IM. M.KONOPNICKIEJ W ISKRZYNI,2026,Iskrzynia,ul. Szkolna 4,Iskrzynia,Szkolna 4,ul
53816,SZKOŁA PODSTAWOWA NR 39 IM. M. KONOPNICKIEJ,2026,Częstochowa,ul. Mikołaja Kopernika 79/87,Częstochowa,Kopernika 79/87,ul mikołaja
53829,SZKOŁA PODSTAWOWA IM. JÓZEFA WYBICKIEGO W BABOSZEWIE,2026,Baboszewo,ul. Jana i Antoniego Brodeckich 6,Baboszewo,Brodeckich 6,ul jana i antoniego
53902,SZKOŁA PODSTAWOWA IM. FELIKSA NOWOWIEJSKIEGO W WYDMINACH,2026,Wydminy,ul. Grunwaldzka 94,Wydminy,Grunwaldzka 94,ul
53936,SZKOŁA PODSTAWOWA IM. STEFANA ŻEROMSKIEGO W CEDZYNIE,2026,Cedzyna,ul. Szkolna 6,Cedzyna,Szkolna 6,ul
54080,SZKOŁA PODSTAWOWA NR 40 IM. LUBELSKIEGO LIPCA 1980,2026,Lublin,ul. Róży Wiatrów 9,Lublin,Róży Wiatrów 9,ul
54093,SZKOŁA PODSTAWOWA W STAREJ ŁUBIANCE,2026,Stara Łubianka,ul. Polna 8,Stara Łubianka,Polna 8,ul
54095,SZKOŁA PODSTAWOWA IM. M. KONOPNICKIEJ W KONINIE,2026,Konin,ul. Kielecka 37,Konin,Kielecka 37,ul
54099,SZKOŁA PODSTAWOWA IM. TADEUSZA KOŚCIUSZKI W SZADKU,2026,Szadek,ul. Prusinowska 4,Szadek,Prusinowska 4,ul
54132,SZKOŁA PODSTAWOWA NR 171 IM. STANISŁAWA STASZICA,2026,Warszawa,ul. Armii Krajowej 39,Warszawa,Armii Krajowej 39,ul
54139,SZKOŁA PODSTAWOWA NR 173 IM. GÓRNIKÓW POLSKICH,2026,Warszawa,inne Trakt Brzeski 18,Warszawa,Trakt Brzeski 18,inne
54249,SZKOŁA PODSTAWOWA W STARYM DZIKOWIE,2026,Stary Dzików,ul. Kościuszki 83,Stary Dzików,Kościuszki 83,ul
54256,SZKOŁA PODSTAWOWA W KLENICY,2026,Klenica,ul. Bolesława Chrobrego 68,Klenica,Bolesława Chrobrego 68,ul
54327,SZKOŁA PODSTAWOWA NR 3 IM.JANA PAWŁA II W SĘDZISZOWIE MAŁOPOLSKIM,2026,Sędziszów Małopolski,ul. Osiedle Młodych 20,Sędziszów Małopolski,Osiedle Młodych 20,ul
54329,SZKOŁA PODSTAWOWA NR 2 IM. KRÓLOWEJ JADWIGI W BEŁŻYCACH,2026,Bełżyce,ul. Tadeusza Kościuszki 148,Bełżyce,Kościuszki 148,ul tadeusza
54405,ZESPÓŁ SZKOLNO - PRZEDSZKOLNY W BODZENTYNIE SZKOŁA PODSTAWOWA W BODZENTYNIE IM. ANTONIEGO WACIŃSKIEGO,2026,Bodzentyn,ul. Rynek Górny 11,Bodzentyn,Rynek Górny 11,ul
54432,SZKOŁA PODSTAWOWA NR 48 IM. ARMII KRAJOWEJ,2026,Częstochowa,ul. Leona Schillera 5,Częstochowa,Schillera 5,ul leona
54433,SZKOŁA PODSTAWOWA IM. PORUCZNIKA STANISŁAWA LECHA W POŚWIĘTNEM,2026,Cygów,ul. Szkolna 20,Cygów,Szkolna 20,ul
55070,SZKOŁA PODSTAWOWA NR 14 IM. MAJORA HENRYKA SUCHARSKIEGO W JAWORZNIE,2026,Jaworzno,ul. Juliana Ursyna Niemcewicza 7a,Jaworzno,Niemcewicza 7a,ul juliana ursyna
55088,SZKOŁA PODSTAWOWA IM. PPOR. EMILII GIERCZAK W ŁĄCKU,2026,Łąck,ul. Kolejowa 1,Łąck,Kolejowa 1,ul
55146,SZKOŁA PODSTAWOWA IM. JAKUBA SZELESTA W DĘBSKIEJ WOLI,2026,Dębska Wola,ul. Szlachecka 173,Dębska Wola,Szlachecka 173,ul
55167,SZKOŁA PODSTAWOWA IM. HENRYKA SIENKIEWICZA,2026,Kisielice,ul. Aleja Wojska Polskiego 2,Kisielice,Aleja Wojska Polskiego 2,ul
55283,SZKOŁA PODSTAWOWA NR 1 IM.MARSZAŁKA JÓZEFA PIŁSUDSKIEGO W SĘDZISZOWIE MAŁOPOLSKIM,2026,Sędziszów Małopolski,ul. Szkolna 13,Sędziszów Małopolski,Szkolna 13,ul
55285,SZKOŁA PODSTAWOWA NR 5 IM. MARII KONOPNICKIEJ W SĘDZISZOWIE MAŁOPOLSKIM,2026,Sędziszów Małopolski,ul. Kawęczyn 70,Sędziszów Małopolski,Kawęczyn 70,ul
55300,SZKOŁA PODSTAWOWA NR 5 IM. POWSTAŃCÓW ŚLĄSKICH W ŁAZISKACH GÓRNYCH,2026,Łaziska Górne,ul. Szkolna 4,Łaziska Górne,Szkolna 4,ul
55301,SZKOŁA PODSTAWOWA NR 1 IM. KSIĘDZA PRAŁATA KONRADA SZWEDY W ŁAZISKACH GÓRNYCH,2026,Łaziska Górne,ul. Dworcowa 4,Łaziska Górne,Dworcowa 4,ul
55312,SZKOŁA PODSTAWOWA IM. JANA PAWŁA II W MASŁOWIE,2026,Masłów Pierwszy,ul. Jana Pawła II 1,Masłów Pierwszy,Jana Pawła II 1,ul
55331,SZKOŁA PODSTAWOWA NR 1 IM. KORNELA MAKUSZYŃSKIEGO W MARKACH,2026,Marki,ul. Okólna 14,Marki,Okólna 14,ul
55357,SZKOŁA PODSTAWOWA IM. JANA PAWŁA II W KLUCZACH,2026,Klucze,ul. Zawierciańska 30,Klucze,Zawierciańska 30,ul
55377,SZKOŁA PODSTAWOWA W WIERZCHOWIE,2026,Wierzchowo-Dworzec,ul. Szkolna 16,Wierzchowo-Dworzec,Szkolna 16,ul
55408,SZKOŁA PODSTAWOWA NR 1 IM.KSIĘŻNEJ ANNY Z SAPIEHÓW JABŁONOWSKIEJ W SIEMIATYCZACH,2026,Siemiatycze,ul. Ogrodowa 2,Siemiatycze,Ogrodowa 2,ul
55434,SZKOŁA PODSTAWOWA W WIECHLICACH,2026,Wiechlice,ul. Brzozowa 17,Wiechlice,Brzozowa 17,ul
55455,SZKOŁA PODSTAWOWA W KLUCZEWIE,2026,Kluczewo,ul. Szkolna 19,Kluczewo,Szkolna 19,ul
55494,SZKOŁA PODSTAWOWA IM. KARDYNAŁA STEFANA WYSZYŃSKIEGO W WĄWOLNICY,2026,Wąwolnica,ul. Zamkowa 4,Wąwolnica,Zamkowa 4,ul
55501,MŁODZIEŻOWY OŚRODEK WYCHOWAWCZY DLA DZIEWCZĄT W KRUSZWICY - SZKOŁA PODSTAWOWA SPECJALNA,2026,Kruszwica,ul. Kujawska 20,Kruszwica,Kujawska 20,ul
55510,PUBLICZNA SZKOŁA PODSTAWOWA SIÓSTR SALEZJANEK IM. ŚWIĘTEJ RODZINY,2026,Rumia,ul. Ceynowy 24,Rumia,Ceynowy 24,ul
55513,SZKOŁA PODSTAWOWA NR 2,2026,Debrzno,ul. Królewska 5,Debrzno,Królewska 5,ul
55546,SZKOŁA PODSTAWOWA IM. MARSZAŁKA JÓZEFA PIŁSUDSKIEGO W WARTKOWICACH,2026,Wartkowice,ul. Legionów Polskich 5,Wartkowice,Legionów Polskich 5,ul
55559,SZKOŁA PODSTAWOWA IM. WANDY CHOTOMSKIEJ W JÓZEFOWIE,2026,Józefów,ul. Szkolna 62,Józefów,Szkolna 62,ul
55560,SZKOŁA PODSTAWOWA IM. WOJSKA POLSKIEGO W BIAŁOBRZEGACH,2026,Białobrzegi,ul. Wojska Polskiego 21,Białobrzegi,Wojska Polskiego 21,ul
55561,SZKOŁA PODSTAWOWA IM. I BATALIONU SAPERÓW KOŚCIUSZKOWSKICH W IZABELINIE,2026,Izabelin,ul. Szkolna 1,Izabelin,Szkolna 1,ul
55580,SZKOŁA PODSTAWOWA NR 3 IM. JANA BRZECHWY W PUŁAWACH,2026,Puławy,ul. Jaworowa 5,Puławy,Jaworowa 5,ul
55581,SZKOŁA PODSTAWOWA NR 10 IM. ADAMA MICKIEWICZA W PUŁAWACH,2026,Puławy,ul. 6 Sierpnia 30,Puławy,Sierpnia 30,ul 6
55582,SZKOŁA PODSTAWOWA NR 1 IM. TADEUSZA KOŚCIUSZKI W PUŁAWACH,2026,Puławy,ul. Kaniowczyków 1,Puławy,Kaniowczyków 1,ul
55584,SZKOŁA PODSTAWOWA NR 11 IM. HENRYKA SIENKIEWICZA W PUŁAWACH,2026,Puławy,ul. Legionu Puławskiego 8,Puławy,Legionu Puławskiego 8,ul
55585,SZKOŁA PODSTAWOWA NR 6 IM. POLSKICH LOTNIKÓW W PUŁAWACH,2026,Puławy,ul. Juliana Ursyna Niemcewicza 4,Puławy,Niemcewicza 4,ul juliana ursyna
55597,SZKOŁA PODSTAWOWA IM. MAŁEGO KSIĘCIA W WISZNI MAŁEJ,2026,Wisznia Mała,ul. Szkolna 51,Wisznia Mała,Szkolna 51,ul
55601,SZKOŁA PODSTAWOWA IM. MARCINA ROŻKA W KASZCZORZE,2026,Kaszczor,ul. Cysterska 9,Kaszczor,Cysterska 9,ul
55618,SZKOŁA PODSTAWOWA IM. BATALIONÓW CHŁOPSKICH W ŁAGOWIE W GMINNYM ZESPOLE SZKÓŁ W ŁAGOWIE,2026,Łagów,ul. Zapłotnia 2,Łagów,Zapłotnia 2,ul
55649,SZKOŁA PODSTAWOWA IM. JANUSZA KORCZAKA W CHOCENIU,2026,Choceń,ul. Sikorskiego 12,Choceń,Sikorskiego 12,ul
55655,SZKOŁA PODSTAWOWA IM. TADEUSZA KOŚCIUSZKI W LUBICZU,2026,Lubicz Górny,ul. Piaskowa 23,Lubicz Górny,Piaskowa 23,ul
55701,SZKOŁA PODSTAWOWA W BALICACH,2026,Balice,ul. Szkolna 66,Balice,Szkolna 66,ul
55703,SZKOŁA PODSTAWOWA,2026,Węsiory,ul. Kartuska 1,Węsiory,Kartuska 1,ul
55717,SZKOŁA PODSTAWOWA NR 2 IM. KPT.Ż.W. MAMERTA STANKIEWICZA W GRYFINIE,2026,Gryfino,ul. 9 Maja 4,Gryfino,Maja 4,ul 9
55728,SZKOŁA PODSTAWOWA IM. MJRA HENRYKA SUCHARSKIEGO W SADKACH,2026,Sadki,ul. Mickiewicza 1,Sadki,Mickiewicza 1,ul
55747,SZKOŁA PODSTAWOWA NR 2 W BYTOWIE,2026,Bytów,ul. ks. dr. Bolesława Domańskiego 13,Bytów,Domańskiego 13,ul ks dr bolesława
55750,PUBLICZNA SZKOŁA PODSTAWOWA IM. FILIPA ROBOTY W ŁĄCZNIKU,2026,Łącznik,ul. Fabryczna 4a,Łącznik,Fabryczna 4a,ul
55756,SZKOŁA PODSTAWOWA NR 4 IM. MIKOŁAJA KOPERNIKA W BIAŁOGARDZIE,2026,Białogard,ul. Grunwaldzka 53,Białogard,Grunwaldzka 53,ul
55758,SZKOŁA PODSTAWOWA W ŻÓŁKIEWCE,2026,Żółkiewka-Osada,ul. Szkolna 3,Żółkiewka-Osada,Szkolna 3,ul
55769,SZKOŁA PODSTAWOWA NR 2,2026,Wierzchowo-Dworzec,ul. Szkolna 9,Wierzchowo-Dworzec,Szkolna 9,ul
55788,SZKOŁA PODSTAWOWA NR 3 IM. KORNELA MAKUSZYŃSKIEGO,2026,Koźmin Wielkopolski,ul. Mikołaja Kopernika 1,Koźmin Wielkopolski,Kopernika 1,ul mikołaja
55801,"SPOŁECZNA SZKOŁA PODSTAWOWA STOWARZYSZENIA PRACOWNIKÓW SŁUŻB SPOŁECZNYCH ""KRĄG"" W GORZOWIE WLKP.",2026,Trzebiszewo,ul. Główna 44,Trzebiszewo,Główna 44,ul
55835,"SZKOŁA PODSTAWOWA NR 4 IM. STEFANA ROWECKIEGO ""GROTA""",2026,Marki,ul. Wspólna 42,Marki,Wspólna 42,ul
55860,SZKOŁA PODSTAWOWA IM. WINCENTEGO POLA W STAWISZYNIE,2026,Stawiszyn,ul. Szkolna 8,Stawiszyn,Szkolna 8,ul
55862,SZKOŁA PODSTAWOWA IM. JÓZEFA WYBICKIEGO,2026,Bytom Odrzański,ul. Kościelna 9,Bytom Odrzański,Kościelna 9,ul
55881,SZKOŁA PODSTAWOWA IM. G. MORCINKA W RĘDZINACH,2026,Rędziny,ul. Szkolna 7,Rędziny,Szkolna 7,ul
55886,ZESPÓŁ SZKOLNO-PRZEDSZKOLNY W BRZEŹNICY- SZKOŁA PODSTAWOWA IM. JANA KOCHANOWSKIEGO W BRZEŹNICY,2026,Brzeźnica,ul. Adama Gorczyńskiego 1,Brzeźnica,Gorczyńskiego 1,ul adama
55893,SZKOŁA PODSTAWOWA NR 5 Z ODDZIAŁAMI INTEGRACYJNYMI IM. UNICEF W MALBORKU,2026,Malbork,ul. Józefa Wybickiego 32,Malbork,Wybickiego 32,ul józefa
55902,SZKOŁA PODSTAWOWA IM. JANA PAWŁA II W MOCHACH,2026,Mochy,ul. Szkolna 7,Mochy,Szkolna 7,ul
55922,"PUBLICZNA SZKOŁA PODSTAWOWA IM. ""BAJKOPISARZY ŚWIATA"" W LESZNOWOLI",2026,Lesznowola,ul. Szkolna 1,Lesznowola,Szkolna 1,ul
55926,PUBLICZNA SZKOŁA PODSTAWOWA NR 3 IM. KS. PIOTRA SKARGI W GRÓJCU,2026,Grójec,ul. Armii Krajowej 34,Grójec,Armii Krajowej 34,ul
55928,SZKOŁA PODSTAWOWA IM JANA PAWŁA II W DOMINOWIE,2026,Dominowo,ul. Centralna 3,Dominowo,Centralna 3,ul
55934,NIEPUBLICZNA SZKOŁA PODSTAWOWA SIÓSTR SALEZJANEK IM. JANA PAWŁA II WE WROCŁAWIU,2026,Wrocław,pl. Franciszkański 1-3,Wrocław,Franciszkański 1-3,pl
55944,SZKOŁA PODSTAWOWA NR 1 W ŁASKARZEW,2026,Łaskarzew,ul. Alejowa 23,Łaskarzew,Alejowa 23,ul
55954,SZKOŁA PODSTAWOWA IM. OJCA ŚWIĘTEGO JANA PAWŁA II W SŁUBICACH,2026,Słubice,ul. Płocka 30,Słubice,Płocka 30,ul
55983,SZKOŁA PODSTAWOWA IM. K. PUŁASKIGO W RĘDZINACH OSIEDLU,2026,Rędziny,ul. Działkowiczów 20,Rędziny,Działkowiczów 20,ul
55984,SZKOŁA PODSTAWOWA NR 1 IM. PAWŁA STALMACHA W WIŚLE,2026,Wisła,pl. Bogumiła Hoffa 5,Wisła,Hoffa 5,pl bogumiła
56002,INTEGRACYJNA SZKOŁA PODSTAWOWA NR 67 IM. JANUSZA KORCZAKA,2026,Łódź,ul. Maratońska 47b,Łódź,Maratońska 47b,ul
56014,SZKOŁA PODSTAWOWA NR 5 IM. MIKOŁAJA KOPERNIKA W ZESPOLE SZKOLNO-PRZEDSZKOLNYM NR 5 W RYBNIKU,2026,Rybnik,ul. dr. Mariana Różańskiego 14a,Rybnik,Różańskiego 14a,ul dr mariana
56032,SZKOŁA PODSTAWOWA IM.BOLESŁAWA PRUSA,2026,Kałuszyn,ul. Pocztowa 4,Kałuszyn,Pocztowa 4,ul
56049,SZKOŁA PODSTAWOWA IM. MIKOŁAJA KOPERNIKA W BRALINIE,2024,Bralin,rynek Rynek 1,Bralin,Rynek 1,
56049,SZKOŁA PODSTAWOWA IM. MIKOŁAJA KOPERNIKA W BRALINIE,2025,Bralin,rynek Rynek 1,Bralin,Rynek 1,
56049,SZKOŁA PODSTAWOWA IM. MIKOŁAJA KOPERNIKA W BRALINIE,2026,Bralin,rynek Rynek 1,Bralin,Rynek 1,
56052,SZKOŁA PODSTAWOWA NR 48 IM.JÓZEFA PIŁSUDSKIEGO,2026,Lublin,ul. Jana Kasprowicza 112,Lublin,Kasprowicza 112,ul jana
56072,SZKOŁA PODSTAWOWA IM.JANA PAWŁA II W PRZYTUŁACH,2026,Przytuły,ul. Lipowa 28,Przytuły,Lipowa 28,ul
56108,SZKOŁA PODSTAWOWA NR 4 IM WŁADYSŁAWA BRONIEWSKIEGO,2026,Sędziszów Małopolski,ul. Legionów Polskich 162,Sędziszów Małopolski,Legionów Polskich 162,ul
56131,SZKOŁA PODSTAWOWA NR 1 IM. GEN. JÓZEFA BEMA W BYSTRZYCY KŁODZKIEJ,2026,Bystrzyca Kłodzka,ul. Wojska Polskiego 8,Bystrzyca Kłodzka,Wojska Polskiego 8,ul
56150,PUBLICZNA SZKOŁA PODSTAWOWA W GOSZCZYNIE,2026,Goszczyn,ul. Armii Krajowej 2,Goszczyn,Armii Krajowej 2,ul
56166,SZKOŁA PODSTAWOWA IM. ADAMA MICKIEWICZA W ŁEBIE,2026,Łeba,ul. Tysiąclecia 11,Łeba,Tysiąclecia 11,ul
56169,SZKOŁA PODSTAWOWA IM. STANISŁAWA FENRYCHA W PUDLISZKACH Z KLASAMI INTEGRACYJNYMI,2026,Pudliszki,ul. Szkolna 20,Pudliszki,Szkolna 20,ul
56185,SZKOŁA PODSTAWOWA NR 1 IM. MIKOŁAJA KOPERNIKA W OLKUSZU,2026,Olkusz,ul. Jana Kantego 5,Olkusz,Kantego 5,ul jana
56256,NIEPUBLICZNA SZKOŁA PODSTAWOWA IM. JULIUSZA SŁOWACKIEGO W RADOMIU,2026,Radom,ul. Warszawska 3,Radom,Warszawska 3,ul
56282,SZKOŁA PODSTAWOWA NR 75 Z ODDZIAŁAMI INTEGRACYJNYMI IM. HENRYKA SIENKIEWICZA,2026,Wrocław,ul. Piotra Ignuta 28,Wrocław,Ignuta 28,ul piotra
56306,ZESPÓŁ SZKOLNO-PRZEDSZKOLNY INTEGRACYJNY NR 1 W OLKUSZU - SZKOŁA PODSTAWOWA NR 2 Z ODDZIAŁAMI INTEGRACYJNYMI IM. J.IWASZKIEWICZA W OLKUSZU,2026,Olkusz,ul. Jana Kochanowskiego 2,Olkusz,Kochanowskiego 2,ul jana
56311,SZKOŁA PODSTAWOWA IM. WŁADYSŁAWA LORKIEWICZA W ORCHOWIE,2026,Orchowo,ul. Szkolna 11,Orchowo,Szkolna 11,ul
56319,SPOŁECZNA SZKOŁA PODSTAWOWA,2026,Kwidzyn,ul. Chopina 4,Kwidzyn,Chopina 4,ul
56324,SZKOŁA PODSTAWOWA IM. MŁODYCH BOHATERÓW W SZEWCACH,2026,Szewce,ul. Strzeszowska 7,Szewce,Strzeszowska 7,ul
56328,SZKOŁA PODSTAWOWA IM. JANA III SOBIESKIEGO W JEJKOWICACH,2026,Jejkowice,ul. Główna 42,Jejkowice,Główna 42,ul
56332,PUBLICZNA SZKOŁA PODSTAWOWA IM. LEGIONISTÓW RADOMYSKICH W RADOMYŚLU NAD SANEM,2026,Radomyśl nad Sanem,ul. Legionów 22,Radomyśl nad Sanem,Legionów 22,ul
56368,SZKOŁA PODSTAWOWA NR 206 Z ODDZIAŁAMI INTEGRACYJNYMI IM. WŁADYSŁAWA REYMONTA,2026,Warszawa,ul. Bartnicza 2,Warszawa,Bartnicza 2,ul
56375,SZKOŁA PODSTAWOWA IM. NOBLISTÓW POLSKICH W ZBICZNIE,2026,Zbiczno,ul. Szosa Brodnicka 77,Zbiczno,Szosa Brodnicka 77,ul
56377,SZKOŁA PODSTAWOWA NR 1 IM. BOLESŁAWA PRUSA W GÓRZE,2026,Góra,ul. Marii Konopnickiej 2,Góra,Konopnickiej 2,ul marii
56378,SZKOŁA PODSTAWOWA NR 3 IM. WŁADYSŁAWA BRONIEWSKIEGO W GÓRZE,2026,Góra,ul. Poznańska 2,Góra,Poznańska 2,ul
56380,SZKOŁA POSTAWOWA NR 51 IM.M.CURIE -SKŁODOWSKIEJ,2026,Częstochowa,ul. Połaniecka 50,Częstochowa,Połaniecka 50,ul
56404,SZKOŁA PODSTAWOWA IM. JAKUBA SZYMKIEWICZA W MARZENINIE,2026,Marzenin,ul. Łaska 7,Marzenin,Łaska 7,ul
56413,SZKOŁA PODSTAWOWA NR 53 Z ODDZIAŁAMI INTEGRACYJNYMI IM. M.SKŁODOWSKIEJ-CURIE,2026,Częstochowa,ul. Władysława Orkana 95/109,Częstochowa,Orkana 95/109,ul władysława
56423,"SZKOŁA PODSTAWOWA IM. MJR. HENRYKA DOBRZAŃSKIEGO ""HUBALA"" W ZABRAŃCU",2026,Zabraniec,ul. ks. Wł. Skonieckiego 8,Zabraniec,Skonieckiego 8,ul ks wł
56428,PUBLICZNA SZKOŁA PODSTAWOWA W PILCHOWIE,2026,Pilchów,ul. por. Józefa Sarny 1,Pilchów,Sarny 1,ul por józefa
56431,SZKOŁA PODSTAWOWA NR 52 IM. MARII KONOPNICKIEJ W LUBLINIE,2026,Lublin,ul. Władysława Jagiełły 11,Lublin,Władysława Jagiełły 11,ul
56448,SZKOŁA PODSTAWOWA IMIENIA TADEUSZA KOŚCIUSZKI W SUŁKOWICACH- BOLECINIE,2026,Sułkowice,ul. Racławicka 188,Sułkowice,Racławicka 188,ul
56451,SZKOŁA PODSTAWOWA IM. OJCA ŚW. JANA PAWŁA II W GIZAŁKACH,2026,Gizałki,ul. Kaliska 25,Gizałki,Kaliska 25,ul
56494,SZKOŁA PODSTAWOWA NR 3 IM. MARCINA BIEMA W OLKUSZU,2026,Olkusz,ul. kpt. Hardego 11a,Olkusz,Hardego 11a,ul kpt
56496,PUBLICZNA SZKOŁA PODSTAWOWA W JABŁONNIE LACKIEJ,2026,Jabłonna Lacka,ul. Klonowa 6,Jabłonna Lacka,Klonowa 6,ul
56514,SZKOŁA PODSTAWOWA NR 1 IM. WŁADYSŁAWA JAGIEŁŁY W WILKOWICACH,2026,Wilkowice,ul. Kościelna 10,Wilkowice,Kościelna 10,ul
56516,SZKOŁA PODSTAWOWA NR 1 IM.SYNÓW PUŁKU W BYSTREJ,2026,Bystra,ul. Klimczoka 68,Bystra,Klimczoka 68,ul
56528,SZKOŁA PODSTAWOWA W RUDNIKACH,2026,Rudniki,ul. Szkolna 11,Rudniki,Szkolna 11,ul
56545,SZKOŁA PODSTAWOWA IM. JANUSZA KORCZAKA W KOŚCIELCU,2026,Kościelec,ul. Wolności 93,Kościelec,Wolności 93,ul
56547,SZKOŁA PODSTAWOWA IM. STRAŻY GRANICZNEJ II RZECZPOSPOLITEJ W ŚMIŁOWIE,2026,Śmiłowo,ul. Pilska 40,Śmiłowo,Pilska 40,ul
56579,SZKOŁA PODSTAWOWA IM.KS. KARDYNAŁA STEFANA WYSZYŃSKIEGO W NOWYM DUNINOWIE,2026,Nowy Duninów,ul. Gostynińska 1,Nowy Duninów,Gostynińska 1,ul
56583,SZKOŁA PODSTAWOWA IM.POWSTAŃCÓW WIELKOPOLSKICH,2026,Pamiątkowo,ul. Szkolna 13,Pamiątkowo,Szkolna 13,ul
56584,SZKOŁA PODSTAWOWA IM. JANA PAWŁA II W KRASNOSIELCU,2026,Krasnosielc,ul. Ogrodowa 2A,Krasnosielc,Ogrodowa 2A,ul
56601,SZKOŁA PODSTAWOWA W WOJSCE,2026,Wojska,ul. Szkolna 12,Wojska,Szkolna 12,ul
56612,SZKOŁA PODSTAWOWA NR 47 IM. M. KONOPNICKIEJ,2026,Częstochowa,ul. Przestrzenna 68/70,Częstochowa,Przestrzenna 68/70,ul
56640,SZKOŁA PODSTAWOWA NR 15,2026,Wodzisław Śląski,ul. Młodzieżowa 47,Wodzisław Śląski,Młodzieżowa 47,ul
56643,SZKOŁA PODSTAWOWA NR 16 IM. ADAMA DZIKA,2026,Wodzisław Śląski,ul. Konwaliowa 4,Wodzisław Śląski,Konwaliowa 4,ul
56646,SZKOŁA PODSTAWOWA NR 21 IM. JULIUSZA SŁOWACKIEGO,2026,Wodzisław Śląski,ul. Bolesława Chrobrego 308,Wodzisław Śląski,Bolesława Chrobrego 308,ul
56651,SZKOŁA PODSTAWOWA NR 9 IM. HENRYKA SIENKIEWICZA,2026,Wodzisław Śląski,ul. świętego Wawrzyńca 11,Wodzisław Śląski,świętego Wawrzyńca 11,ul
56655,SZKOŁA PODSTAWOWA SPECJALNA NR 4 W JÓZEFOWIE MŁODZIEŻOWY OŚRODEK SOCJOTERAPII „JĘDRUŚ” W JÓZEFOWIE,2026,Józefów,ul. Główna 10,Józefów,Główna 10,ul
56658,SZKOŁA PODSTAWOWA IM. JANA PAWŁA II W LIPCE,2026,Lipka,ul. Szkolna 6,Lipka,Szkolna 6,ul
56715,SZKOŁA PODSTAWOWA NR 2 IMIENIA MARII KONOPNICKIEJ W ANDRYCHOWIE,2026,Andrychów,ul. Jarosława Dąbrowskiego 2,Andrychów,Dąbrowskiego 2,ul jarosława
56731,PUBLICZNA SZKOŁA PODSTAWOWA IM. MARII KONOPNICKIEJ W BRZOSKWINI,2026,Brzoskwinia,ul. im. Tadeusza Skołuby 7,Brzoskwinia,Skołuby 7,ul im tadeusza
56733,SZKOŁA PODSTAWOWA NR 10 IM. MIKOŁAJA REJA W PIOTRKOWIE TRYBUNALSKIM,2026,Piotrków Trybunalski,ul. Adama Próchnika 8/12,Piotrków Trybunalski,Próchnika 8/12,ul adama
56973,SZKOŁA PODSTAWOWA NR 2 IM. IGNACEGO KRASICKIEGO W MALBORKU,2026,Malbork,al. Wojska Polskiego 479,Malbork,Wojska Polskiego 479,al
56983,SZKOŁA PODSTAWOWA NR 2 IM. STANISŁAWA STASZICA W KOZACH,2026,Kozy,ul. Przecznia 1,Kozy,Przecznia 1,ul
57063,SZKOŁA PODSTAWOWA IM. KARD. STEFANA WYSZYŃSKIEGO W KRAŚNICZYNIE,2026,Kraśniczyn,ul. Szkolna 1,Kraśniczyn,Szkolna 1,ul
57077,SZKOŁA PODSTAWOWA NR 4 IM. EUGENIUSZA KOLANKI W KROŚNIE,2026,Krosno,ul. Powstańców Śląskich 37,Krosno,Powstańców Śląskich 37,ul
57093,SZKOŁA PODSTAWOWA NR 3 IM. WŁADYSŁAWA BRONIEWSKIEGO W JĘDRZEJOWIE,2026,Jędrzejów,ul. Władysława Stanisława Reymonta 1,Jędrzejów,Reymonta 1,ul władysława stanisława
57115,SZKOŁA PODSTAWOWA IM. JANA PAWŁA II W PSARACH,2026,Psary,ul. Główna 91,Psary,Główna 91,ul
57118,SZKOŁA PODSTAWOWA W DĄBROWIE CHEŁMIŃSKIEJ,2026,Dąbrowa Chełmińska,ul. Sportowa 1,Dąbrowa Chełmińska,Sportowa 1,ul
57121,SZKOŁA PODSTAWOWA IM. MAGDALENY MORTĘSKIEJ W CZARŻU,2026,Czarże,ul. Chełmińska 47,Czarże,Chełmińska 47,ul
57124,SZKOŁA PODSTAWOWA W OSTROMECKU,2026,Ostromecko,ul. Szkolna 1,Ostromecko,Szkolna 1,ul
57145,SZKOŁA PODSTAWOWA IM. STEFANA ŻEROMSKIEGO W JASTRZĘBIEJ GÓRZE,2026,Jastrzębia Góra,ul. Słowackiego 4,Jastrzębia Góra,Słowackiego 4,ul
57147,SZKOŁA PODSTAWOWA NR 2 IM. KONTRADMIRAŁA WŁODZIMIERZA STEYERA,2026,Władysławowo,ul. 1000-lecia Państwa Polskiego 2,Władysławowo,1000-lecia Państwa Polskiego 2,ul
57148,PUBLICZNA SZKOŁA PODSTAWOWA IM. JÓZEFA BRANDTA W OROŃSKU,2026,Orońsko,ul. Szkolna 3,Orońsko,Szkolna 3,ul
57236,SZKOŁA PODSTAWOWA W ZESPOLE SZKOLNO-PRZEDSZKOLNYM W CIEMNEM,2026,Ciemne,ul. Wołomińska 208,Ciemne,Wołomińska 208,ul
57320,SZKOŁA PODSTAWOWA IM.ORŁA BIAŁEGO W BRZEŚCACH,2026,Brześce,ul. Wilanowska 55,Brześce,Wilanowska 55,ul
57326,SZKOŁA PODSTAWOWA NR 1 Z ODDZIAŁAMI INTEGRACYJNYMI IM.KAZIMIERZA PROMYKA,2026,Pabianice,ul. gen. Kazimierza Pułaskiego 22/24,Pabianice,Pułaskiego 22/24,ul gen kazimierza
57327,SZKOŁA PODSTAWOWA NR 5 Z ODDZIAŁAMI INTEGRACYJNYMI IM.GRZEGORZA PIRAMOWICZA,2026,Pabianice,ul. Zamkowa 65,Pabianice,Zamkowa 65,ul
57328,SZKOŁA PODSTAWOWA NR 9 Z ODDZIAŁAMI INTEGRACYJNYMI IM. JANA DŁUGOSZA,2026,Pabianice,ul. Partyzancka 56A,Pabianice,Partyzancka 56A,ul
57330,SZKOŁA PODSTAWOWA NR 14 IM. STANISŁAWA STASZICA,2026,Pabianice,ul. Ostatnia 15a,Pabianice,Ostatnia 15a,ul
57331,SZKOŁA PODSTAWOWA NR 17 IM. MAŁGORZATY KOZERY - GLISZCZYŃSKIEJ,2026,Pabianice,ul. Warszawska 65,Pabianice,Warszawska 65,ul
57340,SZKOŁA PODSTAWOWA NR 8 Z ODDZIAŁAMI INTEGRACYJNYMI IM. JADWIGI WAJSÓWNY,2026,Pabianice,ul. ks. Piotra Skargi 30,Pabianice,Skargi 30,ul ks piotra
57589,SZKOŁA PODSTAWOWA IM. ŚW. JANA PAWŁA II W BALIGRODZIE,2026,Baligród,ul. Adama Mickiewicza 1,Baligród,Mickiewicza 1,ul adama
57641,SZKOŁA PODSTAWOWA IM. JANA PAWŁA II W GODZIANOWIE,2026,Godzianów,ul. Sportowa 4,Godzianów,Sportowa 4,ul
57689,SZKOŁA PODSTAWOWA IM.BOHATERÓW 7 KOŁOBRZESKIEGO PUŁKU PIECHOTY W NIEDRZWICY DUŻEJ,2026,Niedrzwica Duża,ul. Lubelska 21A,Niedrzwica Duża,Lubelska 21A,ul
57705,PUBLICZNA SZKOŁA PODSTAWOWA WE WSOLI,2026,Wsola,ul. Szkolna 1,Wsola,Szkolna 1,ul
57715,SZKOŁA PODSTAWOWA IM. WALENTEGO WIDAWCZYKA W WIDAWIE,2026,Widawa,ul. Wieluńska 17,Widawa,Wieluńska 17,ul
57724,PUBLICZNA SZKOŁA PODSTAWOWA W KOCHCICACH,2026,Kochcice,ul. Parkowa 45,Kochcice,Parkowa 45,ul
57738,SZKOŁA PODSTAWOWA NR 3 IM. JANUSZA KORCZAKA W ZGORZELCU,2026,Zgorzelec,ul. Armii Krajowej 10A,Zgorzelec,Armii Krajowej 10A,ul
57741,SZKOŁA PODSTAWOWA NR 22 IM. GABRIELA NARUTOWICZA,2026,Częstochowa,ul. Żabia 1,Częstochowa,Żabia 1,ul
57747,SZKOŁA PODSTAWOWA NR 25 IM. STANISŁAWA STASZICA,2026,Częstochowa,ul. Rędzińska 23,Częstochowa,Rędzińska 23,ul
57748,SZKOŁA PODSTAWOWA NR 30 IM. POR. MICHAŁA BRZESKIEGO,2026,Częstochowa,ul. Ludowa 58,Częstochowa,Ludowa 58,ul
57757,SZKOŁA PODSTAWOWA NR 52 IM. MAŁEGO POWSTAŃCA,2026,Częstochowa,ul. Powstańców Warszawy 144a,Częstochowa,Powstańców Warszawy 144a,ul
57829,SZKOŁA PODSTAWOWA IM. TADEUSZA KOŚCIUSZKI W STAWISKACH,2026,Stawiski,ul. Polowa 12,Stawiski,Polowa 12,ul
57830,SZKOŁA PODSTAWOWA W PORYTEM,2026,Poryte,ul. Szkolna 23,Poryte,Szkolna 23,ul
57858,SZKOŁA PODSTAWOWA NR 8 IM. WŁADYSŁAWA BRONIEWSKIEGO W JELENIEJ GÓRZE,2026,Jelenia Góra,ul. Ignacego Paderewskiego 13,Jelenia Góra,Paderewskiego 13,ul ignacego
57868,SZKOŁA PODSTAWOWA IM. ZOFII I STANISŁAWA WRÓBLEWSKICH W NIETKOWIE,2026,Nietków,ul. Jana Kasprowicza 76,Nietków,Kasprowicza 76,ul jana
57874,SZKOŁA PODSTAWOWA IM. POLSKI NIEPODLEGŁEJ W BANIOSZE,2026,Baniocha,ul. Szkolna 1,Baniocha,Szkolna 1,ul
57877,SZKOŁA PODSTAWOWA W KRZESZOWIE,2026,Krzeszów,ul. Ulanowska 7,Krzeszów,Ulanowska 7,ul
57881,SZKOŁA PODSTAWOWA IM. TWÓRCÓW LITERATURY DZIECIĘCEJ W ZĄBROWIE,2026,Ząbrowo,ul. Szkolna 19,Ząbrowo,Szkolna 19,ul
57882,SZKOŁA PODSTAWOWA NR 2 IM. BOLESŁAWA CHROBREGO W JELENIEJ GÓRZE,2026,Jelenia Góra,ul. Armii Krajowej 8,Jelenia Góra,Armii Krajowej 8,ul
57883,SZKOŁA PODSTAWOWA NR 5 W JELENIEJ GÓRZE,2026,Jelenia Góra,ul. Lotnictwa 1,Jelenia Góra,Lotnictwa 1,ul
58101,PUBLICZNA SZKOŁA PODSTAWOWA NR 21 IM. KS. JANA TWARDOWSKIEGO W RADOMIU,2026,Radom,ul. Trojańska 5,Radom,Trojańska 5,ul
58109,SZKOŁA PODSTAWOWA IM.PIERWSZYCH OSADNIKÓW,2026,Łubowo,ul. Zakątna 10,Łubowo,Zakątna 10,ul
58114,PUBLICZNA SZKOŁA PODSTAWOWA STANISZCZE WIELKIE-KOLONOWSKIE 3 IM. JANA PAWŁA II,2026,Kolonowskie,ul. Jana Pawła II 4,Kolonowskie,Jana Pawła II 4,ul
58144,SZKOŁA PODSTAWOWA IM. LEGIONÓW POLSKICH W CZARNYM DUNAJCU,2026,Czarny Dunajec,ul. Ojca Świętego Jana Pawła II 144,Czarny Dunajec,Jana Pawła II 144,ul ojca świętego
58165,PUBLICZNA SZKOŁA PODSTAWOWA NR 160 ZGROMADZENIA SIÓSTR AUGUSTIANEK W KRAKOWIE,2026,Kraków,ul. Skałeczna 10,Kraków,Skałeczna 10,ul
58174,PUBLICZNA SZKOŁA PODSTAWOWA IM. PRZYJACIÓŁ DZIECI W PRZYTYKU,2026,Przytyk,ul. Szkolna 3,Przytyk,Szkolna 3,ul
58201,SZKOŁA PODSTAWOWA IM.MARII KONOPNICKIEJ W PRZYSTAJNI,2026,Przystajń,ul. Szkolna 9,Przystajń,Szkolna 9,ul
58211,SZKOŁA PODSTAWOWA NR 3 IM. FRYDERYKA CHOPINA W MILANÓWKU,2026,Milanówek,ul. Żabie Oczko 1,Milanówek,Żabie Oczko 1,ul
58222,SZKOŁA PODSTAWOWA IM. KORNELA MAKUSZYŃSKIEGO W POBIEDNEJ,2026,Pobiedna,ul. Hetmańska 3,Pobiedna,Hetmańska 3,ul
58243,SZKOŁA PODSTAWOWA NR 2 IM.KARDYNAŁA STEFANA WYSZYŃSKIEGO W IMIELINIE,2026,Imielin,ul. Karola Miarki 7,Imielin,Miarki 7,ul karola
58267,SZKOŁA PODSTAWOWA IM. JANA PAWŁA II W PATERKU,2026,Paterek,ul. Kcyńska 6a,Paterek,Kcyńska 6a,ul
58283,PRYWATNA SZKOŁA PODSTAWOWA SALWATOR,2026,Kraków,ul. Senatorska 39,Kraków,Senatorska 39,ul
58329,PUBLICZNA SZKOŁA PODSTAWOWA NR 2 IM. KORNELA MAKUSZYŃSKIEGO W GOGOLINIE,2026,Gogolin,ul. Strzelecka 39,Gogolin,Strzelecka 39,ul
58357,SZKOŁA PODSTAWOWA IM. PRZYJACIÓŁ PRZYRODY W WYSTĘPIE,2026,Występ,ul. Wiejska 1,Występ,Wiejska 1,ul
58369,SZKOŁA PODSTAWOWA NR 3 IM. POWSTAŃCÓW WIELKOPOLSKICH W ROGOŹNIE,2026,Rogoźno,ul. Seminarialna 16,Rogoźno,Seminarialna 16,ul
58395,SZKOŁA PODSTAWOWA W LOTYNIU,2026,Lotyń,ul. Polna 9,Lotyń,Polna 9,ul
58459,SZKOŁA PODSTAWOWA NR 3 IM. ADAMA MICKIEWICZA W OBORNIKACH,2026,Oborniki,ul. Czarnkowska 57,Oborniki,Czarnkowska 57,ul
58460,SZKOŁA PODSTAWOWA NR 2 IM. WOJSKA POLSKIEGO W OBORNIKACH,2026,Oborniki,ul. Szkolna 7,Oborniki,Szkolna 7,ul
58466,PUBLICZNA SZKOŁA PODSTAWOWA NR 26 IM. JACKA MALCZEWSKIEGO W RADOMIU,2026,Radom,ul. Wośnicka 125,Radom,Wośnicka 125,ul
58471,PUBLICZNA SZKOŁA PODSTAWOWA NR 20 IM.OBROŃCÓW POKOJU W RADOMIU,2026,Radom,ul. Malenicka 29,Radom,Malenicka 29,ul
58473,SZKOŁA PODSTAWOWA NR 1 IM. KRZYSZTOFA KAMILA BACZYŃSKIEGO W DOBCZYCACH,2026,Dobczyce,ul. Parkowa 4,Dobczyce,Parkowa 4,ul
58476,SZKOŁA PODSTAWOWA W KALWARII ZEBRZYDOWSKIEJ,2026,Kalwaria Zebrzydowska,ul. Adama Mickiewicza 14,Kalwaria Zebrzydowska,Mickiewicza 14,ul adama
58481,SAMORZĄDOWA SZKOŁA PODSTAWOWA IM. OBROŃCÓW WARSZAWY W ŁAGOWIE,2026,Łagów,ul. Szkolna 1,Łagów,Szkolna 1,ul
58489,SAMORZĄDOWA SZKOŁA PODSTAWOWA I ODDZIAŁ PRZEDSZKOLNY IM. J. KORCZAKA W TOPOROWIE,2026,Toporów,ul. Szkolna 11,Toporów,Szkolna 11,ul
58493,SZKOŁA PODSTAWOWA IM. ZIEMI MAZOWIECKIEJ W LISZYNIE,2026,Liszyno,ul. Wawrzyńca Sikory 19,Liszyno,Sikory 19,ul wawrzyńca
58501,SZKOŁA PODSTAWOWA NR 5 W WIŚLE,2026,Wisła,ul. Jawornik 58,Wisła,Jawornik 58,ul
58537,SZKOŁA PODSTAWOWA W MIZEROWIE,2026,Mizerów,ul. Nadrzeczna 31,Mizerów,Nadrzeczna 31,ul
58539,SZKOŁA PODSTAWOWA NR 1 IM. JANA KASPROWICZA W KRUSZWICY,2026,Kruszwica,ul. Kujawska 22,Kruszwica,Kujawska 22,ul
58549,SZKOŁA PODSTAWOWA NR 2 IM. TYSIĄCLECIA PAŃSTWA POLSKIEGO W KRUSZWICY,2026,Kruszwica,ul. Adama Mickiewicza 11,Kruszwica,Mickiewicza 11,ul adama
58559,PUBLICZNA SZKOŁA PODSTAWOWA W GORZOWIE ŚLĄSKIM,2026,Gorzów Śląski,ul. Byczyńska 13,Gorzów Śląski,Byczyńska 13,ul
58590,SZKOŁA PODSTAWOWA NR 4 IM. GENERAŁA MIECZYSŁAWA SMORAWIŃSKIEGO,2026,Turek,ul. Sportowa 9,Turek,Sportowa 9,ul
58591,SZKOŁA PODSTAWOWA NR 5 IM. UNICEF,2026,Turek,os. Wyzwolenia 7A,Turek,Wyzwolenia 7A,os
58611,SZKOŁA PODSTAWOWA IM.ŚW.STANISŁAWA KOSTKI W STRZEGOWIE,2026,Strzegowo,ul. Wyzwolenia 13,Strzegowo,Wyzwolenia 13,ul
58620,SZKOŁA PODSTAWOWA IM. FRANCISZKA ŚWIEBOCKIEGO W BARCICACH,2026,Barcice,ul. Mariana Cyconia 3,Barcice,Cyconia 3,ul mariana
58622,SZKOŁA PODSTAWOWA IM. T. KOŚCIUSZKI W GOSZYCACH,2026,Goszyce,ul. Tadeusza Kościuszki 95,Goszyce,Kościuszki 95,ul tadeusza
58637,SZKOŁA PODSTAWOWA IM. MARSZAŁKA JÓZEFA PIŁSUDSKIEGO W PRUSACH,2026,Prusy,ul. Niepodległości -12,Prusy,Niepodległości -12,ul
58654,SZKOŁA PODSTAWOWA IM. GEN. MARIANA LANGIEWICZA W GOSZCZY,2026,Goszcza,ul. Szkolna 1,Goszcza,Szkolna 1,ul
58656,SZKOŁA PODSTAWOWA IM. JANA PAWŁA II W ŁUCZYCACH,2026,Łuczyce,ul. Szkolna 11,Łuczyce,Szkolna 11,ul
58763,SZKOŁA PODSTAWOWA NR 30 IM. MARII ZIENTARY-MALEWSKIEJ W OLSZTYNIE,2026,Olsztyn,ul. Pieczewska 10,Olsztyn,Pieczewska 10,ul
58772,SZKOŁA PODSTAWOWA NR 6 IM. WŁODZIMIERZA PUCHALSKIEGO W JELENIEJ GÓRZE,2026,Jelenia Góra,ul. Cieplicka 74,Jelenia Góra,Cieplicka 74,ul
58777,SZKOŁA PODSTAWOWA IM.KS.ANTONIEGO PODGÓRSKIEGO W IWONICZU,2026,Iwonicz,ul. Zagrodniki 21,Iwonicz,Zagrodniki 21,ul
58797,SZKOŁA PODSTAWOWA IM. ŚW. JANA PAWŁA II W RADOMYŚLU WIELKIM,2026,Radomyśl Wielki,ul. Klonowa 2,Radomyśl Wielki,Klonowa 2,ul
58834,SZKOŁA PODSTAWOWA NR 1 GOCZAŁKOWICE-ZDRÓJ,2026,Goczałkowice-Zdrój,ul. Powstańców Śląskich 3,Goczałkowice-Zdrój,Powstańców Śląskich 3,ul
58843,SZKOŁA PODSTAWOWA IM. MIKOŁAJA KOPERNIKA W CZŁOPIE,2026,Człopa,ul. Plac Zwycięstwa 6,Człopa,Plac Zwycięstwa 6,ul
58847,SZKOŁA PODSTAWOWA IM. KAWALERÓW ORDERU UŚMIECHU W CZERSKU,2026,Czersk,ul. Warszawska 17,Czersk,Warszawska 17,ul
58848,SZKOŁA PODSTAWOWA IM. MARCINA WASILEWSKIEGO W GŁUCHOWIE,2026,Głuchów,ul. Rawska 9,Głuchów,Rawska 9,ul
58868,SZKOŁA PODSTAWOWA NR 20 IM. BOHATERÓW 6 PUŁKU PIECHOTY,2026,Częstochowa,ul. mjra Waleriana Łukasińskiego 70/74,Częstochowa,Łukasińskiego 70/74,ul mjra waleriana
58886,SZKOŁA PODSTAWOWA NR 3 IM. POWSTAŃCÓW WIELKOPOLSKICH,2026,Chodzież,ul. Jana Kochanowskiego 1,Chodzież,Kochanowskiego 1,ul jana
58890,SZKOŁA PODSTAWOWA IM. NOBLISTÓW POLSKICH W LUBORZYCY,2026,Luborzyca,ul. Jagiellońska 11,Luborzyca,Jagiellońska 11,ul
58900,SZKOŁA PODSTAWOWA NR 2 IM. JANA PAWŁA II W ŁASKARZEWIE,2026,Łaskarzew,ul. Kolejowa 13,Łaskarzew,Kolejowa 13,ul
58903,SZKOŁA PODSTAWOWA W BESKU,2026,Besko,ul. Kolejowa 54,Besko,Kolejowa 54,ul
58995,SZKOŁA PODSTAWOWA IMIENIA KOMISJI EDUKACJI NARODOWEJ W SUŁKOWICACH- ŁĘGU,2026,Sułkowice,ul. Centralna 2,Sułkowice,Centralna 2,ul
59030,SZKOŁA PODSTAWOWA Z ODDZIAŁAMI INTEGRACYJNYMI NR 39 IM. OBROŃCÓW POKOJU W GLIWICACH,2026,Gliwice,ul. Obrońców Pokoju 4,Gliwice,Obrońców Pokoju 4,ul
59032,SZKOŁA PODSTAWOWA NR 23 IM. TADEUSZA RÓŻEWICZA W GLIWICACH,2026,Gliwice,ul. Sikornik 1,Gliwice,Sikornik 1,ul
59076,SZKOŁA PODSTAWOWA Z ODDZIAŁAMI INTEGRACYJNYMI IMIENIA POWSTAŃCÓW WIELKOPOLSKICH W NOWYCH SKALMIERZYCACH,2026,Nowe Skalmierzyce,ul. Okólna 8,Nowe Skalmierzyce,Okólna 8,ul
59083,SZKOŁA PODSTAWOWA NR 20 IM. JAROSŁAWA DĄBROWSKIEGO W LUBLINIE,2026,Lublin,ul. aleja Józefa Piłsudskiego 26,Lublin,aleja Józefa Piłsudskiego 26,ul
59084,SZKOŁA PODSTAWOWA IM. MICHAŁA LENGOWSKIEGO W RUDZIENICACH,2026,Rudzienice,ul. Szkolna 2,Rudzienice,Szkolna 2,ul
59087,SZKOŁA PODSTAWOWA IM. JANA PAWŁA II W WIKIELCU,2026,Wikielec,ul. Rumiankowa 31,Wikielec,Rumiankowa 31,ul
59102,SZKOŁA PODSTAWOWA IMIENIA ADAMA MICKIEWICZA W SKALMIERZYCACH,2026,Skalmierzyce,ul. Ostrowska 16,Skalmierzyce,Ostrowska 16,ul
59104,SZKOŁA PODSTAWOWA IM. PRZYJACIÓŁ ZIEMI W MARZĘCICACH,2026,Marzęcice,ul. Szkolna 21,Marzęcice,Szkolna 21,ul
59121,SZKOŁA PODSTAWOWA IM. 600-LECIA UNIWERSYTETU JAGIELLOŃSKIEGO,2026,Wysiołek Luborzycki,ul. św. Królowej Jadwigi 78,Wysiołek Luborzycki,Jadwigi 78,ul św królowej
59130,ZESPÓŁ SZKÓŁ W STEGNIE - SZKOŁA PODSTAWOWA W STEGNIE IM. I BRYGADY PANCERNEJ IM. BOHATERÓW WESTERPLATTE,2026,Stegna,ul. Powstańców Warszawy 2,Stegna,Powstańców Warszawy 2,ul
59131,ZESPÓŁ SZKOLNO-PRZEDSZKOLNY W DREWNICY - SZKOŁA PODSTAWOWA W DREWNICY,2026,Drewnica,ul. Wierzbowa 7,Drewnica,Wierzbowa 7,ul
59575,SZKOŁA PODSTAWOWA IM.KSIĘDZA JANA TWARDOWSKIEGO W CZACHÓWKU,2026,Czachówek,ul. Główna 56,Czachówek,Główna 56,ul
59580,SZKOŁA PODSTAWOWA IM. KAZIMIERZA GÓRSKIEGO W CZAPLINKU,2026,Czaplinek,ul. Szkolna 5,Czaplinek,Szkolna 5,ul
59633,SZKOŁA PODSTAWOWA NR 10 IM. MARII SKŁODOWSKIEJ-CURIE W JELENIEJ GÓRZE,2026,Jelenia Góra,ul. Gustawa Morcinka 31,Jelenia Góra,Morcinka 31,ul gustawa
59641,SZKOŁA PODSTAWOWA NR 350 IM. ARMII KRAJOWEJ,2026,Warszawa,ul. Karola Irzykowskiego 1a,Warszawa,Irzykowskiego 1a,ul karola
59645,SZKOŁA PODSTAWOWA IM. KAZIMIERZA ODNOWICIELA W POBIEDZISKACH,2026,Pobiedziska,ul. Kostrzyńska 23,Pobiedziska,Kostrzyńska 23,ul
59650,SZKOŁA PODSTAWOWA IM. KRÓLOWEJ JADWIGI W JERZYKOWIE,2026,Jerzykowo,ul. Spokojna 3,Jerzykowo,Spokojna 3,ul
59662,PUBLICZNA SZKOŁA PODSTAWOWA NR 1 IM. MARII SKŁODOWSKIEJ-CURIE W KOLONOWSKIEM,2026,Kolonowskie,ul. 1 Maja 5,Kolonowskie,Maja 5,ul 1
59672,ZESPÓŁ SZKOLNO - PRZEDSZKOLNY W GŁĘBOWICACH IM. JANA PAWŁA II SZKOŁA PODSTAWOWA,2026,Głębowice,ul. Oświęcimska 22,Głębowice,Oświęcimska 22,ul
59676,SZKOŁA PODSTAWOWA NR 1 IM. WŁADYSŁAWA JAGIEŁŁY W OSIEKU,2026,Osiek,ul. Główna 123,Osiek,Główna 123,ul
59709,SZKOŁA PODSTAWOWA NR 2 IM. BOLESŁAWA CHROBREGO W MIASTKU,2026,Miastko,ul. Kujawska 1,Miastko,Kujawska 1,ul
59710,SZKOŁA PODSTAWOWA IM. TADEUSZA KOŚCIUSZKI W JANOWCU WIELKOPOLSKIM,2026,Janowiec Wielkopolski,ul. Szkolna 8,Janowiec Wielkopolski,Szkolna 8,ul
59741,SZKOŁA PODSTAWOWA NR 1 IM. JANUSZA KORCZAKA WE WRONKACH,2026,Wronki,ul. Mickiewicza 5,Wronki,Mickiewicza 5,ul
59770,SZKOŁA PODSTAWOWA IM. GABRIELA TASZYCKIEGO W CHRUSZCZOBRODZIE,2026,Chruszczobród,ul. Adama Mickiewicza 113,Chruszczobród,Mickiewicza 113,ul adama
59774,SZKOŁA PODSTAWOWA DLA DOROSŁYCH W CENTRUM KSZTAŁCENIA USTAWICZNEGO IM. EWARYSTA ESTKOWSKIEGO W CENTRUM KSZTAŁCENIA ZAWODOWEGO I USTAWICZNEGO,2026,Łódź,ul. Stefana Żeromskiego 115,Łódź,Żeromskiego 115,ul stefana
59788,SZKOŁA PODSTAWOWA NR 18 IM. TADEUSZA KOŚCIUSZKI W JAWORZNIE,2026,Jaworzno,ul. ks. Andrzeja Mroczka 53c,Jaworzno,Mroczka 53c,ul ks andrzeja
59814,SZKOŁA PODSTAWOWA W DULCZY WIELKIEJ,2026,Dulcza Wielka,ul. ks. Kalinowskiego 212,Dulcza Wielka,Kalinowskiego 212,ul ks
59829,SZKOŁA PODSTAWOWA IM. ADAMA MICKIEWICZA W CHWASZCZYNIE,2026,Chwaszczyno,ul. Mickiewicza 16,Chwaszczyno,Mickiewicza 16,ul
59835,SZKOŁA PODSTAWOWA IM. HENRYKA SIENKIEWICZA W SKULSKU,2026,Skulsk,ul. Konińska 39,Skulsk,Konińska 39,ul
59852,SZKOŁA PODSTAWOWA NR 2 IM.KSIĘCIA JANUSZA W GÓRZE KALWARII,2026,Góra Kalwaria,ul. Kalwaryjska 3,Góra Kalwaria,Kalwaryjska 3,ul
59853,SZKOŁA PODSTAWOWA IM. MARII SKŁODOWSKIEJ-CURIE W ALWERNI,2026,Alwernia,ul. Marii Skłodowskiej-Curie 4,Alwernia,Skłodowskiej-Curie 4,ul marii
59860,SZKOŁA PODSTAWOWA NR 8 IM. DAR GÓRNIKÓW W KROŚNIE,2026,Krosno,ul. Prochownia 7,Krosno,Prochownia 7,ul
59892,SZKOŁA PODSTAWOWA IM. JULIUSZA ROGERA,2026,Sośnicowice,ul. Gliwicka 21,Sośnicowice,Gliwicka 21,ul
59893,SZKOŁA PODSTAWOWA W KOZŁOWIE,2026,Kozłów,ul. Marcina 33,Kozłów,Marcina 33,ul
59895,SZKOŁA PODSTAWOWA W SIERAKOWICACH,2026,Sierakowice,ul. Wiejska 1,Sierakowice,Wiejska 1,ul
59905,NIEPUBLICZNA SZKOŁA PODSTAWOWA IM. J. KOZARZEWSKIEGO W NYSIE,2026,Nysa,ul. Tadeusza Kościuszki 9,Nysa,Kościuszki 9,ul tadeusza
59956,SZKOŁA PODSTAWOWA NR 4 IM. KS. SENIORA F. MICHEJDY W WIŚLE,2026,Wisła,ul. Kopydło 74,Wisła,Kopydło 74,ul
59959,SZKOŁA PODSTAWOWA IM. KORNELA MAKUSZYŃSKIEGO W PACANOWIE,2026,Pacanów,ul. Karska 3,Pacanów,Karska 3,ul
60016,SZKOŁA PODSTAWOWA NR 1 W PILICY,2026,Pilica,ul. 17 Stycznia 2a,Pilica,Stycznia 2a,ul 17
60022,SZKOŁA PODSTAWOWA IMIENIA JANA PAWŁA II W TARGANICACH,2026,Targanice,ul. Beskidzka 46,Targanice,Beskidzka 46,ul
60114,PUBLICZNA SZKOŁA PODSTAWOWA W MIEROSZOWIE,2026,Mieroszów,ul. Wolności 19,Mieroszów,Wolności 19,ul
60119,SZKOŁA PODSTAWOWA IM. WOJSKA POLSKIEGO W LUBIEWIE,2026,Lubiewo,ul. Wojska Polskiego 16,Lubiewo,Wojska Polskiego 16,ul
60134,SZKOŁA PODSTAWOWA IM. MARII CURIE-SKŁODOWSKIEJ W TARNOGRODZIE,2026,Tarnogród,ul. 1 Maja 7,Tarnogród,Maja 7,ul 1
60142,PUBLICZNA SZKOŁA PODSTAWOWA W WIELGOMŁYNACH,2026,Wielgomłyny,ul. Radomszczańska 9,Wielgomłyny,Radomszczańska 9,ul
60147,SZKOŁA PODSTAWOWA NR 42 IM. BOLESŁAWA CHROBREGO,2026,Poznań,ul. Różana 1/3,Poznań,Różana 1/3,ul
60180,SZKOŁA PODSTAWOWA NR 2 IM. ADAMA MICKIEWICZA W WIŚLE,2026,Wisła,ul. Biała Wisełka 6,Wisła,Biała Wisełka 6,ul
60182,SZKOŁA PODSTAWOWA NR 3 IM. BOLESŁAWA PRUSA W WIŚLE,2026,Wisła,ul. Malinka 53,Wisła,Malinka 53,ul
60241,SZKOŁA PODSTAWOWA IM. MARSZAŁKA JÓZEFA PIŁSUDSKIEGO W BYDLINIE,2026,Bydlin,ul. Legionów 32,Bydlin,Legionów 32,ul
60256,SZKOŁA PODSTAWOWA IM. MAJORA HENRYKA SUCHARSKIEGO W ORZYSZU,2026,Orzysz,ul. Wojska Polskiego 14,Orzysz,Wojska Polskiego 14,ul
60261,SZKOŁA PODSTAWOWA NR 1 IM. JANA PAWŁA II W BRUSACH,2026,Brusy,ul. Ogrodowa 2,Brusy,Ogrodowa 2,ul
60263,SZKOŁA PODSTAWOWA IM. MARII KONOPNICKIEJ,2026,Nowa Wieś Wielka,ul. Ogrodowa 1,Nowa Wieś Wielka,Ogrodowa 1,ul
60264,SZKOŁA PODSTAWOWA IM.POWSTAŃCÓW WIELKOPOLSKICH,2026,Brzoza,ul. Powstańców Wielkopolskich 31,Brzoza,Powstańców Wielkopolskich 31,ul
60274,SZKOŁA PODSTAWOWA IM. EWY SZELBURG-ZAREMBINY W PŁOŚNICY,2026,Płośnica,ul. Lipowa 5,Płośnica,Lipowa 5,ul
60275,SZKOŁA PODSTAWOWA NR 191 IM. JÓZEFA IGNACEGO KRASZEWSKIEGO,2026,Warszawa,ul. Bokserska 30,Warszawa,Bokserska 30,ul
60276,SZKOŁA PODSTAWOWA NR 115 IM. WANDY TUROWSKIEJ,2026,Warszawa,ul. Okrężna 80,Warszawa,Okrężna 80,ul
60277,SZKOŁA PODSTAWOWA NR 190 IM. ORŁA BIAŁEGO,2026,Warszawa,ul. Zwierzyniecka 10,Warszawa,Zwierzyniecka 10,ul
60280,SZKOŁA PODSTAWOWA Z ODDZIAŁAMI DWUJĘZYCZNYMI NR 157 IM. ADAMA MICKIEWICZA,2026,Warszawa,ul. Kazimierzowska 16,Warszawa,Kazimierzowska 16,ul
60281,SZKOŁA PODSTAWOWA NR 212 IM. KRYSTYNY KRAHELSKIEJ,2026,Warszawa,ul. Czarnomorska 3,Warszawa,Czarnomorska 3,ul
60283,SZKOŁA PODSTAWOWA NR 202 IM. KAZIMIERZA GÓRSKIEGO,2026,Warszawa,"ul. Jana Bytnara ""Rudego"" 19",Warszawa,"Bytnara ""Rudego"" 19",ul jana
60284,SZKOŁA PODSTAWOWA NR 205 IM. ŻOŁNIERZY POWSTANIA WARSZAWSKIEGO,2026,Warszawa,ul. Spartańska 4,Warszawa,Spartańska 4,ul
60285,SZKOŁA PODSTAWOWA NR 260 IM. JANA MATEJKI,2026,Warszawa,ul. Zakrzewska 24 B,Warszawa,Zakrzewska 24 B,ul
60286,SZKOŁA PODSTAWOWA NR 271 IM. 11 LISTOPADA,2026,Warszawa,ul. Niegocińska 2,Warszawa,Niegocińska 2,ul
60287,SZKOŁA PODSTAWOWA NR 307 IM. KRÓLA JANA III SOBIESKIEGO,2026,Warszawa,ul. Barcelońska 8,Warszawa,Barcelońska 8,ul
60288,SZKOŁA PODSTAWOWA NR 33 IM. WOJSK OBRONY POWIETRZNEJ KRAJU,2026,Warszawa,ul. Cieszyńska 8,Warszawa,Cieszyńska 8,ul
60289,SZKOŁA PODSTAWOWA NR 46 IM. STEFANA STARZYŃSKIEGO,2026,Warszawa,ul. Wałbrzyska 5,Warszawa,Wałbrzyska 5,ul
60290,SZKOŁA PODSTAWOWA NR 70 Z ODDZIAŁAMI INTEGRACYJNYMI IM. BOHATERÓW MONTE CASSINO,2026,Warszawa,ul. Giordana Bruna 11,Warszawa,Bruna 11,ul giordana
60291,SZKOŁA PODSTAWOWA NR 85 IM. BENITO JUAREZA,2026,Warszawa,ul. Ludwika Narbutta 14,Warszawa,Narbutta 14,ul ludwika
60292,SZKOŁA PODSTAWOWA NR 103 IM. BOHATERÓW WARSZAWY 1939-1945,2026,Warszawa,ul. Jeziorna 5/9,Warszawa,Jeziorna 5/9,ul
60295,SZKOŁA PODSTAWOWA NR 146 IM. JANUSZA KORCZAKA,2026,Warszawa,ul. Domaniewska 33,Warszawa,Domaniewska 33,ul
60296,SZKOŁA PODSTAWOWA NR 69 IM. MARII SKŁODOWSKIEJ-CURIE,2026,Warszawa,ul. Wiktorska 73,Warszawa,Wiktorska 73,ul
60299,SZKOŁA PODSTAWOWA NR 98 Z ODDZIAŁAMI INTEGRACYJNYMI IM. LUCY MAUD MONTGOMERY,2026,Warszawa,ul. Artura Grottgera 22,Warszawa,Grottgera 22,ul artura
60304,SZKOŁA PODSTAWOWA W LUBRZY,2026,Lubrza,ul. Szkolna 22,Lubrza,Szkolna 22,ul
60316,PUBLICZNA SZKOŁA PODSTAWOWA W KOKOSZKOWACH,2026,Kokoszkowy,ul. Szkolna 24,Kokoszkowy,Szkolna 24,ul
60448,SZKOŁA PODSTAWOWA IM. POWSTAŃCÓW WIELKOPOLSKICH W RYNARZEWIE,2026,Rynarzewo,ul. Strażacka 20,Rynarzewo,Strażacka 20,ul
60453,SZKOŁA PODSTAWOWA IM. TADEUSZA KOŚCIUSZKI W CHECHLE,2026,Chechło,ul. Kluczewska 56,Chechło,Kluczewska 56,ul
60488,SZKOŁA PODSTAWOWA W RACIĄŻU,2026,Raciąż,ul. Lipowa 17,Raciąż,Lipowa 17,ul
60491,SZKOŁA PODSTAWOWA IM.JANA PAWŁA II W LEGBĄDZIE,2026,Legbąd,ul. Szkolna 5,Legbąd,Szkolna 5,ul
60493,SZKOŁA PODSTAWOWA NR 3 IM. MIKOŁAJA KOPERNIKA W TUCHOLI,2026,Tuchola,ul. Pocztowa 10,Tuchola,Pocztowa 10,ul
60501,SZKOŁA PODSTAWOWA NR 5 W TUCHOLI,2026,Tuchola,ul. Świecka 105,Tuchola,Świecka 105,ul
60542,SZKOŁA PODSTAWOWA IM. BŁOGOSŁAWIONEGO OJCA STANISŁAWA PAPCZYŃSKIEGO W KĄTACH,2026,Kąty,ul. Puławska 4,Kąty,Puławska 4,ul
60554,SZKOŁA PODSTAWOWA IM. ŚW. KRÓLOWEJ JADWIGI W WIĘCŁAWICACH STARYCH,2026,Więcławice Stare,ul. św. Jakuba 94,Więcławice Stare,Jakuba 94,ul św
60578,SZKOŁA PODSTAWOWA NR 150 IM. WALEREGO WRÓBLEWSKIEGO,2026,Warszawa,ul. gen. Wiktora Thomméego 1,Warszawa,Thomméego 1,ul gen wiktora
60606,SZKOŁA PODSTAWOWA IM. WŁADYSŁAWA STANISŁAWA REYMONTA W MASZEWIE DUŻYM,2026,Maszewo Duże,ul. Szkolna 14,Maszewo Duże,Szkolna 14,ul
60611,SZKOŁA PODSTAWOWA W STARYCH PROBOSZCZEWICACH,2026,Stare Proboszczewice,ul. Floriańska 4,Stare Proboszczewice,Floriańska 4,ul
60614,SZKOŁA PODSTAWOWA W CHOCICZY,2026,Chocicza,ul. Śremska 30,Chocicza,Śremska 30,ul
60725,SZKOŁA PODSTAWOWA IM. JANA BRZECHWY W WICKU,2026,Wicko,ul. Parkowa 4,Wicko,Parkowa 4,ul
60737,SZKOŁA PODSTAWOWA IM. POWSTAŃCÓW WIELKOPOLSKICH W STRZAŁKOWIE,2026,Strzałkowo,ul. Aleja Prymasa Wyszyńskiego 10,Strzałkowo,Aleja Prymasa Wyszyńskiego 10,ul
60781,SZKOŁA PODSTAWOWA NR 3 IM. SZARYCH SZEREGÓW,2026,Lwówek Śląski,ul. Pałacowa 11,Lwówek Śląski,Pałacowa 11,ul
60811,SZKOŁA PODSTAWOWA IM. MARSZAŁKA JÓZEFA PIŁSUDSKIEGO W WERBKOWICACH,2026,Werbkowice,ul. Jana Pawła II 17,Werbkowice,Jana Pawła II 17,ul
60817,SZKOŁA PODSTAWOWA NR 2 IM. HENRYKA SIENKIEWICZA W ZESPOLE SZKOLNO-PRZEDSZKOLNYM W WIERBCE,2026,Wierbka,ul. Szkolna 3,Wierbka,Szkolna 3,ul
60829,STOWARZYSZENIOWA PUBLICZNA SZKOŁA PODSTAWOWA IM. HENRYKA SIENKIEWICZA W GÓRAŻDŻACH,2026,Górażdże,ul. Chorulska 5,Górażdże,Chorulska 5,ul
60848,PUBLICZNA SZKOŁA PODSTAWOWA IM. MIKOŁAJA KOPERNIKA WE WRONINIE,2026,Wronin,ul. Kościelna 1,Wronin,Kościelna 1,ul
60859,SZKOŁA PODSTAWOWA IM. WOJSKA POLSKIEGO W PARSZOWIE,2026,Parszów,ul. Szkolna 28,Parszów,Szkolna 28,ul
60883,SZKOŁA PODSTAWOWA NR 1 IM.STANISŁAWA STASZICA W SWARZĘDZU,2026,Swarzędz,ul. Zamkowa 20,Swarzędz,Zamkowa 20,ul
60888,SZKOŁA PODSTAWOWA NR 81 IM. JULIANA URSYNA NIEMCEWICZA,2026,Warszawa,ul. Puszczyka 6,Warszawa,Puszczyka 6,ul
60899,SZKOŁA PODSTAWOWA IM. JANUSZA KORCZAKA W PRZYSIEKU,2026,Przysiek,ul. Leśna 1,Przysiek,Leśna 1,ul
60902,SZKOŁA PODSTAWOWA IM. GEN. WIKTORA THOMMEE W POMIECHÓWKU,2026,Pomiechówek,ul. Nasielska 3,Pomiechówek,Nasielska 3,ul
60929,SZKOŁA PODSTAWOWA W GRODZISKU IM. BOHATERÓW WRZEŚNIA 1939 R.,2026,Grodzisk,ul. Mazowiecka 86,Grodzisk,Mazowiecka 86,ul
60942,SZKOŁA PODSTAWOWA IM.17 PUŁKU UŁANÓW WIELKOPOLSKICH W BIELAWACH,2026,Bielawy,ul. Parzew 20A,Bielawy,Parzew 20A,ul
60970,PUBLICZNA SZKOŁA PODSTAWOWA NR 1 IM. JANUSZA KORCZAKA W ZDZIESZOWICACH,2026,Zdzieszowice,ul. Bolesława Chrobrego 36,Zdzieszowice,Bolesława Chrobrego 36,ul
60974,PUBLICZNA SZKOŁA PODSTAWOWA IM. STANISŁAWA ROSPONDA W ŻYROWEJ,2026,Żyrowa,ul. Wojska Polskiego 4,Żyrowa,Wojska Polskiego 4,ul
60996,SZKOŁA PODSTAWOWA NR 1 IM. KS. STANISŁAWA BRZÓSKI,2026,Biała Podlaska,ul. Gabriela Narutowicza 41,Biała Podlaska,Narutowicza 41,ul gabriela
60997,SZKOŁA PODSTAWOWA IM. JANA KOCHANOWSKIEGO W PIEKOSZOWIE,2026,Piekoszów,ul. Częstochowska 110,Piekoszów,Częstochowska 110,ul
61000,SZKOŁA PODSTAWOWA NR 6,2026,Biała Podlaska,ul. Leszczynowa 16,Biała Podlaska,Leszczynowa 16,ul
61025,SZKOŁA PODSTAWOWA Z ODDZIAŁAMI INTEGRACYJNYMI NR 5 IM. JANA KOCHANOWSKIEGO,2026,Biała Podlaska,ul. Sidorska 30,Biała Podlaska,Sidorska 30,ul
61297,SZKOŁA PODSTAWOWA IM. TADEUSZA KOŚCIUSZKI W WYKROTACH,2026,Wykroty,ul. Główna 108,Wykroty,Główna 108,ul
61312,SZKOŁA PODSTAWOWA NR 1 IM. TADEUSZA KOŚCIUSZKI W JAWORZNIE,2026,Jaworzno,ul. Jana Matejki 3,Jaworzno,Matejki 3,ul jana
61319,NIEPUBLICZNA SZKOŁA PODSTAWOWA W PŁOTACH,2026,Płoty,ul. Szkolna 1,Płoty,Szkolna 1,ul
61337,SZKOŁA PODSTAWOWA NR 1 IM. III TYSIĄCLECIA W SYCOWIE,2026,Syców,ul. Jana Matejki 5,Syców,Matejki 5,ul jana
61338,SZKOŁA PODSTAWOWA NR 2 IM. MARII KONOPNICKIEJ W SYCOWIE,2026,Syców,ul. Adama Mickiewicza 5,Syców,Mickiewicza 5,ul adama
61352,SZKOŁA PODSTAWOWA W GORZANOWIE,2026,Gorzanów,ul. Kłodzka 8,Gorzanów,Kłodzka 8,ul
61368,SZKOŁA PODSTAWOWA IM. BOHATERÓW WESTERPLATTE W KOŃCZYCACH WIELKICH,2026,Kończyce Wielkie,ul. Kościelna 12,Kończyce Wielkie,Kościelna 12,ul
61369,"SZKOŁA PODSTAWOWA IM. ""TRZECH BRACI"" W HAŻLACHU",2026,Hażlach,ul. Kościelna 2,Hażlach,Kościelna 2,ul
61370,SZKOŁA PODSTAWOWA IM. KSIĘSTWA CIESZYŃSKIEGO W POGWIZDOWIE,2026,Pogwizdów,ul. Szkolna 1,Pogwizdów,Szkolna 1,ul
61381,PUBLICZNA SZKOŁA PODSTAWOWA IM. BOLESŁAWA PRUSA W MIRCZU,2026,Mircze,ul. Kryłowska 27,Mircze,Kryłowska 27,ul
61394,SZKOŁA PODSTAWOWA IM. JANA BRZECHWY W RADAWNICY,2026,Radawnica,ul. Szkolna 2,Radawnica,Szkolna 2,ul
61400,SZKOŁA PODSTAWOWA IM. MARII KONOPNICKIEJ W ŚWIĘTEJ,2026,Święta,ul. Szkolna 12,Święta,Szkolna 12,ul
61419,SZKOŁA PODSTAWOWA IM.POLSKICH NOBLISTÓW W CZACZU,2026,Czacz,ul. Parkowa 2,Czacz,Parkowa 2,ul
61436,PUBLICZNA SZKOŁA PODSTAWOWA NR 23 IM.STEFANA ŻEROMSKIEGO W RADOMIU,2026,Radom,ul. Gajowa 60,Radom,Gajowa 60,ul
61437,ZESPÓŁ SZKÓŁ PUBLICZNYCH SZKOŁA PODSTAWOWA IM. KS. TADEUSZA JAKUBIŃSKIEGO W MILCZY,2026,Milcza,ul. Szkolna 16,Milcza,Szkolna 16,ul
61454,SZKOŁA PODSTAWOWA IM. IRENY SENDLEROWEJ W DOBROSZYCACH,2026,Dobroszyce,ul. Parkowa 5,Dobroszyce,Parkowa 5,ul
61461,SZKOŁA PODSTAWOWA IM. POWSTAŃCÓW WIELKOPOLSKICH W ZBĄSZYNKU,2026,Zbąszynek,ul. Sportowa 1,Zbąszynek,Sportowa 1,ul
61492,SZKOŁA PODSTAWOWA IM. HENRYKA SIENKIEWICZA W BRODŁACH,2026,Brodła,ul. Edukacyjna 1,Brodła,Edukacyjna 1,ul
61507,SZKOŁA PODSTAWOWA NR 54 Z ODDZIAŁAMI INTEGRACYJNYMI IMIENIA POLSKICH PARALIMPIJCZYKÓW,2026,Częstochowa,ul. Jerzego Kukuczki 30,Częstochowa,Kukuczki 30,ul jerzego
61524,I SPOŁECZNA SZKOŁA PODSTAWOWA STO W SŁUPSKU,2026,Słupsk,ul. Zygmunta Augusta 8,Słupsk,Zygmunta Augusta 8,ul
61554,SZKOŁA PODSTAWOWA IM. JULIANA TUWIMA W KOBYLINIE,2026,Kobylin,ul. 3 Maja 9,Kobylin,Maja 9,ul 3
61564,SZKOŁA PODSTAWOWA NR 4 IM. FRANCESCO NULLO W OLKUSZU,2026,Olkusz,ul. Francesco Nullo 36,Olkusz,Nullo 36,ul francesco
61569,SZKOŁA PODSTAWOWA IM. POWSTAŃCÓW WIELKOPOLSKICH W DUSZNIKACH,2026,Duszniki,ul. Broniewskiego 3,Duszniki,Broniewskiego 3,ul
61586,SZKOŁA PODSTAWOWA IM. ŚW. BRATA ALBERTA W NAROLU,2026,Narol,ul. Graniczna 11,Narol,Graniczna 11,ul
61649,SZKOŁA PODSTAWOWA W ROZDRAŻEWIE,2026,Rozdrażew,ul. Krotoszyńska 42,Rozdrażew,Krotoszyńska 42,ul
61670,SZKOŁA PODSTAWOWA NR 11 IM. KRÓLOWEJ JADWIGI W PILE,2026,Piła,ul. Królowej Jadwigi 2,Piła,Jadwigi 2,ul królowej
61681,SZKOŁA PODSTAWOWA NR 1 IM. KAZIMIERZA WIELKIEGO,2026,Biały Dunajec,ul. Jana Pawła II 184A,Biały Dunajec,Jana Pawła II 184A,ul
61783,SZKOŁA PODSTAWOWA W MARCISZOWIE,2026,Marciszów,ul. Szkolna 2,Marciszów,Szkolna 2,ul
61788,SZKOŁA PODSTAWOWA IM. STEFANA ŻEROMSKIEGO W LICHNOWACH,2026,Lichnowy,ul. Zwycięstwa 15,Lichnowy,Zwycięstwa 15,ul
61792,SZKOŁA PODSTAWOWA NR 19 IM. JULIANA TUWIMA,2026,Częstochowa,ul. Orla 4,Częstochowa,Orla 4,ul
61806,SZKOŁA PODSTAWOWA W CEKCYNIE,2026,Cekcyn,ul. Szkolna 8,Cekcyn,Szkolna 8,ul
61822,SZKOŁA PODSTAWOWA IM. UNII EUROPEJSKIEJ W KWAŚNIOWIE DOLNYM,2026,Kwaśniów Dolny,ul. Basztowa 2,Kwaśniów Dolny,Basztowa 2,ul
61824,SZKOŁA PODSTAWOWA IM. MIKOŁAJA KOPERNIKA W BALINIE,2026,Balin,ul. Jaworznicka 139,Balin,Jaworznicka 139,ul
61825,SZKOŁA PODSTAWOWA IM. KRÓLA WŁADYSŁAWA JAGIEŁŁY W LUSZOWICACH,2026,Luszowice,ul. Stanisława Przybyszewskiego 6,Luszowice,Przybyszewskiego 6,ul stanisława
61826,SZKOŁA PODSTAWOWA NR 1 Z ODDZIAŁAMI INTEGRACYJNYMI IM. ADAMA MICKIEWICZA W CHRZANOWIE,2026,Chrzanów,ul. Zielona 15,Chrzanów,Zielona 15,ul
61846,SZKOŁA PODSTAWOWA IM. BOHATERÓW WRZEŚNIA 1939 ROKU W LISEWIE MALBORSKIM,2026,Lisewo Malborskie,ul. 10 Marca 51,Lisewo Malborskie,Marca 51,ul 10
61858,SZKOŁA PODSTAWOWA NR 1 IM. OLOFA PALMEGO,2026,Józefów,ul. Mickiewicza 11,Józefów,Mickiewicza 11,ul
61875,PUBLICZNA SZKOŁA PODSTAWOWA IM. JANA BRZECHWY W CHMIELOWIE,2026,Chmielów,ul. Spacerowa 2,Chmielów,Spacerowa 2,ul
61881,SZKOŁA PODSTAWOWA NR 4 IM. ŚW. BARBARY W LĘDZINACH,2026,Lędziny,ul. Goławiecka 36,Lędziny,Goławiecka 36,ul
61894,"ZESPÓŁ SZKÓŁ W MROZACH, SZKOŁA PODSTAWOWA IM. ROMUALDA TRAUGUTTA W MROZACH",2026,Mrozy,ul. Szkolna 2,Mrozy,Szkolna 2,ul
61923,SZKOŁA PODSTAWOWA IM. EDYTY CZOSKÓWNY W SZYMANKOWIE,2026,Szymankowo,ul. Bohaterów Września 1939 r. 14,Szymankowo,Bohaterów Września 1939 r. 14,ul
61926,SZKOŁA PODSTAWOWA NR 1 W KRUPSKIM MŁYNIE,2026,Krupski Młyn,ul. Dąbrowskiego 2,Krupski Młyn,Dąbrowskiego 2,ul
62037,SZKOŁA PODSTAWOWA IM. JÓZEFA PATELSKIEGO W KWACZALE,2026,Kwaczała,ul. Jana Pawła II 2,Kwaczała,Jana Pawła II 2,ul
62095,SZKOŁA PODSTAWOWA IM. STEFANA ŻEROMSKIEGO W MAJKOWIE,2026,Majków,ul. Stefana Żeromskiego 106,Majków,Żeromskiego 106,ul stefana
62097,SZKOŁA PODSTAWOWA NR 1 IM. MARII SKŁODOWSKIEJ - CURIE W ŁOBZIE,2026,Łobez,ul. Bema 6,Łobez,Bema 6,ul
62098,SZKOŁA PODSTAWOWA IMIENIA LUDWIKA ZAMENHOFA W ZAGÓRNIKU,2026,Zagórnik,ul. Szkolna 12,Zagórnik,Szkolna 12,ul
62124,SZKOŁA PODSTAWOWA NR 5 IM. JANUSZA KORCZAKA,2026,Pyskowice,ul. Szkolna 2,Pyskowice,Szkolna 2,ul
62303,SZKOŁA PODSTAWOWA NR 2 Z ODDZIAŁAMI INTEGRACYJNYMI IM. JAROSŁAWA IWASZKIEWICZA W ZGORZELCU,2026,Zgorzelec,ul. Władysława Stanisława Reymonta 16,Zgorzelec,Reymonta 16,ul władysława stanisława
62304,SZKOŁA PODSTAWOWA IMIENIA MAJORA HENRYKA SUCHARSKIEGO W INWAŁDZIE,2026,Inwałd,ul. Wadowicka 79,Inwałd,Wadowicka 79,ul
62305,SZKOŁA PODSTAWOWA NR 2 IM. JANA PAWŁA II W KORONOWIE,2026,Koronowo,ul. Dworcowa 48,Koronowo,Dworcowa 48,ul
62306,KATOLICKA SZKOŁA PODSTAWOWA IM ŚW. RODZINY W GDYNI,2026,Gdynia,ul. Kazimierza Tetmajera 65 A,Gdynia,Tetmajera 65 A,ul kazimierza
62313,SZKOŁA PODSTAWOWA IM. LUDWIKI JAKUBOWICZ W OSTROWITEM,2026,Ostrowite,ul. Szkolna 4,Ostrowite,Szkolna 4,ul
62359,SZKOŁA PODSTAWOWA IM. PPOR. TADEUSZA BIELAKA W KĘPICACH,2026,Kępice,ul. Szkolna 1,Kępice,Szkolna 1,ul
62364,PUBLICZNA SZKOŁA PODSTAWOWA W KOSTRZYNIE,2026,Kostrzyn,ul. Szkolna 7,Kostrzyn,Szkolna 7,ul
62386,SZKOŁA PODSTAWOWA IM. ANDRZEJA SKUPNIA FLORKA W GLICZAROWIE GÓRNYM,2026,Gliczarów Górny,ul. Wierchy 121,Gliczarów Górny,Wierchy 121,ul
62407,SZKOŁA PODSTAWOWA NR 5 IM. MARCINA BYLICY W OLKUSZU,2026,Olkusz,ul. Cegielniana 24,Olkusz,Cegielniana 24,ul
62409,SZKOŁA PODSTAWOWA IM. HENRYKA SIENKIEWICZA W GORENICACH,2026,Gorenice,ul. Krakowska 51,Gorenice,Krakowska 51,ul
62427,SZKOŁA PODSTAWOWA IM. HENRYKA SIENKIEWICZA W JERUZALU,2026,Jeruzal,ul. Szkolna 8,Jeruzal,Szkolna 8,ul
62429,PUBLICZNA SZKOŁA PODSTAWOWA IM. MIKOŁAJA KOPERNIKA W GRODŹCU,2026,Grodziec,ul. Tartaczna 1,Grodziec,Tartaczna 1,ul
62431,SZKOŁA PODSTAWOWA NR 2 IM. MARII KONOPNICKIEJ W OZIMKU,2026,Ozimek,ul. Daniecka 12 A,Ozimek,Daniecka 12 A,ul
62432,SZKOŁA PODSTAWOWA NR 1 IM. JANUSZA KORCZAKA W KOMORNIKACH,2026,Komorniki,ul. Staszica 25,Komorniki,Staszica 25,ul
62446,SZKOŁA PODSTAWOWA IM. FRYDERYKA CHOPINA W STRZYŻEWIE,2026,Strzyżew,ul. Anny Wiesiołowskiej 1,Strzyżew,Wiesiołowskiej 1,ul anny
62450,SZKOŁA PODSTAWOWA NR 5 IM. JANUSZA KORCZAKA W JAWORZE,2026,Jawor,ul. Armii Krajowej 9,Jawor,Armii Krajowej 9,ul
62574,PUBLICZNA SZKOŁA PODSTAWOWA NR 3 IM. JANA BRZECHWY W GOGOLINIE,2026,Gogolin,ul. Krapkowicka 141,Gogolin,Krapkowicka 141,ul
62601,SZKOŁA PODSTAWOWA NR 4 IM. ŻOŁNIERZA POLSKIEGO W OSTROŁĘCE,2026,Ostrołęka,ul. Legionowa 17,Ostrołęka,Legionowa 17,ul
62606,SZKOŁA PODSTAWOWA NR 5 IM.PROF.ADAMA WODZICZKI W SWARZĘDZU,2026,Swarzędz,os. Macieja Mielżyńskiego 3a,Swarzędz,Mielżyńskiego 3a,os macieja
63251,SZKOŁA PODSTAWOWA IMIENIA MARIANA KOWALSKIEGO W RZYKACH,2026,Rzyki,os. Os. Szczęśniaki 1,Rzyki,Os. Szczęśniaki 1,
63261,SZKOŁA PODSTAWOWA IM. ŚW. JANA KANTEGO W GDOWIE,2026,Gdów,ul. Szkolna 8,Gdów,Szkolna 8,ul
63304,"SZKOŁA PODSTAWOWA IM. DANUTY SIEDZIKÓWNY ""INKI"" W JELENIEWIE",2026,Jeleniewo,ul. Suwalska 51,Jeleniewo,Suwalska 51,ul
63311,SZKOŁA PODSTAWOWA IM. BOHATERÓW WESTERPLATTE W STRONIU ŚLĄSKIM,2026,Stronie Śląskie,ul. Kościuszki 57,Stronie Śląskie,Kościuszki 57,ul
63314,SZKOŁA PODSTAWOWA Z ODDZIAŁAMI INTEGRACYJNYMI IM. BOHATERÓW WESTERPLATTE W KIELNIE,2026,Kielno,ul. Szkolna 4,Kielno,Szkolna 4,ul
63317,SZKOŁA PODSTAWOWA W RYCZÓWKU,2026,Ryczówek,ul. Dolna 12,Ryczówek,Dolna 12,ul
63350,"SZKOŁA PODSTAWOWA IM. KS.JÓZEFA RADOŃSKIEGO W SŁAWNIE , 62-265 SŁAWNO, UL. GNIEŹNIEŃSKA 37",2026,Sławno,ul. Gnieźnieńska 37,Sławno,Gnieźnieńska 37,ul
63391,SZKOŁA PODSTAWOWA IM. KPT. WIKTORA ROSSY W ŚLESINIE,2026,Ślesin,ul. Dworcowa 9,Ślesin,Dworcowa 9,ul
63416,SZKOŁA PODSTAWOWA Z ODDZIAŁAMI INTEGRACYJNYMI NR 301 IM. JANUSZA KORCZAKA,2026,Warszawa,ul. Brygadzistów 18,Warszawa,Brygadzistów 18,ul
63417,SZKOŁA PODSTAWOWA NR 1 IM. WOJSKA POLSKIEGO,2026,Jastrzębie-Zdrój,ul. Pszczyńska 125,Jastrzębie-Zdrój,Pszczyńska 125,ul
63420,SZKOŁA PODSTAWOWA NR 17 IM. JANA BRZECHWY,2026,Jastrzębie-Zdrój,ul. ks. Emanuela Płonki 23,Jastrzębie-Zdrój,Płonki 23,ul ks emanuela
63422,SZKOŁA PODSTAWOWA NR 16 IM. PROF. RUDOLFA RANOSZKA,2026,Jastrzębie-Zdrój,ul. Komuny Paryskiej 18c,Jastrzębie-Zdrój,Komuny Paryskiej 18c,ul
63424,SZKOŁA PODSTAWOWA NR 3 Z ODDZIAŁAMI MISTRZOSTWA SPORTOWEGO,2026,Jastrzębie-Zdrój,ul. Piastów 15,Jastrzębie-Zdrój,Piastów 15,ul
63426,SZKOŁA PODSTAWOWA IM. JANA III SOBIESKIEGO W ŻELISTRZEWIE,2026,Żelistrzewo,ul. Szkolna 1,Żelistrzewo,Szkolna 1,ul
63430,SZKOŁA PODSTAWOWA IM. PAWŁA GÓRY W MRZEZINIE,2026,Mrzezino,ul. Dworcowa 54,Mrzezino,Dworcowa 54,ul
63434,SZKOŁA PODSTAWOWA IM. WŁADYSŁAWA KONEFKI W STARZYNIE,2026,Starzyno,ul. Żarnowiecka 22,Starzyno,Żarnowiecka 22,ul
63436,SZKOŁA PODSTAWOWA W ŚWIĄTNIKACH,2026,Świątniki,ul. Parkowa 6,Świątniki,Parkowa 6,ul
63437,SZKOŁA PODSTAWOWA NR 1 IM. JANUSZA KORCZAKA,2026,Sobótka,"ul. Świdnicka 20, 20A",Sobótka,"Świdnicka 20, 20A",ul
63438,"SZKOŁA PODSTAWOWA NR 5 Z ODDZIAŁAMI INTEGRACYJNYMI IM. I PUŁKU LOTNICTWA MYŚLIWSKIEGO ""WARSZAWA"" W JAROCINIE",2026,Jarocin,ul. Ludwika Waryńskiego 11,Jarocin,Waryńskiego 11,ul ludwika
63443,SZKOŁA PODSTAWOWA IM.KRZYSZTOFA KAMILA BACZYŃSKIEGO,2026,Wyszogród,ul. Niepodległości 11,Wyszogród,Niepodległości 11,ul
63469,SZKOŁA PODSTAWOWA IM. JÓZEFA LOMPY W LUBSZY,2026,Lubsza,ul. Szkolna 1,Lubsza,Szkolna 1,ul
63473,SZKOŁA PODSTAWOWA NR 3 IM. JAROSŁAWA DĄBROWSKIEGO W DĘBNIE,2026,Dębno,ul. Juliusza Słowackiego 21,Dębno,Słowackiego 21,ul juliusza
63480,SZKOŁA PODSTAWOWA NR 13 IM. KOMISJI EDUKACJI NARODOWEJ W JELENIEJ GÓRZE,2026,Jelenia Góra,ul. Piotra Skargi 19,Jelenia Góra,Skargi 19,ul piotra
63485,SZKOŁA PODSTAWOWA NR 3 IM. MARII KONOPNICKIEJ W CHOJNOWIE,2026,Chojnów,ul. Władysława Reymonta 1,Chojnów,Reymonta 1,ul władysława
63490,SZKOŁA PODSTAWOWA NR 4 IM. JANUSZA KORCZAKA W CHOJNOWIE,2026,Chojnów,ul. Jana Kilińskiego 23,Chojnów,Kilińskiego 23,ul jana
63498,SZKOŁA PODSTAWOWA IM. KSIĘDZA KANONIKA BOLESŁAWA ŚLEDZIA W KOSOBUDACH,2026,Kosobudy,ul. Szkolna 20,Kosobudy,Szkolna 20,ul
63499,ZESPÓŁ SZKOLNO-PRZEDSZKOLNY NR 3 W ROGOWIE OPOLSKIM PUBLICZNA SZKOŁA PODSTAWOWA W DĄBRÓWCE GÓRNEJ,2026,Dąbrówka Górna,ul. Opolska 64,Dąbrówka Górna,Opolska 64,ul
63992,SZKOŁA PODSTAWOWA NR 2 IM. ARMII KRAJOWEJ W MILANÓWKU,2026,Milanówek,ul. Literacka 20,Milanówek,Literacka 20,ul
63993,SZKOŁA PODSTAWOWA W WÓJCINIE,2026,Wójcin,ul. Wieluńska 9,Wójcin,Wieluńska 9,ul
63995,SZKOŁA PODSTAWOWA W DZIETRZKOWICACH,2026,Dzietrzkowice,ul. Szkolna 1,Dzietrzkowice,Szkolna 1,ul
64001,SZKOŁA PODSTAWOWA IM.ARMII GEN. ANDERSA W ŁUBNICACH,2026,Łubnice,ul. Leśna 1,Łubnice,Leśna 1,ul
64047,SZKOŁA PODSTAWOWA Z ODDZIAŁAMI INTEGRACYJNYMI I DWUJĘZYCZNYMI IM. MARII SKŁODOWSKIEJ-CURIE W MĄCHOCICACH KAPITULNYCH,2026,Mąchocice Kapitulne,ul. Szkolna 27,Mąchocice Kapitulne,Szkolna 27,ul
64059,SZKOŁA PODSTAWOWA NR 3 IM. SZARYCH SZEREGÓW W PIOTRKOWIE TRYBUNALSKIM,2026,Piotrków Trybunalski,ul. Wysoka 28/38,Piotrków Trybunalski,Wysoka 28/38,ul
64343,PUBLICZNA SZKOŁA PODSTAWOWA IM. MIKOŁAJA KOPERNIKA W MALNI,2026,Malnia,ul. Podgórna 3,Malnia,Podgórna 3,ul
64392,SZKOŁA PODSTAWOWA W KALEI,2026,Kalej,ul. Szkolna 1,Kalej,Szkolna 1,ul
64394,SZKOŁA PODSTAWOWA IM. ST. LIGONIA W TRUSKOLASACH,2026,Truskolasy,ul. Szkolna 3,Truskolasy,Szkolna 3,ul
64397,PUBLICZNA SZKOŁA PODSTAWOWA IM. MARKA PRAWEGO W JEMIELNICY,2026,Jemielnica,ul. Szkolna 2,Jemielnica,Szkolna 2,ul
64400,PUBLICZNA SZKOŁA PODSTAWOWA IM. KORNELA MAKUSZYŃSKIEGO W PIOTRÓWCE,2026,Piotrówka,ul. Kościuszki 98,Piotrówka,Kościuszki 98,ul
64411,SZKOŁA PODSTAWOWA NR 4 W ZIĘBICACH,2026,Ziębice,ul. Zamkowa 31,Ziębice,Zamkowa 31,ul
64419,SZKOŁA PODSTAWOWA IM. ŚW. MAKSYMILIANA KOLBEGO W TERESINIE,2026,Teresin,al. Księcia Druckiego-Lubeckiego 3,Teresin,Druckiego-Lubeckiego 3,al księcia
64420,SZKOŁA PODSTAWOWA NR 2 IM. HENRYKA SIENKIEWICZA W ZIĘBICACH,2026,Ziębice,ul. Spacerowa 2,Ziębice,Spacerowa 2,ul
64421,SZKOŁA PODSTAWOWA IM. MIKOŁAJA KOPERNIKA W SZYMANOWIE,2026,Szymanów,ul. Szkolna 35,Szymanów,Szkolna 35,ul
64430,SZKOŁA PODSTAWOWA NR 1 IM.LUDWIKA HOLESZA W ŚWIERKLANACH,2026,Świerklany,ul. Boryńska 6,Świerklany,Boryńska 6,ul
64431,SZKOŁA PODSTAWOWA NR 2 IM. ŚWIĘTEJ JADWIGI W ŚWIERKLANACH,2026,Świerklany,ul. 3 Maja 18,Świerklany,Maja 18,ul 3
64432,SZKOŁA PODSTAWOWA IM. STANISŁAWA STASZICA W JANKOWICACH,2026,Jankowice,ul. Równoległa 5,Jankowice,Równoległa 5,ul
64440,PUBLICZNA SZKOŁA PODSTAWOWA W CZARNEJ,2026,Czarna,ul. Konarskiego 23,Czarna,Konarskiego 23,ul
64458,SZKOŁA PODSTAWOWA NR 6 IM. FRYDERYKA CHOPINA W ZESPOLE SZKOLNO-PRZEDSZKOLNYM NR 2 W OLKUSZU,2026,Olkusz,ul. Długa 67,Olkusz,Długa 67,ul
64460,SZKOŁA PODSTAWOWA NR 10 IM. KORNELA MAKUSZYŃSKIEGO W OLKUSZU,2026,Olkusz,ul. Stefana Żeromskiego 1,Olkusz,Żeromskiego 1,ul stefana
64490,SZKOŁA PODSTAWOWA IM. JANUSZA KORCZAKA W NAKLI,2026,Nakla,ul. Szkolna 6,Nakla,Szkolna 6,ul
64498,SZKOŁA PODSTAWOWA IM. BOHATERÓW LOTNICTWA POLSKIEGO,2026,Komarówka Podlaska,ul. Wojska Polskiego 7,Komarówka Podlaska,Wojska Polskiego 7,ul
64506,SZKOŁA PODSTAWOWA NR 2 IM. PROF. DRA WŁADYSŁAWA SZAFERA W WAPNICY,2026,Wapnica,ul. Jodłowa 3,Wapnica,Jodłowa 3,ul
64508,SZKOŁA PODSTAWOWA NR 28 IM. KONSTANTEGO ILDEFONSA GAŁCZYŃSKIEGO W BIAŁYMSTOKU,2026,Białystok,ul. Warmińska 55,Białystok,Warmińska 55,ul
64511,SZKOŁA PODSTAWOWA NR 31 IM. JANUSZA KORCZAKA W BIAŁYMSTOKU,2026,Białystok,ul. Żurawia 12,Białystok,Żurawia 12,ul
64517,SZKOŁA PODSTAWOWA IM. STANISŁAWA STASZICA W SUCHOWOLI,2026,Suchowola,ul. Szkolna 1,Suchowola,Szkolna 1,ul
64540,SZKOŁA PODSTAWOWA IM. JANUSZA KUSOCIŃSKIEGO W SUCHANIU,2026,Suchań,ul. Kardynała Augusta Hlonda 1,Suchań,Hlonda 1,ul kardynała augusta
64542,ZESPÓŁ SZKÓŁ IM. JANA PAWŁA II W OSIEKU PUBLICZNA SZKOŁA PODSTAWOWA W OSIEKU,2026,Osiek,ul. Wolności 24A,Osiek,Wolności 24A,ul
64546,SZKOŁA PODSTAWOWA NR 34 IM. GEN. JÓZEFA ZACHARIASZA BEMA W BIAŁYMSTOKU,2026,Białystok,ul. Pogodna 12,Białystok,Pogodna 12,ul
64554,SZKOŁA PODSTAWOWA IM. KARDYNAŁA STEFANA WYSZYŃSKIEGO W DOBIESZU,2026,Dobiesz,ul. Wolska 36,Dobiesz,Wolska 36,ul
64627,SZKOŁA PODSTAWOWA IM. BOHATERÓW STUTTHOFU W ROZŁAZINIE,2026,Rozłazino,ul. Długa 21,Rozłazino,Długa 21,ul
64630,SZKOŁA PODSTAWOWA NR 1 IM. BOLESŁAWA CHROBREGO W MIĘDZYZDROJACH,2026,Międzyzdroje,ul. Leśna 17,Międzyzdroje,Leśna 17,ul
64669,PUBLICZNA SZKOŁA PODSTAWOWA NR 28 IM. ADAMA MICKIEWICZA W RADOMIU,2026,Radom,ul. Stefana Jaracza 8,Radom,Jaracza 8,ul stefana
64686,"SZKOŁA PODSTAWOWA STOWARZYSZENIA OŚWIATOWEGO ""TWOJA SZKOŁA""",2026,Łódź,ul. Rewolucji 1905 r. 67,Łódź,Rewolucji 1905 r. 67,ul
64706,SZKOŁA PODSTAWOWA IM. WOJSKA POLSKIEGO W LIPNIE,2026,Lipno,ul. Powstańców Wielkopolskich 68,Lipno,Powstańców Wielkopolskich 68,ul
64796,SZKOŁA PODSTAWOWA IM. HENRYKA SIENKIEWICZA W PRUSICACH,2026,Prusice,ul. Żmigrodzka 43,Prusice,Żmigrodzka 43,ul
64808,SZKOŁA PODSTAWOWA NR 43 IM. SIMONY KOSSAK W BIAŁYMSTOKU,2026,Białystok,ul. Stroma 16,Białystok,Stroma 16,ul
64821,SZKOŁA PODSTAWOWA IM. POWSTAŃCÓW WIELKOPOLSKICH W STARYM BOJANOWIE,2026,Stare Bojanowo,ul. Szkolna 6,Stare Bojanowo,Szkolna 6,ul
64943,SZKOŁA PODSTAWOWA NR 2 IM. WŁADYSŁAWA STANISŁAWA REYMONTA W BUKOWNIE,2026,Bukowno,ul. Sławkowska 133,Bukowno,Sławkowska 133,ul
64955,SZKOŁA PODSTAWOWA IM.ZIEMI KUJAWSKIEJ W DĄBROWIE BISKUPIEJ,2026,Dąbrowa Biskupia,ul. Szkolna 2,Dąbrowa Biskupia,Szkolna 2,ul
64959,SZKOŁA PODSTAWOWA NR 11 IM. HENRYKA SIENKIEWICZA W PIOTRKOWIE TRYBUNALSKIM,2026,Piotrków Trybunalski,ul. Kazimierza Szmidta 3,Piotrków Trybunalski,Szmidta 3,ul kazimierza
64962,SZKOŁA PODSTAWOWA IM.GENERAŁA NIKODEMA SULIKA,2026,Lubycza Królewska,ul. Jana III Sobieskiego 5,Lubycza Królewska,Jana III Sobieskiego 5,ul
64965,MILANOWSKA PRYWATNA SZKOŁA PODSTAWOWA,2026,Milanówek,ul. Warszawska 52b,Milanówek,Warszawska 52b,ul
64974,SZKOŁA PODSTAWOWA IM. MICHAŁA LENGOWSKIEGO,2026,Jeziorany,ul. Konopnickiej 13,Jeziorany,Konopnickiej 13,ul
65002,SZKOŁA PODSTAWOWA IM. KPT. Ż. W. KAROLA OLGIERDA BORCHARDTA W STRZEBIELINIE OSIEDLU,2026,Strzebielino-Osiedle,ul. Marii Curie-Skłodowskiej 1,Strzebielino-Osiedle,Curie-Skłodowskiej 1,ul marii
65008,SZKOŁA PODSTAWOWA IM.ŻWIRKI I WIGURY W RADOCZY,2026,Radocza,ul. Dębowa 49,Radocza,Dębowa 49,ul
65012,SZKOŁA PODSTAWOWA IM. GEN. JÓZEFA WYBICKIEGO,2026,Parchowo,ul. Kartuska 19A,Parchowo,Kartuska 19A,ul
65015,PUBLICZNA SZKOŁA PODSTAWOWA NR 14 INTEGRACYJNA IM. JANA PAWŁA II W RADOMIU,2026,Radom,ul. Wierzbicka 81,Radom,Wierzbicka 81,ul
65134,SZKOŁA PODSTAWOWA IM. POLSKICH NOBLISTÓW W GOLESZYNIE,2026,Goleszyn,ul. Niepodległości 2,Goleszyn,Niepodległości 2,ul
65154,SZKOŁA PODSTAWOWA NR 5 IM. KS.MICHAŁA POTACZAŁY W CHRZANOWIE,2026,Chrzanów,ul. Fabryczna 23a,Chrzanów,Fabryczna 23a,ul
65155,SZKOŁA PODSTAWOWA NR 6 IM. JANA PAWŁA II W CHRZANOWIE,2026,Chrzanów,ul. Dworska 5,Chrzanów,Dworska 5,ul
65157,SZKOŁA PODSTAWOWA IM.ŚW.FRANCISZKA Z ASYŻU W POGORZYCACH,2026,Pogorzyce,ul. Karola Szymanowskiego 21,Pogorzyce,Szymanowskiego 21,ul karola
65194,PUBLICZNA SZKOŁA PODSTAWOWA NR 5 IM. MIKOŁAJA KOPERNIKA W RADOMSKU,2026,Radomsko,ul. Narutowicza 207,Radomsko,Narutowicza 207,ul
65195,PUBLICZNA SZKOŁA PODSTAWOWA NR 8 IM. PRZYJACIÓŁ DZIECI W RADOMSKU,2026,Radomsko,ul. Reja 81,Radomsko,Reja 81,ul
65197,SZKOŁA PODSTAWOWA NR 2 IM. BOHATERÓW WESTERPLATTE W MYŚLENICACH,2026,Myślenice,ul. Stefana Żeromskiego 2,Myślenice,Żeromskiego 2,ul stefana
65205,ZESPÓŁ SZKOLNO-PRZEDSZKOLNY SZKOŁA PODSTAWOWA IM. WŁADYSŁAWA BRONIEWSKIEGO,2026,Główczyce,ul. Na Wzgórzu 16,Główczyce,Na Wzgórzu 16,ul
65210,SZKOŁA PODSTAWOWA NR 2 IM. BATALIONÓW CHŁOPSKICH W ŻOŁYNI,2026,Żołynia,ul. Białobrzeska 422,Żołynia,Białobrzeska 422,ul
65211,SZKOŁA PODSTAWOWA NR 1 IM. ŚW. JANA KANTEGO W ŻOŁYNI,2026,Żołynia,ul. Adama Mickiewicza 59,Żołynia,Mickiewicza 59,ul adama
65212,SZKOŁA PODSTAWOWA IM. JÓZEFA KASSOLIKA W MIĘDZYRZECZU,2026,Międzyrzecze,ul. Żubrów 13,Międzyrzecze,Żubrów 13,ul
65218,SZKOŁA PODSTAWOWA IM WILHELMA GAWLIKOWICZA W BOJSZOWACH,2026,Bojszowy,ul. Świętego Jana 33,Bojszowy,Jana 33,ul świętego
65258,SZKOŁA PODSTAWOWA NR 1 IM. JULIANA TUWIMA W PAJĘCZNIE,2026,Pajęczno,ul. Wiśniowa 7,Pajęczno,Wiśniowa 7,ul
65280,SZKOŁA PODSTAWOWA NR 45 Z ODDZIAŁAMI INTEGRACYJNYMI IM. ŚWIĘTEGO JANA PAWŁA II W BIAŁYMSTOKU,2026,Białystok,ul. Łagodna 10,Białystok,Łagodna 10,ul
66100,SZKOŁA PODSTAWOWA IM. KS. JANA TWARDOWSKIEGO W SOKOLNIKACH,2026,Sokolniki,ul. Sandomierska 80,Sokolniki,Sandomierska 80,ul
66117,SZKOŁA PODSTAWOWA NR 3 IM.PIOTRA FIRLEJA W LUBARTOWIE,2026,Lubartów,ul. 1 Maja 66/74,Lubartów,Maja 66/74,ul 1
66123,SZKOŁA PODSTAWOWA NR 1 IM. KS. JANA TWARDOWSKIEGO W LUBARTOWIE,2026,Lubartów,ul. Legionów 3,Lubartów,Legionów 3,ul
66129,SZKOŁA PODSTAWOWA IMIENIA MIESZKA I W ROCZYNACH,2026,Roczyny,ul. Szkolna 10,Roczyny,Szkolna 10,ul
66133,"PRYWATNA SZKOŁA PODSTAWOWA ""SOKRATES""",2026,Częstochowa,ul. Krótka 44,Częstochowa,Krótka 44,ul
66148,SZKOŁA PODSTAWOWA NR 3 IM. ADAMA MICKIEWICZA W OSTROŁĘCE,2026,Ostrołęka,ul. Ignacego Jerzego Skowrońskiego 8,Ostrołęka,Skowrońskiego 8,ul ignacego jerzego
66151,SZKOŁA PODSTAWOWA IM. MARII KONOPNICKIEJ W MIEJSKIEJ GÓRCE,2026,Miejska Górka,ul. Marii Konopnickiej 14,Miejska Górka,Konopnickiej 14,ul marii
66156,SZKOŁA PODSTAWOWA NR 51 IM. LUDWIKA ZAMENHOFA W BIAŁYMSTOKU,2026,Białystok,ul. Jana Krzysztofa Kluka 11A,Białystok,Kluka 11A,ul jana krzysztofa
66176,PUBLICZNA SZKOŁA PODSTAWOWA ZAKONU PIJARÓW IM. ŚW. JÓZEFA KALASANCJUSZA W POZNANIU,2026,Poznań,os. Jana III Sobieskiego 114,Poznań,Jana III Sobieskiego 114,os
66201,SZKOŁA PODSTAWOWA IM. BŁ. KS. EDWARDA GRZYMAŁY W SADOWNEM,2026,Sadowne,ul. Kościuszki 72,Sadowne,Kościuszki 72,ul
66214,SZKOŁA PODSTAWOWA W ZARZECZU,2026,Zarzecze,ul. Szkolna 2,Zarzecze,Szkolna 2,ul
66244,KLIMATYCZNA SZKOŁA PODSTAWOWA NR 2 IM. JERZEGO MICHEJDY W USTRONIU,2026,Ustroń,ul. Ignacego Daszyńskiego 31,Ustroń,Daszyńskiego 31,ul ignacego
66247,SZKOŁA PODSTAWOWA NR 3 Z ODDZIAŁAMI PRZEDSZKOLNYMI W USTRONIU,2026,Ustroń,ul. Polańska 25,Ustroń,Polańska 25,ul
66249,"SZKOŁA PODSTAWOWA NR 2 IM. GEN. LEOPOLDA OKULICKIEGO ""NIEDŹWIADKA"" W TRZEBNICY",2026,Trzebnica,ul. 3 Maja 5,Trzebnica,Maja 5,ul 3
66258,SZKOŁA PODSTAWOWA IM. JERZEGO BADURY,2026,Międzybórz,ul. Wrocławska 6-6A,Międzybórz,Wrocławska 6-6A,ul
66259,SZKOŁA PODSTAWOWA NR 8 IM. EMILII PLATER W PIOTRKOWIE TRYBUNALSKIM,2026,Piotrków Trybunalski,ul. Henryka Sienkiewicza 8,Piotrków Trybunalski,Sienkiewicza 8,ul henryka
66278,SZKOŁA PODSTAWOWA NR 3 IM. MARII SKŁODOWSKIEJ-CURIE W TRZEBNICY,2026,Trzebnica,ul. Marii Konopnickiej 14,Trzebnica,Konopnickiej 14,ul marii
66295,SZKOŁA PODSTAWOWA NR 4 W ZESPOLE SZKÓŁ OGÓLNOKSZTAŁCĄCYCH IM. IGNACEGO JANA PADEREWSKIEGO W ŁASKU - KOLUMNIE,2026,Łask,ul. Toruńska 1,Łask,Toruńska 1,ul
66313,"GDAŃSKA SZKOŁA PODSTAWOWA ""LINGWISTA"" IM. ZJEDNOCZONEJ EUROPY",2026,Gdańsk,ul. św. Barbary 1,Gdańsk,Barbary 1,ul św
66347,SZKOŁA PODSTAWOWA NR 1 W USTRONIU,2026,Ustroń,ul. Partyzantów 2,Ustroń,Partyzantów 2,ul
66352,SZKOŁA PODSTAWOWA IM.ALFREDA SZKLARSKIEGO W KOZIEGŁOWACH,2026,Koziegłowy,ul. 3 Maja 12,Koziegłowy,Maja 12,ul 3
66354,"SZKOŁA PODSTAWOWA IM. MJR HENRYKA DOBRZAŃSKIEGO ""HUBALA"" W SEJNACH",2026,Sejny,ul. Wojska Polskiego 64,Sejny,Wojska Polskiego 64,ul
66380,SZKOŁA PODSTAWOWA NR 50 IM. I DYWIZJI PANCERNEJ GEN. ST. MACZKA Z ODDZIAŁAMI INTEGRACYJNYMI,2026,Poznań,os. Stare Żegrze 1,Poznań,Stare Żegrze 1,os
66385,SZKOŁA PODSTAWOWA NR 61 IM. KOMISJI EDUKACJI NARODOWEJ,2026,Poznań,ul. Szczepankowo 72a,Poznań,Szczepankowo 72a,ul
66386,SZKOŁA PODSTAWOWA NR 25 Z ODDZIAŁAMI INTEGRACYJNYMI I SPECJALNYMI IM. BOHATERÓW MONTE CASINO,2026,Poznań,ul. Ignacego Prądzyńskiego 53,Poznań,Prądzyńskiego 53,ul ignacego
66388,SPORTOWA SZKOŁA PODSTAWOWA NR 29 IM. JANA KOCHANOWSKIEGO,2026,Poznań,os. Pod Lipami 106,Poznań,Pod Lipami 106,os
66389,SZKOŁA PODSTAWOWA NR 53 IM. PAWŁA EDMUNDA STRZELECKIEGO,2026,Poznań,ul. Głuszyna 187,Poznań,Głuszyna 187,ul
66450,SZKOŁA PODSTAWOWA IM. MARII KONOPNICKIEJ W TRZEŚNI,2026,Trześń,ul. Szkolna 2,Trześń,Szkolna 2,ul
66470,SZKOŁA PODSTAWOWA NR 5 IM. MIKOŁAJA KOPERNIKA W ŁASKU,2026,Łask,ul. Szkolna 1,Łask,Szkolna 1,ul
66477,PUBLICZNA SZKOŁA PODSTAWOWA IM. JANA BRZECHWY W SUŁKOWICACH,2026,Sułkowice,ul. Ogrodowa 38a,Sułkowice,Ogrodowa 38a,ul
67768,SZKOŁA PODSTAWOWA IM. KOPANICKIEJ DRUŻYNY POWSTAŃCÓW WIELKOPOLSKICH,2026,Kopanica,ul. Szkolna 2,Kopanica,Szkolna 2,ul
67770,SZKOŁA PODSTAWOWA W OSIU,2026,Osie,ul. Szkolna 8,Osie,Szkolna 8,ul
67773,SZKOŁA PODSTAWOWA IM. BOHATERÓW ZIEMI TUCHORSKIEJ W TUCHORZY,2026,Tuchorza,ul. Kasztanowa 4,Tuchorza,Kasztanowa 4,ul
67802,SZKOŁA PODSTAWOWA NR 7 IM. STANISŁAWA STASZICA,2026,Tczew,ul. Stoczniowców 15A,Tczew,Stoczniowców 15A,ul
67803,SPORTOWA SZKOŁA PODSTAWOWA NR 2 Z ODDZIAŁAMI INTEGRACYJNYMI IM.BOHATERÓW WESTERPLATTE W TCZEWIE,2026,Tczew,ul. Gdańska 2,Tczew,Gdańska 2,ul
67806,SZKOŁA PODSTAWOWA IM. KRZYSZTOFA KAMILA BACZYŃSKIEGO W CIĄŻENIU,2026,Ciążeń,ul. Wolności 42A,Ciążeń,Wolności 42A,ul
67807,SZKOŁA PODSTAWOWA NR 10 Z ODDZIAŁAMI INTEGRACYJNYMI IM.PŁK. STANISŁAWA DĄBKA W TCZEWIE,2026,Tczew,ul. Marii Konopnickiej 11,Tczew,Konopnickiej 11,ul marii
67810,SZKOŁA PODSTAWOWA NR 8 IM. ŚW. WOJCIECHA W TCZEWIE,2026,Tczew,ul. Armii Krajowej 70,Tczew,Armii Krajowej 70,ul
67814,SZKOŁA PODSTAWOWA NR 12 IM.BRONISŁAWA MALINOWSKIEGO W TCZEWIE,2026,Tczew,ul. Topolowa 23,Tczew,Topolowa 23,ul
67819,SZKOŁA PODSTAWOWA IM. DZIEDZICTWA CYSTERSÓW BIERZWNICKICH W BIERZWNIKU,2026,Bierzwnik,ul. Sienkiewicza 17,Bierzwnik,Sienkiewicza 17,ul
67856,PUBLICZNA SZKOŁA PODSTAWOWA W TURZY,2026,Turza,ul. Kolejowa 27,Turza,Kolejowa 27,ul
68003,SZKOŁA PODSTAWOWA NR 3 IM. KRÓLOWEJ JADWIGI W CHRZANOWIE,2026,Chrzanów,ul. Aleja Henryka 43,Chrzanów,Aleja Henryka 43,ul
68015,SZKOŁA PODSTAWOWA IM. ROTMISTRZA WITOLDA PILECKIEGO W KIERZU NIEDŹWIEDZIM,2026,Kierz Niedźwiedzi,ul. Boczna 7,Kierz Niedźwiedzi,Boczna 7,ul
68021,SZKOŁA PODSTAWOWA NR 8 Z ODDZIAŁAMI INTEGRACYJNYMI IM. SZARYCH SZEREGÓW W CHRZANOWIE,2026,Chrzanów,ul. Pogorska 8c,Chrzanów,Pogorska 8c,ul
68033,SZKOŁA PODSTAWOWA IM. ŚW. JADWIGI ŚLĄSKIEJ W KUŹNICZYSKU,2026,Kuźniczysko,ul. Kuźnicza 1,Kuźniczysko,Kuźnicza 1,ul
68074,SZKOŁA PODSTAWOWA NR 2 IM. MIKOŁAJA REJA,2026,Mszana Dolna,ul. Rynek 21,Mszana Dolna,Rynek 21,ul
68185,PUBLICZNA SZKOŁA PODSTAWOWA NR 18 IM.WOJCIECHA KORFANTEGO W KĘDZIERZYNIE-KOŹLU,2026,Kędzierzyn-Koźle,ul. Jana Brzechwy 80,Kędzierzyn-Koźle,Brzechwy 80,ul jana
68192,SZKOŁA PODSTAWOWA NR 6 IM. JANA KOCHANOWSKIEGO W MALBORKU,2026,Malbork,ul. Tczewska 13,Malbork,Tczewska 13,ul
68199,SZKOŁA PODSTAWOWA NR 2 IM. WŁADYSŁAWA BRONIEWSKIEGO W SZUBINIE,2026,Szubin,ul. Tysiąclecia 1,Szubin,Tysiąclecia 1,ul
68202,SZKOŁA PODSTAWOWA NR 1 Z ODDZIAŁAMI INTEGRACYJNYMI IMIENIA STANISŁAWA STASZICA W BRZESZCZACH,2026,Brzeszcze,ul. Szkolna 6,Brzeszcze,Szkolna 6,ul
68226,SZKOŁA PODSTAWOWA W KLUSZKOWCACH,2026,Kluszkowce,ul. Szkolna 22,Kluszkowce,Szkolna 22,ul
68257,SZKOŁA PODSTAWOWA NR 3 IM. BOLESŁAWA KRZYWOUSTEGO,2026,Białogard,ul. Chopina 8,Białogard,Chopina 8,ul
68258,SZKOŁA PODSTAWOWA IM. JANA BRZECHWY W NOWYM KOŚCIELE,2026,Nowy Kościół,ul. Szkolna 12,Nowy Kościół,Szkolna 12,ul
68267,PUBLICZNA SZKOŁA PODSTAWOWA W ZAWADZKIEM,2026,Zawadzkie,ul. Opolska 47,Zawadzkie,Opolska 47,ul
68285,ZESPÓŁ SZKOLNO-PRZEDSZKOLNY W POTĘPIE -SZKOŁA PODSTAWOWA IM. KORNELA MAKUSZYŃSKIEGO,2026,Potępa,ul. Tarnogórska 12,Potępa,Tarnogórska 12,ul
68288,SZKOŁA PODSTAWOWA IM. AGATY MRÓZ - OLSZEWSKIEJ W LGOCIE GÓRNEJ,2026,Lgota Górna,ul. Szkolna 1,Lgota Górna,Szkolna 1,ul
68328,SZKOŁA PODSTAWOWA NR 11 IM. STANISŁAWY FILIPINY PALEOLOG W LUBLINIE,2026,Lublin,ul. Przyjaźni 12,Lublin,Przyjaźni 12,ul
68341,SZKOŁA PODSTAWOWA IM. LOTNIKÓW POLSKICH W MIROSŁAWCU,2026,Mirosławiec,ul. Wolności 21,Mirosławiec,Wolności 21,ul
68374,SZKOŁA PODSTAWOWA W PIŃCZYCACH,2026,Pińczyce,ul. Śląska 3,Pińczyce,Śląska 3,ul
68453,SZKOŁA PODSTAWOWA NR 7 IM. ŚW. JANA PAWŁA II W SUWAŁKACH,2026,Suwałki,ul. Romualda Minkiewicza 50,Suwałki,Minkiewicza 50,ul romualda
68459,SZKOŁA PODSTAWOWA W SZCZUCZYNIE,2026,Szczuczyn,ul. Jana Kilińskiego 42,Szczuczyn,Kilińskiego 42,ul jana
68514,SZKOŁA PODSTAWOWA IM. JANA CZOCHRALSKIEGO W KCYNI,2026,Kcynia,ul. Wyrzyska 12,Kcynia,Wyrzyska 12,ul
68515,SZKOŁA PODSTAWOWA IM. JÓZEFA GIBOWSKIEGO W GRZEBIENISKU,2026,Grzebienisko,ul. Szkolna 16,Grzebienisko,Szkolna 16,ul
68542,SZKOŁA PODSTAWOWA NR 10 Z ODDZIAŁAMI INTEGRACYJNYMI IM. TADEUSZA KOSCIUSZKI W GORZOWIE WLKP.,2026,Gorzów Wielkopolski,ul. Towarowa 21,Gorzów Wielkopolski,Towarowa 21,ul
68543,SZKOŁA PODSTAWOWA NR 12 IM. KORNELA MAKUSZYŃSKIEGO W GORZOWIE WLKP.,2026,Gorzów Wielkopolski,ul. Dobra 16,Gorzów Wielkopolski,Dobra 16,ul
68544,SZKOŁA PODSTAWOWA NR 4 IM. HENRYKA SIENKIEWICZA W GORZOWIE WLKP.,2026,Gorzów Wielkopolski,ul. Kobylogórska 110,Gorzów Wielkopolski,Kobylogórska 110,ul
68549,"NIEPUBLICZNA SZKOŁA PODSTAWOWA W KARPACZU, SZKOŁA 707",2026,Karpacz,ul. Myśliwska 15,Karpacz,Myśliwska 15,ul
68561,SZKOŁA PODSTAWOWA IM. RATOWNIKÓW GÓRSKICH W KARPACZU,2026,Karpacz,ul. Konstytucji 3 Maja 48a,Karpacz,Konstytucji 3 Maja 48a,ul
68577,SZKOŁA PODSTAWOWA IM.PAMIĘCI OFIAR STUTTHOFU W SZTUTOWIE,2026,Sztutowo,ul. Szkolna 13,Sztutowo,Szkolna 13,ul
68587,SZKOŁA PODSTAWOWA IM. JANA PAWŁA II W MŚCISZEWICACH,2026,Mściszewice,ul. Szkolna 5,Mściszewice,Szkolna 5,ul
68597,SZKOŁA PODSTAWOWA IM. KAZIMIERZA WIELKIEGO W DOBIESZOWICACH,2026,Dobieszowice,ul. Kościuszki 32,Dobieszowice,Kościuszki 32,ul
68630,WALDORFSKA SZKOŁA PODSTAWOWA IM. JANUSZA KORCZAKA,2026,Kraków,ul. Kazimierza Wielkiego 33,Kraków,Kazimierza Wielkiego 33,ul
68634,SZKOŁA PODSTAWOWA,2026,Przybiernów,ul. Kościuszki 16,Przybiernów,Kościuszki 16,ul
68666,SZKOŁA PODSTAWOWA IM. JANA PAWŁA II W FILIPOWIE,2026,Filipów,ul. Marii Konopnickiej 6,Filipów,Konopnickiej 6,ul marii
68677,SZKOŁA PODSTAWOWA NR 1 IM. HELENY MARUSARZÓWNY W SZCZYRKU,2026,Szczyrk,ul. Szkolna 9,Szczyrk,Szkolna 9,ul
68686,SZKOŁA PODSTAWOWA IM. BOHATERÓW POWSTAŃ NARODOWYCH W SZUDZIAŁOWIE,2026,Szudziałowo,ul. Szkolna 1,Szudziałowo,Szkolna 1,ul
68709,PUBLICZNA SZKOŁA PODSTAWOWA IM W.B. GŁOWACKIEGO W BRZÓZIE,2026,Brzóza,ul. Aleja Lipowa 4,Brzóza,Aleja Lipowa 4,ul
68712,PUBLICZNA SZKOŁA PODSTAWOWA Z KLASAMI SPORTOWYMI IM. JANA KOCHANOWSKIEGO W WIENIAWIE,2026,Wieniawa,ul. Szkolna 6,Wieniawa,Szkolna 6,ul
68720,KATOLICKA SZKOŁA PODSTAWOWA IM. BŁ. KS. JERZEGO POPIEŁUSZKI W SIEDLCACH,2026,Siedlce,ul. Sokołowska 172,Siedlce,Sokołowska 172,ul
69079,SZKOŁA PODSTAWOWA NR 3 IM. JANA PAWŁA II W SIEMIATYCZACH,2026,Siemiatycze,ul. gen. Władysława Andersa 4,Siemiatycze,Andersa 4,ul gen władysława
69179,PUBLICZNA SZKOŁA PODSTAWOWA IM. ŚW. JADWIGI KRÓLOWEJ W RZEZAWIE,2026,Rzezawa,ul. Szkolna 11,Rzezawa,Szkolna 11,ul
69239,ZESPÓŁ SZKÓŁ W STERDYNI SZKOŁA PODSTAWOWA IM. ANIELI KRZYWOŃ,2026,Sterdyń,ul. Wojska Polskiego 17,Sterdyń,Wojska Polskiego 17,ul
69334,SZKOŁA PODSTAWOWA NR 4 IM. ZDOBYWCÓW KOSMOSU W KOSZALINIE,2026,Koszalin,ul. Podgórna 45,Koszalin,Podgórna 45,ul
69353,SZKOŁA PODSTAWOWA NR 2 W WOLBROMIU,2026,Wolbrom,ul. Pod Lasem 1,Wolbrom,Pod Lasem 1,ul
69391,PUBLICZNA SZKOŁA PODSTAWOWA IM. WŁADYSŁAWA STANISŁAWA REYMONTA W KOBIELACH WIELKICH,2026,Kobiele Wielkie,ul. Szkolna 4,Kobiele Wielkie,Szkolna 4,ul
69401,SZKOŁA PODSTAWOWA IM. ŚW. JANA PAWŁA II W MALCU,2026,Malec,ul. Świętojańska 1,Malec,Świętojańska 1,ul
69402,SZKOŁA PODSTAWOWA IM. WŁODZIMIERZA KORSAKA W JENINIE,2026,Jenin,ul. Lipowa 1,Jenin,Lipowa 1,ul
69403,SZKOŁA PODSTAWOWA IM. GEN. WŁADYSŁAWA SIKORSKIEGO W NOWEJ WSI,2026,Nowa Wieś,ul. Stanisława Konarskiego 4,Nowa Wieś,Konarskiego 4,ul stanisława
69404,SZKOŁA PODSTAWOWA IM. TADEUSZA KOŚCIUSZKI W BIELANACH,2026,Bielany,ul. Łęcka 2,Bielany,Łęcka 2,ul
69406,SZKOŁA PODSTAWOWA IM. TADEUSZA KOŚCIUSZKI W BULOWICACH,2026,Bulowice,ul. Bielska 59,Bulowice,Bielska 59,ul
69407,SZKOŁA PODSTAWOWA NR 1 IM. ŚW. JANA KANTEGO W KĘTACH,2026,Kęty,ul. Jana III Sobieskiego 6,Kęty,Jana III Sobieskiego 6,ul
69461,PUBLICZNA SZKOŁA PODSTAWOWA W WAŚNIOWIE,2026,Waśniów,ul. Kunowska 2,Waśniów,Kunowska 2,ul
69477,SZKOŁA PODSTAWOWA W BOJADŁACH IM. MIKOŁAJA KOPERNIKA,2026,Bojadła,ul. Szkolna 1,Bojadła,Szkolna 1,ul
69487,SZKOŁA PODSTAWOWA IM. WŁADYSŁAWA STANISŁAWA REYMONTA W ROKICINACH,2026,Rokiciny-Kolonia,ul. Henryka Sienkiewicza 17,Rokiciny-Kolonia,Sienkiewicza 17,ul henryka
69496,SZKOŁA PODSTAWOWA IM. MARII KONOPNICKIEJ W BULKOWIE,2026,Bulkowo-Kolonia,ul. Szkolna 2,Bulkowo-Kolonia,Szkolna 2,ul
69549,SZKOŁA PODSTAWOWA IM. KS. JÓZEFA PONIATOWSKIEGO W ŁADACH,2026,Dawidy Bankowe,ul. Długa 49,Dawidy Bankowe,Długa 49,ul
69769,SZKOŁA PODSTAWOWA IM.ORŁA BIAŁEGO W KOBYLANACH,2026,Kobylany,ul. Słoneczna 11,Kobylany,Słoneczna 11,ul
69793,SZKOŁA PODSTAWOWA W DŁUTOWIE PRZY ZESPOLE SZKOLNO- PRZEDSZKOLNYM W DŁUTOWIE,2026,Dłutów,ul. Główna 9,Dłutów,Główna 9,ul
69796,SZKOŁA PODSTAWOWA NR 1 IM. ADAMA MICKIEWICZA W KRZEPICACH,2026,Krzepice,ul. Mickiewicza 13/17,Krzepice,Mickiewicza 13/17,ul
69797,SZKOŁA PODSTAWOWA NR 2 IM. MARII SKŁODOWSKIEJ-CURIE W KRZEPICACH,2026,Krzepice,ul. Skłodowskiej 21,Krzepice,Skłodowskiej 21,ul
69800,SZKOŁA PODSTAWOWA IM. KORNELA MAKUSZYŃSKIEGO W ZAJĄCZKACH DRUGICH,2026,Zajączki Drugie,ul. Szkolna 2,Zajączki Drugie,Szkolna 2,ul
69832,SZKOŁA PODSTAWOWA NR 2 IM. BOHATERÓW MONTE CASSINO W KĘTACH,2026,Kęty,ul. Stanisława Wyspiańskiego 1,Kęty,Wyspiańskiego 1,ul stanisława
69833,SZKOŁA PODSTAWOWA NR 3 IM. BOHATERÓW WESTERPLATTE W KĘTACH,2026,Kęty,ul. Szkolna 3,Kęty,Szkolna 3,ul
69859,SZKOŁA PODSTAWOWA NR 1 IM. JÓZEFA WYBICKIEGO,2026,Rumia,ul. Kościelna 6,Rumia,Kościelna 6,ul
69867,SZKOŁA PODSTAWOWA W ŁĘKACH,2026,Łęki,ul. Akacjowa 28,Łęki,Akacjowa 28,ul
69868,SZKOŁA PODSTAWOWA IM. BRONISŁAWA OBARY W WITKOWICACH,2026,Witkowice,ul. Beskidzka 98,Witkowice,Beskidzka 98,ul
69872,SZKOŁA PODSTAWOWA NR 4 IM. ŚW. JADWIGI KRÓLOWEJ W MYŚLENICACH,2026,Myślenice,ul. Zdrojowa 16 A,Myślenice,Zdrojowa 16 A,ul
69889,SZKOŁA PODSTAWOWA NR 1 W OPOCZNIE IM. KORNELA MAKUSZYŃSKIEGO,2026,Opoczno,ul. Marii Curie-Skłodowskiej 5,Opoczno,Curie-Skłodowskiej 5,ul marii
69891,SZKOŁA PODSTAWOWA NR 2 Z ODDZIAŁAMI INTEGRACYJNYMI IM. KAZIMIERZA WIELKIEGO W OPOCZNIE,2026,Opoczno,ul. Inowłodzka 3,Opoczno,Inowłodzka 3,ul
69892,SZKOŁA PODSTAWOWA IM. MELCHIORA WAŃKOWICZA,2026,Jerka,ul. Szkolna 5,Jerka,Szkolna 5,ul
69894,SZKOŁA PODSTAWOWA IM. KS. ANTONIEGO PEPLIŃSKIEGO W STUDZIENICACH,2026,Studzienice,ul. Brzozowa 7,Studzienice,Brzozowa 7,ul
69896,SZKOŁA PODSTAWOWA NR 3 W OPOCZNIE IM. HENRYKA SIENKIEWICZA,2026,Opoczno,ul. Armii Krajowej 1,Opoczno,Armii Krajowej 1,ul
69908,SZKOŁA PODSTAWOWA NR 3 IM. JANA BRZECHWY W PILE,2026,Piła,ul. Brzozowa 4,Piła,Brzozowa 4,ul
69920,SZKOŁA PODSTAWOWA IM. ŚW. JANA PAWŁA II W POMYSKU WIELKIM,2026,Pomysk Wielki,ul. Gdańska 33,Pomysk Wielki,Gdańska 33,ul
69941,SZKOŁA PODSTAWOWA IM. KSIĘDZA JÓZEFA DALAKA W KLONOWEJ,2026,Klonowa,ul. Złoczewska 4,Klonowa,Złoczewska 4,ul
69949,UNIWERSYTECKA KATOLICKA SZKOŁA PODSTAWOWA,2026,Jaworzno,ul. Fryderyka Chopina 40,Jaworzno,Chopina 40,ul fryderyka
69950,SZKOŁA PODSTAWOWA IM. MARSZAŁKA JÓZEFA PIŁSUDSKIEGO W NIEZABYSZEWIE Z FILIĄ W REKOWIE,2026,Niezabyszewo,ul. Bytowska 10,Niezabyszewo,Bytowska 10,ul
69991,SZKOŁA PODSTAWOWA NR 2 Z ODDZIAŁAMI PRZEDSZKOLNYMI,2026,Ząbkowice Śląskie,ul. Piastowska 1,Ząbkowice Śląskie,Piastowska 1,ul
69998,SZKOŁA PODSTAWOWA IM. KSIĘDZA HENRYKA NOWACKIEGO W ADELINIE,2026,Zabrodzie,ul. Wł. St. Reymonta 47,Zabrodzie,Reymonta 47,ul wł st
70003,PUBLICZNA SZKOŁA PODSTAWOWA IM. JANA PAWŁA II W KLESZCZEWIE KOŚCIERSKIM,2026,Kleszczewo Kościerskie,ul. Skarszewska 19,Kleszczewo Kościerskie,Skarszewska 19,ul
70014,"SZKOŁA PODSTAWOWA IMIENIA TAJNEJ ORGANIZACJI WOJSKOWEJ ""GRYF POMORSKI"" W PÓŁCZNIE",2026,Półczno,ul. Szkolna 3,Półczno,Szkolna 3,ul
70034,SZKOŁA PODSTAWOWA NR 10 IM. ARMII KRAJOWEJ W CHRZANOWIE,2026,Chrzanów,ul. Kardynała Stefana Wyszyńskiego 19,Chrzanów,Wyszyńskiego 19,ul kardynała stefana
70046,SZKOŁA PODSTAWOWA IM. GENERAŁA STANISŁAWA MACZKA W BLIŻYNIE,2026,Bliżyn,ul. Piaskowa 6,Bliżyn,Piaskowa 6,ul
70062,SZKOŁA PODSTAWOWA IM. ŚW. JANA KANTEGO W LISZKACH,2026,Liszki,ul. Szkolna 50,Liszki,Szkolna 50,ul
70064,SZKOŁA PODSTAWOWA IM. JANA PAWŁA II W SZCZODRZYKOWIE,2026,Szczodrzykowo,ul. Ogrodowa 21,Szczodrzykowo,Ogrodowa 21,ul
70069,SZKOŁA PODSTAWOWA NR 3,2026,Ząbkowice Śląskie,ul. Władysława Orkana 32,Ząbkowice Śląskie,Orkana 32,ul władysława
70077,SZKOŁA PODSTAWOWA NR 2 IM. TEOFILI Z DZIAŁYŃSKICH SZOŁDRSKIEJ-POTULICKIEJ W KÓRNIKU,2026,Kórnik,ul. Armii Krajowej 11,Kórnik,Armii Krajowej 11,ul
70078,SZKOŁA PODSTAWOWA IM. ROMUALDA TRAUGUTTA W PUSTKOWIE ŻURAWSKIM,2026,Pustków Żurawski,ul. Kolejowa 46,Pustków Żurawski,Kolejowa 46,ul
70079,SZKOŁA PODSTAWOWA NR 1 IM. TYTUSA DZIAŁYŃSKIEGO W KÓRNIKU,2026,Kórnik,ul. Dworcowa 11,Kórnik,Dworcowa 11,ul
70080,SPOŁECZNA SZKOŁA PODSTAWOWA NR 4 PODLASKIEGO TOWARZYSTWA OŚWIATOWEGO W BIAŁYMSTOKU,2026,Białystok,ul. Dzielna 19,Białystok,Dzielna 19,ul
70088,SZKOŁA PODSTAWOWA IM. POLSKICH ODKRYWCÓW I PODRÓŻNIKÓW W KOBIERZYCACH,2026,Kobierzyce,ul. Parkowa 7,Kobierzyce,Parkowa 7,ul
70106,SZKOŁA PODSTAWOWA IM. POWSTAŃCÓW STYCZNIOWYCH 1863 R. W LUBOCHNI,2026,Lubochnia,ul. Łódzka 19,Lubochnia,Łódzka 19,ul
70143,SZKOŁA PODSTAWOWA IM. HENRYKA SIENKIEWICZA W KONOPISKACH,2026,Konopiska,ul. Sportowa 7,Konopiska,Sportowa 7,ul
70258,SZKOŁA PODSTAWOWA NR 13 IM. TRYBUNAŁU KORONNEGO W PIOTRKOWIE TRYBUNALSKIM,2026,Piotrków Trybunalski,ul. Romana Dmowskiego 11,Piotrków Trybunalski,Dmowskiego 11,ul romana
70276,SZKOŁA PODSTAWOWA SPOŁECZNEGO TOWARZYSTWA OŚWIATOWEGO,2026,Piła,ul. aleja Powstańców Wielkopolskich 83,Piła,aleja Powstańców Wielkopolskich 83,ul
70287,SZKOŁA PODSTAWOWA IM. BŁ. EDMUNDA BOJANOWSKIEGO W BOJANOWIE,2026,Bojanowo,ul. Lipowa 2,Bojanowo,Lipowa 2,ul
70293,SZKOŁA PODSTAWOWA IM. WOJCIECHA KĘTRZYŃSKIEGO W BANIACH MAZURSKICH,2026,Banie Mazurskie,ul. Konopnickiej 12,Banie Mazurskie,Konopnickiej 12,ul
70299,SZKOŁA PODSTAWOWA NR 7 IM. ADAMA MICKIEWICZA W JELENIEJ GÓRZE,2026,Jelenia Góra,ul. Sudecka 53,Jelenia Góra,Sudecka 53,ul
70319,SZKOŁA PODSTAWOWA IM.KPT.LEONIDA TELIGI W PORAJU 42-360 PORAJU UL.GÓRNICZA 18,2026,Poraj,ul. Górnicza 18,Poraj,Górnicza 18,ul
70322,SZKOŁA PODSTAWOWA IM.KORNELA MAKUSZYŃSKIEGO W SŁAWSKU,2026,Sławsk,ul. Okólna 3,Sławsk,Okólna 3,ul
70327,SZKOŁA PODSTAWOWA IM. KARDYNAŁA ADAMA STEFANA SAPIEHY W BOBRKU,2026,Bobrek,ul. Nadwiślańska 9,Bobrek,Nadwiślańska 9,ul
70343,SZKOŁA PODSTAWOWA W SKIBNIEWIE,2026,Skibniew-Podawce,ul. Szkolna 8,Skibniew-Podawce,Szkolna 8,ul
70349,SZKOŁA PODSTAWOWA W GROCHOWIE,2026,Grochów Szlachecki,ul. Władysława Rawicza 1,Grochów Szlachecki,Rawicza 1,ul władysława
70405,SZKOŁA PODSTAWOWA NR 1,2026,Ząbkowice Śląskie,ul. Krzywa 9,Ząbkowice Śląskie,Krzywa 9,ul
70435,SZKOŁA PODSTAWOWA NR 4 IM. ADAMA MICKIEWICZA W SIEDLCACH,2026,Siedlce,ul. 10 Lutego 18,Siedlce,Lutego 18,ul 10
70436,SZKOŁA PODSTAWOWA Z ODDZIAŁAMI INTEGRACYJNYMI NR 6 IM. WŁADYSŁAWA BRONIEWSKIEGO W SIEDLCACH,2026,Siedlce,ul. Henryka Sienkiewicza 49,Siedlce,Sienkiewicza 49,ul henryka
70439,SZKOŁA PODSTAWOWA NR 10 IM. KSIĘŻNEJ ALEKSANDRY OGIŃSKIEJ W SIEDLCACH,2026,Siedlce,ul. Mazurska 10,Siedlce,Mazurska 10,ul
70441,SZKOŁA PODSTAWOWA NR 11 IM. JANA PAWŁA II W SIEDLCACH,2026,Siedlce,ul. Wiśniowa 5,Siedlce,Wiśniowa 5,ul
70442,SZKOŁA PODSTAWOWA NR 12 IM. KORNELA MAKUSZYŃSKIEGO W SIEDLCACH,2026,Siedlce,ul. Unitów Podlaskich 16,Siedlce,Unitów Podlaskich 16,ul
70466,SZKOŁA PODSTAWOWA IM. KS. KAN. MARIANA LIPSKIEGO W OSUCHOWIE,2026,Osuchów,ul. Szkolna 1,Osuchów,Szkolna 1,ul
70474,PUBLICZNA SZKOŁA PODSTAWOWA IM. JANA PAWŁA II W KAMIEŃSKU,2026,Kamieńsk,ul. Sportowa 8,Kamieńsk,Sportowa 8,ul
70482,SZKOŁA PODSTAWOWA IM. JANA PAWŁA II NR 1 W PELPLINIE W ZESPOLE KSZTAŁCENIA I WYCHOWANIA NR 1 W PELPLINIE,2026,Pelplin,ul. Sambora 5a,Pelplin,Sambora 5a,ul
70485,SZKOŁA PODSTAWOWA NR 2 W PELPLINIE,2026,Pelplin,ul. Kościuszki 12a,Pelplin,Kościuszki 12a,ul
70487,SZKOŁA PODSTAWOWA W RAJKOWACH W ZESPOLE KSZTAŁCENIA I WYCHOWANIA W RAJKOWACH,2026,Rajkowy,ul. Jesionowa 6,Rajkowy,Jesionowa 6,ul
70489,SZKOŁA PODSTAWOWA W KULICACH W ZESPOLE KSZTAŁCENIA I WYCHOWANIA W KULICACH,2026,Kulice,ul. Szkolna 1,Kulice,Szkolna 1,ul
70490,SZKOŁA PODSTAWOWA W RUDNIE W ZESPOLE KSZTAŁCENIA I WYCHOWANIA W RUDNIE,2026,Rudno,ul. Szkolna 4,Rudno,Szkolna 4,ul
70521,SZKOŁA PODSTAWOWA IM. KOMISJI EDUKACJI NARODOWEJ,2026,Jedwabno,ul. Polna 1,Jedwabno,Polna 1,ul
70528,SZKOŁA PODSTAWOWA NR 1 IM. KOMISJI EDUKACJI NARODOWEJ W DĘBNIE,2026,Dębno,ul. Marszałka Józefa Piłsudskiego 10,Dębno,Piłsudskiego 10,ul marszałka józefa
70536,SZKOŁA PODSTAWOWA IM. WŁADYSŁAWA ST. REYMONTA W CYCHRACH,2026,Cychry,ul. Jana Pawła II 85,Cychry,Jana Pawła II 85,ul
70560,SZKOŁA PODSTAWOWA W NOWEJ WSI,2026,Nowa Wieś,ul. Szkolna 2,Nowa Wieś,Szkolna 2,ul
70594,PUBLICZNA SZKOŁA PODSTAWOWA IM.JÓZEFA ADAMOWSKIEGO W GORZĘDOWIE,2026,Gorzędów,ul. Józefa Adamowskiego 7,Gorzędów,Adamowskiego 7,ul józefa
70645,SZKOŁA PODSTAWOWA NR 3 IM. TADEUSZA KOŚCIUSZKI,2026,Głowno,ul. Karasicka 35,Głowno,Karasicka 35,ul
70651,SZKOŁA PODSTAWOWA W SIEROSZEWICACH,2026,Sieroszewice,ul. Szkolna 9,Sieroszewice,Szkolna 9,ul
70659,SZKOŁA PODSTAWOWA IM. JANA PAWŁA II W PAPROTNI,2026,Paprotnia,ul. Sochaczewska 10,Paprotnia,Sochaczewska 10,ul
70674,SZKOŁA PODSTAWOWA NR 38 W ZESPOLE SZKÓŁ SAMOCHODOWYCH I OGÓLNOKSZTAŁCĄCYCH W BIELSKU-BIAŁEJ,2026,Bielsko-Biała,ul. Filarowa 52,Bielsko-Biała,Filarowa 52,ul
70714,SZKOŁA PODSTAWOWA IM. MARYNARKI WOJENNEJ RP W OSTASZEWIE,2026,Ostaszewo,ul. Kościuszki 22,Ostaszewo,Kościuszki 22,ul
70716,SZKOŁA PODSTAWOWA NR 2 IM. ADAMA MICKIEWICZA W GŁOWNIE,2026,Głowno,ul. gen. Władysława Andersa 37,Głowno,Andersa 37,ul gen władysława
70720,SZKOŁA PODSTAWOWA W RADZIĄDZU,2026,Radziądz,ul. Szkolna 2,Radziądz,Szkolna 2,ul
70723,SZKOŁA PODSTAWOWA IM. BOLESŁAWA CHROBREGO W ŻMIGRODZIE,2026,Żmigród,ul. Henryka Sienkiewicza 6,Żmigród,Sienkiewicza 6,ul henryka
70726,PUBLICZNA SZKOŁA PODSTAWOWA W ZĘBOWICACH,2026,Zębowice,ul. Oleska 10,Zębowice,Oleska 10,ul
70743,SZKOŁA PODSTAWOWA NR 20 IM. MJRA HENRYKA SUCHARSKIEGO,2026,Włocławek,ul. Konstantego Ildefonsa Gałczyńskiego 9,Włocławek,Gałczyńskiego 9,ul konstantego ildefonsa
70744,SZKOŁA PODSTAWOWA NR 12 IM. WŁADYSŁAWA BRONIEWSKIEGO,2026,Włocławek,ul. Wiejska 29,Włocławek,Wiejska 29,ul
70754,SZKOŁA PODSTAWOWA W HENRYKOWIE,2026,Henryków,ul. Polna 9,Henryków,Polna 9,ul
70755,SZKOŁA PODSTAWOWA IM. JANA PAWŁA II W IWANOWICACH,2026,Iwanowice Włościańskie,ul. Jana Pawła II 3,Iwanowice Włościańskie,Jana Pawła II 3,ul
70758,SZKOŁA PODSTAWOWA NR 10 IM. 2 ARMII WOJSKA POLSKIEGO,2026,Włocławek,ul. Starodębska 21B,Włocławek,Starodębska 21B,ul
70778,SZKOŁA PODSTAWOWA IM. LEONA KĄKOLA W GRZYBNIE,2026,Grzybno,ul. Szkolna 12,Grzybno,Szkolna 12,ul
70780,SZKOŁA PODSTAWOWA IM. JANA PAWŁA II W PROKOWIE,2026,Prokowo,ul. Szkolna 1,Prokowo,Szkolna 1,ul
70781,SZKOŁA PODSTAWOWA W ŁAPALICACH,2026,Łapalice,ul. Szkolna 2,Łapalice,Szkolna 2,ul
70782,SZKOŁA PODSTAWOWA IM. JANA TREPCZYKA W MIRACHOWIE,2026,Mirachowo,ul. Szkolna 2,Mirachowo,Szkolna 2,ul
70806,SZKOŁA PODSTAWOWA IM. JANUSZA KORCZAKA W BYSŁAWIU,2026,Bysław,ul. Kwiatowa 9,Bysław,Kwiatowa 9,ul
70850,SZKOŁA PODSTAWOWA IM. MARII MORALEWICZ W DACHNOWIE,2026,Dachnów,ul. Jarosławska 2,Dachnów,Jarosławska 2,ul
70856,PUBLICZNA SZKOŁA PODSTAWOWA W KODRĘBIE,2026,Kodrąb,ul. Leśna 2,Kodrąb,Leśna 2,ul
70893,PUBLICZNA SZKOŁA PODSTAWOWA W CZARNEJ WODZIE,2026,Czarna Woda,ul. Mickiewicza 5,Czarna Woda,Mickiewicza 5,ul
70903,"SZKOŁA PODSTAWOWA ""POD LIPAMI"" W KROSINKU",2026,Krosinko,ul. Wiejska 43,Krosinko,Wiejska 43,ul
70910,SZKOŁA PODSTAWOWA NR 36 Z ODDZIAŁAMI INTEGRACYJNYMI W ZESPOLE SZKÓŁ OGÓLNOKSZTAŁCĄCYCH IM. ARMII KRAJOWEJ W BIELSKU-BIAŁEJ,2026,Bielsko-Biała,ul. Sternicza 4,Bielsko-Biała,Sternicza 4,ul
70925,PUBLICZNA SZKOŁA PODSTAWOWA IM. KARDYNAŁA STEFANA WYSZYŃSKIEGO W GOCŁAWIU,2026,Gocław,ul. Szkolna 2,Gocław,Szkolna 2,ul
70938,SZKOŁA PODSTAWOWA NR 6 IM. JANINY MAJKOWSKIEJ W SIERADZU,2026,Sieradz,ul. Uniejowska 199,Sieradz,Uniejowska 199,ul
70943,SZKOŁA PODSTAWOWA NR 4 IM. MARII KONOPNICKIEJ W SIERADZU,2026,Sieradz,ul. Ks. Apolinarego Leśniewskiego 18,Sieradz,Leśniewskiego 18,ul ks apolinarego
70945,SZKOŁA PODSTAWOWA NR 1 IM. KS. PRAŁATA JÓZEFA BIGUSA W BANINIE,2026,Banino,ul. Tuchomska 15,Banino,Tuchomska 15,ul
70973,SZKOŁA PODSTAWOWA IM. OBROŃCÓW OJCZYZNY W NOWYM MISZEWIE W ZESPOLE PLACÓWEK OŚWIATOWYCH W NOWYM MISZEWIE,2026,Nowe Miszewo,ul. Szkolna 2,Nowe Miszewo,Szkolna 2,ul
71030,SZKOŁA PODSTAWOWA NR 4 IM. W. BRONIEWSKIEGO W WADOWICACH,2026,Wadowice,ul. Słowackiego 2,Wadowice,Słowackiego 2,ul
71031,SZKOŁA PODSTAWOWA IM. WŁADYSŁAWA BARTKOWIAKA W JUTROSINIE,2026,Jutrosin,ul. Wrocławska 27,Jutrosin,Wrocławska 27,ul
71144,SZKOŁA PODSTAWOWA NR 22 IM. A.T. DZIAŁYŃSKIEGO W POZNANIU,2026,Poznań,ul. Hangarowa 14,Poznań,Hangarowa 14,ul
71147,SZKOŁA PODSTAWOWA NR 69 IM.JAROGNIEWA DRWĘSKIEGO SZKOŁA MISTRZOSTWA SPORTOWEGO W POZNANIU,2026,Poznań,ul. Kazimierza Jarochowskiego 62,Poznań,Jarochowskiego 62,ul kazimierza
71186,SZKOŁA PODSTAWOWA IM. KRÓLA STEFANA BATOREGO W SZCZAWINIE,2026,Szczawin,ul. Kościelna 21,Szczawin,Kościelna 21,ul
71222,SZKOŁA PODSTAWOWA W BARCIANACH IM. STRAŻY GRANICZNEJ W BARCIANACH,2026,Barciany,ul. Nowa 1A,Barciany,Nowa 1A,ul
71316,SZKOŁA PODSTAWOWA W WIELOWSI,2026,Wielowieś,ul. Grabowska 2,Wielowieś,Grabowska 2,ul
71366,PUBLICZNA SZKOŁA PODSTAWOWA NR 1 IM. BOLESŁAWA CHROBREGO W RADOMSKU,2026,Radomsko,ul. Piastowska 17,Radomsko,Piastowska 17,ul
71368,PUBLICZNA SZKOŁA PODSTAWOWA NR 4 IM. WŁADYSŁAWA STANISŁAWA REYMONTA W RADOMSKU,2026,Radomsko,ul. Szkolna 4,Radomsko,Szkolna 4,ul
71369,PUBLICZNA SZKOŁA PODSTAWOWA NR 6 IM. WŁADYSŁAWA BRONIEWSKIEGO W RADOMSKU,2026,Radomsko,ul. Świętej Jadwigi Królowej 20,Radomsko,Jadwigi Królowej 20,ul świętej
71370,PUBLICZNA SZKOŁA PODSTAWOWA NR 7 IM. ROMUALDA TRAUGUTTA W RADOMSKU,2026,Radomsko,ul. 11 Listopada 16,Radomsko,Listopada 16,ul 11
71371,PUBLICZNA SZKOŁA PODSTAWOWA NR 9 IM. HENRYKA SIENKIEWICZA,2026,Radomsko,ul. Rolna 65,Radomsko,Rolna 65,ul
71372,PUBLICZNA SZKOŁA PODSTAWOWA NR 10 IM. KORNELA MAKUSZYŃSKIEGO W RADOMSKU,2026,Radomsko,ul. Makuszyńskiego 25,Radomsko,Makuszyńskiego 25,ul
71421,SZKOŁA PODSTAWOWA NR 30 SPECJALNA IM. BŁOGOSŁAWIONEGO EDMUNDA BOJANOWSKIEGO W BIAŁYMSTOKU,2026,Białystok,ul. Orla 4,Białystok,Orla 4,ul
71511,SZKOŁA PODSTAWOWA NR2 IM.OBROŃCÓW WARSZAWY,2026,Ożarów Mazowiecki,ul. Lipowa 11,Ożarów Mazowiecki,Lipowa 11,ul
71570,SZKOŁA PODSTAWOWA IM. JANA PAWŁA II,2026,Trzebiechów,ul. Parkowa 4,Trzebiechów,Parkowa 4,ul
71573,SZKOŁA PODSTAWOWA IM.KAZIMIERZA WIELKIEGO W JASTRZĘBIU,2026,Jastrząb,ul. Mickiewicza 1,Jastrząb,Mickiewicza 1,ul
71650,SZKOŁA PODSTAWOWA IM. KS. STEFANA JONIAKA W NIEGOWONICACH,2026,Niegowonice,ul. Szkolna 11,Niegowonice,Szkolna 11,ul
71688,SZKOŁA PODSTAWOWA NR 29 IM. JANA LISZEWSKIEGO W OLSZTYNIE,2026,Olsztyn,ul. Jarosława Iwaszkiewicza 44,Olsztyn,Iwaszkiewicza 44,ul jarosława
71690,SZKOŁA PODSTAWOWA NR 34 IM. JÓZEFA MALEWSKIEGO W OLSZTYNIE,2026,Olsztyn,ul. Johanna Gottfrieda Herdera 3,Olsztyn,Herdera 3,ul johanna gottfrieda
71703,SZKOŁA PODSTAWOWA NR 1 IM. TADEUSZA KOŚCIUSZKI W ŁOWICZU,2026,Łowicz,ul. Kaliska 12,Łowicz,Kaliska 12,ul
71704,SZKOŁA PODSTAWOWA NR 4 IM. MARII KONOPNICKIEJ W ŁOWICZU,2026,Łowicz,ul. Stanisława Stanisławskiego 31a,Łowicz,Stanisławskiego 31a,ul stanisława
71778,SZKOŁA PODSTAWOWA IM. KAROLA MIARKI W ZABORZU,2026,Zaborze,ul. Miarki 7,Zaborze,Miarki 7,ul
71784,ZESPÓŁ SZKOLNO-PRZEDSZKOLNY PUBLICZNA SZKOŁA PODSTAWOWA IM. 100- LECIA ODZYSKANIA NIEPODLEGŁOŚCI W STRZEGOMIU,2026,Strzegomek,ul. Wacława Dąbrówki 3,Strzegomek,Dąbrówki 3,ul wacława
71860,SZKOŁA PODSTAWOWA IM. MARII SKŁODOWSKIEJ-CURIE W PAKOSŁAWIU,2026,Pakosław,ul. Parkowa 15,Pakosław,Parkowa 15,ul
71958,BRITISH INTERNATIONAL SCHOOL GDAŃSK - SZKOLA PODSTAWOWA,2026,Gdańsk,ul. Tysiąclecia 29,Gdańsk,Tysiąclecia 29,ul
71959,SZKOŁA PODSTAWOWA IM. A.FREDRY W KORCZYNIE,2026,Korczyna,ul. Aleksandra Fredry 2,Korczyna,Fredry 2,ul aleksandra
72004,SZKOŁA PODSTAWOWA IM. POLSKI NIEPODLEGŁEJ W BYCHAWIE,2026,Bychawa,ul. Szkolna 8,Bychawa,Szkolna 8,ul
72054,SZKOŁA PODSTAWOWA Z ODDZIAŁAMI INTEGRACYJNYMI IM. LEONIDA TELIGI W PYRZYCACH,2026,Pyrzyce,ul. Poznańska 2,Pyrzyce,Poznańska 2,ul
72073,SZKOŁA PODSTAWOWA NR 159 SIÓSTR URSZULANEK UNII RZYMSKIEJ W KRAKOWIE,2026,Kraków,ul. Starowiślna 3,Kraków,Starowiślna 3,ul
72105,SZKOŁA PODSTAWOWA IM. MARSZAŁKA JÓZEFA PIŁSUDSKIEGO,2026,Święcice,ul. Poznańska 541,Święcice,Poznańska 541,ul
72217,ŹRÓDŁO - SZKOŁA PODSTAWOWA FUNDACJI STERNIK - KRAKÓW,2026,Kraków,ul. Eliasza Radzikowskiego 52,Kraków,Radzikowskiego 52,ul eliasza
72226,SZKOŁA PODSTAWOWA W ZESPOLE SZKÓŁ IM. WŁADYSŁAWA JAGIEŁŁY W KURZĘTNIKU,2026,Kurzętnik,ul. Grunwaldzka 37,Kurzętnik,Grunwaldzka 37,ul
72300,PUBLICZNA SZKOŁA PODSTAWOWA NR 29 Z ODDZIAŁAMI INTEGRACYJNYMI IM.WŁADYSŁAWA BRONIEWSKIEGO W RADOMIU,2026,Radom,ul. Ceglana 14,Radom,Ceglana 14,ul
72301,PUBLICZNA SZKOŁA PODSTAWOWA NR 31 IM. KARDYNAŁA STEFANA WYSZYŃSKIEGO W RADOMIU,2026,Radom,ul. Biała 6,Radom,Biała 6,ul
72302,SZKOŁA PODSTAWOWA IM. MAKSYMILIANA WILANDTA W DARZLUBIU,2026,Darzlubie,ul. Pucka 74,Darzlubie,Pucka 74,ul
72307,SZKOŁA PODSTAWOWA IM. JÓZEFA PAWLIKA W CZARNYM BORZE,2026,Czarny Bór,ul. Sportowa 44,Czarny Bór,Sportowa 44,ul
72319,PUBLICZNA SZKOŁA PODSTAWOWA W BODZANOWICACH,2026,Bodzanowice,ul. Szkolna 1,Bodzanowice,Szkolna 1,ul
72320,PUBLICZNA SZKOŁA PODSTAWOWA W BORKACH WIELKICH,2026,Borki Wielkie,ul. Młyńska 8,Borki Wielkie,Młyńska 8,ul
72338,SZKOŁA PODSTAWOWA IM. POETÓW DOLINY WILKOWSKIEJ W ŚWIĘTEJ KATARZYNIE,2026,Święta Katarzyna,ul. Kielecka 45,Święta Katarzyna,Kielecka 45,ul
72391,PUBLICZNA SZKOŁA PODSTAWOWA NR 16 IM. JANA PAWŁA II W KĘDZIERZYNIE-KOŹLU,2026,Kędzierzyn-Koźle,ul. Sławięcicka 96,Kędzierzyn-Koźle,Sławięcicka 96,ul
72392,SZKOŁA PODSTAWOWA NR 49 IM. J.KUSOCIŃSKIEGO,2026,Częstochowa,ul. Jesienna 42,Częstochowa,Jesienna 42,ul
72393,SZKOŁA PODSTAWOWA NR 50 IM. GEN. W.SIKORSKIEGO,2026,Częstochowa,ul. Stefana Starzyńskiego 10,Częstochowa,Starzyńskiego 10,ul stefana
72418,SZKOŁA PODSTAWOWA NR 5 IM. MARII SKŁODOWSKIEJ-CURIE W ZGORZELCU,2026,Zgorzelec,ul. Bolesława Prusa 17,Zgorzelec,Prusa 17,ul bolesława
72437,SZKOŁA PODSTAWOWA IM.POKOJU 42-311 ŻARKI LETNISKO UL.SZKOLNA 20,2026,Żarki-Letnisko,ul. Szkolna 20,Żarki-Letnisko,Szkolna 20,ul
72524,PRYWATNA LINGWISTYCZNA SZKOŁA PODSTAWOWA,2026,Częstochowa,ul. prof. Kazimierza Michałowskiego 4,Częstochowa,Michałowskiego 4,ul prof kazimierza
72542,SKRZYDŁA SZKOLA PODSTAWOWA FUNDACJI STERNIK-POZNAŃ,2026,Poznań,ul. Borówki 10,Poznań,Borówki 10,ul
72605,SZKOŁA PODSTAWOWA SPORTOWA NR 6 IM. POLSKICH OLIMPIJCZYKÓW W EŁKU W ZESPOLE SZKÓŁ SPORTOWYCH W EŁKU,2026,Ełk,ul. Suwalska 15,Ełk,Suwalska 15,ul
72632,SPOŁECZNA SZKOŁA PODSTAWOWA NR 4 SPOŁECZNEGO TOWARZYSTWA OŚWIATOWEGO IM. PROF. ADAMA WODZICZKI,2026,Poznań,os. Oświecenia 64,Poznań,Oświecenia 64,os
72648,SZKOŁA PODSTAWOWA IM. H. SIENKIEWICZA W KOŃSKOWOLI,2026,Końskowola,ul. Lubelska 81,Końskowola,Lubelska 81,ul
72654,PUBLICZNA SZKOŁA PODSTAWOWA W LUBECKU,2022,Lubecko,ul. Lipska 21,Lubecko,21,ul lipska
72657,PUBLICZNA SZKOŁA PODSTAWOWA W KOCHANOWICACH,2026,Kochanowice,ul. Szkolna 1,Kochanowice,Szkolna 1,ul
72659,SZKOŁA PODSTAWOWA IM. KARDYNAŁA STEFANA WYSZYŃSKIEGO W RYGLICACH,2026,Ryglice,ul. Tarnowska 25,Ryglice,Tarnowska 25,ul
72680,SZKOŁA PODSTAWOWA IM. POWSTAŃCÓW ŚLĄSKICH W KAMIENICY,2026,Kamienica,ul. Częstochowska 42,Kamienica,Częstochowska 42,ul
72685,SPOŁECZNA SZKOŁA PODSTAWOWA NR 1 IM. ŚW. URSZULI LEDÓCHOWSKIEJ W POZNANIU STO,2026,Poznań,ul. Grunwaldzka 154,Poznań,Grunwaldzka 154,ul
72688,SZKOŁA PODSTAWOWA Z ODDZIAŁAMI SPORTOWYMI IM. JÓZEFA LOMPY W WOŹNIKACH,2026,Woźniki,ul. Powstańców 7,Woźniki,Powstańców 7,ul
72720,SZKOŁA PODSTAWOWA NR 2 IM. KRÓLA KAZIMIERZA WIELKIEGO W BĘDZINIE,2026,Będzin,ul. Wolności 51,Będzin,Wolności 51,ul
72734,PUBLICZNA SZKOŁA PODSTAWOWA W CHOTKOWIE,2026,Chotków,ul. Kożuchowska 68,Chotków,Kożuchowska 68,ul
72746,SZKOŁA PODSTAWOWA IM. T. KOŚCIUSZKI W KIERNOZI,2026,Kiernozia,ul. Ogrodowa 4B,Kiernozia,Ogrodowa 4B,ul
72748,SZKOŁA PODSTAWOWA NR 2 IM. KORNELA MAKUSZYŃSKIEGO,2026,Wronki,ul. Poznańska 46,Wronki,Poznańska 46,ul
72754,SZKOŁA PODSTAWOWA IM. JANUSZA KUSOCIŃSKIEGO W LASKOWICACH,2026,Laskowice,ul. Szkolna 6,Laskowice,Szkolna 6,ul
72756,PUBLICZNA SZKOŁA PODSTAWOWA IM. ŻOŁNIERZY I ARMII WOJSKA POLSKIEGO W KOŁACZYCACH,2026,Kołaczyce,ul. Szkolna 7,Kołaczyce,Szkolna 7,ul
72766,SZKOŁA PODSTAWOWA W ROSOSZYCY,2026,Rososzyca,ul. Kaliska 3,Rososzyca,Kaliska 3,ul
72787,SZKOŁA PODSTAWOWA NR 1 IM. POLSKICH ŻOŁNIERZY WRZEŚNIA 1939 R.,2026,Pieńsk,ul. Szkolna 1,Pieńsk,Szkolna 1,ul
72790,SZKOŁA PODSTAWOWA W DZIĘGIELOWIE,2026,Dzięgielów,ul. Cieszyńska 4,Dzięgielów,Cieszyńska 4,ul
72791,SZKOŁA PODSTWAWOWA IM. PAWŁA STALMACHA W BAŻANOWICACH,2026,Bażanowice,ul. Szkolna 1,Bażanowice,Szkolna 1,ul
72792,SZKOŁA PODSTAWOWA IM. JURY GAJDZICY W CISOWNICY,2026,Cisownica,ul. Cisowa 79,Cisownica,Cisowa 79,ul
72798,SZKOŁA PODSTAWOWA W KIJACH,2026,Kije,ul. Szkolna 21,Kije,Szkolna 21,ul
72807,SZKOŁA PODSTAWOWA NR 4,2026,Wodzisław Śląski,ul. Górnicza 7,Wodzisław Śląski,Górnicza 7,ul
72808,SZKOŁA PODSTAWOWA NR 1 IM. MARII SKŁODOWSKIEJ-CURIE,2026,Wodzisław Śląski,ul. Wałowa 5,Wodzisław Śląski,Wałowa 5,ul
72810,SZKOŁA PODSTAWOWA NR 3 IM. JANA PAWŁA II,2026,Wodzisław Śląski,ul. 26 Marca 9,Wodzisław Śląski,Marca 9,ul 26
72814,SZKOŁA PODSTAWOWA NR 17 IM. KS. KARD. BOLESŁAWA KOMINKA,2026,Wodzisław Śląski,ul. Marii Skłodowskiej-Curie 3,Wodzisław Śląski,Skłodowskiej-Curie 3,ul marii
72847,SZKOŁA PODSTAWOWA SPECJALNA W ZESPOLE SZKÓŁ SPECJALNYCH IM. KAWALERÓW MALTAŃSKICH W ZABORZE PRZY CENTRUM LECZENIA DZIECI I MŁODZIEŻY,2026,Zabór,ul. Zamkowa 1,Zabór,Zamkowa 1,ul
72855,SZKOŁA PODSTAWOWA TAK IMIENIA IRENY SENDLEROWEJ,2026,Opole,ul. Norberta Barlickiego 5,Opole,Barlickiego 5,ul norberta
72873,SZKOŁA PODSTAWOWA W KOPALNI,2026,Kopalnia,ul. Szkolna 2,Kopalnia,Szkolna 2,ul
72894,SZKOŁA PODSTAWOWA NR1 IM. JANUSZA KUSOCINSKIEGO,2026,Ożarów Mazowiecki,ul. Szkolna 2,Ożarów Mazowiecki,Szkolna 2,ul
72914,SZKOŁA PODSTAWOWA NR 3 IM. KORNELA MAKUSZYŃSKIEGO W BĘDZINIE,2026,Będzin,ul. Hugona Kołłątaja 63,Będzin,Kołłątaja 63,ul hugona
72925,SZKOŁA PODSTAWOWA IM. ARKADEGO FIEDLERA W NOWEJ WSI,2026,Nowa Wieś,ul. Szkolna 5,Nowa Wieś,Szkolna 5,ul
72936,SZKOŁA PODSTAWOWA W BROJCACH,2026,Brojce,ul. Długa 19,Brojce,Długa 19,ul
72954,SZKOŁA PODSTAWOWA IM. JANUSZA KORCZAKA W OLESZNEJ,2026,Oleszna,ul. Ślężna 1,Oleszna,Ślężna 1,ul
72966,SZKOŁA PODSTAWOWA NR 9 IM. JANA PAWŁA II W EŁKU,2026,Ełk,"ul. mjr. Jana Piwnika ""Ponurego"" 1",Ełk,"Piwnika ""Ponurego"" 1",ul mjr jana
72996,SZKOŁA PODSTAWOWA NR 4 IM. PROF. WŁADYSŁAWA SZAFERA W EŁKU,2026,Ełk,ul. prof. Władysława Szafera 2,Ełk,Szafera 2,ul prof władysława
73003,PUBLICZNA SZKOŁA PODSTAWOWA IM. ZIEMI KUJAWSKIEJ W DOBREM,2026,Dobre,ul. Szkolna 9,Dobre,Szkolna 9,ul
73015,SZKOŁA PODSTAWOWA W PRZECIESZYNIE,2026,Przecieszyn,ul. Wyzwolenia 54a,Przecieszyn,Wyzwolenia 54a,ul
73020,"SZKOŁA PODSTAWOWA NR 2 IM. DANUTY SIEDZIKÓWNY ""INKI"" W EŁKU",2026,Ełk,ul. Jana i Hieronima Małeckich 1,Ełk,Małeckich 1,ul jana i hieronima
73077,SZKOŁA PODSTAWOWA NR 9 IM. MIKOŁAJA KOPERNIKA W DZIERŻONIOWIE,2026,Dzierżoniów,ul. Mikołaja Kopernika 7,Dzierżoniów,Kopernika 7,ul mikołaja
73093,PUBLICZNA SZKOŁA PODSTAWOWA NR 32 IM. MARSZAŁKA JÓZEFA PIŁSUDSKIEGO W RADOMIU,2026,Radom,ul. Prospera Jarzyńskiego 3,Radom,Jarzyńskiego 3,ul prospera
73113,SZKOŁA PODSTAWOWA IM. JANA WYŻYKOWSKIEGO W KROTOSZYCACH,2026,Krotoszyce,ul. Piastowska 41,Krotoszyce,Piastowska 41,ul
73137,SZKOŁA PODSTAWOWA NR 9 IM. KPT. Ż. W.K. O. BORCHARDTA,2026,Rumia,ul. Stoczniowców 6,Rumia,Stoczniowców 6,ul
73140,ZESPÓŁ SZKOLNO-PRZEDSZKOLNY W TŁUCZANI-SZKOŁA PODSTAWOWA IM.HENRYKA SIENKIEWICZA W TŁUCZANI,2026,Tłuczań,ul. Szkolna 9,Tłuczań,Szkolna 9,ul
73153,SZKOŁA PODSTAWOWA NR 10 Z ODDZIAŁAMI INTEGRACYJNYMI IM. OLIMPIJCZYKÓW POLSKICH W SUWAŁKACH,2026,Suwałki,ul. Jerzego Antoniewicza 5,Suwałki,Antoniewicza 5,ul jerzego
73167,PRYWATNA SZKOŁA PODSTAWOWA NR 72 SZKOŁA MARZEŃ,2026,Piaseczno,ul. Zielona 14,Piaseczno,Zielona 14,ul
73175,SZKOŁA PODSTAWOWA IM. POR. STEFANA RYSMANNA W BRONIKOWIE,2026,Bronikowo,ul. Morownicka 26,Bronikowo,Morownicka 26,ul
73196,SZKOŁA PODSTAWOWA IM. OSKARA KOLBERGA W KARNIEWIE,2026,Karniewo,ul. Szkolna 9,Karniewo,Szkolna 9,ul
73211,KATOLICKA SZKOŁA PODSTAWOWA IM. JANA PAWŁA II,2026,Szczecin,ul. Skalista 24,Szczecin,Skalista 24,ul
73225,SZKOŁA PODSTAWOWA IM.ORLĄT LWOWSKICH W BRZOZÓWCE,2026,Brzozówka,ul. Tarnowska 36,Brzozówka,Tarnowska 36,ul
73277,SZKOŁA PODSTAWOWA NR 1 IM. TADEUSZA KOŚCIUSZKI,2026,Barlinek,ul. Jeziorna 12,Barlinek,Jeziorna 12,ul
73297,SZKOŁA PODSTAWOWA NR 3 IM. MJRA HENRYKA SUCHARSKIEGO,2026,Sępólno Krajeńskie,ul. Szkolna 1,Sępólno Krajeńskie,Szkolna 1,ul
73314,PUBLICZNA SZKOŁA PODSTAWOWA W ŁANACH,2026,Łany,ul. Główna 98a,Łany,Główna 98a,ul
73478,PUBLICZNA SZKOŁA PODSTAWOWA W NAKLE,2026,Nakło,ul. Strzelecka 49,Nakło,Strzelecka 49,ul
73489,PUBLICZNA SZKOŁA PODSTAWOWA NR 33 IM. KAWALERÓW ORDERU UŚMIECHU W RADOMIU,2026,Radom,ul. Oskara Kolberga 5,Radom,Kolberga 5,ul oskara
73495,PUBLICZNA SZKOŁA PODSTAWOWA IM. MIKOŁAJA KOPERNIKA W TARNOWIE OPOLSKIM,2026,Tarnów Opolski,ul. Kopernika 10,Tarnów Opolski,Kopernika 10,ul
73496,SZKOŁA PODSTAWOWA W PRZEROŚLI,2026,Przerośl,ul. Dworna 5,Przerośl,Dworna 5,ul
73510,SZKOŁA PODSTAWOWA IM. FRANCISZKA KARPIŃSKIEGO W ZABŁUDOWIE,2026,Zabłudów,ul. Adama Mickiewicza 20,Zabłudów,Mickiewicza 20,ul adama
73515,SZKOŁA PODSTAWOWA IM. JANA PAWŁA II W WILCZEJ WOLI,2026,Wilcza Wola,ul. Rzeszowska 1,Wilcza Wola,Rzeszowska 1,ul
73523,PUBLICZNA SZKOŁA PODSTAWOWA W KĄTACH OPOLSKICH,2026,Kąty Opolskie,ul. Szkolna 8,Kąty Opolskie,Szkolna 8,ul
73545,SZKOŁA PODSTAWOWA NR 9 IM. NOBLISTÓW POLSKICH W BĘDZINIE,2026,Będzin,ul. Jedności 38,Będzin,Jedności 38,ul
73659,SZCZECIN INTERNATIONAL SCHOOL - SZKOŁA PODSTAWOWA,2026,Szczecin,"ul. bł. Królowej Jadwigi 27,28",Szczecin,"Jadwigi 27,28",ul bł królowej
73702,PUBLICZNA SZKOŁA PODSTAWOWA NR 34 W RADOMIU,2026,Radom,ul. Miła 18,Radom,Miła 18,ul
73710,PRYWATNA SZKOŁA PODSTAWOWA LEONARDA PIWONI,2026,Szczecin,ul. ks. Piotra Skargi 23,Szczecin,Skargi 23,ul ks piotra
73729,SZKOŁA PODSTAWOWA IM. JULIUSZA SŁOWACKIEGO W LGOCIE,2026,Lgota,ul. Szkolna 1,Lgota,Szkolna 1,ul
73745,SZKOŁA PODSTAWOWA IM. MARII KONOPNICKIEJ W ROGOWIE SOBÓCKIM,2026,Rogów Sobócki,ul. Szkolna 7,Rogów Sobócki,Szkolna 7,ul
73750,SZKOŁA PODSTAWOWA IM. JANA PAWŁA II W ZABAWIE,2026,Zabawa,ul. Szkolna 31,Zabawa,Szkolna 31,ul
73767,SZKOŁA PODSTAWOWA IM. LOTNIKÓW POLSKICH W MARCINOWICACH,2026,Marcinowice,ul. Kolejowa 18,Marcinowice,Kolejowa 18,ul
73860,SZKOŁA PODSTAWOWA IM E. SZELBURG-ZAREMBINY,2026,Skidziń,ul. Oświęcimska 39,Skidziń,Oświęcimska 39,ul
73865,SZKOŁA PODSTAWOWA W KWIATKOWICACH,2026,Kwiatkowice,ul. Szkolna 17,Kwiatkowice,Szkolna 17,ul
73869,"PRYWATNA SZKOŁA PODSTAWOWA ""SCHERZO""",2026,Kraków,ul. Grzegorza Korzeniaka 14,Kraków,Korzeniaka 14,ul grzegorza
73930,PUBLICZNA SZKOŁA PODSTAWOWA IM. MARSZAŁKA JÓZEFA PIŁSUDSKIEGO W BOBROWNIKACH,2026,Bobrowniki,ul. Rynek 1,Bobrowniki,Rynek 1,ul
73969,SZKOŁA PODSTAWOWA NR 9 IM. MIKOŁAJA KOPERNIKA W KOSZALINIE,2026,Koszalin,ul. Powstańców Wielkopolskich 23,Koszalin,Powstańców Wielkopolskich 23,ul
73975,SZKOŁA PODSTAWOWA NR 10 IM. STEFANA ŻEROMSKIEGO W KOSZALINIE,2026,Koszalin,ul. Fryderyka Chopina 42,Koszalin,Chopina 42,ul fryderyka
73976,SZKOŁA PODSTAWOWA NR 13 IM. JANA BRZECHWY W KOSZALINIE,2026,Koszalin,ul. Rzemieślnicza 9,Koszalin,Rzemieślnicza 9,ul
73982,SZKOŁA PODSTAWOWA NR 2 W GŁOGOWIE MAŁOPOLSKIM,2026,Głogów Małopolski,ul. Stykowska 91,Głogów Małopolski,Stykowska 91,ul
73997,SZKOŁA PODSTAWOWA IM.ARMII KRAJOWEJ W CHARZYNIE,2026,Charzyno,ul. Wojska Polskiego 11,Charzyno,Wojska Polskiego 11,ul
74050,KATOLICKA SZKOŁA PODSTAWOWA IM. ŚW. JANA PAWŁA II W KOSZALINIE,2026,Koszalin,ul. Stanisława Staszica 38,Koszalin,Staszica 38,ul stanisława
74118,"SZKOŁA PODSTAWOWA IM. TAJNEJ ORGANIZACJI WOJSKOWEJ ""GRYF POMORSKI"" W MIECHUCINIE",2026,Miechucino,ul. Szkolna 1,Miechucino,Szkolna 1,ul
74122,SZKOŁA PODSTAWOWA NR 1 IM. HENRYKA SIENKIEWICZA,2026,Szczawnica,ul. Główna 12,Szczawnica,Główna 12,ul
74149,SZKOŁA PODSTAWOWA NR 1 IM. MARII KONOPNICKIEJ W BLACHOWNI,2026,Blachownia,ul. Henryka Sienkiewicza 8,Blachownia,Sienkiewicza 8,ul henryka
74181,SZKOŁA PODSTAWOWA IM. POWSTAŃCÓW WIELKOPOLSKICH W OSIECZNEJ,2026,Osieczna,ul. Kopernika 1,Osieczna,Kopernika 1,ul
74185,SZKOŁA PODSTAWOWA IM. POWSTAŃCÓW WIELKOPOLSKICH KĄKOLEWO,2026,Kąkolewo,ul. Krzywińska 14,Kąkolewo,Krzywińska 14,ul
74214,SZKOŁA PODSTAWOWA IMIENIA MARII ZIENTARY MALEWSKIEJ W SPYCHOWIE,2026,Spychowo,ul. Mazurska 5,Spychowo,Mazurska 5,ul
74223,SZKOŁA PODSTAWOWA IMIENIA IGNACEGO KRASICKIEGO W ŚWIĘTAJNIE,2026,Świętajno,ul. Młodzieżowa 2,Świętajno,Młodzieżowa 2,ul
74264,SZKOŁA PODSTAWOWA IM. ONUFREGO KOPCZYŃSKIEGO W CZERNIEJEWIE,2026,Czerniejewo,ul. Szkolna 3,Czerniejewo,Szkolna 3,ul
74295,SZKOŁA PODSTAWOWA IM. GUSTAWA ZIELIŃSKIEGO W SKĘPEM,2026,Skępe,ul. Al. 1 Maja 89,Skępe,Al. 1 Maja 89,ul
74307,"PUBLICZNA SZKOŁA PODSTAWOWA IM. ""BOLESŁAWA KRZYWOUSTEGO"" W WOLINIE",2026,Wolin,ul. Spokojna 1,Wolin,Spokojna 1,ul
74322,SZKOŁA PODSTAWOWA IM.KADM.WŁ.STEYERA W KROKOWEJ,2026,Krokowa,ul. Szkolna 6,Krokowa,Szkolna 6,ul
74323,SZKOŁA PODSTAWOWA IM. JANUSZA KORCZAKA W ŻARNOWCU,2026,Żarnowiec,ul. Szkolna 2,Żarnowiec,Szkolna 2,ul
74345,SZKOŁA PODSTAWOWA IM. KS. PIOTRA ŚCIEGIENNEGO W BILCZY,2026,Bilcza,ul. Szkolna 2,Bilcza,Szkolna 2,ul
74385,SZKOŁA PODSTAWOWA IM. STANISŁAWA STASZICA W BOBOWEJ,2026,Bobowa,ul. Bohaterów Bobowej 6,Bobowa,Bohaterów Bobowej 6,ul
74403,ZESPÓŁ SZKOLNO-PRZEDSZKOLNY IM. JANA PAWŁA II PUBLICZNA SZKOŁA PODSTAWOWA W RYTWIANACH,2026,Rytwiany,ul. Szkolna 9,Rytwiany,Szkolna 9,ul
74450,SZKOŁA PODSTAWOWA W SROMOWCACH NIŻNYCH,2026,Sromowce Niżne,ul. Szkolna 7,Sromowce Niżne,Szkolna 7,ul
74465,SZKOŁA PODSTAWOWA IM.ŚWIĘTEGO JANA PAWŁA II W RANIŻOWIE,2026,Raniżów,ul. Grunwaldzka 2,Raniżów,Grunwaldzka 2,ul
74527,SZKOŁA PODSTAWOWA NR 13 IM. MJR. HENRYKA DOBRZAŃSKIEGO „HUBALA” W SKARŻYSKU-KAMIENNEJ,2026,Skarżysko-Kamienna,ul. Sezamkowa 23,Skarżysko-Kamienna,Sezamkowa 23,ul
74598,SZKOŁA PODSTAWOWA IM. STANISŁAWA STASZICA W TUROŚNI KOŚCIELNEJ,2026,Turośń Kościelna,ul. Białostocka 4,Turośń Kościelna,Białostocka 4,ul
74635,ZESPÓŁ SZKÓŁ OGÓLNOKSZTAŁCĄCYCH IM. STEFANA ŻEROMSKIEGO - SZKOŁA PODSTAWOWA NR 22 IM. STEFANA ŻEROMSKIEGO W BIELSKU-BIAŁEJ,2026,Bielsko-Biała,ul. gen. Stefana Grota-Roweckiego 5,Bielsko-Biała,Grota-Roweckiego 5,ul gen stefana
74675,SZKOŁA PODSTAWOWA NR 4 Z ODDZIAŁAMI INTEGRACYJNYMI IM. JANUSZA KORCZAKA,2026,Sochaczew,ul. Stanisława Staszica 25,Sochaczew,Staszica 25,ul stanisława
74731,SZKOŁA PODSTAWOWA IM. BOHATERÓW WARSZAWY W KOŁCZYNIE,2026,Kołczyn,ul. Sulęcińska 29,Kołczyn,Sulęcińska 29,ul
74738,SZKOŁA PODSTAWOWA NR 1 IM. MIKOŁAJA KOPERNIKA W MRĄGOWIE,2026,Mrągowo,ul. Mikołaja Kopernika 2,Mrągowo,Kopernika 2,ul mikołaja
74785,SPOŁECZNA SZKOŁA PODSTAWOWA NR 1 IM. JÓZEFA PIŁSUDSKIEGO W KRAKOWIE,2026,Kraków,ul. Forteczna 54,Kraków,Forteczna 54,ul
74796,ZESPÓŁ SZKOLNO - PRZEDSZKOLNY W KOBYLI SZKOŁA PODSTAWOWA IM. JANUSZA KORCZAKA,2026,Kobyla,ul. Główna 69,Kobyla,Główna 69,ul
74798,SZKOŁA PODSTAWOWA IM. POWSTAŃCÓW WIELKOPOLSKICH W MODLE KRÓLEWSKIEJ,2026,Modła Królewska,ul. Słoneczna 5,Modła Królewska,Słoneczna 5,ul
74803,SZKOŁA PODSTAWOWA IM. MIRY STANISŁAWSKIEJ-MEYSZTOWICZ W ŻDŻARACH,2026,Żdżary,ul. Borówkowa 4,Żdżary,Borówkowa 4,ul
74821,SZKOŁA PODSTAWOWA IM. LEŚNIKÓW POLSKICH W MOTARZYNIE,2026,Motarzyno,ul. Słoneczna 12,Motarzyno,Słoneczna 12,ul
74832,SZKOŁA PODSTAWOWA NR 8 IM. JANUSZA KORCZAKA,2026,Nowa Sól,ul. Matejki 29,Nowa Sól,Matejki 29,ul
74838,SZKOŁA PODSTAWOWA IM. JANA PAWŁA II W SZLICHTYNGOWEJ,2026,Szlichtyngowa,ul. Daszyńskiego 16,Szlichtyngowa,Daszyńskiego 16,ul
74842,SZKOŁA PODSTAWOWA IM.ZDOBYWCÓW WAŁU POMORSKIEGO W CHOCIWLU,2026,Chociwel,ul. Henryka Dąbrowskiego 15,Chociwel,Dąbrowskiego 15,ul henryka
74873,SZKOŁA PODSTAWOWA IM.ZYGMUNTA KRASIŃSKIEGO W OPINOGÓRZE GÓRNEJ,2026,Opinogóra Górna,ul. Zygmunta Krasińskiego 25,Opinogóra Górna,Krasińskiego 25,ul zygmunta
74875,SZKOŁA PODSTAWOWA IM. MARII KONOPNICKIEJ W KOŁACZKOWIE,2026,Kołaczków,ul. Szkolna 2,Kołaczków,Szkolna 2,ul
74880,SZKOŁA PODSTAWOWA NR 2 IM. JANA PAWŁA II W PORĘBIE,2026,Poręba,ul. Wiedzy 3,Poręba,Wiedzy 3,ul
74888,SZKOŁA PODSTAWOWA NR 4 IM. WŁADYSŁAWA BRONIEWSKIEGO W WARSZAWIE,2026,Warszawa,ul. Walerego Sławka 9,Warszawa,Sławka 9,ul walerego
74942,SZKOŁA PODSTAWOWA NR 2 IM. MIKOŁAJA KOPERNIKA W PRUSZCZU GDAŃSKIM,2026,Pruszcz Gdański,ul. Tysiąclecia 5,Pruszcz Gdański,Tysiąclecia 5,ul
74977,PUBLICZNA SZKOŁA PODSTAWOWA W LEOPOLDOWIE,2026,Leopoldów,ul. Zielona 1,Leopoldów,Zielona 1,ul
74986,SZKOŁA PODSTAWOWA IM. JULIANA GRUNERA W ŚWIERZNIE,2026,Świerzno,ul. Szkolna 4,Świerzno,Szkolna 4,ul
74988,SZKOŁA PODSTAWOWA IM.KAWALERÓW ORDERU UŚMIECHU W DASZEWICACH,2026,Daszewice,ul. Szkolna 16,Daszewice,Szkolna 16,ul
74989,SZKOŁA PODSTAWOWA NR 11 IM. ŻOŁNIERZY I DYWIZJI KOŚCIUSZKOWSKIEJ W WARSZAWIE,2026,Warszawa,ul. Mariana Keniga 20,Warszawa,Keniga 20,ul mariana
74991,SZKOŁA PODSTAWOWA W PECNEJ,2026,Pecna,ul. Szkolna 19,Pecna,Szkolna 19,ul
74994,SZKOŁA PODSTAWOWA IM.ARKADEGO FIEDLERA W CZAPURACH,2026,Czapury,ul. Poznańska 78,Czapury,Poznańska 78,ul
75008,SZKOŁA PODSTAWOWA IM. BOHATERÓW WRZEŚNIA 1939 R. W RADŁOWIE,2026,Radłów,ul. Szkolna 1,Radłów,Szkolna 1,ul
75013,SZKOŁA PODSTAWOWA NR 1 W MOSINIE,2026,Mosina,ul. Szkolna 1,Mosina,Szkolna 1,ul
75025,SZKOŁA PODSTAWOWA Z ODDZIAŁAMI INTEGRACYJNYMI NR 14 IM. BOHATERÓW WARSZAWY W WARSZAWIE,2026,Warszawa,ul. gen. Kazimierza Sosnkowskiego 10,Warszawa,Sosnkowskiego 10,ul gen kazimierza
75043,SZKOŁA PODSTAWOWA NR 4 IM. ADAMA MICKIEWICZA W BIELSKU PODLASKIM,2026,Bielsk Podlaski,ul. Adama Mickiewicza 126,Bielsk Podlaski,Mickiewicza 126,ul adama
75048,SZKOŁA PODSTAWOWA IM. WOJCIECHA Z BRUDZEWA W BRUDZEWIE,2026,Brudzew,ul. Powstańców Wielkopolskich 35A,Brudzew,Powstańców Wielkopolskich 35A,ul
75057,PUBLICZNA SZKOŁA PODSTAWOWA IM. H.SIENKIEWICZA W GRĘBKOWIE,2026,Grębków,ul. Szkolna 1,Grębków,Szkolna 1,ul
75080,SZKOŁA PODSTAWOWA IM. JANA PAWŁA II W GRĘBOCINIE,2026,Grębocin,ul. Szkolna 4,Grębocin,Szkolna 4,ul
75105,KATOLICKA NIEPUBLICZNA SZKOŁA PODSTAWOWA IM. ŚW. JANA PAWŁA II,2026,Pruszcz Gdański,ul. Antoniego Dobrowolskiego 11,Pruszcz Gdański,Dobrowolskiego 11,ul antoniego
75132,SZKOŁA PODSTAWOWA W JAWISZOWICACH IM. K. I. GAŁCZYŃSKIEGO,2026,Jawiszowice,ul. Kusocińskiego 1,Jawiszowice,Kusocińskiego 1,ul
75183,SZKOŁA PODSTAWOWA IM. MARII KONOPNICKIEJ W GORZOWIE,2026,Gorzów,ul. Szkolna 3,Gorzów,Szkolna 3,ul
75185,SZKOŁA PODSTAWOWA NR 1 IM. ADAMA MICKIEWICZA W CHEŁMKU,2026,Chełmek,ul. Bolesława Chrobrego 9,Chełmek,Bolesława Chrobrego 9,ul
75188,SZKOŁA PODSTAWOWA NR 2 IM. POWSTAŃCÓW ŚLĄSKICH W CHEŁMKU,2026,Chełmek,ul. Marszałka Piłsudskiego 1,Chełmek,Piłsudskiego 1,ul marszałka
75190,SZKOŁA PODSTAWOWA NR 56,2026,Poznań,ul. Tarnowska 27,Poznań,Tarnowska 27,ul
75198,SZKOŁA PODSTAWOWA NR 35 IM. WŁADYSŁAWA ŁOKIETKA,2026,Poznań,os. Władysława Łokietka 104,Poznań,Władysława Łokietka 104,os
75218,SZKOŁA PODSTAWOWA NR 1 Z ODDZIAŁAMI DWUJĘZYCZNYMI I INTEGRACYJNYMI IM. ADAMA MICKIEWICZA,2026,Marklowice,ul. Wyzwolenia 160,Marklowice,Wyzwolenia 160,ul
75280,SZKOŁA PODSTAWOWA IM. OBROŃCÓW WESTERPLATTE W MĄKOWARSKU,2026,Mąkowarsko,ul. Tucholska 8,Mąkowarsko,Tucholska 8,ul
75318,SZKOŁA PODSTAWOWA IM. ZAWISZY CZARNEGO Z GARBOWA W WARSZEWICACH,2026,Warszewice,ul. Zawiszy Czarnego 2,Warszewice,Zawiszy Czarnego 2,ul
75319,SZKOŁA PODSTAWOWA IM.PROF. WILHELMINY IWANOWSKIEJ W PIGŻY,2026,Pigża,ul. Szkolna 14,Pigża,Szkolna 14,ul
75345,SZKOŁA PODSTAWOWA NR 1 IM. GEN. STANISŁAWA DĄBKA,2026,Lubaczów,ul. Marii Konopnickiej 5,Lubaczów,Konopnickiej 5,ul marii
75363,SZKOŁA PODSTAWOWA W BRZEŹNICY,2026,Brzeźnica,ul. Zielonogórska 26,Brzeźnica,Zielonogórska 26,ul
75371,SZKOŁA PODSTAWOWA IM. KS. STEFANA KARD. WYSZYŃSKIEGO PRYMASA TYSIĄCLECIA,2026,Rąbień,ul. Słowiańska 5,Rąbień,Słowiańska 5,ul
75412,SZKOŁA PODSTAWOWA IM. KS.JANA TWARDOWSKIEGO W SIENNEJ,2026,Sienna,ul. Świętej Jadwigi Śląskiej 50,Sienna,Jadwigi Śląskiej 50,ul świętej
75413,SZKOŁA PODSTAWOWA IM.JANA PAWŁA II W TWARDORZECZCE,2026,Twardorzeczka,ul. Widokowa 204,Twardorzeczka,Widokowa 204,ul
75415,SZKOŁA PODSTAWOWA IM.KRZYSZTOFA KAMILA BACZYŃSKIEGO W LIPOWEJ,2026,Lipowa,ul. Jana Pawła II 3,Lipowa,Jana Pawła II 3,ul
75417,SZKOŁA PODSTAWOWA IM.KORNELA MAKUSZYŃSKIEGO W LEŚNEJ,2026,Leśna,ul. Świętego Michała Archanioła 140,Leśna,Michała Archanioła 140,ul świętego
75464,SZKOŁA PODSTAWOWA NR 3 W LIPNIE IM MIKOŁAJA KOPERNIKA,2026,Lipno,ul. Traugutta 2,Lipno,Traugutta 2,ul
75466,SZKOŁA PODSTAWOWA IM. JANUSZA KORCZAKA W ŁUBIANCE,2026,Łubianka,ul. Chełmińska 1,Łubianka,Chełmińska 1,ul
75500,SZKOŁA PODSTAWOWA IM. JANA BRZECHWY W NOWEJ WSI EŁCKIEJ,2026,Nowa Wieś Ełcka,ul. Ełcka 18,Nowa Wieś Ełcka,Ełcka 18,ul
75503,SZKOŁA PODSTAWOWA IM. ZIEMI WARMIŃSKIEJ W BISZTYNKU,2026,Bisztynek,ul. Kolejowa 5,Bisztynek,Kolejowa 5,ul
75509,SZKOŁA PODSTAWOWA IM.JANA PAWŁA II W STRADUNACH,2026,Straduny,ul. Tadeusza Kościuszki 40,Straduny,Kościuszki 40,ul tadeusza
75513,SZKOŁA PODSTAWOWA IM. FRYDERYKA CHOPINA W ROŚCISZEWIE,2026,Rościszewo,ul. Władysława Reymonta 4,Rościszewo,Reymonta 4,ul władysława
75516,SZKOŁA PODSTAWOWA NR 27 W GLIWICACH,2026,Gliwice,ul. Rubinowa 16a,Gliwice,Rubinowa 16a,ul
75663,SZKOŁA PODSTAWOWA IM. JANA PAWŁA II W WILCZYNIE,2026,Wilczogóra,ul. 700-lecia 14,Wilczogóra,700-lecia 14,ul
75683,NOWA PRYWATNA SZKOŁA PODSTAWOWA,2026,Bielsko-Biała,ul. Komorowicka 25,Bielsko-Biała,Komorowicka 25,ul
75697,SZKOŁA PODSTAWOWA IM. KAROLA BRZOSTOWSKIEGO W SZTABINIE,2026,Sztabin,ul. Augustowska 82,Sztabin,Augustowska 82,ul
75708,SZKOŁA PODSTAWOWA NR 34 IM. KRÓLA KAZIMIERZA WIELKIEGO W RZESZOWIE,2026,Rzeszów,ul. Matysowska 101,Rzeszów,Matysowska 101,ul
75736,SZKOŁA PODSTAWOWA W NOWYM MIEŚCIE,2026,Nowe Miasto,ul. Ciechanowska 15,Nowe Miasto,Ciechanowska 15,ul
75776,ZESPÓŁ SZKÓŁ NR 2 W BRZEŚCIU KUJAWSKIM-SZKOŁA PODSTAWOWA NR 2,2026,Brześć Kujawski,ul. Konarskiego 63,Brześć Kujawski,Konarskiego 63,ul
75943,SZKOŁA PODSTAWOWA NR 12 IM. KORNELA MAKUSZYŃSKIEGO W PIOTRKOWIE TRYBUNALSKIM,2026,Piotrków Trybunalski,ul. Belzacka 104,Piotrków Trybunalski,Belzacka 104,ul
75975,SZKOŁA PODSTAWOWA NR 1 IM. T. KOŚCIUSZKI W CHOCZNI,2026,Chocznia,ul. Główna 1,Chocznia,Główna 1,ul
75978,SZKOŁA PODSTAWOWA NR 2 IM. ŚW. KRÓLOWEJ JADWIGI W CHOCZNI,2026,Chocznia,ul. Główna 65,Chocznia,Główna 65,ul
75980,SZKOŁA PODSTAWOWA IM. 12 P.P. ZIEMI WADOWICKIEJ W JAROSZOWICACH,2026,Jaroszowice,ul. Wesoła 12,Jaroszowice,Wesoła 12,ul
75983,SZKOŁA PODSTAWOWA IM. A. MICKIEWICZA W KLECZY DOLNEJ,2026,Klecza Dolna,ul. Krakowska 234,Klecza Dolna,Krakowska 234,ul
75985,SZKOŁA PODSTAWOWA IM. POLEGŁYCH ZA OJCZYZNĘ W LATACH 1939-1945 W WYSOKIEJ,2026,Wysoka,ul. Wadowicka 319,Wysoka,Wadowicka 319,ul
76006,SPOŁECZNA SZKOŁA PODSTAWOWA,2026,Jasło,ul. Niegłowicka 174,Jasło,Niegłowicka 174,ul
76009,SZKOŁA PODSTAWOWA W SUŚCU,2026,Susiec,ul. Tomaszowska 53,Susiec,Tomaszowska 53,ul
76153,SZKOŁA PODSTAWOWA NR 2 IM. HENRYKA SIENKIEWICZA W NOWEJ DĘBIE,2026,Nowa Dęba,ul. Leśna 40,Nowa Dęba,Leśna 40,ul
76175,SZKOŁA PODSTAWOWA IM. LEOPOLDA STAFFA WE WŁYNKÓWKU,2026,Włynkówko,ul. Błękitna 17,Włynkówko,Błękitna 17,ul
76176,"SZKOŁA PODSTAWOWA IM. GEN. STEFANA ROWECKIEGO ""GROTA"" WE WRZEŚCIU",2026,Wrzeście,ul. Słupska 33,Wrzeście,Słupska 33,ul
77450,SZKOŁA PODSTAWOWA IM.NASZEJ PRZYRODY W WOŹNIKACH,2026,Woźniki,ul. Wadowicka 133,Woźniki,Wadowicka 133,ul
77603,SZKOŁA PODSTAWOWA IM. JANUSZA KUSOCIŃSKIEGO W SOWIEJ WOLI,2026,Sowia Wola,ul. Szkolna 108,Sowia Wola,Szkolna 108,ul
77607,PUBLICZNA SZKOŁA PODSTAWOWA IM. H. SIENKIEWICZA W PILAWIE,2026,Pilawa,ul. Leśna 6,Pilawa,Leśna 6,ul
77907,SZKOŁA PODSTAWOWA NR 60 IM. WOJCIECHA BOGUSŁAWSKIEGO,2026,Poznań,ul. Boranta 2,Poznań,Boranta 2,ul
77913,SZKOŁA PODSTAWOWA NR 18 IM. ZOFII NAŁKOWSKIEJ,2026,Poznań,os. Armii Krajowej 100,Poznań,Armii Krajowej 100,os
77925,SZKOŁA PODSTAWOWA W TRZCINICY,2026,Trzcinica,ul. Szkolna 2,Trzcinica,Szkolna 2,ul
77929,SZKOŁA PODSTAWOWA W ZESPOLE SZKÓŁ,2026,Laski,ul. Lipowa 34,Laski,Lipowa 34,ul
77944,SZKOŁA PODSTAWOWA NR 1 IM. J. PIŁSUDSKIEGO,2026,Pruszków,ul. Topolowa 10,Pruszków,Topolowa 10,ul
77953,SZKOŁA PODSTAWOWA IM. TADEUSZA KOŚCIUSZKI W DĄBIU,2026,Dąbie,ul. Pocztowa 39,Dąbie,Pocztowa 39,ul
77954,SZKOŁA PODSTAWOWA IM. EMILII GIERCZAK W GRÓDKOWIE,2026,Gródków,ul. Leśna 2,Gródków,Leśna 2,ul
77957,SZKOŁA PODSTAWOWA NR 63 IM. KSAWEREGO ZAKRZEWSKIEGO,2026,Poznań,ul. Starołęcka 142,Poznań,Starołęcka 142,ul
77973,SZKOŁA PODSTAWOWA NR 25 Z ODDZIAŁAMI INTEGRACYJNYMI IM. HANSA CHRISTIANA ANDERSENA W OLSZTYNIE,2026,Olsztyn,ul. Melchiora Wańkowicza 1,Olsztyn,Wańkowicza 1,ul melchiora
77974,SZKOŁA PODSTAWOWA IM. EMILII SCZANIECKIEJ W SZCZAŃCU,2026,Szczaniec,ul. Szkolna 2,Szczaniec,Szkolna 2,ul
77986,OGÓLNOKSZTAŁCĄCA SZKOŁA MUZYCZNA I STOPNIA,2026,Toruń,ul. Szosa Chełmińska 224/226,Toruń,Szosa Chełmińska 224/226,ul
77990,SZKOŁA PODSTAWOWA NR 18 IM. ARKADEGO FIEDLERA,2026,Toruń,ul. Kardynała Stefana Wyszyńskiego 1/5,Toruń,Wyszyńskiego 1/5,ul kardynała stefana
78020,SZKOŁA PODSTAWOWA NR 21 IM. FRYDERYKA CHOPINA W PŁOCKU,2026,Płock,ul. Fryderyka Chopina 62,Płock,Chopina 62,ul fryderyka
78056,PUBLICZNA SZKOŁA PODSTAWOWA IM. MARATOŃCZYKÓW POLSKICH W MIŁOSZYCACH,2026,Miłoszyce,ul. Główna 24,Miłoszyce,Główna 24,ul
78067,SPOŁECZNA SZKOŁA PODSTAWOWA Z ODDZIAŁAMI DWUJĘZYCZNYMI IM. MAŁEGO KSIĘCIA,2026,Tarnobrzeg,ul. Jana Kochanowskiego 3,Tarnobrzeg,Kochanowskiego 3,ul jana
78081,SZKOŁA PODSTAWOWA IM. STEFANA ŻEROMSKIEGO W OTYNIU,2026,Otyń,ul. Żeromskiego 3,Otyń,Żeromskiego 3,ul
78197,SZKOŁA PODSTAWOWA IM. JANA DEKERTA W BLEDZEWIE,2026,Bledzew,ul. Szkolna 9,Bledzew,Szkolna 9,ul
78209,SZKOŁA PODSTAWOWA NR 2 IM.K. MAKUSZYŃSKIEGO,2026,Pruszków,ul. Jasna 2,Pruszków,Jasna 2,ul
78947,SZKOŁA PODSTAWOWA NR 38 IM. TADEUSZA KOŚCIUSZKI W SOSNOWCU,2026,Sosnowiec,ul. Bohaterów Monte Cassino 46,Sosnowiec,Bohaterów Monte Cassino 46,ul
78953,SZKOŁA PODSTAWOWA W ALEKSANDRII,2026,Aleksandria,ul. Gościnna 130,Aleksandria,Gościnna 130,ul
78993,SZKOŁA PODSTAWOWA NR 22 IM. BOLESŁAWA PRUSA W LUBLINIE,2026,Lublin,ul. Ignacego Rzeckiego 10,Lublin,Rzeckiego 10,ul ignacego
79004,SZKOŁA PODSTAWOWA NR 10 IM. WOJSKA POLSKIEGO W JAWORZNIE,2026,Jaworzno,ul. Koszarowa 20,Jaworzno,Koszarowa 20,ul
79079,SZKOŁA PODSTAWOWA NR 1 IM. HENRYKA SIENKIEWICZA W SKIERNIEWICACH,2026,Skierniewice,ul. Jana Kilińskiego 9,Skierniewice,Kilińskiego 9,ul jana
79081,SZKOŁA PODSTAWOWA NR 4 IM. MARII SKŁODOWSKIEJ-CURIE W SKIERNIEWICACH,2026,Skierniewice,ul. Jasna 30,Skierniewice,Jasna 30,ul
79097,PUBLICZNA SZKOŁA PODSTAWOWA W MUROWIE,2026,Murów,ul. Wolności 22,Murów,Wolności 22,ul
79099,PUBLICZNA SZKOŁA PODSTAWOWA W STARYCH BUDKOWICACH,2026,Stare Budkowice,ul. Wołczyńska 14,Stare Budkowice,Wołczyńska 14,ul
79156,SZKOŁA PODSTAWOWA NR 9 IM. MARII SKŁODOWSKIEJ-CURIE,2026,Pruszków,ul. Mostowa 6,Pruszków,Mostowa 6,ul
79185,SZKOŁA PODSTAWOWA NR 47 IM. JÓZEFA LOMPY Z ODDZIAŁAMI INTEGRACYJNYMI W KATOWICACH,2026,Katowice,ul. Józefa Grzegorzka 4,Katowice,Grzegorzka 4,ul józefa
79213,SZKOŁA PODSTAWOWA IM. OLIMPIJCZYKÓW POLSKICH W KRAMSKU,2026,Kramsk,ul. Konińska 20,Kramsk,Konińska 20,ul
79275,SZKOŁA PODSTAWOWA IM. ŚW. MAKSYMILIANA MARII KOLBEGO W ZALASOWEJ,2026,Zalasowa,ul. Karpacka 21,Zalasowa,Karpacka 21,ul
79292,SZKOŁA PODSTAWOWA NR 5 Z ODDZIAŁAMI MISTRZOSTWA SPORTOWEGO IM. WLASTIMILA HOFMANA,2026,Szklarska Poręba,ul. Obrońców Pokoju 17,Szklarska Poręba,Obrońców Pokoju 17,ul
79308,ZESPÓŁ SZKOLNO-PRZEDSZKOLNY SZKOŁA PODSTAWOWA IM. KOMISJI EDUKACJI NARODOWEJ W SKOROSZYCACH,2026,Skoroszyce,ul. Braterstwa Broni 9,Skoroszyce,Braterstwa Broni 9,ul
79310,ZESPÓŁ SZKOLNO-PRZEDSZKOLNY SZKOŁA PODSTAWOWA IM. ARKI BOŻKA W CHRÓŚCINIE W CHRÓŚCINIE,2026,Chróścina,ul. Szkolna 3,Chróścina,Szkolna 3,ul
79670,"SZKOŁA PODSTAWOWA IM.MJR HENRYKA DOBRZAŃSKIEGO ""HUBALA""",2026,Bircza,ul. Parkowa 1,Bircza,Parkowa 1,ul
79677,SZKOŁA PODSTAWOWA NR 1 IM. ADAMA MICKIEWICZA W POŁCZYNIE-ZDROJU,2026,Połczyn-Zdrój,ul. Grunwaldzka 34,Połczyn-Zdrój,Grunwaldzka 34,ul
79701,SZKOŁA PODSTAWOWA NR 1 IM. WŁADYSŁAWA REYMONTA W OTWOCKU,2026,Otwock,ul. Karczewska 14/16,Otwock,Karczewska 14/16,ul
79702,SZKOŁA PODSTAWOWA IM.MARSZ. J. PIŁSUDSKIEGO W IŁŻY,2026,Iłża,ul. Wójtowska 5,Iłża,Wójtowska 5,ul
79704,SZKOŁA PODSTAWOWA NR 5 Z ODDZIAŁAMI INTEGRACYJNYMI IM. JADWIGI KORCZAKOWSKIEJ,2026,Otwock,ul. Juliusza Słowackiego 66,Otwock,Słowackiego 66,ul juliusza
79708,SZKOŁA PODSTAWOWA NR 8 IM.GEN.JULIANA FILIPOWICZA W OTWOCKU,2026,Otwock,ul. Stefana Żeromskiego 235,Otwock,Żeromskiego 235,ul stefana
79709,SZKOŁA PODSTAWOWA NR 12 IM.KORNELA MAKUSZYŃSKIEGO W OTWOCKU,2026,Otwock,ul. Michała Andriollego 76,Otwock,Andriollego 76,ul michała
79755,SZKOŁA PODSTAWOWA IM.PARTYZANTÓW POLSKICH W ŻABNICY,2026,Żabnica,ul. Szkolna 6,Żabnica,Szkolna 6,ul
79823,NIEPUBLICZNA SZKOŁA PODSTAWOWA MISTRZOSTWA SPORTOWEGO IM. GRZEGORZA LATO,2026,Mielec,ul. Księdza Skargi 4,Mielec,Skargi 4,ul księdza
79831,SZKOŁA PODSTAWOWA TOMEK W TOMASZOWIE MAZOWIECKIM,2026,Tomaszów Mazowiecki,ul. Sosnowa 62/70,Tomaszów Mazowiecki,Sosnowa 62/70,ul
79859,"NIEPUBLICZNA SZKOŁA PODSTAWOWA ""NASZA SZKOŁA""",2026,Gdańsk,ul. Konstantego Ciołkowskiego 10,Gdańsk,Ciołkowskiego 10,ul konstantego
79862,SZKOŁA PODSTAWOWA W LIPNIKACH,2026,Lipniki,ul. Ks.Kan.E.Sierbińskiego 30,Lipniki,Ks.Kan.E.Sierbińskiego 30,ul
79865,SZKOŁA PODSTAWOWA NR 43,2026,Bytom,ul. Suchogórska 98,Bytom,Suchogórska 98,ul
79949,SZKOŁA PODSTAWOWA NR 2 IM. JANUSZA KORCZAKA W NOWEJ RUDZIE,2026,Nowa Ruda,ul. Mikołaja Kopernika 4-6,Nowa Ruda,Kopernika 4-6,ul mikołaja
79961,SZKOŁA PODSTAWOWA IM.JANA PAWŁA II Z SIEDZIBĄ W CIŚCU,2026,Cisiec,ul. Szkolna 6,Cisiec,Szkolna 6,ul
79968,SZKOŁA PODSTAWOWA W BIENIOWIE,2026,Bieniów,ul. Dolna 5a,Bieniów,Dolna 5a,ul
79982,SZKOŁA PODSTAWOWA NR 1 IM. MARYNARKI WOJENNEJ RP W ŚWINOUJŚCIU,2026,Świnoujście,ul. Gabriela Narutowicza 10,Świnoujście,Narutowicza 10,ul gabriela
79996,SZKOŁA PODSTAWOWA NR 6 IM. MIESZKA I W ŚWINOUJŚCIU,2026,Świnoujście,ul. Stanisława Staszica 17,Świnoujście,Staszica 17,ul stanisława
80037,SZKOŁA PODSTAWOWA IM. JANA PAWŁA II W KSIĘŻPOLU,2026,Księżpol,ul. Biłgorajska 11,Księżpol,Biłgorajska 11,ul
80062,SPOŁECZNA SZKOŁA PODSTAWOWA NR 4 IM. JULIUSZA SŁOWACKIEGO W KRAKOWIE,2026,Kraków,ul. Stradomska 10,Kraków,Stradomska 10,ul
80118,SZKOŁA PODSTAWOWA NR 2 IM. JANA PAWŁA II W ŚWIERADOWIE-ZDROJU,2026,Świeradów-Zdrój,ul. Sanatoryjna 3,Świeradów-Zdrój,Sanatoryjna 3,ul
80143,SZKOŁA PODSTAWOWA IM. STEFANA KARDYNAŁA WYSZYŃSKIEGO W KOSOWIE LACKIM,2026,Kosów Lacki,ul. Armii Krajowej 6,Kosów Lacki,Armii Krajowej 6,ul
80214,SZKOŁA PODSTAWOWA W GALEWICACH,2026,Galewice,ul. Marii Konopnickiej 20,Galewice,Konopnickiej 20,ul marii
80229,SZKOŁA PODSTAWOWA IM. KS. BRONISŁAWA SZYMICHOWSKIEGO W POMIECZYNIE,2026,Pomieczyno,ul. Kartuska 14,Pomieczyno,Kartuska 14,ul
80253,"""WONDERFUL YEARS SCHOOL"" PRYWATNA SZKOŁA PODSTAWOWA",2026,Warszawa,ul. Egipska 7,Warszawa,Egipska 7,ul
80332,SZKOŁA PODSTAWOWA NR 17 IM. JÓZEFA IGNACEGO KRASZEWSKIEGO,2026,Poznań,os. Bolesława Chrobrego 105,Poznań,Bolesława Chrobrego 105,os
80352,SZKOŁA PODSTAWOWA IM. KSIĘDZA KARDYNAŁA STEFANA WYSZYŃSKIEGO W GŁOGOWIE MAŁOPOLSKIM,2026,Głogów Małopolski,ul. Kardynała Stefana Wyszyńskiego 1,Głogów Małopolski,Wyszyńskiego 1,ul kardynała stefana
80369,SZKOŁA PODSTAWOWA Z ODDZIAŁAMI INTEGRACYJNYMI IM. KS. JANA TWARDOWSKIEGO W TUROŚLI,2026,Turośl,ul. Jana Pawła II 28,Turośl,Jana Pawła II 28,ul
80377,SZKOŁA PODSTAWOWA IM 49PP W SZYDŁOWIE,2026,Szydłowo,ul. Szkolna 2,Szydłowo,Szkolna 2,ul
80397,SZKOŁA PODSTAWOWA NR 3 IM. DZIECI POWSTANIA WARSZAWSKIEGO,2026,Warszawa,ul. Gościniec 53,Warszawa,Gościniec 53,ul
80400,PUBLICZNA SZKOŁA PODSTAWOWA IM. HELENY I ALEKSANDRA OSTROWSKICH W SILNICZCE,2026,Silniczka,ul. Główna 9,Silniczka,Główna 9,ul
80402,SZKOŁA PODSTAWOWA NR 20 W JAWORZNIE,2026,Jaworzno,ul. Nauczycielska 20,Jaworzno,Nauczycielska 20,ul
80416,SZKOŁA PODSTAWOWA W KOBYLEJ GÓRZE IM. TADEUSZA KOŚCIUSZKI,2026,Kobyla Góra,ul. Kazimierza Tetmajera 1a,Kobyla Góra,Tetmajera 1a,ul kazimierza
80441,SZKOŁA PODSTAWOWA NR 8 IM. JANUSZA KORCZAKA W JAWORZNIE,2026,Jaworzno,ul. Spółdzielcza 9,Jaworzno,Spółdzielcza 9,ul
80448,NOWY ŚWIAT NIEPUBLICZNA SZKOŁA PODSTAWOWA,2026,Gdańsk,ul. Nowy Świat 7 A,Gdańsk,Nowy Świat 7 A,ul
80457,ZESPÓŁ SZKOLNO-PRZEDSZKOLNY SZKOŁA PODSTAWOWA IM. KSIĘDZA PROFESORA JÓZEFA TISCHNERA W SIDZINIE,2026,Sidzina,ul. Radziechowska 3,Sidzina,Radziechowska 3,ul
80473,SZKOŁA PODSTAWOWA IM. KORNELA MAKUSZYŃSKIEGO W ZESPOLE SZKOLNO - PRZEDSZKOLNYM W ŁOJKACH,2026,Łojki,ul. Długa 48,Łojki,Długa 48,ul
80490,SZKOŁA PODSTAWOWA NR 32 IM. BOHATERÓW MONTE CASSINO,2026,Katowice,ul. Mariana Sobańskiego 86,Katowice,Sobańskiego 86,ul mariana
80509,SZKOŁA PODSTAWOWA NR 10 IM. KOMISJI EDUKACJI NARODOWEJ,2026,Toruń,ul. Bażyńskich 30/36,Toruń,Bażyńskich 30/36,ul
80522,SZKOŁA PODSTAWOWA NR 8 IM. MARII SKŁODOWSKIEJ-CURIE,2026,Toruń,ul. Ignacego Łyskowskiego 28,Toruń,Łyskowskiego 28,ul ignacego
80524,SZKOŁA PODSTAWOWA NR 9 IM. STANISŁAWY JAWORSKIEJ,2026,Toruń,ul. Rzepakowa 7/9,Toruń,Rzepakowa 7/9,ul
80526,SZKOŁA PODSTAWOWA NR 14 IM. BŁĘKITNEJ ARMII,2026,Toruń,ul. gen. Józefa Hallera 79,Toruń,Hallera 79,ul gen józefa
80528,SZKOŁA PODSTAWOWA NR 15 IM. WŁADYSŁAWA BRONIEWSKIEGO,2026,Toruń,ul. Ignacego Paderewskiego 5/11,Toruń,Paderewskiego 5/11,ul ignacego
80530,SZKOŁA PODSTAWOWA NR 16 IM. WANDY SZUMAN,2026,Toruń,ul. Władysława Dziewulskiego 2,Toruń,Dziewulskiego 2,ul władysława
80556,SZKOŁA PODSTAWOWA NR 3 IM. MARII SKŁODOWSKIEJ - CURIE Z ODDZIAŁAMI DWUJĘZYCZNYMI,2026,Police,ul. Siedlecka 4,Police,Siedlecka 4,ul
80643,SZKOŁA PODSTAWOWA NR 11 IM.GEN.DEZYDEREGO CHŁAPOWSKIEGO,2026,Poznań,os. Wichrowe Wzgórze 119,Poznań,Wichrowe Wzgórze 119,os
80654,SZKOŁA PODSTAWOWA NR 45 Z ODDZIAŁAMI DWUJĘZYCZNYMI IM. JANUSZA KORCZAKA W SOSNOWCU,2026,Sosnowiec,ul. Czeladzka 58,Sosnowiec,Czeladzka 58,ul
80661,SZKOŁA PODSTAWOWA IM. JAROSŁAWA DĄBROWSKIEGO W ZRĘBICACH,2026,Zrębice Pierwsze,ul. Główna 143,Zrębice Pierwsze,Główna 143,ul
80664,SPOŁECZNA SZKOŁA PODSTAWOWA NR 1 IM. NOBLISTÓW POLSKICH SPOŁECZNEGO TOWARZYSTWA OŚWIATOWEGO W SZCZECINIE,2026,Szczecin,ul. Tomaszowska 1,Szczecin,Tomaszowska 1,ul
80679,PUBLICZNA SZKOŁA PODSTAWOWA NR 1 Z ODDZIAŁAMI DWUJĘZYCZNYMI IM. JANUSZA KUSOCIŃSKIEGO W SOKOŁOWIE PODLASKIM,2026,Sokołów Podlaski,ul. Polna 8,Sokołów Podlaski,Polna 8,ul
80680,PUBLICZNA SZKOŁA PODSTAWOWA NR 4 IM. KS. GEN. STANISŁAWA BRZÓSKI W SOKOŁOWIE PODLASKIM,2026,Sokołów Podlaski,ul. Kupientyńska 15,Sokołów Podlaski,Kupientyńska 15,ul
80686,PUBLICZNA SZKOŁA PODSTAWOWA IM. KORNELA MAKUSZYŃSKIEGO W SIEMKOWICACH,2026,Siemkowice,ul. Nowa 1,Siemkowice,Nowa 1,ul
80696,SZKOŁA PODSTAWOWA NR 1 IM. TADEUSZA KOŚCIUSZKI W KOLNIE,2026,Kolno,ul. Wojska Polskiego 22,Kolno,Wojska Polskiego 22,ul
80722,SZKOŁA PODSTAWOWA IM. 15.PUŁKU UŁANÓW POZNAŃSKICH W KROŚNIE,2026,Krosno,ul. Główna 43,Krosno,Główna 43,ul
80734,PUBLICZNA SZKOŁA PODSTAWOWA IM. KORNELA MAKUSZYŃSKIEGO W RZECZYCY,2026,Rzeczyca,ul. Gościniec 74,Rzeczyca,Gościniec 74,ul
80787,SZKOŁA PODSTAWOWA IM. ŚW. JANA PAWŁA II W MICHALOWIE,2026,Michalów,ul. Osiedlowa 11,Michalów,Osiedlowa 11,ul
80837,SZKOŁA PODSTAWOWA NR 3 IM. STANISŁAWA STASZICA W ZESPOLE SZKOLNO - PRZEDSZKOLNYM W BLACHOWNI,2026,Blachownia,ul. Wspólna 5,Blachownia,Wspólna 5,ul
80842,PUBLICZNA SZKOŁA PODSTAWOWA W BORZYKOWEJ,2026,Borzykowa,ul. Szkolna 12,Borzykowa,Szkolna 12,ul
80843,SZKOŁA PODSTAWOWA IM. WALERII SZALAY - GROELE W PRZECŁAWIU,2026,Przecław,ul. Zielona 50,Przecław,Zielona 50,ul
80867,SZKOŁA PODSTAWOWA NR 6 Z ODDZIAŁAMI SPORTOWYMI IM. WŁADYSŁAWA BRONIEWSKIEGO W GORZOWIE WLKP.,2026,Gorzów Wielkopolski,ul. Gwiaździsta 14,Gorzów Wielkopolski,Gwiaździsta 14,ul
80870,SZKOŁA PODSTAWOWA NR 13 Z ODDZIAŁAMI INTEGRACYJNYMI I ODDZIAŁAMI SPORTOWYMI IM. ARKADEGO FIEDLERA W GORZOWIE WLKP.,2026,Gorzów Wielkopolski,ul. Szwoleżerów 2,Gorzów Wielkopolski,Szwoleżerów 2,ul
80871,SZKOŁA PODSTAWOWA NR 21 Z ODDZIAŁAMI INTEGRACYJNYMI I Z ODDZIAŁAMI SPORTOWYMI IM.ORLĄT LWOWSKICH W GORZOWIE WLKP.,2026,Gorzów Wielkopolski,ul. Stanisława Taczaka 1,Gorzów Wielkopolski,Taczaka 1,ul stanisława
80872,SZKOŁA PODSTAWOWA Z ODDZIAŁAMI INTEGRACYJNYMI NR 3 IM. ARKI BOŻKA W GLIWICACH,2026,Gliwice,ul. Ignacego Daszyńskiego 424,Gliwice,Daszyńskiego 424,ul ignacego
80874,SZKOŁA PODSTAWOWA NR 16 Z ODDZIAŁAMI INTEGRACYJNYMI IM. JÓZEFA PIŁSUDSKIEGO W GORZOWIE WLKP.,2026,Gorzów Wielkopolski,ul. Ksawerego Dunikowskiego 5,Gorzów Wielkopolski,Dunikowskiego 5,ul ksawerego
80879,SZKOŁA PODSTAWOWA NR 17 Z ODDZIAŁAMI SPORTOWYMI IM. ADAMA MICKIEWICZA W GORZOWIE WLKP.,2026,Gorzów Wielkopolski,ul. Warszawska 19,Gorzów Wielkopolski,Warszawska 19,ul
80904,SZKOŁA PODSTAWOWA NR 36 IM. STANISŁAWA STASZICA W SOSNOWCU,2026,Sosnowiec,ul. Czołgistów 12,Sosnowiec,Czołgistów 12,ul
80914,SZKOŁA PODSTAWOWA POMNIK RODŁA,2026,Dąbrówka Wielkopolska,ul. Piastowska 37,Dąbrówka Wielkopolska,Piastowska 37,ul
80920,SZKOŁA PODSTAWOWA NR 24 IM. BOHATERÓW WRZEŚNIA 1939,2026,Toruń,ul. Ogrodowa 3/5,Toruń,Ogrodowa 3/5,ul
80929,SZKOŁA PODSTAWOWA NR 9 IM. JANA PAWŁA II,2026,Świnoujście,ul. Sąsiedzka 13a,Świnoujście,Sąsiedzka 13a,ul
80935,SZKOŁA PODSTAWOWA W ZALESIU,2026,Zalesie,ul. Gdańska 26,Zalesie,Gdańska 26,ul
80936,"SZKOŁA PODSTAWOWA IM. TAJNEJ ORGANIZACJI WOJSKOWEJ ""GRYF POMORSKI"" W LUBNI",2026,Lubnia,ul. Szkolna 13,Lubnia,Szkolna 13,ul
80939,SZKOŁA PODSTAWOWA IM. BŁOGOSŁAWIONEGO KSIĘDZA JÓZEFA JANKOWSKIEGO W CZYCZKOWACH,2026,Czyczkowy,ul. Główna 46,Czyczkowy,Główna 46,ul
80943,SZKOŁA PODSTAWOWA IM. MAJORA HENRYKA SUCHARSKIEGO W SIEMIĄTKOWIE,2026,Siemiątkowo,ul. Warszawska 3a,Siemiątkowo,Warszawska 3a,ul
80949,SZKOŁA PODSTAWOWA NR 2 IM. KPT. W. WYSOCKIEGO W BIELSKU PODLASKIM,2026,Bielsk Podlaski,ul. Władysława Wysockiego 6,Bielsk Podlaski,Wysockiego 6,ul władysława
81007,SZKOŁA PODSTAWOWA NR 3 IM. WŁADYSŁAWA BRONIEWSKIEGO W ŚRODZIE ŚLĄSKIEJ,2026,Środa Śląska,ul. Górna 1,Środa Śląska,Górna 1,ul
81009,SZKOŁA PODSTAWOWA IM.KOMISJI EDUKACJI NARODOWEJ W ŁOBŻENICY,2026,Łobżenica,ul. Adama Mickiewicza 20a,Łobżenica,Mickiewicza 20a,ul adama
81016,SZKOŁA PODSTAWOWA NR 1 IM BOHATERÓW POWSTANIA STYCZNIOWEGO,2026,Radzyń Podlaski,ul. Jana Pawła II 25,Radzyń Podlaski,Jana Pawła II 25,ul
81030,SZKOŁA PODSTAWOWA IM. TADEUSZA KOŚCIUSZKI W DĘBNICY KASZUBSKIEJ,2026,Dębnica Kaszubska,ul. Jana III Sobieskiego 3,Dębnica Kaszubska,Jana III Sobieskiego 3,ul
81052,ZESPÓŁ PLACÓWEK OŚWIATOWYCH SZKOŁA PODSTAWOWA IM. WŁADYSŁAWA JASIŃSKIEGO W KOPRZYWNICY,2026,Koprzywnica,ul. Szkolna 9,Koprzywnica,Szkolna 9,ul
81072,SZKOŁA PODSTAWOWA IM. T. KOŚCIUSZKI W CHOTYŁOWIE,2026,Chotyłów,ul. Piszczacka 50,Chotyłów,Piszczacka 50,ul
81080,SZKOŁA PODSTAWOWA W TUCHOMIU,2026,Tuchomie,ul. ks. Jana Hinza 1,Tuchomie,Hinza 1,ul ks jana
81086,"PRYWATNA SZKOŁA PODSTAWOWA ""ACADEMOS"" IM. EDMUNDA NIZIURSKIEGO",2026,Kraków,ul. Karmelicka 45,Kraków,Karmelicka 45,ul
81099,SZKOŁA PODSTAWOWA IM. HENRYKA SIENKIEWICZA W KORYTNICY,2026,Korytnica,ul. Henryka Sienkiewicza 14,Korytnica,Sienkiewicza 14,ul henryka
81132,SZKOŁA PODSTAWOWA NR 37 IM. HENRYKA SIENKIEWICZA W SOSNOWCU,2026,Sosnowiec,ul. Skwerowa 21,Sosnowiec,Skwerowa 21,ul
81165,SZKOŁA PODSTAWOWA INTEGRACYJNA NR 339 IM. RAOULA WALLENBERGA,2026,Warszawa,ul. św. Bonifacego 10,Warszawa,Bonifacego 10,ul św
81171,SZKOŁA PODSTAWOWA IM. HENRYKA SIENKIEWICZA W PROMNIKU,2026,Promnik,ul. Szkolna 10,Promnik,Szkolna 10,ul
81172,SZKOŁA PODSTAWOWA NR 4 IM. IGNACEGO JANA PADEREWSKIEGO W PRUSZCZU GDAŃSKIM,2026,Pruszcz Gdański,ul. Jana Kasprowicza 16,Pruszcz Gdański,Kasprowicza 16,ul jana
81173,SZKOŁA PODSTAWOWA NR 2 IM. STEFANA STARZYŃSKIEGO W NASIELSKU,2026,Nasielsk,ul. Tadeusza Kościuszki 21,Nasielsk,Kościuszki 21,ul tadeusza
81198,"SZKOŁA PODSTAWOWA Z LITEWSKIM JĘZYKIEM NAUCZANIA ""ŻIBURYS"" W SEJNACH",2026,Sejny,ul. Wileńska 18B,Sejny,Wileńska 18B,ul
81199,SZKOŁA PODSTAWOWA IM. STEFANA ŻEROMSKIEGO W PALOWICACH,2026,Palowice,ul. Dębowa 3,Palowice,Dębowa 3,ul
81200,SZKOŁA PODSTAWOWA IM. WŁADYSŁAWA BRONIEWSKIEGO W SZCZEJKOWICACH,2026,Szczejkowice,ul. Wiejska 20,Szczejkowice,Wiejska 20,ul
81201,SZKOŁA PODSTAWOWA W STANOWICACH,2026,Stanowice,ul. Szkolna 17A,Stanowice,Szkolna 17A,ul
81228,SZKOŁA PODSTAWOWA IM. WŁADYSŁAWA BRONIEWSKIEGO W OLSZEWIE-BORKACH,2026,Olszewo-Borki,ul. Władysława Broniewskiego 17,Olszewo-Borki,Broniewskiego 17,ul władysława
81240,SZKOŁA PODSTAWOWA IM. HENRYKA SIENKIEWICZA W OBLĘGORKU,2026,Oblęgorek,ul. Gimnazjalna 15,Oblęgorek,Gimnazjalna 15,ul
81250,SZKOŁA PODSTAWOWA IM. TYSIĄCLECIA PAŃSTWA POLSKIEGO W ZESPOLE SZKÓŁ W LIPNICY,2026,Lipnica,ul. Szkolna 4,Lipnica,Szkolna 4,ul
81251,SZKOŁA PODSTAWOWA IM. P. J. GOŁASZEWSKIEGO W GOŁYMINIE-OŚRODKU,2026,Gołymin-Ośrodek,ul. ks. Michalaka 10C,Gołymin-Ośrodek,Michalaka 10C,ul ks
81270,SZKOŁA PODSTAWOWA W KLESZCZOWIE,2026,Kleszczów,ul. Szkolna 23,Kleszczów,Szkolna 23,ul
81271,SZKOŁA PODSTAWOWA W PONISZOWICACH,2026,Poniszowice,ul. Gliwicka 32,Poniszowice,Gliwicka 32,ul
81275,SZKOŁA PODSTAWOWA IM. GENERAŁA JÓZEFA BEMA W BOJSZOWIE,2026,Bojszów,ul. Szkolna 23,Bojszów,Szkolna 23,ul
81289,PUBLICZNA SZKOŁA PODSTAWOWA NR 2 IM. MARII SKŁODOWSKIEJ -CURIE W JELCZU-LASKOWICACH,2026,Jelcz-Laskowice,ul. Aleja Młodych 1,Jelcz-Laskowice,Aleja Młodych 1,ul
81290,PUBLICZNA SZKOŁA PODSTAWOWA NR 3 IM. BOLESŁAWA PRUSA,2026,Jelcz-Laskowice,ul. Bolesława Prusa 2,Jelcz-Laskowice,Prusa 2,ul bolesława
81295,SZKOŁA PODSTAWOWA IM. HENRYKA SIENKIEWICZA W WIŚNIOWEJ GÓRZE,2026,Wiśniowa Góra,ul. Tuszyńska 32,Wiśniowa Góra,Tuszyńska 32,ul
81322,SZKOŁA PODSTAWOWA NR 1 W KAMESZNICY,2026,Kamesznica,ul. Parkowa 70,Kamesznica,Parkowa 70,ul
81330,SZKOŁA PODSTAWOWA IM. POW W OSTRÓWKU,2026,Ostrówek,ul. Warszawska 2,Ostrówek,Warszawska 2,ul
81332,SZKOŁA PODSTAWOWA IM.GEN.DYW.FRANCISZKA ŻYMIRSKIEGO W KLEMBOWIE,2026,Klembów,ul. gen. Franciszka Żymirskiego 68,Klembów,Żymirskiego 68,ul gen franciszka
81348,ZESPÓŁ SZKOLNO-PRZEDSZKOLNY W REŃSKIEJ WSI PUBLICZNA SZKOŁA PODSTAWOWA W REŃSKIEJ WSI,2026,Reńska Wieś,ul. Raciborska 27,Reńska Wieś,Raciborska 27,ul
81386,SZKOŁA PODSTAWOWA IM.PREZYDENTA RP EDWARDA RACZYŃSKIEGO W ROGALINIE,2026,Rogalin,ul. Poznańska 8,Rogalin,Poznańska 8,ul
81390,SZKOŁA PODSTAWOWA NR 1 IM. KSIĘDZA ANTONIEGO PĘKSY,2026,Laskowiec,ul. Długa 90,Laskowiec,Długa 90,ul
81405,SZKOŁA PODSTAWOWA IM. KSIĘDZA BERNARDA GOŃCZA W ZESPOLE SZKÓŁ W BOROWYM MŁYNIE,2026,Borowy Młyn,ul. Kaszubska 1,Borowy Młyn,Kaszubska 1,ul
81485,SZKOŁA PODSTAWOWA IM.ADAMA MICKIEWICZA W TOMICACH,2026,Tomice,ul. Floriańska 16,Tomice,Floriańska 16,ul
81505,SZKOŁA PODSTAWOWA IM. STEFANA ŻEROMSKIEGO W STRAWCZYNIE,2026,Strawczyn,ul. Żeromskiego 9,Strawczyn,Żeromskiego 9,ul
81520,SZKOŁA PODSTAWOWA W ZESPOLE SZKÓŁ IM. JANA III SOBIESKIEGO W BRZEŹNIE SZLACHECKIM,2026,Brzeźno Szlacheckie,ul. Jana Pawła II 79,Brzeźno Szlacheckie,Jana Pawła II 79,ul
81549,SZKOŁA PODSTAWOWA NR 5 IM. JANA PAWŁA II W SKIERNIEWICACH,2026,Skierniewice,ul. Marii Konopnickiej 5,Skierniewice,Konopnickiej 5,ul marii
81582,SZKOŁA PODSTAWOWA IM. ADAMA MICKIEWICZA W JEŻEWIE,2026,Jeżewo,ul. Główna 37,Jeżewo,Główna 37,ul
81620,SZKOŁA PODSTAWOWA NR 1 IM. JULIUSZA SŁOWACKIEGO W BIAŁYMSTOKU,2026,Białystok,ul. Juliusza Słowackiego 4,Białystok,Słowackiego 4,ul juliusza
81629,SZKOŁA PODSTAWOWA NR 4 IM. SYBIRAKÓW W BIAŁYMSTOKU,2026,Białystok,ul. Częstochowska 6A,Białystok,Częstochowska 6A,ul
81633,SZKOŁA PODSTAWOWA NR 6 IM. JAROSŁAWA IWASZKIEWICZA W BIAŁYMSTOKU,2026,Białystok,ul. Wesoła 11A,Białystok,Wesoła 11A,ul
81638,SZKOŁA PODSTAWOWA NR 8 IM. ŚWIĘTEGO KAZIMIERZA KRÓLEWICZA W BIAŁYMSTOKU,2026,Białystok,ul. Jesienna 8,Białystok,Jesienna 8,ul
81641,SZKOŁA PODSTAWOWA NR 11 Z ODDZIAŁAMI INTEGRACYJNYMI IM. KORNELA MAKUSZYŃSKIEGO W BIAŁYMSTOKU,2026,Białystok,ul. Poleska 27,Białystok,Poleska 27,ul
81643,SZKOŁA PODSTAWOWA NR 19 IM. MIESZKA I W BIAŁYMSTOKU,2026,Białystok,ul. Mieszka I 18,Białystok,Mieszka I 18,ul
81646,SZKOŁA PODSTAWOWA NR 20 IM. GEN. WŁADYSŁAWA SIKORSKIEGO W BIAŁYMSTOKU,2026,Białystok,ul. Leśna 30,Białystok,Leśna 30,ul
81648,SZKOŁA PODSTAWOWA NR 44 IM. STANISŁAWA MONIUSZKI W BIAŁYMSTOKU,2026,Białystok,ul. Rumiankowa 13,Białystok,Rumiankowa 13,ul
81651,SZKOŁA PODSTAWOWA NR 50 Z ODDZIAŁAMI INTEGRACYJNYMI IM. ŚWIĘTEJ JADWIGI KRÓLOWEJ POLSKI W BIAŁYMSTOKU,2026,Białystok,ul. Kazimierza Pułaskiego 96,Białystok,Pułaskiego 96,ul kazimierza
81653,SZKOŁA PODSTAWOWA NR 52 IM. DR IRENY BIAŁÓWNY W BIAŁYMSTOKU,2026,Białystok,ul. Dojlidy Górne 48,Białystok,Dojlidy Górne 48,ul
81716,ZESPÓŁ SZKÓŁ NR 1 SZKOŁA PODSTAWOWA NR 1 W ŁOSICACH,2026,Łosice,ul. Szkolna 3,Łosice,Szkolna 3,ul
81718,ZESPÓŁ SZKOLNO-PRZEDSZKOLNY W WIĘKSZYCACH PUBLICZNA SZKOŁA PODSTAWOWA W WIĘKSZYCACH,2026,Większyce,ul. Szkolna 4,Większyce,Szkolna 4,ul
81749,GDAŃSKA SZKOŁA PODSTAWOWA,2026,Gdańsk,ul. Małomiejska 58,Gdańsk,Małomiejska 58,ul
81769,PUBLICZNA SZKOŁA PODSTAWOWA Z ODDZIAŁAMI SPORTOWYMI W DOBRZENIU WIELKIM,2026,Dobrzeń Wielki,ul. Kościelna 3,Dobrzeń Wielki,Kościelna 3,ul
81771,SZKOŁA PODSTAWOWA IM. ŚW. FRANCISZKA,2026,Warszawa,ul. Teresińska 9,Warszawa,Teresińska 9,ul
81776,SZKOŁA PODSTAWOWA IM. JANA PAWŁA II W ZASUTOWIE,2026,Zasutowo,ul. Kwiatowa 5,Zasutowo,Kwiatowa 5,ul
81805,SZKOŁA PODSTAWOWA IM. ADAMA MICKIEWICZA W GOGOLEWIE,2026,Gogolewo,ul. Szkolna 1,Gogolewo,Szkolna 1,ul
81833,SZKOŁA PODSTAWOWA NR 12 IM. JANA III SOBIESKIEGO W SOSNOWCU,2026,Sosnowiec,ul. Krzysztofa Kamila Baczyńskiego 14,Sosnowiec,Baczyńskiego 14,ul krzysztofa kamila
82336,PUBLICZNA SZKOŁA PODSTAWOWA Z ODDZIAŁAMI SPORTOWYMI NR 3 IM. KAROLA WOJTYŁY W KOBYŁCE,2026,Kobyłka,ul. ks. Marcina Załuskiego 57,Kobyłka,Załuskiego 57,ul ks marcina
82340,SZKOŁA PODSTAWOWA NR 1 IM. TADEUSZA KOŚCIUSZKI,2026,Szklarska Poręba,ul. 1 Maja 32,Szklarska Poręba,Maja 32,ul 1
82346,SZKOŁA PODSTAWOWA NR 28 IM. PROF. HENRYKA ARCTOWSKIEGO,2026,Toruń,ul. Przy Skarpie 13,Toruń,Przy Skarpie 13,ul
82353,SZKOŁA PODSTAWOWA IM. BŁOGOSŁAWIONEJ KAROLINY W ILKOWICACH,2026,Ilkowice,ul. Rudno 195,Ilkowice,Rudno 195,ul
82369,SZKOŁA PODSTAWOWA W ZESPOLE SZKOLNO-PRZEDSZKOLNYM W MIELŻYNIE,2026,Mielżyn,ul. Strzałkowska 1,Mielżyn,Strzałkowska 1,ul
82373,SZKOŁA PODSTAWOWA IM. HENRYKA SIENKIEWICZA W GROJCU,2026,Grojec,al. Ogrodowa 2,Grojec,Ogrodowa 2,al
82418,SZKOŁA PODSTAWOWA IM.POWSTAŃCÓW WIELKOPOLSKICH W WIRACH,2026,Wiry,ul. Zespołowa 23,Wiry,Zespołowa 23,ul
82450,SZKOŁA PODSTAWOWA IM. JANA PAWŁA II W RAJSKU,2026,Rajsko,ul. Edukacyjna 11,Rajsko,Edukacyjna 11,ul
82461,SZKOŁA PODSTAWOWA IM BOHATERÓW WRZEŚNIA 1939 R.,2026,Radymno,ul. Lwowska 20 F,Radymno,Lwowska 20 F,ul
82479,SZKOŁA PODSTAWOWA IM. BOHATERÓW POWSTANIA STYCZNIOWEGO W WĄCHOCKU,2026,Wąchock,ul. Kościelna 10,Wąchock,Kościelna 10,ul
82592,SZKOŁA PODSTAWOWA IM.OBROŃCÓW GÓRY CHEŁMSKIEJ,2026,Leśnica,ul. Zdzieszowicka 23,Leśnica,Zdzieszowicka 23,ul
82597,SZKOŁA PODSTAWOWA IM. KARD. STEFANA WYSZYŃSKIEGO W KRYSPINOWIE,2026,Kryspinów,ul. Długa 30,Kryspinów,Długa 30,ul
82655,SZKOŁA PODSTAWOWA NR 1 IM. PIOTRA WYSOCKIEGO W WARCE,2026,Warka,ul. Warszawska 24,Warka,Warszawska 24,ul
82661,PUBLICZNA SZKOŁA PODSTAWOWA NR 2 Z ODDZIAŁAMI INTEGRACYJNYMI IM. KAZIMIERZA PUŁASKIEGO W WARCE,2026,Warka,ul. Polna 17,Warka,Polna 17,ul
82663,SZKOŁA PODSTAWOWA NR 4 IM. ARMII KRAJOWEJ,2026,Nakło nad Notecią,os. Władysława Łokietka 15,Nakło nad Notecią,Władysława Łokietka 15,os
82686,ZESPÓŁ SZKOLNO-PRZEDSZKOLNY IM.JANA PAWŁA II - SZKOŁA PODSTAWOWA,2026,Bedoń-Wieś,ul. Jarzębinowa 1,Bedoń-Wieś,Jarzębinowa 1,ul
82701,SZKOŁA PODSTAWOWA IM. MARII KONOPNICKIEJ W ZABRODZIU,2026,Zabrodzie,ul. Szkolna 3,Zabrodzie,Szkolna 3,ul
82709,SPOŁECZNA SZKOŁA PODSTAWOWA NR 1 IM. JANA NOWAKA-JEZIORAŃSKIEGO,2026,Warszawa,ul. Nowoursynowska 139 U,Warszawa,Nowoursynowska 139 U,ul
82710,SPOŁECZNA SZKOŁA PODSTAWOWA NR 11 SPOŁECZNEGO TOWARZYSTWA OŚWIATOWEGO,2026,Warszawa,ul. Toruńska 23,Warszawa,Toruńska 23,ul
82736,SZKOŁA PODSTAWOWA Z ODDZIAŁAMI PRZEDSZKOLNYMI IM. KORNELA MAKUSZYŃSKIEGO,2026,Lipiany,ul. Tadeusza Kościuszki 1,Lipiany,Kościuszki 1,ul tadeusza
82805,"SZKOŁA PODSTAWOWA ""TĘCZA"" W ZGORZELCU",2026,Zgorzelec,ul. Bohaterów II Armii Wojska Polskiego 16,Zgorzelec,Bohaterów II Armii Wojska Polskiego 16,ul
82830,SZKOŁA PODSTAWOWA NR 2 IM. MIKOŁAJA KOPERNIKA,2026,Brzeszcze,ul. Mickiewicza 3,Brzeszcze,Mickiewicza 3,ul
82863,SPOŁECZNA SZKOŁA PODSTAWOWA NR 1 SPOŁECZNEGO TOWARZYSTWA OŚWIATOWEGO W BIAŁYMSTOKU,2026,Białystok,ul. Mieszka I 5,Białystok,Mieszka I 5,ul
82880,ZESPÓŁ SZKOLNO-PRZEDSZKOLNY W ŁĄCZANACH-SZKOŁA PODSTAWOWA IM. JANUSZA KORCZAKA W ŁĄCZANACH,2026,Łączany,ul. Krakowska 87,Łączany,Krakowska 87,ul
82911,SZKOŁA PODSTAWOWA NR 34 IM. TONY'EGO HALIKA,2026,Toruń,ul. Włocławska 237/239,Toruń,Włocławska 237/239,ul
83079,PUBLICZNA SZKOŁA PODSTAWOWA NR 1 KATOLICKIEGO STOWARZYSZENIA WYCHOWAWCÓW IM. BŁ. NATALII TUŁASIEWICZ W POZNANIU,2026,Poznań,ul. Mińska 32,Poznań,Mińska 32,ul
83080,PUBLICZNA SZKOŁA PODSTAWOWA NR 52 W POZNANIU,2026,Poznań,ul. Fabianowo 29,Poznań,Fabianowo 29,ul
83171,ZESPÓŁ SZKÓŁ PUBLICZNYCH SZKOŁA PODSTAWOWA IM. ANNY Z DZIAŁYŃSKICH POTOCKIEJ W POSADZIE GÓRNEJ,2026,Posada Górna,ul. 3 Maja 164,Posada Górna,Maja 164,ul 3
83201,SZKOŁA PODSTAWOWA IM ADAMA MICKIEWICZA W BARŁOGACH,2026,Barłogi,ul. Piaskowa 3,Barłogi,Piaskowa 3,ul
83229,SZKOŁA PODSTAWOWA IM. C.K. NORWIDA W DĘBINKACH,2026,Dębinki,ul. C. K. Norwida 26,Dębinki,Norwida 26,ul c k
83259,SZKOŁA PODSTAWOWA IM. WOJSKA POLSKIEGO W LĄDKU,2026,Lądek,ul. Pyzderska 31,Lądek,Pyzderska 31,ul
83266,PUBLICZNA SZKOŁA PODSTAWOWA NR 7 IM. MIKOŁAJA KOPERNIKA W ZIELONEJ GÓRZE,2026,Zielona Góra,ul. Zielonogórska 5,Zielona Góra,Zielonogórska 5,ul
83381,PUBLICZNA SZKOŁA PODSTAWOWA IM. HENRYKA SIENKIEWICZA W SIENNICY,2026,Siennica,ul. Latowicka 16,Siennica,Latowicka 16,ul
83425,SZKOŁA PODSTAWOWA NR 1 IM. KRÓLOWEJ JADWIGI W KONSTANTYNOWIE ŁÓDZKIM,2026,Konstantynów Łódzki,ul. Łódzka 117,Konstantynów Łódzki,Łódzka 117,ul
83426,SZKOŁA PODSTAWOWA NR 2 IM. BOLESŁAWA ŚCIBIORKA W KONSTANTYNOWIE ŁÓDZKIM,2026,Konstantynów Łódzki,ul. Jana Kilińskiego 75,Konstantynów Łódzki,Kilińskiego 75,ul jana
83436,SZKOŁA PODSTAWOWA IM. TADEUSZA KOŚCIUSZKI W DZIAŁOSZYCACH,2026,Działoszyce,ul. Szkolna 5,Działoszyce,Szkolna 5,ul
83446,SZKOŁA PODSTAWOWA IM. BOLESŁAWA PRUSA W CHRZANOWICACH,2026,Chrzanowice,ul. Włodzimierza Łuckiego 16,Chrzanowice,Łuckiego 16,ul włodzimierza
83449,SZKOŁA PODSTAWOWA NR 9 IM. WŁADYSŁAWA ŁOKIETKA W SIERADZU,2026,Sieradz,ul. Władysława Łokietka 55,Sieradz,Władysława Łokietka 55,ul
83450,SZKOŁA PODSTAWOWA INTEGRACYJNA NR 8,2026,Sieradz,ul. Szlachecka 11,Sieradz,Szlachecka 11,ul
83451,SZKOŁA PODSTAWOWA NR 1 IM. WŁADYSŁAWA REYMONTA W SIERADZU,2026,Sieradz,ul. Tadeusza Kościuszki 14,Sieradz,Kościuszki 14,ul tadeusza
83467,SZKOŁA PODSTAWOWA MAŁE MORZE IM. KS. JANA KACZKOWSKIEGO W PUCKU,2026,Puck,ul. Przebendowskiego 12,Puck,Przebendowskiego 12,ul
83544,SZKOŁA PODSTAWOWA IM. KARDYNAŁA STEFANA WYSZYŃSKIEGO W SZEPIETOWIE,2026,Szepietowo,ul. 1 Maja 2,Szepietowo,Maja 2,ul 1
83599,SZKOŁA PODSTAWOWA NR 4 W JAŚLE,2026,Jasło,ul. Wincentego Pola 9,Jasło,Pola 9,ul wincentego
83604,SZKOŁA PODSTAWOWA IM. WŁADYSŁAWA UMIŃSKIEGO W PRZEDCZU,2026,Przedecz,ul. Szkolna 5,Przedecz,Szkolna 5,ul
83619,SZKOŁA PODSTAWOWA IM. MARSZAŁKA JÓZEFA PIŁSUDSKIEGO W NAWOJOWEJ GÓRZE,2026,Nawojowa Góra,ul. Szkolna 1,Nawojowa Góra,Szkolna 1,ul
83645,SZKOŁA PODSTAWOWA IM. WINCENTEGO WITOSA W KRZESZYCACH,2026,Krzeszyce,ul. Skwierzyńska 4,Krzeszyce,Skwierzyńska 4,ul
83665,SZKOŁA PODSTAWOWA NR 4 IM. JANA BRZECHWY W SWARZĘDZU,2026,Swarzędz,os. Kościuszkowców 4,Swarzędz,Kościuszkowców 4,os
83666,OGÓLNOKSZTAŁCĄCA SZKOŁA MUZYCZNA I STOPNIA IM. PROF. MARKA JASIŃSKIEGO,2026,Szczecin,ul. Bolesława Śmiałego 42,Szczecin,Bolesława Śmiałego 42,ul
83667,SZKOŁA PODSTAWOWA IM.KAWALERÓW ORDERU UŚMIECHU W KOBYLNICY,2026,Kobylnica,ul. Poznańska 50,Kobylnica,Poznańska 50,ul
83668,SZKOŁA PODSTAWOWA IM. ŚW. JANA PAWŁA II W PACZKOWIE,2026,Paczkowo,ul. Szkolna 16,Paczkowo,Szkolna 16,ul
83670,SZKOŁA PODSTAWOWA IM. KOMISJI EDUKACJI NARODOWEJ W KUROWIE,2026,Kurów,ul. Wieluńska 11,Kurów,Wieluńska 11,ul
83672,SZKOŁA PODSTAWOWA NR 124 IM. STANISŁAWA JACHOWICZA,2026,Warszawa,ul. Bartoszycka 45/47,Warszawa,Bartoszycka 45/47,ul
83678,SZKOŁA PODSTAWOWA NR 4 IM. KRÓLOWEJ JADWIGI W WIELUNIU,2026,Wieluń,ul. 18 Stycznia 24,Wieluń,Stycznia 24,ul 18
83680,SZKOŁA PODSTAWOWA IM. WINCENTEGO WITOSA W RUDZIE,2026,Ruda,ul. Długa 31,Ruda,Długa 31,ul
83713,SZKOŁA PODSTAWOWA NR 4 IM. HENRYKA SIENKIEWICZA W GRAJEWIE,2026,Grajewo,ul. Konstytucji 3-go Maja 23,Grajewo,Konstytucji 3-go Maja 23,ul
83715,SZKOŁA PODSTAWOWA NR 2 IM. ADAMA MICKIEWICZA W GRAJEWIE,2026,Grajewo,ul. A. Mickiewicza 1,Grajewo,Mickiewicza 1,ul a
83722,SZKOŁA PODSTAWOWA SPECJALNA NR 213,2026,Łódź,ul. Spadkowa 11,Łódź,Spadkowa 11,ul
83725,SZKOŁA PODSTAWOWA IM. STEFANA ŻEROMSKIEGO W KOTOMIERZU,2026,Kotomierz,ul. Koronowska 2,Kotomierz,Koronowska 2,ul
83737,SZKOŁA PODSTAWOWA W STRZELCACH GÓRNYCH,2026,Strzelce Górne,ul. Szkolna 6,Strzelce Górne,Szkolna 6,ul
83750,SZKOŁA PODSTAWOWA SPORTOWA NR 272 IM. EUGENIUSZA LOKAJSKIEGO,2026,Warszawa,ul. Piaseczyńska 114/116,Warszawa,Piaseczyńska 114/116,ul
83763,PUBLICZNA SZKOŁA PODSTAWOWA IM. KS. DR BOLESŁAWA DOMAŃSKIEGO W ZAKRZEWIE,2026,Zakrzewo,ul. Marii Magdaleny Gąszczak 29,Zakrzewo,Gąszczak 29,ul marii magdaleny
83769,SZKOŁA PODSTAWOWA IM. UNICEF W BIELANACH WROCŁAWSKICH,2026,Bielany Wrocławskie,ul. Akacjowa 1,Bielany Wrocławskie,Akacjowa 1,ul
83774,SZKOŁA PODSTAWOWA IM. C.K. NORWIDA,2026,Dąbrówka,ul. Tadeusza Kościuszki 20,Dąbrówka,Kościuszki 20,ul tadeusza
83797,SZKOŁA PODSTAWOWA IM. PROF. JANA CZEKANOWSKIEGO W CMOLASIE,2026,Cmolas,ul. Szkolna 4,Cmolas,Szkolna 4,ul
83798,SZKOŁA PODSTAWOWA SIÓSTR URSZULANEK UNII RZYMSKIEJ W LUBLINIE,2026,Lublin,ul. Prezydenta Gabriela Narutowicza 8,Lublin,Narutowicza 8,ul prezydenta gabriela
83814,SZKOŁA PODSTAWOWA IM. MARIUSZA ZARUSKIEGO W PUCKU,2026,Puck,ul. Przebendowskiego 27,Puck,Przebendowskiego 27,ul
83818,PUBLICZNA SZKOŁA PODSTAWOWA IM. ADELI GOSZCZYŃSKIEJ WE WSZEBORACH,2026,Wszebory,ul. Trakt Napoleoński 45,Wszebory,Trakt Napoleoński 45,ul
83825,SZKOŁA PODSTAWOWA IM. 8-GO BYDGOSKIEGO PUŁKU PIECHOTY W BORÓWNIE,2026,Borówno,ul. Szkolna 13,Borówno,Szkolna 13,ul
83829,SZKOŁA PODSTAWOWA IM. ST. CZARNIECKIEGO W GOŁĘBIU,2026,Gołąb,ul. Puławska 32,Gołąb,Puławska 32,ul
83871,SZKOŁA PODSTAWOWA IM.JANA ŁACHUTA W OSTRĘŻNICY,2026,Ostrężnica,ul. Królewska 32,Ostrężnica,Królewska 32,ul
83885,SZKOŁA PODSTAWOWA IM.MJR H.SUCHARSKIEGO W OSIEKU NAD WISŁĄ,2026,Osiek nad Wisłą,ul. Leśna 1,Osiek nad Wisłą,Leśna 1,ul
83931,SZKOŁA PODSTAWOWA IM. MIKOŁAJA KOPERNIKA WE FROMBORKU,2026,Frombork,ul. Katedralna 9,Frombork,Katedralna 9,ul
83962,SZKOŁA PODSTAWOWA NR 1 IM. MIKOŁAJA KOPERNIKA W NIDZICY,2026,Nidzica,ul. Kopernika 1,Nidzica,Kopernika 1,ul
83964,SZKOŁA PODSTAWOWA IM. MIKOŁAJA REJA W NAGŁOWICACH,2026,Nagłowice,ul. Mikołaja Reja 40,Nagłowice,Reja 40,ul mikołaja
83973,SZKOŁA PODSTAWOWA IM. WSPÓLNEJ EUROPY W ZALESIU GÓRNYM,2026,Zalesie Górne,ul. Sarenki 20,Zalesie Górne,Sarenki 20,ul
83976,PUBLICZNA SZKOŁA PODSTAWOWA IM.MARII KONOPNICKIEJ W KRAJENCE,2026,Krajenka,ul. Stanisława Polańskiego 3,Krajenka,Polańskiego 3,ul stanisława
84009,PUBLICZNA SZKOŁA PODSTAWOWA IMIENIA MARII KONOPNICKIEJ W JORDANOWIE ŚLĄSKIM,2026,Jordanów Śląski,ul. Wrocławska 55,Jordanów Śląski,Wrocławska 55,ul
84019,SZKOŁA PODSTAWOWA NR 1 IM. HENRYKA SIENKIEWICZA W SZCZEBRZESZYNIE,2026,Szczebrzeszyn,ul. Ogrodowa 16,Szczebrzeszyn,Ogrodowa 16,ul
84025,SZKOŁA PODSTAWOWA NR 3 IM. RÓŻY ZAMOYSKIEJ W SZCZEBRZESZYNIE,2026,Szczebrzeszyn,ul. Zamojska 189,Szczebrzeszyn,Zamojska 189,ul
84033,PUBLICZNA SZKOŁA PODSTAWOWA W ŻĘDOWICACH,2026,Żędowice,ul. Strzelecka 35A,Żędowice,Strzelecka 35A,ul
84050,SZKOŁA PODSTAWOWA IM. KRZYSZTOFA KAMILA BACZYŃSKIEGO W CZERNIKOWIE,2026,Czernikowo,ul. Szkolna 15,Czernikowo,Szkolna 15,ul
84067,SZKOŁA PODSTAWOWA NR 2 W ŻYCHLINIE IM. JANA PAWŁA II,2026,Żychlin,ul. Stefana Żeromskiego 8,Żychlin,Żeromskiego 8,ul stefana
84069,SZKOŁA PODSTAWOWA IM. WŁODZIMIERZA POTOCKIEGO W SĘKOCINIE,2026,Słomin,ul. Wierzbowa 5,Słomin,Wierzbowa 5,ul
84109,SZKOŁA PODSTAWOWA IM. KAZIMIERZA GÓRSKIEGO W DOBRCZU,2026,Dobrcz,ul. Długa 33,Dobrcz,Długa 33,ul
84130,SZKOŁA PODSTAWOWA NR 2 IM. JANA ŚNIADECKIEGO W ŻNINIE,2026,Żnin,ul. Wandy Pieniężnej 19,Żnin,Pieniężnej 19,ul wandy
84144,SZKOŁA PODSTAWOWA IM. POWSTAŃCÓW STYCZNIOWYCH W DALIKOWIE,2026,Dalików,ul. Łęczycka 3,Dalików,Łęczycka 3,ul
84166,PUBLICZNA SZKOŁA PODSTAWOWA IM.JANUSZA KORCZAKA W JUGOWICACH,2026,Jugowice,ul. Główna 34,Jugowice,Główna 34,ul
84211,SZKOŁA PODSTAWOWA W KROCZYCACH,2026,Kroczyce,ul. Sienkiewicza 7,Kroczyce,Sienkiewicza 7,ul
84215,SZKOŁA PODSTAWOWA IM. ANDRZEJA SAMULOWSKIEGO W GIETRZWAŁDZIE,2026,Gietrzwałd,ul. Szkolna 8,Gietrzwałd,Szkolna 8,ul
84219,SZKOŁA PODSTAWOWA IM. RODZIN WARMIŃSKICH W SZĄBRUKU,2026,Sząbruk,ul. Andrzeja Samulowskiego 1,Sząbruk,Samulowskiego 1,ul andrzeja
84224,SZKOŁA PODSTAWOWA NR 9 IM. KRÓLA JANA III SOBIESKIEGO W GLIWICACH,2026,Gliwice,ul. Jana III Sobieskiego 14,Gliwice,Jana III Sobieskiego 14,ul
84225,SZKOŁA PODSTAWOWA IM. WITOLDA DOROSZEWSKIEGO W NADARZYNIE,2026,Nadarzyn,ul. Sitarskich 4,Nadarzyn,Sitarskich 4,ul
84231,SZKOŁA PODSTAWOWA NR 23 IM. JANA PAWŁA II W KIELCACH,2026,Kielce,ul. Łanowa 68,Kielce,Łanowa 68,ul
84253,SZKOŁA PODSTAWOWA NR 2 Z ODDZIAŁAMI DWUJĘZYCZNYMI IM. MARII KONOPNICKIEJ W STRZYŻOWIE,2026,Strzyżów,ul. Daszyńskiego 4,Strzyżów,Daszyńskiego 4,ul
84293,SZKOŁA PODSTAWOWA IM. KRESOWIAN W CZARNOWIE,2026,Czarnów,ul. Plac Wolności 17,Czarnów,Plac Wolności 17,ul
84298,SZKOŁA PODSTAWOWA NR 18 IM. JANA PAWŁA II W GLIWICACH,2026,Gliwice,ul. Stefana Okrzei 16,Gliwice,Okrzei 16,ul stefana
84332,SZKOŁA PODSTAWOWA NR 46 IM. JANA KIEPURY W SOSNOWCU,2026,Sosnowiec,ul. Gwiezdna 2,Sosnowiec,Gwiezdna 2,ul
84334,ZESPÓŁ SZKÓŁ W GILOWICACH - SZKOŁA PODSTAWOWA NR 1 IM. TADEUSZA KOŚCIUSZKI,2026,Gilowice,ul. Siedlakówka 37,Gilowice,Siedlakówka 37,ul
84348,PRYWATNA SZKOŁA PODSTAWOWA NR 1 W SOSNOWCU,2026,Sosnowiec,ul. Mariana Maliny 14a,Sosnowiec,Maliny 14a,ul mariana
84352,SZKOŁA PODSTAWOWA NR 8 IM. W. BRONIEWSKIEGO,2026,Pruszków,ul. Obrońców Pokoju 44,Pruszków,Obrońców Pokoju 44,ul
84354,SZKOŁA PODSTAWOWA NR 6 IM. H. SIENKIEWICZA,2026,Pruszków,ul. Lipowa 31,Pruszków,Lipowa 31,ul
84370,SZKOŁA PODSTAWOWA IM. SPADOCHRONIARZY WOJSKA POLSKIEGO W BABICACH,2026,Babice,ul. Różana 23,Babice,Różana 23,ul
84372,SZKOŁA PODSTAWOWA NR 1 W KOWARACH,2026,Kowary,ul. Stanisława Staszica 16,Kowary,Staszica 16,ul stanisława
84373,SZKOŁA PODSTAWOWA NR 3 IM. JÓZEFA GIELNIAKA W KOWARACH,2026,Kowary,ul. 1 Maja 72,Kowary,Maja 72,ul 1
84377,SZKOŁA PODSTAWOWA IM. JANA PAWŁA II W RYCHWAŁDZIE,2026,Rychwałd,ul. Beskidzka 43,Rychwałd,Beskidzka 43,ul
84422,SZKOŁA PODSTAWOWA W ZAWADZIE,2026,Zawada,ul. Główna 18,Zawada,Główna 18,ul
84444,SZKOŁA PODSTAWOWA NR 1 IM. TADEUSZA KOŚCIUSZKI W LUBANIU,2026,Lubań,ul. Adama Mickiewicza 1,Lubań,Mickiewicza 1,ul adama
84447,SZKOŁA PODSTAWOWA NR 4 IM. KAWALERÓW ORDERU UŚMIECHU W LUBANIU,2026,Lubań,ul. Mikołaja Kopernika 15,Lubań,Kopernika 15,ul mikołaja
84458,SZKOŁA PODSTAWOWA NR 2 IM. JADWIGI ŚLĄSKIEJ W PSZCZYNIE,2026,Pszczyna,ul. Katowicka 47,Pszczyna,Katowicka 47,ul
84472,PUBLICZNA SZKOŁA PODSTAWOWA IM. PAULI MONTAL SIÓSTR PIJAREK,2026,Rzeszów,ul. Sanocka 70,Rzeszów,Sanocka 70,ul
84507,SZKOŁA PODSTAWOWA IM. GEN. A. A. KOSIŃSKIEGO W TARGOWEJ GÓRCE,2026,Targowa Górka,ul. Karola Karśnickiego 2,Targowa Górka,Karśnickiego 2,ul karola
84510,SZKOŁA PODSTAWOWA IM. JANUSZA KORCZAKA W JÓZEFOSŁAWIU,2026,Józefosław,ul. Kameralna 11,Józefosław,Kameralna 11,ul
84545,ZESPÓŁ SZKOLNO - PRZEDSZKOLNY SZKOŁA PODSTAWOWA IM. MARIANA FALSKIEGO W RADWANICACH,2026,Radwanice,ul. Tenisowa 1,Radwanice,Tenisowa 1,ul
84554,SZKOŁA PODSTAWOWA NR 1 IM. JANA PAWŁA II W SUCHEJ BESKIDZKIEJ,2026,Sucha Beskidzka,ul. płk. Tadeusza Semika 3,Sucha Beskidzka,Semika 3,ul płk tadeusza
84561,SZKOŁA PODSTAWOWA NR 2 IM. WŁ. BRONIEWSKIEGO W SUCHEJ BESKIDZKIEJ,2026,Sucha Beskidzka,ul. Zasypnicka 1,Sucha Beskidzka,Zasypnicka 1,ul
84579,SZKOŁA PODSTAWOWA IM.KS.JANA RĄBA W IWONICZU-ZDROJU,2026,Iwonicz-Zdrój,ul. Szkolna 2,Iwonicz-Zdrój,Szkolna 2,ul
84609,SZKOŁA PODSTAWOWA W ZBOROWSKIEM,2026,Zborowskie,ul. Główna 33,Zborowskie,Główna 33,ul
84613,SZKOŁA PODSTAWOWA IM. 28 PUŁKU STRZELCÓW KANIOWSKICH W WÓLCE RADZYMIŃSKIEJ,2026,Wólka Radzymińska,ul. Szkolna 79,Wólka Radzymińska,Szkolna 79,ul
84617,PUBLICZNA SZKOŁA PODSTAWOWA W LIGOCIE TURAWSKIEJ,2026,Ligota Turawska,ul. Główna 32,Ligota Turawska,Główna 32,ul
84630,SZKOŁA PODSTAWOWA W DĘBNIE,2026,Dębno,ul. Szkolna 3,Dębno,Szkolna 3,ul
84686,MIEJSKA SZKOŁA PODSTAWOWA W SZCZAWNIE-ZDROJU,2026,Szczawno-Zdrój,ul. Słoneczna 1A,Szczawno-Zdrój,Słoneczna 1A,ul
84698,SZKOŁA PODSTAWOWA IM. OJCA ŚWIĘTEGO JANA PAWAŁA II W MIETKOWIE,2026,Mietków,ul. Kolejowa 28C,Mietków,Kolejowa 28C,ul
84702,SZKOŁA PODSTAWOWA IM. FRANCISZKA MICKIEWICZA W ROŻNOWIE,2026,Rożnowo,ul. Dworcowa 42,Rożnowo,Dworcowa 42,ul
84708,SZKOŁA PODSTAWOWA IMIENIA JANA PAWŁA II W OCIĄŻU,2026,Fabianów,ul. Szkolna 56,Fabianów,Szkolna 56,ul
84728,SZKOŁA PODSTAWOWA W NIEGOWIE,2026,Niegowa,ul. Szkolna 36,Niegowa,Szkolna 36,ul
84753,PUBLICZNA SZKOŁA PODSTAWOWA IM. J VON EICHENDORFFA W WALCACH,2026,Walce,ul. Lipowa 2,Walce,Lipowa 2,ul
84778,SZKOŁA PODSTAWOWA NR 62 IM. GEN STANISŁAWA TACZAKA,2026,Poznań,ul. Druskienicka 32,Poznań,Druskienicka 32,ul
84795,SZKOŁA PODSTAWOWA IM. JANA PAWŁA II W GAJU,2026,Gaj,ul. Szkolna 73,Gaj,Szkolna 73,ul
84802,SZKOŁA PODSTAWOWA IM.TADEUSZA KOŚCIUSZKI W CHODCZU,2026,Chodecz,ul. Waryńskiego 20,Chodecz,Waryńskiego 20,ul
84807,SZKOŁA PODSTAWOWA IM. MARII KONOPNICKIEJ W TURKOWICACH,2026,Turkowice,ul. Jaśminowa 3,Turkowice,Jaśminowa 3,ul
84813,SZKOŁA PODSTAWOWA IM. POMNIK DZIECI-WIĘŹNIÓW KL AUSCHWITZ-BIRKENAU W BRZEZINCE,2026,Brzezinka,ul. Szkolna 19,Brzezinka,Szkolna 19,ul
84816,SZKOŁA PODSTAWOWA IM. ARTURA GROTTGERA W PORĘBIE WIELKIEJ,2026,Poręba Wielka,ul. Wadowicka 85,Poręba Wielka,Wadowicka 85,ul
84821,SZKOŁA PODSTAWOWA NR 3 IM. MARII KONOPNICKIEJ W KROŚNIE,2026,Krosno,ul. Marii Konopnickiej 5,Krosno,Konopnickiej 5,ul marii
84830,SZKOŁY PODSTAWOWEJ IM. TADEUSZA KOŚCIUSZKI,2026,Dobrzany,ul. Adama Mickiewicza 43,Dobrzany,Mickiewicza 43,ul adama
84898,SZKOŁA PODSTAWOWA NR 3 IM. BOLESŁAWA KRZYWOUSTEGO,2026,Sochaczew,ul. Prezydenta Ryszarda Kaczorowskiego 5,Sochaczew,Kaczorowskiego 5,ul prezydenta ryszarda
84899,SZKOŁA PODSTAWOWA IM. JANUSZA KUSOCIŃSKIEGO W GRĘBOCICACH,2026,Grębocice,ul. Szkolna 2,Grębocice,Szkolna 2,ul
84926,SZKOŁA PODSTAWOWA IM. JANA BRZECHWY W RADWANICACH,2026,Radwanice,ul. Szkolna 14a,Radwanice,Szkolna 14a,ul
84972,SZKOŁA PODSTAWOWA NR 3 IM. JANUSZA KORCZAKA W NIDZICY,2026,Nidzica,ul. 1 Maja 42,Nidzica,Maja 42,ul 1
84985,SZKOŁA PODSTAWOWA NR 7 IM. KARDYNAŁA STEFANA WYSZYŃSKIEGO W KROŚNIE,2026,Krosno,ul. ks. Stanisława Decowskiego 9,Krosno,Decowskiego 9,ul ks stanisława
84991,SZKOŁA PODSTAWOWA NR 12 W KROŚNIE,2026,Krosno,ul. Stanisława Wyspiańskiego 20,Krosno,Wyspiańskiego 20,ul stanisława
85009,SZKOŁA PODSTAWOWA NR 2,2026,Chełmża,ul. gen. Józefa Hallera 17,Chełmża,Hallera 17,ul gen józefa
85011,SZKOŁA PODSTAWOWA NR 5 IM. PAPIEŻA JANA PAWŁA II,2026,Chełmża,ul. Stefana Kardynała Wyszyńskiego 5,Chełmża,Wyszyńskiego 5,ul stefana kardynała
85025,SZKOŁA PODSTAWOWA IM. JANA PAWŁA II W MISTOWIE,2026,Mistów,ul. Szkolna 3,Mistów,Szkolna 3,ul
85041,SZKOŁA PODSTAWOWA NR 1 IM. JANA PAWLA II W LUBIĄŻU,2026,Lubiąż,ul. Wojska Polskiego 3A,Lubiąż,Wojska Polskiego 3A,ul
85062,SZKOŁA PODSTAWOWA NR 4 IM. UNICEF W OBORNIKACH,2026,Oborniki,ul. Obrzycka 88,Oborniki,Obrzycka 88,ul
85071,SZKOŁA PODSTAWOWA W ŁUBIANIE,2026,Łubiana,ul. Szkolna 1,Łubiana,Szkolna 1,ul
85080,SZKOŁA PODSTAWOWA NR 19 IM. STANISŁAWA STASZICA,2026,Poznań,os. Oświecenia 1,Poznań,Oświecenia 1,os
85087,PUBLICZNA SZKOŁA PODSTAWOWA W JANIKU,2026,Janik,ul. Szkolna 21,Janik,Szkolna 21,ul
85089,SZKOŁA PODSTAWOWA NR 5 IM. ROMUALDA TRAUGUTTA,2026,Poznań,ul. Romualda Traugutta 42,Poznań,Traugutta 42,ul romualda
85100,SZKOŁA PODSTAWOWA W WIELKIM KLINCZU,2026,Wielki Klincz,ul. Szkolna 22,Wielki Klincz,Szkolna 22,ul
85142,SZKOŁA PODSTAWOWA IM. POWSTAŃCÓW WIELKOPOLSKICH W ŁOMNICY,2026,Łomnica,ul. Św. Wawrzyńca 80,Łomnica,Wawrzyńca 80,ul św
85146,SZKOŁA PODSTAWOWA IM. ARKADEGO FIEDLERA W ZBĄSZYNIU,2026,Zbąszyń,ul. Mostowa 10,Zbąszyń,Mostowa 10,ul
85194,SZKOŁA PODSTAWOWA W GOŁACZEWACH,2026,Gołaczewy,ul. Chełmska 8,Gołaczewy,Chełmska 8,ul
85196,SZKOŁA PODSTAWOWA NR 1 IM. POWSTAŃCÓW ŚLĄSKICH W WOŁOWIE,2026,Wołów,ul. Trzebnicka 14,Wołów,Trzebnicka 14,ul
85210,"POLSKO-FRANCUSKA NIEPUBLICZNA SZKOŁA PODSTAWOWA ""LA FONTAINE""",2026,Warszawa,ul. Wandy Rutkiewicz 2,Warszawa,Rutkiewicz 2,ul wandy
85228,SZKOŁA PODSTAWOWA IM. STANISŁAWA STASZICA W BOLESŁAWIU,2026,Bolesław,ul. Główna 96,Bolesław,Główna 96,ul
85256,SZKOŁA PODSTAWOWA IM. KS. JANA TWARDOWSKIEGO W ŻYDOWIE,2026,Żydów,ul. Szkolna 72,Żydów,Szkolna 72,ul
85272,PUBLICZNA SZKOŁA PODSTAWOWA NR 1 IM. MARIANA OSIŃSKIEGO,2026,Ryki,ul. Juliusza Słowackiego 2,Ryki,Słowackiego 2,ul juliusza
85277,SZKOŁA PODSTAWOWA NR 5 IM. JANA PAWŁA II W KROŚNIE,2026,Krosno,ul. Grunwaldzka 15,Krosno,Grunwaldzka 15,ul
85333,SZKOŁA PODSTAWOWA NR 1 IM. HENRYKA SIENKIEWICZA W MIECHOWIE,2026,Miechów,ul. Marii Konopnickiej 13,Miechów,Konopnickiej 13,ul marii
85335,SZKOŁA PODSTAWOWA NR 2 IM. M. KONOPNICKIEJ W MIECHOWIE,2026,Miechów,os. gen. Władysława Sikorskiego 15a,Miechów,Sikorskiego 15a,os gen władysława
85352,NIEPUBLICZNA SZKOŁA PODSTAWOWA W KOSZYCACH MAŁYCH,2026,Koszyce Małe,ul. Oświatowa 1,Koszyce Małe,Oświatowa 1,ul
85355,SZKOŁA PODSTAWOWA NR 1 IM. BŁOGOSŁAWIONEGO KSIĘDZA PRYMASA STEFANA KARDYNAŁA WYSZYŃSKIEGO,2026,Biłgoraj,ul. 3 Maja 3,Biłgoraj,Maja 3,ul
85357,WALDORFSKA SZKOŁA PODSTAWOWA IM. CYPRIANA KAMILA NORWIDA W BIELSKU-BIAŁEJ,2026,Bielsko-Biała,ul. Pocztowa 22,Bielsko-Biała,Pocztowa 22,ul
85364,SZKOŁA PODSTAWOWA IM. KOMISJI EDUKACJI NARODOWEJ W SKOMLINIE,2026,Skomlin,ul. Parkowa 6,Skomlin,Parkowa 6,ul
85366,SZKOŁA PODSTAWOWA IM. STANISŁAWA WYSPIAŃSKIEGO W BIBICACH,2026,Bibice,ul. Tadeusza Kościuszki 56A,Bibice,Kościuszki 56A,ul tadeusza
85473,SZKOŁA PODSTAWOWA NR 5 IM. KSIĘDZA JANA TWARDOWSKIEGO,2026,Biłgoraj,ul. Nadstawna 62A,Biłgoraj,Nadstawna 62A,ul
85481,SZKOŁA PODSTAWOWA IM. KS. STANISŁAWA ZIELIŃSKIEGO W STRÓŻY,2026,Stróża-Kolonia,ul. Akacjowa 2A,Stróża-Kolonia,Akacjowa 2A,ul
85493,SZKOŁA PODSTAWOWA NR 3 Z ODDZIAŁAMI INTEGRACYJNYMI IM. JANA KOCHANOWSKIEGO W JAWORZNIE,2026,Jaworzno,ul. Marcina Kasprzaka 6,Jaworzno,Kasprzaka 6,ul marcina
85494,SZKOŁA PODSTAWOWA NR 22 IM. GENERAŁA JÓZEFA BEMA W JAWORZNIE,2026,Jaworzno,ul. Szymona Banasika 1,Jaworzno,Banasika 1,ul szymona
85496,SZKOŁA PODSTAWOWA W SIEMIANICACH,2026,Siemianice,ul. Słupska 42,Siemianice,Słupska 42,ul
85516,SZKOŁA PODSTAWOWA IM. MAJORA HENRYKA DOBRZAŃSKIEGO PS. „HUBAL” W ZESPOLE PRZEDSZKOLNO-SZKOLNYM W DOBROMIERZU,2026,Dobromierz,ul. Włoszczowska 5,Dobromierz,Włoszczowska 5,ul
85519,SZKOŁA PODSTAWOWA IM. MJRA HENRYKA SUCHARSKIEGO W JEZIERZYCACH,2026,Jezierzyce,ul. Szkolna 3,Jezierzyce,Szkolna 3,ul
85526,SZKOŁA PODSTAWOWA IM. MIECZYSŁAWA FOGGA W ZŁOTOKŁOSIE,2026,Złotokłos,ul. Traugutta 10,Złotokłos,Traugutta 10,ul
85531,SZKOŁA PODSTAWOWA IM. MARII SKŁODOWSKIEJ-CURIE W NOWEJ SARZYNIE,2026,Nowa Sarzyna,ul. Komisji Edukacji Narodowej 5,Nowa Sarzyna,Komisji Edukacji Narodowej 5,ul
85552,SZKOŁA PODSTAWOWA IM. MARII KONOPNICKIEJ W GĄBINIE,2026,Gąbin,ul. Aleja Jana Pawła II 16,Gąbin,Aleja Jana Pawła II 16,ul
85570,SZKOŁA PODSTAWOWA NR 7 IM. JANA PAWŁA II W OLEŚNICY,2026,Oleśnica,ul. 11 Listopada 10,Oleśnica,Listopada 10,ul 11
85571,SZKOŁA PODSTAWOWA NR 8 IM. NOBLISTÓW POLSKICH W OLEŚNICY,2026,Oleśnica,ul. Wiejska 35,Oleśnica,Wiejska 35,ul
85602,"SZKOŁA PODSTAWOWA ""AKADEMIA SOWARD""",2026,Częstochowa,ul. Legionów 23,Częstochowa,Legionów 23,ul
85607,SZKOŁA PODSTAWOWA IM. JERZEGO NOSKIEWICZA Z ODDZIAŁAMI DWUJĘZYCZNYMI I PRZEDSZKOLNYMI W TANOWIE,2026,Tanowo,ul. Szczecińska 31,Tanowo,Szczecińska 31,ul
85706,SZKOŁA PODSTAWOWA NR 2 IM.EWY KRAUZE W PIASECZNIE,2026,Piaseczno,ul. Aleja Kasztanów 12,Piaseczno,Aleja Kasztanów 12,ul
85723,SZKOŁA PODSTAWOWA NR 1 IM POWSTAŃCÓW WIELKOPOLSKICH W ŻNINIE,2026,Żnin,ul. Szkolna 4,Żnin,Szkolna 4,ul
85727,SZKOŁA PODSTAWOWA NR 23 MISTRZOSTWA SPORTOWEGO IM. MARIANA GRZEGORZA BUBLEWICZA W OLSZTYNIE,2026,Olsztyn,ul. Gietkowska 12,Olsztyn,Gietkowska 12,ul
85734,SZKOŁA PODSTAWOWA IM. EMILII SCZANIECKIEJ W KONARZYCACH,2026,Konarzyce,ul. Szkolna 6,Konarzyce,Szkolna 6,ul
85754,SZKOŁA PODSTAWOWA IM. K.MAKUSZYŃSKIEGO W PISZCZACU,2026,Piszczac,ul. Spółdzielcza 15,Piszczac,Spółdzielcza 15,ul
85769,SZKOŁA PODSTAWOWA IM. JANA PAWŁA II W BRZEZINACH,2026,Brzeziny,ul. Szkolna 1,Brzeziny,Szkolna 1,ul
85772,PUBLICZNA SZKOŁA PODSTAWOWA IM. JANA PAWŁA II W BOBOWIE,2026,Bobowo,ul. Gimnazjalna 20,Bobowo,Gimnazjalna 20,ul
85773,SZKOŁA PODSTAWOWA IM. FRANCISZKA JUJKI W ZESPOLE SZKOLNO-PRZEDSZKOLNYM W STARYM TARGU,2026,Stary Targ,ul. Główna 37 A,Stary Targ,Główna 37 A,ul
85778,SZKOŁA PODSTAWOWA SPECJALNA NR 86 DLA NIEDOSTOSOWANYCH SPOŁECZNIE,2026,Wrocław,ul. Kielecka 51a,Wrocław,Kielecka 51a,ul
85785,ZESPÓŁ SZKOLNO-PRZEDSZKOLNY SZKOŁA PODSTAWOWA IM. POWSTAŃCÓW STYCZNIOWYCH W BARANOWIE,2026,Baranów,ul. Szkolna 2,Baranów,Szkolna 2,ul
85798,PUBLICZNA SZKOŁA PODSTAWOWA W SOLCU NAD WISŁĄ,2026,Solec nad Wisłą,ul. Tadeusza Kościuszki 20,Solec nad Wisłą,Kościuszki 20,ul tadeusza
85817,SZKOŁA PODSTAWOWA IM. ARMII KRAJOWEJ W JABŁONNIE,2026,Jabłonna,ul. Szkolna 2,Jabłonna,Szkolna 2,ul
85857,SZKOŁA PODSTAWOWA IM. JERZEGO KUKUCZKI W KORZKWI Z SIEDZIBĄ W PRZYBYSŁAWICACH,2026,Przybysławice,ul. Krakowska 107,Przybysławice,Krakowska 107,ul
85870,"SZKOŁA PODSTAWOWA NR 3 Z ODDZIAŁAMI INTEGRACYJNYMI W GUBINIE, UL. KRESOWA 48",2026,Gubin,ul. Kresowa 48,Gubin,Kresowa 48,ul
85889,SZKOŁA PODSTAWOWA NR 2 IM. ADAMA MICKIEWICZA W ŁOWICZU,2026,Łowicz,ul. Adama Mickiewicza 1,Łowicz,Mickiewicza 1,ul adama
85913,SZKOŁA PODSTAWOWA NR 4 IM. JANA KOCHANOWSKIEGO W RABCE-ZDROJU,2026,Rabka-Zdrój,ul. Zaryte 78,Rabka-Zdrój,Zaryte 78,ul
85915,SZKOŁA PODSTAWOWA IM. KS. STANISŁAWA KONARSKIEGO W SKIERNIEWICACH,2026,Skierniewice,ul. ks. kard. Prymasa Stefana Wyszyńskiego 12,Skierniewice,Wyszyńskiego 12,ul ks kard prymasa stefana
85919,SZKOŁA PODSTAWOWA NR 1 W OLSZYNIE,2026,Olszyna,ul. Wolności 17b,Olszyna,Wolności 17b,ul
85937,SZKOŁA PODSTAWOWA NR 3 IM. TADEUSZA KOŚCIUSZKI W OLSZYNIE,2026,Olszyna,ul. Wolności 17,Olszyna,Wolności 17,ul
85981,SZKOŁA PODSTAWOWA IM. JÓZEFA PIŁSUDSKIEGO W WOLI ZACHARIASZOWSKIEJ,2026,Wola Zachariaszowska,ul. Świętego Floriana 1,Wola Zachariaszowska,Floriana 1,ul świętego
85983,PUBLICZNA SZKOŁA PODSTAWOWA W KUP,2026,Kup,ul. 1 Maja 6a,Kup,Maja 6a,ul 1
85999,GDAŃSKIE SZKOŁY AUTONOMICZNE GDAŃSKA AUTONOMICZNA SZKOŁA PODSTAWOWA,2026,Gdańsk,ul. Osiek 11,Gdańsk,Osiek 11,ul
86005,SZKOŁA PODSTAWOWA IM. KAZIMIERZA PRZERWY-TETMAJERA W ŁOPUSZNEJ,2026,Łopuszna,ul. Szkolna 1,Łopuszna,Szkolna 1,ul
86023,SZKOŁA PODSTAWOWA IM. K. MAKUSZYŃSKIEGO W MORAWICY,2026,Morawica,ul. Szkolna 4,Morawica,Szkolna 4,ul
86048,SZKOŁA PODSTAWOWA NR 1 W CIĘCINIE IM. KONSTYTUCJI 3 MAJA,2026,Cięcina,ul. Świętej Katarzyny 20,Cięcina,Katarzyny 20,ul świętej
86063,ELEMENTARY INTERNATIONAL SCHOOL OF GDANSK/MIĘDZYNARODOWA SZKOŁA PODSTAWOWA W GDAŃSKU,2026,Gdańsk,ul. Biała 1,Gdańsk,Biała 1,ul
86111,SZKOŁA PODSTAWOWA NR 1 Z ODDZIAŁAMI INTEGRACYJNYMI IM. HENRYKA SIENKIEWICZA,2026,Rzepin,ul. Wojska Polskiego 28,Rzepin,Wojska Polskiego 28,ul
86125,II SPOŁECZNA SZKOŁA PODSTAWOWA SPOŁECZNEGO TOWARZYSTWA OŚWIATOWEGO,2026,Gdańsk,ul. Kartuska 245,Gdańsk,Kartuska 245,ul
86132,SZKOŁA PODSTAWOWA IM.K.MAKUSZYŃSKIEGO,2026,Gaworzyce,ul. Szkolna 211,Gaworzyce,Szkolna 211,ul
86147,SZKOŁA PODSTAWOWA NR 7 IM. ERAZMA Z ROTTERDAMU,2026,Poznań,ul. Galileusza 14,Poznań,Galileusza 14,ul
86148,I SPOŁECZNA SZKOŁA PODSTAWOWA SPOŁECZNEGO TOWARZYSTWA OŚWIATOWEGO,2026,Gdańsk,ul. Polanki 11,Gdańsk,Polanki 11,ul
86167,SZKOŁA PODSTAWOWA IM. ŚW. FRANCISZKA Z ASYŻU W ŚWIEKATOWIE,2026,Świekatowo,ul. Dworcowa 20A,Świekatowo,Dworcowa 20A,ul
86179,GMINNY ZESPÓŁ SZKÓŁ W KAZIMIERZU DOLNYM SZKOŁA PODSTAWOWA NR 1 IM. KAZIMIERZA WIELKIEGO,2026,Kazimierz Dolny,ul. Szkolna 1,Kazimierz Dolny,Szkolna 1,ul
86184,SZKOŁA PODSTAWOWA W BOLESZKOWICACH IM. BOLESŁAWA CHROBREGO,2026,Boleszkowice,pl. Bolesława Chrobrego 3,Boleszkowice,Bolesława Chrobrego 3,pl
86188,SZKOŁA PODSTAWOWA NR 1 IM.MARII SKŁODOWSKIEJ-CURIE,2026,Świeradów-Zdrój,ul. M. C. Skłodowskiej 2,Świeradów-Zdrój,Skłodowskiej 2,ul m c
86245,SZKOŁA PODSTAWOWA IM. JANINY SIEKLICKIEJ W CZERNICACH BOROWYCH,2026,Czernice Borowe,ul. 21 Pułku Piechoty Dzieci Warszawy 10,Czernice Borowe,Pułku Piechoty Dzieci Warszawy 10,ul 21
86308,SZKOŁA PODSTAWOWA W KARLINIE IMIENIA BOHATERÓW 6 POMORSKIEJ DYWIZJI PIECHOTY,2026,Karlino,ul. Traugutta 2,Karlino,Traugutta 2,ul
86324,SZKOŁA PODSTAWOWA NR 1 IM. JANA PAWŁA II W BEŁŻYCACH,2026,Bełżyce,ul. ks. bp. Tomasza Wilczyńskiego 62,Bełżyce,Wilczyńskiego 62,ul ks bp tomasza
86332,PUBLICZNA SZKOŁA PODSTAWOWA IM. ALEKSANDRA KAMIŃSKIEGO W BIAŁYM KOŚCIELE,2026,Biały Kościół,ul. Kamienna 18,Biały Kościół,Kamienna 18,ul
86336,SAMORZĄDOWA SZKOŁA PODSTAWOWA IM. ANDRZEJA ZAMOYSKIEGO W BIEŻUNIU,2026,Bieżuń,ul. Stefana Gołębiowskiego 1,Bieżuń,Gołębiowskiego 1,ul stefana
86337,SZKOŁA PODSTAWOWA NR 4 IM. GEN.WŁADYSŁAWA SIKORSKIEGO W ŚWIDNIKU,2026,Świdnik,ul. Al. Wojska Polskiego 27,Świdnik,Al. Wojska Polskiego 27,ul
86341,SZKOŁA PODSTAWOWA NR 4 IM. HENRYKA SIENKIEWICZA W ŚWIDNICY,2026,Świdnica,ul. Karola Marcinkowskiego 4-6,Świdnica,Marcinkowskiego 4-6,ul karola
86352,SZKOŁA PODSTAWOWA IM.BOHATERÓW WRZEŚNIA 1939R.W JORDANOWIE,2026,Jordanów,ul. Kolejowa 7,Jordanów,Kolejowa 7,ul
86400,SZKOŁA PODSTAWOWA IM. KS. JANA TWARDOWSKIEGO W ŚLEMIENIU,2026,Ślemień,ul. Szkolna 1,Ślemień,Szkolna 1,ul
86405,SZKOŁA PODSTAWOWA NR 1 IM. MIKOŁAJA KOPERNIKA,2026,Siemianowice Śląskie,ul. Niepodległości 47,Siemianowice Śląskie,Niepodległości 47,ul
86413,SZKOŁA PODSTAWOWA NR 5 IM. ADAMA MICKIEWICZA W SIEMIANOWICACH ŚLĄSKICH,2026,Siemianowice Śląskie,ul. Michałkowicka 15,Siemianowice Śląskie,Michałkowicka 15,ul
86426,SZKOŁA PODSTAWOWA NR 13 IM. JÓZEFA SKRZEKA W SIEMIANOWICACH ŚLĄSKICH,2026,Siemianowice Śląskie,ul. Norberta Barlickiego 2,Siemianowice Śląskie,Barlickiego 2,ul norberta
86472,SZKOŁA PODSTAWOWA W SZEWNICY,2026,Szewnica,ul. Kościelna 28,Szewnica,Kościelna 28,ul
86491,SZKOŁA PODSTAWOWA NR 4 IM. MARII KONOPNICKIEJ W AUGUSTOWIE,2026,Augustów,ul. Marii Konopnickiej 5,Augustów,Konopnickiej 5,ul marii
86572,SZKOŁA PODSTAWOWA NR 3 IM. 1 PUŁKU UŁANÓW KRECHOWIECKICH W AUGUSTOWIE,2026,Augustów,ul. Mickiewicza 1,Augustów,Mickiewicza 1,ul
86629,SZKOŁA PODSTAWOWA,2026,Górowo Iławeckie,ul. Szkolna 4,Górowo Iławeckie,Szkolna 4,ul
86637,SZKOŁA PODSTAWOWA IM. BOHATERÓW MONTE CASSINO W JASIONÓWCE,2026,Jasionówka,ul. Knyszyńska 21B,Jasionówka,Knyszyńska 21B,ul
86642,SZKOŁA PODSTAWOWA SPECJALNA NR 211,2026,Łódź,ul. Drewnowska 151,Łódź,Drewnowska 151,ul
86647,SZKOŁA PODSTAWOWA IM.JANA PAWŁA II W WOJCIESZYCACH,2026,Wojcieszyce,ul. Szkolna 2,Wojcieszyce,Szkolna 2,ul
86657,SZKOŁA PODSTAWOWA NR 10 IM. M. KONOPNICKIEJ,2026,Pruszków,ul. Pływacka 16,Pruszków,Pływacka 16,ul
86673,PUBLICZNA SZKOŁA PODSTAWOWA IM. JANUSZA KORCZAKA W KOWALOWIE,2026,Kowalów,ul. Rzepińska 10,Kowalów,Rzepińska 10,ul
86690,SZKOŁA PODSTAWOWA IM.KARDYNAŁA STEFANA WYSZYŃSKIEGO W TELATYNIE,2026,Telatyn,ul. Kardynała Stefana Wyszyńskiego 20,Telatyn,Wyszyńskiego 20,ul kardynała stefana
86702,SZKOŁA PODSTAWOWA W MIELNIKU,2026,Mielnik,ul. Brzeska 132,Mielnik,Brzeska 132,ul
86705,SZKOŁA PODSTAWOWA NR1 Z ODDZIAŁAMI INTEGRACYJNYMI IM. AUGUSTA KARDYNAŁA HLONDA,2026,Chełm Śląski,ul. Mieczysława Karłowicza 21,Chełm Śląski,Karłowicza 21,ul mieczysława
86711,SZKOŁA PODSTAWOWA W WAKSMUNDZIE,2026,Waksmund,ul. Na Równi 28,Waksmund,Na Równi 28,ul
86721,SZKOŁA PODSTAWOWA W FASTACH,2026,Fasty,ul. Białostocka 5,Fasty,Białostocka 5,ul
86727,SZKOŁA PODSTAWOWA IM. MARII KONOPNICKIEJ W NEKLI,2026,Nekla,ul. Klemensa Szczepańskiego 7,Nekla,Szczepańskiego 7,ul klemensa
86784,SZKOŁA PODSTAWOWA IM. JANA BRZECHWY W DOBROMIERZU,2026,Dobromierz,ul. Podgórna 2,Dobromierz,Podgórna 2,ul
86796,SZKOŁA PODSTAWOWA IM. OSADNIKÓW ZIEMI MIRSKIEJ W MIRSKU,2026,Mirsk,ul. kpt. Stanisława Betleja 32,Mirsk,Betleja 32,ul kpt stanisława
86842,PUBLICZNA SZKOŁA PODSTAWOWA NR 1 IM. KRZYSZTOFA KAMILA BACZYŃSKIEGO W GŁUCHOŁAZACH,2026,Głuchołazy,ul. Curie-Skłodowskiej 9,Głuchołazy,Curie-Skłodowskiej 9,ul
86863,OGÓLNOKSZTAŁCACA SZKOŁA MUZYCZNA I STOPNIA W ZESPOLE SZKÓŁ MUZYCZNYCH IM. OSKARA KOLBERGA,2026,Radom,ul. 25 Czerwca 70,Radom,Czerwca 70,ul 25
86894,SZKOŁA PODSTAWOWA NR 6 IM. TADEUSZA KOŚCIUSZKI W ŻORACH,2026,Żory,ul. Pszczyńska 81,Żory,Pszczyńska 81,ul
86901,ZESPÓŁ SZKÓŁ OGÓLNOKSZTAŁCĄCYCH IM. WŁADYSŁAWA JAGIEŁŁY SZKOŁA PODSTAWOWA W URZĘDOWIE,2026,Urzędów,ul. Wodna 24,Urzędów,Wodna 24,ul
86918,SZKOŁA PODSTAWOWA IM. TADEUSZA KOŚCIUSZKI,2026,Łomazy,ul. Szkolna 18a,Łomazy,Szkolna 18a,ul
86924,SZKOŁA PODSTAWOWA IM. MARII KONOPNICKIEJ W NURZE,2026,Nur,ul. Łomżyńska 14,Nur,Łomżyńska 14,ul
86926,SZKOŁA PODSTAWOWA NR 8 IM.ŁESI UKRAINKI Z UKRAIŃSKIM JĘZYKIEM NAUCZANIA W BARTOSZYCACH,2026,Bartoszyce,ul. Leśna 1,Bartoszyce,Leśna 1,ul
86936,SZKOŁA PODSTAWOWA NR 7 IM. VII OBWODU ''OBROŻA''AK W LEGIONOWIE,2026,Legionowo,ul. Królowej Jadwigi 7,Legionowo,Jadwigi 7,ul królowej
86967,SZKOŁA PODSTAWOWA IM. WŁADYSŁAWA BRONIEWSKIEGO W GÓRZYCY,2026,Górzyca,ul. Wolności 17,Górzyca,Wolności 17,ul
87003,SZKOŁA PODSTAWOWA IM.HENRYKA SIENKIEWICZA,2026,Hecznarowice,ul. Krakowska 110,Hecznarowice,Krakowska 110,ul
87023,SZKOŁA PODSTAWOWA IM. FABIANA DURY W CHMIELOWIE,2026,Chmielów,ul. Kolejowa 6,Chmielów,Kolejowa 6,ul
87075,SZKOŁA PODSTAWOWA IM. KOMISJI EDUKACJI NARODOWEJ W RACIĄŻKU,2026,Raciążek,ul. Szkolna 3,Raciążek,Szkolna 3,ul
87089,SZKOŁA PODSTAWOWA IM JULIANA TUWIMA W LISOWIE,2026,Lisów,ul. Szkolna 2,Lisów,Szkolna 2,ul
87147,SZKOŁA PODSTAWOWA IM. MIKOŁAJA KOPERNIKA W IŁOWIE - OSADZIE,2026,Iłowo-Osada,ul. Wyzwolenia 11,Iłowo-Osada,Wyzwolenia 11,ul
87151,SZKOŁA PODSTAWOWA IM. KAROLA MAŁŁKA W NARZYMIU,2026,Narzym,ul. Kościelna 14,Narzym,Kościelna 14,ul
87192,SZKOŁA PODSTAWOWA NR 6 Z ODDZIAŁAMI DWUJĘZYCZNYMI I PRZEDSZKOLNYMI,2026,Police,ul. Owocowa 5,Police,Owocowa 5,ul
87205,SZKOŁA PODSTAWOWA NR 172 IM. POLSKIEJ ORGANIZACJI WOJSKOWEJ,2026,Warszawa,ul. Brata Alberta 46,Warszawa,Alberta 46,ul brata
87222,SZKOŁA PODSTAWOWA IM. BOHATERÓW AKCJI V 2 W SARNAKACH,2026,Sarnaki,ul. 3 Maja 27,Sarnaki,Maja 27,ul 3
87234,SZKOŁA PODSTAWOWA IM. ARCYBISKUPA GENERAŁA DYWIZJI MIRONA CHODAKOWSKIEGO W NARWI,2026,Narew,ul. Adama Mickiewicza 81,Narew,Mickiewicza 81,ul adama
87242,FILIA SZKOŁY PODSTAWOWEJ NR 2 W SUCHEJ BESKIDZKIEJ,2026,Sucha Beskidzka,ul. Błądzonka 118,Sucha Beskidzka,Błądzonka 118,ul
87257,SAMORZĄDOWA SZKOŁA PODSTAWOWA W LIWIE IM. STEFANA BATOREGO,2026,Liw,ul. ks. K. R. Leszczyńskiego 2,Liw,Leszczyńskiego 2,ul ks k r
87268,SAMORZĄDOWA SZKOŁA PODSTAWOWA W LUTOCINIE,2026,Lutocin,ul. Szkolna 14,Lutocin,Szkolna 14,ul
87339,PUBLICZNA SZKOŁA PODSTAWOWA IM.KARDYNAŁA STEFANA WYSZYŃSKIEGO W MAKOWCU,2026,Makowiec,ul. Kościelna 2,Makowiec,Kościelna 2,ul
87346,SZKOŁA PODSTAWOWA NR 2 IM. JÓZEFA PIŁSUDSKIEGOW KONIECPOLU,2026,Koniecpol,ul. Szkolna 17,Koniecpol,Szkolna 17,ul
87350,SZKOŁA PODSTAWOWA,2026,Grudusk,ul. Szkolna 2,Grudusk,Szkolna 2,ul
87363,SZKOŁA PODSTAWOWA W WOLICY,2026,Wolica,ul. Szkolna 35,Wolica,Szkolna 35,ul
87372,PRYWATNA SZKOŁA PODSTAWOWA - HENRYK JÓŹWIAK,2026,Leszno,al. Aleje Zygmunta Krasińskiego 22,Leszno,Aleje Zygmunta Krasińskiego 22,al
87374,SZKOŁA PODSTAWOWA IM. SYBIRAKÓW W RAKOSZYCACH,2026,Rakoszyce,ul. Wrocławska 44,Rakoszyce,Wrocławska 44,ul
87402,SZKOŁA PODSTAWOWA NR 105 W ŚWIDNICY IM. POLSKICH PODRÓŻNIKÓW I ODKRYWCÓW,2026,Świdnica,ul. Saperów 27A,Świdnica,Saperów 27A,ul
87406,SZKOŁA PODSTAWOWA IM ADAMA MICKIEWICZA W ŻERKOWIE,2026,Żerków,ul. Cmentarna 10,Żerków,Cmentarna 10,ul
87466,SZKOŁA PODSTAWOWA IM. KRÓLA JANA III SOBIESKIEGO W JANGROCIE,2026,Jangrot,ul. Krakowska 4,Jangrot,Krakowska 4,ul
87469,SZKOŁA PODSTAWOWA W ĆMIŃSKU,2026,Ćmińsk,ul. Świętokrzyska 61,Ćmińsk,Świętokrzyska 61,ul
87477,SZKOŁA PODSTAWOWA IM. ŚW. KRÓLOWEJ JADWIGI W SUCHEJ,2026,Sucha,ul. Długa 94,Sucha,Długa 94,ul
87484,SZKOŁA PODSTAWOWA NR 5 W ZESPOLE EDUKACYJNYM NR 1IM. JEANA DE LA FONTAINE’A W ZIELONEJ GÓRZE,2026,Zielona Góra,ul. Truskawkowa 12,Zielona Góra,Truskawkowa 12,ul
87492,SZKOŁA PODSTAWOWA W HORODLE,2026,Horodło,ul. Józefa Piłsudskiego 58,Horodło,Piłsudskiego 58,ul józefa
87526,SZKOŁA PODSTAWOWA W NOWYM ALEKSANDROWIE,2026,Nowe Aleksandrowo,ul. Pogodna 107,Nowe Aleksandrowo,Pogodna 107,ul
87545,SZKOŁA PODSTAWOWA IM.JANA PAWŁA II W ZABORZE,2026,Zabór,ul. Witosa 30,Zabór,Witosa 30,ul
87549,SZKOŁA PODSTAWOWA NR 20 Z ODDZIAŁAMI INTEGRACYJNYMI IM. WŁ. BRONIEWSKIEGO W SIEMIANOWICACH ŚLĄSKICH,2026,Siemianowice Śląskie,ul. Lipowa 3,Siemianowice Śląskie,Lipowa 3,ul
87553,SZKOŁA PODSTAWOWA TOWARZYSTWA SALEZJAŃSKIEGO IM. ŚW. JÓZEFA W SZCZECINIE,2026,Szczecin,ul. Ku Słońcu 124,Szczecin,Ku Słońcu 124,ul
87560,SZKOŁA PODSTAWOWA NR 8 IM. JÓZEFA SKRZEKA I PAWŁA WÓJCIKA W SIEMIANOWICACH ŚLĄSKICH,2026,Siemianowice Śląskie,pl. Skrzeka i Wójcika 4,Siemianowice Śląskie,Skrzeka i Wójcika 4,pl
87604,SZKOŁA PODSTAWOWA IM MARII SKŁODOWSKIEJ-CURIE W PIETROWICACH WIELKICH,2026,Pietrowice Wielkie,ul. Konopnickiej 28,Pietrowice Wielkie,Konopnickiej 28,ul
87608,SZKOŁA PODSTAWOWA IM. CYPRIANA KAMILA NORWIDA W ZAKRĘCIE,2026,Zakręt,ul. Szkolna 11,Zakręt,Szkolna 11,ul
87636,SPECJALNA SZKOŁA PODSTAWOWA NR 13 W MŁODZIEŻOWYM OŚRODKU WYCHOWAWCZYM IM. ALEKSANDRA KAMIŃSKIEGO W PUŁAWACH,2026,Puławy,ul. Marii Grzegorzewskiej 3,Puławy,Grzegorzewskiej 3,ul marii
87652,SZKOŁA PODSTAWOWA W STRZYŻOWIE,2026,Strzyżów,ul. Bohaterów Września 10,Strzyżów,Bohaterów Września 10,ul
87726,SZKOŁA PODSTAWOWA IM. PPŁK. STANISŁAWA SIENKIEWICZA W MILEJOWIE,2026,Milejów,ul. Szkolna 12,Milejów,Szkolna 12,ul
87750,SZKOŁA PODSTAWOWA W DOBRZYNIEWIE DUŻYM,2026,Dobrzyniewo Duże,ul. Szkolna 14,Dobrzyniewo Duże,Szkolna 14,ul
87753,SZKOŁA PODSTAWOWA W WOHYNIU,2026,Wohyń,ul. Józefa Piłsudskiego 25,Wohyń,Piłsudskiego 25,ul józefa
87764,SZKOŁA PODSTAWOWA NR 5 Z ODDZIAŁAMI INTEGRACYJNYMI IMIENIA MARII CURIE-SKŁODOWSKIEJ,2026,Ozorków,ul. Cegielniana 25,Ozorków,Cegielniana 25,ul
87765,SZKOŁA PODSTAWOWA IM. KARDYNAŁA STEFANA WYSZYŃSKIEGO W CZERWINIE,2026,Czerwin,ul. Piastowska 23A,Czerwin,Piastowska 23A,ul
87771,PUBLICZNA SZKOŁA PODSTAWOWA Z ODDZIAŁAMI INTEGRCYJNYMI NR 2 IM. BOHATERÓW BITWY OSSOWSKIEJ W KOBYŁCE,2026,Kobyłka,ul. Elizy Orzeszkowej 3/5,Kobyłka,Orzeszkowej 3/5,ul elizy
87838,SZKOŁA PODSTAWOWA W MICHAŁOWICACH IM. JANA PAWŁA II,2026,Michałowice,ul. Szkolna 15,Michałowice,Szkolna 15,ul
87894,PUBLICZNA SZKOŁA PODSTAWOWA W ŁASZCZOWIE IM.GEN. WŁADYSŁAWA SIKORSKIEGO,2026,Łaszczów,ul. Chopina 11,Łaszczów,Chopina 11,ul
87944,SZKOŁA PODSTAWOWA IM.IGNACEGO MOŚCICKIEGO W SKIERBIESZOWIE,2026,Skierbieszów,ul. Zamojska 8,Skierbieszów,Zamojska 8,ul
87960,SZKOŁA PODSTAWOWA IM. WINCENTEGO WITOSA W BASZNI DOLNEJ,2026,Basznia Dolna,ul. Szkolna 24,Basznia Dolna,Szkolna 24,ul
87971,PRYWATNA SZKOŁA PODSTAWOWA IM. ZOFII I JĘDRZEJA MORACZEWSKICH,2026,Sulejówek,ul. Żeromskiego 18,Sulejówek,Żeromskiego 18,ul
87998,SZKOŁA PODSTAWOWA W LISICH JAMACH,2026,Lisie Jamy,ul. Lwowska 45,Lisie Jamy,Lwowska 45,ul
88027,PUBLICZNA SZKOŁA PODSTAWOWA NR 19 IM. EDMUNDA BAKALARZA W RADOMIU,2026,Radom,ul. Energetyków 10,Radom,Energetyków 10,ul
88028,PUBLICZNA SZKOŁA PODSTAWOWA NR 18 IM. KOMISJI EDUKACJI NARODOWEJ W RADOMIU,2026,Radom,ul. Ofiar Firleja 14,Radom,Ofiar Firleja 14,ul
88032,SZKOŁA PODSTAWOWA W WYRACH,2026,Wyry,ul. Aleksandra Puszkina 10,Wyry,Puszkina 10,ul aleksandra
88043,SZKOŁA PODSTAWOWA NR 1 IM. MIKOŁAJA KOPERNIKA W LEŻAJSKU,2026,Leżajsk,ul. Grunwaldzka 1,Leżajsk,Grunwaldzka 1,ul
88061,PUBLICZNA SZKOŁA PODSTAWOWA W GOMUNICACH,2026,Gomunice,ul. Słowackiego 12,Gomunice,Słowackiego 12,ul
88101,PUBLICZNA SZKOŁA PODSTAWOWA IM. ŚW. JANA PAWŁA II W TULIŁOWIE,2026,Tuliłów,ul. Łukowska 61A,Tuliłów,Łukowska 61A,ul
88103,SZKOŁA PODSTAWOWA SPECJALNA NR 5 DLA UCZNIÓW NIEDOSTOSOWANYCH SPOŁECZNIE ORAZ DLA UCZNIÓW NIEDOSTOSOWANYCH SPOŁECZNIE Z NIEPEŁNOSPRAWNOŚCIĄ INTELEKTUALNĄ W STOPNIU LEKKIM,2026,Herby,ul. Lubliniecka 10,Herby,Lubliniecka 10,ul
88113,SZKOŁA PODSTAWOWA NR 3 IM. ADAMA MICKIEWICZA W SŁUPCY,2026,Słupca,ul. Mikołaja Kopernika 13,Słupca,Kopernika 13,ul mikołaja
88116,SZKOŁA PODSTAWOWA NR 1 IM. KOMISJI EDUKACJI NARODOWEJ W SŁUPCY,2026,Słupca,pl. Szkolny 1A,Słupca,Szkolny 1A,pl
88129,SZKOŁA PODSTAWOWA NR 2 TOWARZYSTWA SZKOLNEGO IM. M.REJA,2026,Bielsko-Biała,pl. Marcina Lutra 7,Bielsko-Biała,Lutra 7,pl marcina
88161,SZKOŁA PODSTAWOWA NR 2 IM. WŁADYSŁAWA BRONIEWSKIEGO W LEŻAJSKU,2026,Leżajsk,ul. Adama Mickiewicza 51,Leżajsk,Mickiewicza 51,ul adama
88174,SZKOŁA PODSTAWOWA IM. POLSKICH NOBLISTÓW W KRÓLIKU POLSKIM,2026,Królik Polski,ul. Bieszczadzka 137,Królik Polski,Bieszczadzka 137,ul
88214,SZKOŁA PODSTAWOWA Z ODDZIAŁAMI INTEGRACYJNYMI NR 189 IM. MARSZAŁAKA JÓZEFA PIŁSUDSKIEGO,2026,Warszawa,ul. Dwóch Mieczy 5,Warszawa,Dwóch Mieczy 5,ul
88216,SZKOŁA PODSTAWOWA IM. JANA PAWŁA II W ZIELINIE,2026,Zielin,ul. Wincentego Witosa 48,Zielin,Witosa 48,ul wincentego
88218,SZKOŁA PODSTAWOWA NR 3 IM. KS. KARDYNAŁA STEFANA WYSZYŃSKIEGO W LEŻAJSKU,2026,Leżajsk,ul. 11 Listopada 8,Leżajsk,Listopada 8,ul 11
88231,SZKOŁA PODSTAWOWA IM. KSIĘCIA JÓZEFA PONIATOWSKIEGO W SULMIERZYCACH,2026,Sulmierzyce,ul. Szkolna 4,Sulmierzyce,Szkolna 4,ul
88241,PUBLICZNA SZKOŁA PODSTAWOWA W ULANOWIE,2026,Ulanów,ul. Tadeusza Buli 3,Ulanów,Buli 3,ul tadeusza
88258,PUBLICZNA SZKOŁA PODSTAWOWA IM. ANTONIEGO HEDY „SZAREGO” W KUNOWIE,2026,Kunów,ul. Szkolna 1,Kunów,Szkolna 1,ul
88284,KATOLICKA SZKOŁA PODSTAWOWA IM. ŚW. STANISŁAWA KOSTKI,2026,Kielce,ul. Świętego Stanisława Kostki 17,Kielce,Kostki 17,ul świętego stanisława
88295,SZKOŁA PODSTAWOWA NR 38 IM. L. ZAMENHOFA,2026,Częstochowa,ul. gen. Władysława Sikorskiego 56,Częstochowa,Sikorskiego 56,ul gen władysława
88341,SZKOŁA PODSTAWOWA IM. OJCA ŚWIĘTEGO JANA PAWŁA II W BOGUTACH-PIANKACH,2026,Boguty-Pianki,ul. Aleja Papieża Jana Pawła II 62,Boguty-Pianki,Aleja Papieża Jana Pawła II 62,ul
88349,SZKOŁA PODSTAWOWA IM. POLSKICH OLIMPIJCZYKÓW W MYSIADLE,2026,Mysiadło,ul. Kwiatowa 28,Mysiadło,Kwiatowa 28,ul
88405,"SZKOŁA PODSTAWOWA ""TAK""",2026,Szczecin,ul. Władysława Broniewskiego 14A,Szczecin,Broniewskiego 14A,ul władysława
88406,SZKOŁA PODSTAWOWA NR 8 IM. JANA WYŻYKOWSKIEGO,2026,Lubin,ul. Parkowa 2,Lubin,Parkowa 2,ul
88408,SZKOŁA PODSTAWOWA IM. JANUSZA KORCZAKA W SIEDLISKU,2026,Siedlisko,ul. Kasztanowa 19,Siedlisko,Kasztanowa 19,ul
88448,PUBLICZNA SZKOŁA PODSTAWOWA NR 2 IM. JANA PAWŁA II W SZYDŁOWCU,2026,Szydłowiec,ul. Wschodnia 57,Szydłowiec,Wschodnia 57,ul
88457,SZKOŁA PODSTAWOWA IM. JANA PAWŁA II W KLIMKÓWCE,2026,Klimkówka,ul. Zdrojowa 49,Klimkówka,Zdrojowa 49,ul
88464,SZKOŁA PODSTAWOWA W LIPINKACH ŁUŻYCKICH IM. PROF. WŁADYSŁAWA SZAFERA,2026,Lipinki Łużyckie,ul. Szkolna 7,Lipinki Łużyckie,Szkolna 7,ul
88488,PUBLICZNA SZKOŁA PODSTAWOWA NR 5 IM. BOLKA I ŚWIDNICKIEGO,2026,Strzelin,ul. Brzegowa 67,Strzelin,Brzegowa 67,ul
88491,KATOLICKA SZKOŁA PODSTAWOWA IM. ŚWIĘTEJ JADWIGI KRÓLOWEJ W LUBLINIE,2026,Lublin,ul. Aleja Kompozytorów Polskich 11,Lublin,Aleja Kompozytorów Polskich 11,ul
88493,SZKOŁA PODSTAWOWA KLONOWIC W LUBLINIE,2026,Lublin,ul. Aleja Warszawska 94,Lublin,Aleja Warszawska 94,ul
88530,SZKOŁA PODSTAWOWA NR 2 IM. MARII KONOPNICKIEJ W JASTROWIU,2026,Jastrowie,al. Wolności 1,Jastrowie,Wolności 1,al
88531,SZKOŁA PODSTAWOWA NR 315 IM. JANA PAWŁA II W ŚWIDNICY,2026,Świdnica,pl. Wojska Polskiego 3,Świdnica,Wojska Polskiego 3,pl
88578,SAMORZĄDOWA SZKOŁA PODSTAWOWA IM. KS. STANISŁAWA GALASA W KOSTKOWIE,2026,Kostkowo,ul. Księdza Galasa 1,Kostkowo,Galasa 1,ul księdza
88600,SZKOŁA PODSTAWOWA IM. JANA PAWŁA II W ZIELONKACH,2026,Zielonki,ul. ks. Jana Michalika 2,Zielonki,Michalika 2,ul ks jana
88601,NIEPUBLICZNA INTEGRACYJNA SZKOŁA PODSTAWOWA,2026,Mysiadło,ul. Krótka 11,Mysiadło,Krótka 11,ul
88697,SZKOŁA PODSTAWOWA NR 19 IM. JULIANA TUWIMA,2026,Jastrzębie-Zdrój,ul. Opolska 3,Jastrzębie-Zdrój,Opolska 3,ul
88755,SZKOŁA PODSTAWOWA IM. WALCZĄCYCH O NIEPODLEGŁOŚĆ W KLESZCZEWIE,2026,Kleszczewo,ul. Poznańska 2,Kleszczewo,Poznańska 2,ul
88758,SZKOŁA PODSTAWOWA IM POWSTAŃCÓW WIELKOPOLSKICH W TULCACH,2026,Tulce,ul. Poznańska 1,Tulce,Poznańska 1,ul
88819,"ZESPÓŁ OŚWIATOWY W JEDLANCE SZKOŁA PODSTAWOWA IM. PPŁK.WACŁAWA REJMAKA PS.""OSTOJA""",2026,Jedlanka,ul. Warszawska 13,Jedlanka,Warszawska 13,ul
88878,ZESPÓŁ SZKÓŁ - SZKOŁA PODSTAWOWA NR 1 IM.HENRYKA SIENKIEWICZA W MAKOWIE PODHALAŃSKIM,2026,Maków Podhalański,ul. Wolności 53,Maków Podhalański,Wolności 53,ul
88891,SZKOŁA PODSTAWOWA IM. MARII KONOPNICKIEJ W NIECHCICACH,2026,Niechcice,ul. Częstochowska 27,Niechcice,Częstochowska 27,ul
89015,SZKOŁA PODSTAWOWA W REWALU IM. KAPITANA ŻEGLUGI WIELKIEJ KONSTANTEGO MACIEJEWICZA,2026,Rewal,ul. Szkolna 1,Rewal,Szkolna 1,ul
89018,SZKOŁA PODSTAWOWA W NIECHORZU IM. LEONIDA TELIGI,2026,Niechorze,ul. Szczecińska 6,Niechorze,Szczecińska 6,ul
89037,SZKOŁA PODSTAWOWA IM. GEN. J. WYBICKIEGO W MANIECZKACH,2026,Manieczki,ul. Szkolna 6,Manieczki,Szkolna 6,ul
89038,SZKOŁA PODSTAWOWA IM. HYMNU NARODOWEGO W BRODNICY,2026,Brodnica,ul. Główna 61,Brodnica,Główna 61,ul
89075,PUBLICZNA SZKOŁA PODSTAWOWA Z ODDZIAŁAMI INTEGRACYJNYMI IM. JANA ZAMOYSKIEGO W JANOWIE LUBELSKIM,2026,Janów Lubelski,ul. Księdza Skorupki 11,Janów Lubelski,Skorupki 11,ul księdza
89097,SZKOŁA PODSTAWOWA IM. STANISŁAWA STASZICA W ULHÓWKU,2026,Ulhówek,ul. Tomaszowska 138,Ulhówek,Tomaszowska 138,ul
89110,KATOLICKA SZKOŁA PODSTAWOWA IM. MATKI BOŻEJ MIŁOSIERDZIA W BIAŁYMSTOKU,2026,Białystok,ul. Kościelna 3,Białystok,Kościelna 3,ul
89138,KATOLICKA SZKOŁA PODSTAWOWA Z SIEDZIBĄ W ZAMOŚCIU,2026,Zamość,ul. gen. Władysława Sikorskiego 11,Zamość,Sikorskiego 11,ul gen władysława
89199,SZKOŁA PODSTAWOWA NR 1 IM.BPA MARCINA KROMERA W BIECZU,2026,Biecz,ul. Grodzka 22,Biecz,Grodzka 22,ul
89203,SAMORZĄDOWA SZKOŁA PODSTAWOWA IM. GABRIELA NARUTOWICZA,2026,Gniewino,ul. Szkolna 1,Gniewino,Szkolna 1,ul
89235,SZKOŁA PODSTAWOWA NR 3 IM. KS. JANA TWARDOWSKIEGO W KOSZALINIE,2026,Koszalin,ul. Jabłoniowa 23,Koszalin,Jabłoniowa 23,ul
89237,SZKOŁA PODSTAWOWA NR 5 IM. UNICEF W KOSZALINIE,2026,Koszalin,ul. Franciszkańska 102,Koszalin,Franciszkańska 102,ul
89239,SPORTOWA SZKOŁA PODSTAWOWA NR 1 IM. POLSKICH OLIMPIJCZYKÓW W KOSZALINIE,2026,Koszalin,ul. Zwycięstwa 117,Koszalin,Zwycięstwa 117,ul
89281,SZKOŁA PODSTAWOWA W NOWEJ WSI,2026,Nowa Wieś,ul. Szkolna 1A,Nowa Wieś,Szkolna 1A,ul
89315,SZKOŁA PODSTAWOWA W SOŃSKU,2026,Sońsk,ul. Szkolna 4,Sońsk,Szkolna 4,ul
89351,SZKOŁA PODSTAWOWA NR 1 IM. MIKOŁAJA KOPERNIKA W GUBINIE,2026,Gubin,ul. Racławicka 2,Gubin,Racławicka 2,ul
89387,PUBLICZNA SZKOŁA PODSTAWOWA IM. J. PIŁSUDSKIEGO W GIDLACH,2026,Gidle,ul. Szkolna 7,Gidle,Szkolna 7,ul
89399,PUBLICZNA SZKOŁA PODSTAWOWA W HARASIUKACH,2026,Harasiuki,ul. Długa 21,Harasiuki,Długa 21,ul
89430,SZKOŁA PODSTAWOWA NR 1 IM. BOHATERÓW ŁUŻYCKIEJ BRYGADY WOP,2026,Gryfów Śląski,ul. Uczniowska 17,Gryfów Śląski,Uczniowska 17,ul
89475,SZKOŁA PODSTAWOWA IM. BOHATERÓW WESTERPLATTE W CIELCZY,2026,Cielcza,ul. Szkolna 16,Cielcza,Szkolna 16,ul
89574,SZKOŁA PODSTAWOWA NR 4 Z ODDZIAŁAMI INTEGRACYJNYMI IMIENIA TADEUSZA KOŚCIUSZKI,2026,Ozorków,ul. Średnia 30,Ozorków,Średnia 30,ul
89581,SZKOŁA PODSTAWOWA IM. ORŁA BIAŁEGO W SZCZYTNEJ,2026,Szczytna,ul. Kościelna 6,Szczytna,Kościelna 6,ul
89603,SZKOŁA PODSTAWOWA IM. TADEUSZA KOŚCIUSZKI W ZALASIU,2026,Zalas,ul. Ludwika Siudy 6,Zalas,Siudy 6,ul ludwika
89606,SZKOŁA PODSTAWOWA IM. KS. JANA TWARDOWSKIEGO W WOSZCZELACH,2026,Woszczele,ul. Szkolna 4,Woszczele,Szkolna 4,ul
89626,SZKOŁA PODSTAWOWA NR 6 IM. JÓZEFA SOKOLA W NOWEJ RUDZIE,2026,Nowa Ruda,ul. Stara Droga 39,Nowa Ruda,Stara Droga 39,ul
89657,SZKOŁA PODSTAWOWA NR 8 IM. 1 WARSZAWSKIEJ DYWIZJI PIECHOTY W LEGIONOWIE,2026,Legionowo,ul. Zegrzyńska 3,Legionowo,Zegrzyńska 3,ul
89671,SZKOŁA PODSTAWOWA IM. ŚW. JANA PAWŁA II W BĘBLE,2026,Bębło,ul. Krakowska 76,Bębło,Krakowska 76,ul
89686,SZKOŁA PODSTAWOWA IM. KS. KARDYNAŁA STEFANA WYSZYŃSKIEGO WE WRÓBLIKU SZLACHECKIM,2026,Wróblik Szlachecki,ul. Szkolna 5,Wróblik Szlachecki,Szkolna 5,ul
89728,SZKOŁA PODSTAWOWA W ŁOBODNIE,2026,Łobodno,ul. Henryka Sienkiewicza 69,Łobodno,Sienkiewicza 69,ul henryka
89742,SPOŁECZNA SZKOŁA PODSTAWOWA NR 1 SAMODZIELNEGO KOŁA TERENOWEGO NR 156 SPOŁECZNEGO TOWARZYSTWA OŚWIATOWEGO W ZIELONEJ GÓRZE,2026,Zielona Góra,ul. Władysława IV 1,Zielona Góra,Władysława IV 1,ul
89760,"SPOŁECZNA SZKOŁA PODSTAWOWA STOWARZYSZENIA ""EDUKACJA""",2026,Toruń,ul. Antoniego Bolta 12,Toruń,Bolta 12,ul antoniego
89780,ZESPÓŁ KSZTAŁCENIA I WYCHOWANIA W DZIEMIANACH - SZKOŁA PODSTAWOWA,2026,Dziemiany,ul. Wyzwolenia 20,Dziemiany,Wyzwolenia 20,ul
89782,SZKOŁA PODSTAWOWA TOWARZYSTWA SALEZJAŃSKIEGO IM. ŚW. DOMINIKA SAVIO W TORUNIU,2026,Toruń,ul. św. Jana Bosko 1,Toruń,Bosko 1,ul św jana
89815,PRYWATNA SZKOŁA PODSTAWOWA IM. RAFAŁA ORLEWSKIEGO W PIOTRKOWIE TRYBUNALSKIM,2026,Piotrków Trybunalski,ul. Romana Dmowskiego 38d,Piotrków Trybunalski,Dmowskiego 38d,ul romana
89876,SZKOŁA PODSTAWOWA NR 3,2026,Krasnystaw,ul. Krakowskie Przedmieście 38,Krasnystaw,Krakowskie Przedmieście 38,ul
89918,SZKOŁA PODSTAWOWA W CISIU,2026,Cisie,ul. Mostowa 61,Cisie,Mostowa 61,ul
90015,"SZKOŁA PODSTAWOWA IM. 72 PP ""RADOM"" W KONOPNICY",2026,Konopnica,ul. Szkolna 18,Konopnica,Szkolna 18,ul
90017,SZKOŁA PODSTAWOWA CET,2026,Kowale,ul. Gruszkowa 3,Kowale,Gruszkowa 3,ul
90026,NIEPUBLICZNA SZKOŁA PODSTAWOWA IM. DR WANDY BŁEŃSKIEJ W KOWALACH,2026,Kowale,ul. Sadowa 21,Kowale,Sadowa 21,ul
90073,SZKOŁA PODSTAWOWA IM. WŁADYSŁAWA STANISŁAWA REYMONTA,2026,Będków,ul. Władysława Stanisława Reymonta 11,Będków,Reymonta 11,ul władysława stanisława
90074,SZKOŁA PODSTAWOWA IM. JÓZEFA NIEĆKO W RUDNIE,2026,Rudno,ul. Spacerowa 110,Rudno,Spacerowa 110,ul
90118,"SZKOŁA ""CENTRUM""",2026,Łódź,ul. Gdańska 156,Łódź,Gdańska 156,ul
90149,SPOŁECZNA SZKOŁA PODSTAWOWA NR 5 SPOŁECZNEGO TOWARZYSTWA OŚWIATOWEGO W KRAKOWIE,2026,Kraków,ul. Jana Kurczaba 5,Kraków,Kurczaba 5,ul jana
90151,SZKOŁA PODSTAWOWA IM. MIKOŁAJA KOPERNIKA W CIEKSYNIE,2026,Cieksyn,ul. Marszałka Józefa Piłsudskiego 43,Cieksyn,Piłsudskiego 43,ul marszałka józefa
90153,SZKOŁA PODSTAWOWA IM. KSIĘCIA JÓZEFA PONIATOWSKIEGO W STARYCH PIEŚCIROGACH,2026,Stare Pieścirogi,ul. Kolejowa 65,Stare Pieścirogi,Kolejowa 65,ul
90158,SZKOŁA PODSTAWOWA IM. OBROŃCÓW WESTERPLATTE W UJEŹDZIE,2026,Ujazd,ul. Rokicińska 6,Ujazd,Rokicińska 6,ul
90166,SZKOŁA PODSTAWOWA IM. POWSTAŃCZYCH ODDZIAŁÓW SPECJALNYCH AK JERZYKI W ŁOMNIE,2026,Łomna,ul. Jana Kochanowskiego 89,Łomna,Kochanowskiego 89,ul jana
90196,SZKOŁA PODSTAWOWA W ZESPOLE SZKÓŁ OGÓLNOKSZTAŁCĄCYCH IM. EDWARDA SZYLKI W OŻAROWIE,2026,Ożarów,os. Wzgórze 54,Ożarów,Wzgórze 54,os
90218,PUBLICZNA SZKOŁA PODSTAWOWA W LASOCINIE,2026,Lasocin,ul. Rynek 17,Lasocin,Rynek 17,ul
90234,"SZKOŁA PODSTAWOWA IM. ODDZIAŁU PARTYZANCKIEGO ARMII KRAJOWEJ ""BŁYSK"" W PARADYŻU",2026,Paradyż,ul. Przedborska 29,Paradyż,Przedborska 29,ul
90273,SZKOŁA PODSTAWOWA NR 5 W GLIWICACH,2026,Gliwice,ul. Żwirki i Wigury 85,Gliwice,Żwirki i Wigury 85,ul
90275,SZKOŁA PODSTAWOWA NR 41 IM. WŁADYSŁAWA BRONIEWSKIEGO W GLIWICACH,2026,Gliwice,ul. Kormoranów 23,Gliwice,Kormoranów 23,ul
90276,SZKOŁA PODSTAWOWA NR 38 W GLIWICACH,2026,Gliwice,ul. Partyzantów 25,Gliwice,Partyzantów 25,ul
90278,SZKOŁA PODSTAWOWA IM. BOHATERÓW WESTERPLATTE W CHOBIENI,2026,Chobienia,ul. Szkolna 2,Chobienia,Szkolna 2,ul
90287,PUBLICZNA SZKOŁA PODSTAWOWA IM.DR.M.PAPUZIŃSKIEGO W CIEPIELOWIE,2026,Ciepielów,ul. Lekarska 1,Ciepielów,Lekarska 1,ul
90298,AMERYKAŃSKA SZKOŁA PODSTAWOWA Z WYKŁADOWYM JĘZYKIEM ANGIELSKIM,2026,Gdynia,ul. Łowicka 41,Gdynia,Łowicka 41,ul
90299,SZKOŁA PODSTAWOWA NR 8 IM. MARII DĄBROWSKIEJ W GLIWICACH,2026,Gliwice,ul. Spacerowa 6,Gliwice,Spacerowa 6,ul
90339,"SZKOŁA PODSTAWOWA IM. PPOR.DH.JADWIGI DZIEKOŃSKIEJ PS.""JADZIA"" W KONARZYCACH",2026,Konarzyce,ul. Szkolna 4,Konarzyce,Szkolna 4,ul
90417,PUBLICZNA SZKOŁA PODSTAWOWA IM. POLSKIEJ ŻEGLUGI MORSKIEJ W DOŁUJACH,2026,Dołuje,ul. Daniela 18,Dołuje,Daniela 18,ul
90423,SZKOŁA PODSTAWOWA W KRAMARZYNACH,2026,Kramarzyny,ul. Pomorska 56,Kramarzyny,Pomorska 56,ul
90438,SZKOŁA PODSTAWOWA IM. 550 ROCZNICY ZWYCIĘSTWA GRUNWALDZKIEGO W MŁOSZOWEJ,2026,Młoszowa,ul. Kamieniec 1,Młoszowa,Kamieniec 1,ul
90536,PUBLICZNA SZKOŁA PODSTAWOWA W SZEWNIE,2026,Szewna,ul. Langiewicza 3,Szewna,Langiewicza 3,ul
90548,SZKOŁA PODSTAWOWA IM. BOLESŁAWA CHROBREGO W GOLCZEWIE,2026,Golczewo,ul. Szkolna 2,Golczewo,Szkolna 2,ul
90551,SPOŁECZNA SZKOŁA PODSTAWOWA Z ODDZIAŁAMI DWUJĘZYCZNYMI NR 35 IM. NOBLISTÓW POLSKICH SPOŁECZNEGO TOWARZYSTAWA OŚWIATOWEGO W LEGIONOWIE,2026,Legionowo,ul. Targowa 22,Legionowo,Targowa 22,ul
90565,SZKOŁA PODSTAWOWA NR1 IM. WŁADYSŁAWA BRONIEWSKIEGO,2026,Maków Mazowiecki,ul. Sportowa 9,Maków Mazowiecki,Sportowa 9,ul
90566,SZKOŁA PODSTAWOWA NR 2 IM. JANA KOCHANOWSKIEGO,2026,Maków Mazowiecki,ul. Generała Pułaskiego 15,Maków Mazowiecki,Pułaskiego 15,ul generała
90593,SZKOŁA PODSTAWOWA NR 42 IM. KONSTANTEGO ILDEFONSA GAŁCZYŃSKIEGO,2026,Lublin,ul. Rycerska 9,Lublin,Rycerska 9,ul
90594,SZKOŁA PODSTAWOWA NR 46 IM. KRÓLA JANA III SOBIESKIEGO W LUBLINIE,2026,Lublin,ul. Biedronki 13,Lublin,Biedronki 13,ul
90595,SZKOŁA PODSTAWOWA NR 51 IM. JANA PAWŁA II W LUBLINIE,2026,Lublin,ul. Bursztynowa 22,Lublin,Bursztynowa 22,ul
90610,KATOLICKA SZKOŁA PODSTAWOWA IM. ŚWIĘTEJ JADWIGI KRÓLOWEJ,2026,Kraków,ul. Władysława Łokietka 60,Kraków,Władysława Łokietka 60,ul
90636,NIEPUBLICZNA SZKOŁA PODSTAWOWA W ŁUSZCZANOWIE,2026,Łuszczanów,ul. Długa 108,Łuszczanów,Długa 108,ul
90662,SZKOŁA PODSTAWOWA NR 7 IM. ADAMA MICKIEWICZA W GLIWICACH,2026,Gliwice,ul. Tarnogórska 59,Gliwice,Tarnogórska 59,ul
90726,PUBLICZNA SZKOŁA PODSTAWOWA NR 1 W OSTROWCU ŚWIĘTOKRZYSKIM,2026,Ostrowiec Świętokrzyski,ul. Trzeciaków 35,Ostrowiec Świętokrzyski,Trzeciaków 35,ul
90748,SZKOŁA PODSTAWOWA IM. 24 LUTEGO 1863 R. W MAŁOGOSZCZU,2026,Małogoszcz,ul. 11 Listopada 14b,Małogoszcz,Listopada 14b,ul 11
90902,SZKOŁA PODSTAWOWA W TREPCZY,2026,Trepcza,ul. Sanocka 16,Trepcza,Sanocka 16,ul
90919,SZKOŁA PODSTAWOWA NR 3 IM. JANUSZA KUSOCIŃSKIEGO W LEGIONOWIE,2026,Legionowo,ul. Władysława Broniewskiego 7,Legionowo,Broniewskiego 7,ul władysława
90931,ZESPÓŁ SZKOLNO-PRZEDSZKOLNY SZKOŁA PODSTAWOWA NR 2 IM. ŻOŁNIERZY Z MONTE CASSINO W POLANICY-ZDROJU,2026,Polanica-Zdrój,al. Wojska Polskiego 23,Polanica-Zdrój,Wojska Polskiego 23,al
90963,GDYŃSKA SZKOŁA SPOŁECZNA,2026,Gdynia,ul. Wolności 25,Gdynia,Wolności 25,ul
91021,"SPOŁECZNA SZKOŁA PODSTAWOWA NR 1 ""NASZA SZKOŁA""",2026,Zabrze,ul. Zwrotnicza 13,Zabrze,Zwrotnicza 13,ul
91074,SZKOŁA PODSTAWOWA NR 2 IM. WOJSKA POLSKIEGO W PRZEMKOWIE,2026,Przemków,ul. Rybna 3A,Przemków,Rybna 3A,ul
91130,"SZKOŁA PODSTAWOWA STOWARZYSZENIA ""EDUKATOR""",2026,Polanica-Zdrój,ul. Tadeusza Kościuszki 13,Polanica-Zdrój,Kościuszki 13,ul tadeusza
91138,SZKOŁA PODSTAWOWA IM. JANA KOCHANOWSKIEGO W GRABOWIE,2026,Grabów,ul. Kochanowskiego 2a,Grabów,Kochanowskiego 2a,ul
91155,SZKOŁA PODSTAWOWA IM. KOMISJI EDUKACJI NARODOWEJ W NOWYM MIASTECZKU,2026,Nowe Miasteczko,ul. Marcinkowskiego 1,Nowe Miasteczko,Marcinkowskiego 1,ul
91165,SZKOŁA PODSTAWOWA IM.KRÓLOWEJ JADWIGI W WIELBARKU,2026,Wielbark,ul. Mikołaja Kopernika 10,Wielbark,Kopernika 10,ul mikołaja
91247,SZKOŁA PODSTAWOWA NR 4 IM. LEGIONÓW POLSKICH 1914-1918 W LEGIONOWIE,2026,Legionowo,ul. Jana Pawła I 2,Legionowo,Jana Pawła I 2,ul
91249,PUBLICZNA SZKOŁA PODSTAWOWA IM. MACIEJA RATAJA W BOROWIE,2026,Borów,ul. Wrocławska 24,Borów,Wrocławska 24,ul
91255,ZESPÓŁ SZKÓŁ SZKOŁA PODSTAWOWA W ŁABISZYNIE,2026,Łabiszyn,ul. Nadnotecka 2,Łabiszyn,Nadnotecka 2,ul
91262,SZKOŁA PODSTAWOWA SPECJALNA W CHODZIEŻY,2026,Chodzież,ul. Strzelecka 11,Chodzież,Strzelecka 11,ul
91355,ZESPÓŁ SZKOLNO-PRZEDSZKOLNY W LEGNICKIM POLU SZKOŁA PODSTAWOWA IM. KSIĘŻNEJ ANNY I HENRYKA POBOŻNEGO W LEGNICKIM POLU,2026,Legnickie Pole,ul. Kosmy Damiana Asama 5,Legnickie Pole,Asama 5,ul kosmy damiana
91397,SZKOŁA PODSTAWOWA IM. ROMUALDA TRAUGUTTA W JANOWIE,2026,Janów,ul. Szkolna 2,Janów,Szkolna 2,ul
91400,SZKOŁA PODSTAWOWA NR 7 IM. JANA PAWŁA II Z ODDZIAŁAMI INTEGRACYJNYMI,2026,Łowicz,ul. Młodzieżowa 15,Łowicz,Młodzieżowa 15,ul
91425,SZKOŁA PODSTAWOWA Z ODDZIAŁAMI PRZEDSZKOLNYMI IM. WETERANÓW II WOJNY ŚWIATOWEJ W LISIĘCICACH,2026,Lisięcice,ul. Szkolna 5,Lisięcice,Szkolna 5,ul
91505,SZKOŁA PODSTAWOWA NR 5 IM. WŁADYSŁAWA BRONIEWSKIEGO W BIAŁYMSTOKU,2026,Białystok,ul. Kamienna 15,Białystok,Kamienna 15,ul
91506,SZKOŁA PODSTAWOWA NR 15 IM. MARII SKŁODOWSKIEJ-CURIE W BIAŁYMSTOKU,2026,Białystok,ul. Władysława Broniewskiego 1,Białystok,Broniewskiego 1,ul władysława
91544,SZKOŁA PODSTAWOWA NR 39 IM. SZARYCH SZEREGÓW W LUBLINIE,2026,Lublin,ul. Krężnicka 156,Lublin,Krężnicka 156,ul
91547,SZKOŁA PODSTAWOWA NR 45 W LUBLINIE,2026,Lublin,ul. Radzyńska 5,Lublin,Radzyńska 5,ul
91580,SZKOŁA PODSTAWOWA NR 1 IM. STANISŁAWY ŁAKOMIK W CZELADZI,2026,Czeladź,ul. Władysława Reymonta 80,Czeladź,Reymonta 80,ul władysława
91581,SZKOŁA PODSTAWOWA NR 2 IM. MARII KONOPNICKIEJ W CZELADZI,2026,Czeladź,ul. Szkolna 6,Czeladź,Szkolna 6,ul
91583,SZKOŁA PODSTAWOWA NR 3 IM. JANUSZA KORCZAKA W CZELADZI,2026,Czeladź,ul. Stanisława Staszica 47,Czeladź,Staszica 47,ul stanisława
91584,SZKOŁA PODSTAWOWA NR 7 IM. 1000-LECIA PAŃSTWA POLSKIEGO W CZELADZI,2026,Czeladź,ul. Spacerowa 2,Czeladź,Spacerowa 2,ul
91660,PUBLICZNA SZKOŁA PODSTAWOWA IM. PRYMASA TYSIĄCLECIA KARDYNAŁA STEFANA WYSZYŃSKIEGO W KONECKU,2026,Koneck,ul. Włodzimierza Lubańskiego 15,Koneck,Lubańskiego 15,ul włodzimierza
91679,SZKOŁA PODSTAWOWA IM. JANA PAWŁA II,2026,Gronowo Elbląskie,ul. Osiedlowa 6A,Gronowo Elbląskie,Osiedlowa 6A,ul
91685,SZKOŁA PODSTAWOWA IM. ROMANA DWORCZAKA I DR ANNY WRÓBEL W SYRYNI,2026,Syrynia,ul. Powstańców Śląskich 26,Syrynia,Powstańców Śląskich 26,ul
91687,SZKOŁA PODSTAWOWA IM. BRUNONA STRZAŁKI W LUBOMI,2026,Lubomia,ul. Szkolna 2,Lubomia,Szkolna 2,ul
91715,ZESPÓŁ-SZKOLNO PRZEDSZKOLNY W CIASNEJ-SZKOŁA PODSTAWOWA W CIASNEJ IM. POWSTAŃCÓW ŚLĄSKICH,2026,Ciasna,ul. Lubliniecka 21,Ciasna,Lubliniecka 21,ul
91716,SZKOŁA PODSTAWOWA IM. MARII DANILEWICZ ZIELIŃSKIEJ W STAWKACH,2026,Stawki,ul. Szkolna 4,Stawki,Szkolna 4,ul
91730,SZKOŁA PODSTAWOWA IM. WACŁAWY MATUSIAK W BRZEŹNIU,2026,Bronisławów,ul. Szkolna 2,Bronisławów,Szkolna 2,ul
91739,ZESPÓŁ SZKOLNO-PRZEDSZKOLNY W POGRZEBIENIU - SZKOŁA PODSTAWOWA IM.JULIUSZA LIGONIA,2026,Pogrzebień,ul. Pamiątki 25,Pogrzebień,Pamiątki 25,ul
91741,ZESPÓŁ SZKOLNO-PRZEDSZKOLNY W RZUCHOWIE - SZKOŁA PODSTAWOWA,2026,Rzuchów,ul. Karola Miarki 8,Rzuchów,Miarki 8,ul karola
91774,SZKOŁA PODSTAWOWA Z ODDZIAŁAMI PRZEDSZKOLNYMI IM MARII KONOPNICKIEJ W BOGDANOWICACH,2026,Bogdanowice,ul. Konopnickiej 15,Bogdanowice,Konopnickiej 15,ul
91795,ZESPÓŁ SZKOLNO-PRZEDSZKOLNY W SIERAKOWIE ŚLĄSKIM-SZKOŁA PODSTAWOWA W SIERAKOWIE ŚLĄSKIM,2026,Sieraków Śląski,ul. Szkolna 4,Sieraków Śląski,Szkolna 4,ul
91802,SZKOŁA PODSTAWOWA NR 36 IM. JOHNA BAILDONA W GLIWICACH,2026,Gliwice,ul. Robotnicza 6,Gliwice,Robotnicza 6,ul
91815,SZKOŁA PODSTAWOWA NR 11 IM. HUGONA KOŁŁĄTAJA W GLIWICACH,2026,Gliwice,ul. Pocztowa 31,Gliwice,Pocztowa 31,ul
91896,SZKOŁA PODSTAWOWA W ZESPOLE SZKÓŁ IM. KARDYNAŁA STEFANA WYSZYŃSKIEGO W LELISIE,2026,Lelis,ul. Szkolna 51 A,Lelis,Szkolna 51 A,ul
91918,SPOŁECZNA SZKOŁA PODSTAWOWA Z ODDZIAŁAMI PRZEDSZKOLNYMI W JAROCINIE,2026,Jarocin,ul. Przemysłowa 1,Jarocin,Przemysłowa 1,ul
91921,NIEPUBLICZNA SZKOŁA PODSTAWOWA IM. JANA PAWŁA II W SIEDLEMINIE,2026,Siedlemin,ul. Główna 36,Siedlemin,Główna 36,ul
91933,SZKOŁA PODSTAWOWA NR 1 IM. MARSZAŁKA J. PIŁSUDSKIEGO W IZBICY KUJAWSKIEJ,2026,Izbica Kujawska,ul. Tymieniecka 1,Izbica Kujawska,Tymieniecka 1,ul
91952,SZKOŁA PODSTAWOWA W PŁAWNIE IM. STANISŁAWA KONARSKIEGO,2026,Pławno,ul. Przedborska 4,Pławno,Przedborska 4,ul
91955,PUBLICZNA SZKOŁA PODSTAWOWA IM. JANA PAWŁA II W BELSKU DUŻYM,2026,Belsk Duży,ul. Szkolna 3,Belsk Duży,Szkolna 3,ul
92070,ZESPÓŁ SZKOLNO-PRZEDSZKOLNY W RYNIE SZKOŁA PODSTAWOWA IM.BOJOWNIKÓW O POLSKOŚĆ WARMII I MAZUR,2026,Ryn,ul. Szkolna 8a,Ryn,Szkolna 8a,ul
92090,SZKOŁA PODSTAWOWA NR 164 IM. BŁ. FRANCISZKI SIEDLISKIEJ,2026,Kraków,ul. Marii i Bolesława Wysłouchów 28,Kraków,Wysłouchów 28,ul marii i bolesława
92121,SZKOŁA PODSTAWOWA W DAMASŁAWKU,2026,Damasławek,ul. Słoneczna 4,Damasławek,Słoneczna 4,ul
92158,SZKOŁA PODSTAWOWA SPECJALNA NR 26 W GLIWICACH,2026,Gliwice,ul. Władysława Sikorskiego 134,Gliwice,Sikorskiego 134,ul władysława
92164,SZKOŁA PODSTAWOWA IM. ADAMA CHĘTNIKA W NOWOGRODZIE,2026,Nowogród,ul. 11 Listopada 12,Nowogród,Listopada 12,ul 11
92166,SZKOŁA PODSTAWOWA NR 35 W RZESZOWIE,2026,Rzeszów,ul. Pogwizdowska 139,Rzeszów,Pogwizdowska 139,ul
92221,SZKOŁA PODSTAWOWA IM. NOBLISTÓW POLSKICH W DESZCZNIE,2026,Deszczno,ul. Lubuska 61,Deszczno,Lubuska 61,ul
92224,SZKOŁA PODSTAWOWA W GRĘZÓWCE,2026,Gręzówka,ul. Szkolna 2,Gręzówka,Szkolna 2,ul
92256,PUBLICZNA SZKOŁA PODSTAWOWA NR 4 W NISKU,2026,Nisko,ul. Henryka Dąbrowskiego 8,Nisko,Dąbrowskiego 8,ul henryka
92267,SZKOŁA PODSTAWOWA IM.POWSTAŃCÓW WIELKOPOLSKICH W MALANOWIE,2026,Malanów,ul. Parkowa 29,Malanów,Parkowa 29,ul
92269,GMINNA SZKOŁA PODSTAWOWA Z ODDZIAŁAMI INTEGRACYJNYMI IM. KS. JERZEGO POPIEŁUSZKI W ŚWIERCZYŃCU,2026,Świerczyniec,ul. Sierpowa 38,Świerczyniec,Sierpowa 38,ul
92273,SZKOŁA PODSTAWOWA IM. GEN. STANISŁAWA GRZMOTA-SKOTNICKIEGO W MŁODZIESZYNIE,2026,Młodzieszyn,ul. Wspólna 13A,Młodzieszyn,Wspólna 13A,ul
92305,PUBLICZNA SZKOŁA PODSTAWOWA NR 1 IM. STEFANA ŻEROMSKIEGO W PIONKACH,2026,Pionki,ul. Niepodległości 3,Pionki,Niepodległości 3,ul
92306,PUBLICZNA SZKOŁA PODSTAWOWA NR 2 IM. BOLESŁAWA PRUSA W PIONKACH,2026,Pionki,ul. Jana Kochanowskiego 12,Pionki,Kochanowskiego 12,ul jana
92307,PUBLICZNA SZKOŁA PODSTAWOWA Z ODDZIAŁAMI INTEGRACYJNYMI I SPORTOWYMI NR 5 IM. JANA PAWŁA II W PIONKACH,2026,Pionki,ul. Targowa 9,Pionki,Targowa 9,ul
92310,PUBLICZNA SZKOŁA PODSTAWOWA IM. JANA PAWŁA II W TUŁOWICACH,2026,Tułowice,ul. Porcelanowa 21,Tułowice,Porcelanowa 21,ul
92318,SZKOŁA PODSTAWOWA IM. JANA PAWŁA II W WILCZKOWIE,2026,Wilczków,ul. Mikołaja Kopernika 29,Wilczków,Kopernika 29,ul mikołaja
92320,SZKOŁA PODSTAWOWA IM. JANUSZA KUSOCIŃSKIEGO W POLAKOWICACH,2026,Polakowice,ul. Szkolna 5,Polakowice,Szkolna 5,ul
92367,SZKOŁA PODSTAWOWA NR 6 IM. SZYMONA SZYMONOWICA W ZAMOŚCIU,2026,Zamość,ul. Orla 5,Zamość,Orla 5,ul
92385,SZKOŁA PODSTAWOWA NR 107 IM. BRONISŁAWA MALINOWSKIEGO,2026,Warszawa,ul. Nowoursynowska 210/212,Warszawa,Nowoursynowska 210/212,ul
92416,PUBLICZNA SZKOŁA PODSTAWOWA IM. PROF. IGNACEGO MOŚCICKIEGO W WINNICY,2026,Winnica,ul. Pułtuska 19,Winnica,Pułtuska 19,ul
92452,SZKOŁA PODSTAWOWA NR 1,2026,Konstancin-Jeziorna,ul. Wojewódzka 12,Konstancin-Jeziorna,Wojewódzka 12,ul
92470,SZKOŁA PODSTAWOWA IM. POWSTAŃCÓW WIELKOPOLSKICH W ŁEKNIE,2026,Łekno,ul. Pocztowa 7,Łekno,Pocztowa 7,ul
92493,PUBLICZNA SZKOŁA PODSTAWOWA IM.JANA PAWŁA II W GRABOWCU,2026,Grabowiec,ul. Wąchocka 20,Grabowiec,Wąchocka 20,ul
92508,SZKOŁA PODSTAWOWA IM. MARSZAŁKA JÓZEFA PIŁSUDSKIEGO W DROBINIE,2026,Drobin,ul. Szkolna 3,Drobin,Szkolna 3,ul
92528,SZKOŁA PODSTAWOWA W ZAGÓRZU IM. KS. ADOLFA CHOJNACKIEGO,2026,Zagórze,ul. Marszałka Józefa Piłsudskiego 139,Zagórze,Piłsudskiego 139,ul marszałka józefa
92538,SZKOŁA PODSTAWOWA IM. KAROLA MIARKI W ZESPOLE SZKOLNO-PRZEDSZKOLNYM W GMINIE ORNONTOWICE,2026,Ornontowice,ul. Zwycięstwa 7,Ornontowice,Zwycięstwa 7,ul
92562,SZKOŁA PODSTAWOWA NR 1 IM. TADEUSZA KOŚCIUSZKI W NOWOGARDZIE,2026,Nowogard,ul. Wojska Polskiego 6,Nowogard,Wojska Polskiego 6,ul
92563,SZKOŁA PODSTAWOWA NR 2 IM. MARII KONOPNICKIEJ W NOWOGARDZIE,2026,Nowogard,ul. Stefana Żeromskiego 5,Nowogard,Żeromskiego 5,ul stefana
92564,SZKOŁA PODSTAWOWA NR 3 IM. POLSKICH OLIMPIJCZYKÓW W NOWOGARDZIE,2026,Nowogard,ul. Bohaterów Warszawy 78,Nowogard,Bohaterów Warszawy 78,ul
92570,PUBLICZNA SZKOŁA PODSTAWOWA IM.ŚW.STANISŁAWA KOSTKI W ZARZECZU,2026,Zarzecze,ul. Adama Mickiewicza 45,Zarzecze,Mickiewicza 45,ul adama
92608,SZKOŁA PODSTAWOWA IM.JULIUSZA LIGONIA W STRZEBINIU,2026,Strzebiń,ul. Lompy 9,Strzebiń,Lompy 9,ul
92639,SZKOŁA PODSTAWOWA SPECJALNA NR 88,2026,Wrocław,ul. Borowska 101,Wrocław,Borowska 101,ul
92659,SZKOŁA PODSTAWOWA IM.74 GÓRNOŚLĄSKIEGO PUŁKU PIECHOTY W SADOWIE,2026,Sadów,ul. Powstańców Śląskich 72,Sadów,Powstańców Śląskich 72,ul
92722,SZKOŁA PODSTAWOWA IM. JANA PAWŁA II W LUBOMIERZU,2026,Lubomierz,ul. Tadeusza Kościuszki 5,Lubomierz,Kościuszki 5,ul tadeusza
92763,ZESPÓŁ SZKOLNO - PRZEDSZKOLNY W MODLNICY - SZKOŁA PODSTAWOWA IM. ŚW. STANISŁAWA KOSTKI Z ODDZIAŁAMI INTEGRACYJNYMI W MODLNICY,2026,Modlnica,ul. Sportowa 2,Modlnica,Sportowa 2,ul
92770,SZKOŁA PODSTAWOWA Z ODDZIAŁAMI INTEGRACYJNYMI IM. BOHATERSKICH LOTNIKÓW POLSKICH W WIĄZOWNIE,2026,Wiązowna,ul. Kościelna 20,Wiązowna,Kościelna 20,ul
92795,SZKOŁA PODSTAWOWA NR 8 IM. ADAMA MICKIEWICZA W ŻORACH,2026,Żory,ul. Wysoka 13,Żory,Wysoka 13,ul
92796,SZKOŁA PODSTAWOWA NR 9 IM. HENRYKA SIENKIEWICZA W ŻORACH,2026,Żory,ul. Rybnicka 226,Żory,Rybnicka 226,ul
92797,SZKOŁA PODSTAWOWA NR 7 Z ODDZIAŁAMI INTEGRACYJNYMI IM. KS. DR FRANCISZKA HARAZINA W ŻORACH,2026,Żory,ul. Szkolna 8,Żory,Szkolna 8,ul
92799,SZKOŁA PODSTAWOWA NR 5 W ŻORACH,2026,Żory,ul. Strażacka 6,Żory,Strażacka 6,ul
92820,SZKOŁA PODSTAWOWA IM.ABP.JÓZEFA BILCZEWSKIEGO,2026,Wilamowice,ul. Rynek 14,Wilamowice,Rynek 14,ul
92834,"PRYWATNA SZKOŁA PODSTAWOWA NR 5 ""TWOJA PRZYSZŁOŚĆ""",2026,Sosnowiec,ul. Emila Zegadłowicza 1,Sosnowiec,Zegadłowicza 1,ul emila
92840,SZKOŁA PODSTAWOWA IM.BOLESŁAWA CHROBREGO W ŻÓRAWINIE,2026,Żórawina,ul. Mikołaja Kopernika 15,Żórawina,Kopernika 15,ul mikołaja
92865,SZKOŁA PODSTAWOWA Z ODDZIAŁAMI PRZEDSZKOLNYMI W BUJAKOWIE,2026,Bujaków,ul. Szkolna 13,Bujaków,Szkolna 13,ul
92877,SZKOŁA PODSTAWOWA IM. JANA PAWŁA II W RZEPLINIE,2026,Rzeplin,al. Lipowa 46,Rzeplin,Lipowa 46,al
92889,SZKOŁA PODSTAWOWA IM. MARII SKŁODOWSKIEJ-CURIE W ŚWIĘCIECHOWIE,2026,Święciechowa,ul. Szkolna 15,Święciechowa,Szkolna 15,ul
92933,SZKOŁA PODSTAWOWA IM.WINCENTEGO WITOSA W WĘGRACH,2026,Węgry,ul. Szkolna 2,Węgry,Szkolna 2,ul
92936,SZKOŁA PODSTAWOWA W BĘDKOWICACH,2026,Będkowice,ul. Brzozowa 16,Będkowice,Brzozowa 16,ul
93022,SZKOŁA PODSTAWOWA NR 7 IM. ŻOŁNIERZY ARMII KRAJOWEJ W ŚWIDNIKU,2026,Świdnik,ul. Aleja Armii Krajowej 3,Świdnik,Aleja Armii Krajowej 3,ul
93048,NIEPUBLICZNA SZKOŁA PODSTAWOWA IM. JANA PAWŁA II,2026,Legionowo,ul. marsz. Józefa Piłsudskiego 47,Legionowo,Piłsudskiego 47,ul marsz józefa
93088,PUBLICZNA SZKOŁA PODSTAWOWA STOWARZYSZENIA PRZYJACIÓŁ SZKÓŁ KATOLICKICH IM. ŚW. JANA PAWŁA II W BIEŻENIU,2026,Bieżeń,ul. Szkolna 2,Bieżeń,Szkolna 2,ul
93116,SZKOŁA PODSTAWOWA ETE IMIENIA ALBERTA SCHWEITZERA,2026,Gliwice,ul. Franciszkańska 5,Gliwice,Franciszkańska 5,ul
93122,SZKOŁA PODSTAWOWA IM.BOHATERÓW WARSZAWY,2026,Podkowa Leśna,ul. Jana Pawła II 20,Podkowa Leśna,Jana Pawła II 20,ul
93139,SZKOŁA PODSTAWOWA NR 12 IM. MIKOŁAJA KOPERNIKA W GLIWICACH,2026,Gliwice,ul. Mikołaja Kopernika 63,Gliwice,Kopernika 63,ul mikołaja
103340,SZKOŁA PODSTAWOWA IM MIKOŁAJA REJA W REJOWCU FABRYCZNYM,2026,Rejowiec Fabryczny,ul. Lubelska 18,Rejowiec Fabryczny,Lubelska 18,ul
103362,NO BELL SZKOŁA PODSTAWOWA MONTESSORI,2026,Konstancin-Jeziorna,ul. Mirkowska 39 B,Konstancin-Jeziorna,Mirkowska 39 B,ul
103371,SZKOŁA PODSTAWOWA NR 4,2026,Słomczyn,ul. Wilanowska 218,Słomczyn,Wilanowska 218,ul
103378,PUBLICZNA SZKOŁA PODSTAWOWA IM. JANA KOCHANOWSKIEGO W POLICZNIE,2026,Policzna,ul. Stefana Żeromskiego 44,Policzna,Żeromskiego 44,ul stefana
103421,SZKOŁA PODSTAWOWA LIPOWE POLE SKARBOWE,2026,Lipowe Pole Skarbowe,ul. Wesoła 2,Lipowe Pole Skarbowe,Wesoła 2,ul
103425,SPOŁECZNA SZKOŁA PODSTAWOWA NR 96 IM.ŚWIĘTEJ RODZINY,2026,Otwock,ul. Hugona Kołłątaja 80/82,Otwock,Kołłątaja 80/82,ul hugona
103430,ZESPÓŁ OŚWIATOWY W WIŚNIEWIE SZKOŁA PODSTAWOWA IM. BOLESŁAWA CHROBREGO W WIŚNIEWIE,2026,Wiśniew,ul. Tadeusza Kościuszki 54,Wiśniew,Kościuszki 54,ul tadeusza
103460,SZKOŁA PODSTAWOWA IM. KORNELA MAKUSZYŃSKIEGO W ZŁEJWSI WIELKIEJ,2026,Zławieś Wielka,ul. Szkolna 6,Zławieś Wielka,Szkolna 6,ul
103514,SZKOŁA PODSTAWOWA NR 16 Z ODDZIAŁAMI INTEGRACYJNYMI IM. MARII KONOPNICKIEJ W ŻORACH,2026,Żory,ul. Osińska 50,Żory,Osińska 50,ul
103611,SZKOŁA PODSTAWOWA IM. ORŁA BIAŁEGO W JAKUBOWIE,2026,Jakubów,ul. Szkolna 10,Jakubów,Szkolna 10,ul
103625,SZKOŁA PODSTAWOWA IM. 11 LISTOPADA W ŻÓŁWINIE,2026,Żółwin,ul. Szkolna 39,Żółwin,Szkolna 39,ul
103627,SZKOŁA PODSTAWOWA IM. WŁODZIMIERZA PUCHALSKIEGO W OTRĘBUSACH,2026,Otrębusy,ul. dr. Mariana Piaseckiego 2,Otrębusy,Piaseckiego 2,ul dr mariana
103658,SZKOŁA PODSTAWOWA NR 10 IM. TOMASZOWSKICH OLIMPIJCZYKÓW W TOMASZOWIE MAZOWIECKIM,2026,Tomaszów Mazowiecki,ul. Tomasza Ostrowskiego 14,Tomaszów Mazowiecki,Ostrowskiego 14,ul tomasza
103674,SZKOŁA PODSTAWOWA W SOKOŁOWIE MAŁOPOLSKIM,2026,Sokołów Małopolski,ul. Lubelska 41,Sokołów Małopolski,Lubelska 41,ul
103714,PUBLICZNA SZKOŁA PODSTAWOWA IM. BITWY WARSZAWSKIEJ 1920 ROKU,2026,Józefów,ul. Kościelna 2,Józefów,Kościelna 2,ul
103742,SZKOŁA PODSTAWOWA W NOWEJ IWICZNEJ,2026,Nowa Iwiczna,ul. Ignacego Krasickiego 56,Nowa Iwiczna,Krasickiego 56,ul ignacego
103820,SZKOŁA PODSTAWOWA NR 174,2026,Warszawa,ul. Barska 4,Warszawa,Barska 4,ul
103844,SZKOŁA PODSTAWOWA NR 1 IM. JANA PAWŁA II W CZERWIONCE-LESZCZYNACH,2026,Czerwionka-Leszczyny,ul. Księdza Pojdy 77c,Czerwionka-Leszczyny,Pojdy 77c,ul księdza
103853,SZKOŁA PODSTAWOWA IM. JANA KOCHANOWSKIEGO W PAWŁOWIE,2026,Pawłów,ul. Szkolna 4,Pawłów,Szkolna 4,ul
103940,SZKOŁA PODSTAWOWA NR 254 IM. GEN FRANCISZKA ŻYMIRSKIEGO W ZESPOLE SZKÓŁ NR 74,2026,Warszawa,ul. Niepołomicka 26,Warszawa,Niepołomicka 26,ul
103954,SZKOŁA PODSTAWOWA NR 2 IM. ROMUALDA TRAUGUTTA,2026,Józefów,ul. Graniczna 26,Józefów,Graniczna 26,ul
103960,SZKOŁA PODSTAWOWA W KULESZACH KOŚCIELNYCH IMIENIEM KARDYNAŁA STEFANA WYSZYŃSKIEGO,2026,Kulesze Kościelne,ul. Główna 2,Kulesze Kościelne,Główna 2,ul
103963,SZKOŁA PODSTAWOWA NR 61 IM. JANUSZA KORCZAKA,2026,Wrocław,ul. Skarbowców 8,Wrocław,Skarbowców 8,ul
103964,OGÓLNOKSZTAŁCĄCA SZKOŁA MUZYCZNA I STOPNIA NR 2 IM. FRYDERYKA CHOPINA,2026,Wrocław,ul. Rafała Krajewskiego 1,Wrocław,Krajewskiego 1,ul rafała
104086,ZESPÓŁ SZKÓŁ IM.KORNELA MAKUSZYŃSKIEGO SZKOŁA PODSTAWOWA W MAŁASZEWICZACH,2026,Małaszewicze,ul. Wiejska 7A,Małaszewicze,Wiejska 7A,ul
104104,SZKOŁA PODSTAWOWA NR 4 IM. JAROSŁAWA IWASZKIEWICZA W SANDOMIERZU,2026,Sandomierz,ul. Adama Mickiewicza 39,Sandomierz,Mickiewicza 39,ul adama
104125,PUBLICZNA SZKOŁA PODSTAWOWA IM. KAZIMIERZA STEFANOWICZA W MYSZYŃCU,2026,Myszyniec,ul. Dzieci Polskich 1,Myszyniec,Dzieci Polskich 1,ul
104139,SZKOŁA PODSTAWOWA W ZESPOLE SZKÓŁ IM. STANISŁAWA STASZICAW WYSOKIEM,2026,Wysokie,ul. Szkolna 12,Wysokie,Szkolna 12,ul
104171,SZKOŁA PODSTAWOWA IM.K.I.GAŁCZYŃSKIEGO W ZALEWIE,2026,Zalewo,ul. Szkolna 2,Zalewo,Szkolna 2,ul
104235,SZKOŁA PODSTAWOWA IM. ADAMA MICKIEWICZA W SOMPOLNIE,2026,Sompolno,ul. Kaliska 39,Sompolno,Kaliska 39,ul
104405,SZKOŁA PODSTAWOWA IM. STEFANA CZARNIECKIEGO W TYKOCINIE,2026,Tykocin,ul. Jana Kochanowskiego 1,Tykocin,Kochanowskiego 1,ul jana
104435,SZKOŁA PODSTAWOWA W NOWYM KRAMSKU,2026,Nowe Kramsko,ul. Szkolna 15,Nowe Kramsko,Szkolna 15,ul
104437,PUBLICZNA SZKOŁA PODSTAWOWA IM. ALEKSANDRA KAMIŃSKIEGO W LUBRAŃCU,2026,Lubraniec,ul. Nowa 6,Lubraniec,Nowa 6,ul
104444,SZKOŁA PODSTAWOWA IM.TADEUSZA KOŚCIUSZKI,2026,Tuplice,ul. Daszyńskiego 1,Tuplice,Daszyńskiego 1,ul
104447,SZKOŁA PODSTAWOWA W BABIMOŚCIE,2026,Babimost,ul. Żwirki i Wigury 3,Babimost,Żwirki i Wigury 3,ul
104462,SZKOŁA PODSTAWOWA W NADBRZEŻU,2026,Nadbrzeż,ul. Szkolna 4,Nadbrzeż,Szkolna 4,ul
104543,SZKOŁA PODSTAWOWA NR 2 IM. JAROSŁAWA IWASZKIEWICZA W ZESPOLE SZKÓŁ OGÓLNOKSZTAŁCĄCYCH W BRWINOWIE,2026,Brwinów,ul. Żwirowa 16,Brwinów,Żwirowa 16,ul
104581,SZKOŁA PODSTAWOWA IM. ŚW. JANA PAWŁA II W ZESPOLE PRZEDSZKOLNO-SZKOLNYM W KLUCZEWSKU,2026,Kluczewsko,ul. Leśna 1,Kluczewsko,Leśna 1,ul
104587,SZKOŁA PODSTAWOWA NR 1 IM. JANUSZA KORCZAKA W NOWOGRODZIE BOBRZAŃSKIM,2026,Nowogród Bobrzański,ul. Marcinkowskiego 2,Nowogród Bobrzański,Marcinkowskiego 2,ul
104622,SZKOŁA PODSTAWOWA IM. ŻOŁNIERZY POLSKICH SPOD MONTE CASSINO W GRABOWIE NAD PILICĄ,2026,Grabów nad Pilicą,ul. Parkowa 4,Grabów nad Pilicą,Parkowa 4,ul
104626,SZKOŁA PODSTAWOWA IM. ADAMA MICKIEWICZA W PARZYMIECHACH,2026,Parzymiechy,ul. Parkowa 2,Parzymiechy,Parkowa 2,ul
104720,"SZKOŁA PODSTAWOWA ""SŁONECZNA""",2026,Szczecin,ul. Lucjana Rydla 5,Szczecin,Rydla 5,ul lucjana
104764,SZKOŁA PODSTAWOWA IM. KS. JANA TWARDOWSKIEGO W PRZYŁĘKACH,2026,Przyłęki,ul. Zabytkowa 5,Przyłęki,Zabytkowa 5,ul
104808,SZKOŁA PODSTAWOWA IM. MARIANA REJEWSKIEGO W BIAŁYCH BŁOTACH,2026,Białe Błota,ul. Centralna 27,Białe Błota,Centralna 27,ul
104815,SZKOŁA PODSTAWOWA NR 2 IM. IGNACEGO PARTYKI W GÓRNIE,2026,Górno,ul. Zaborze 51,Górno,Zaborze 51,ul
104858,SZKOŁA PODSTAWOWA IM.H.SIENKIEWICZA W SIEDLISZCZU,2026,Siedliszcze,ul. Aleksandra Bałasza 1,Siedliszcze,Bałasza 1,ul aleksandra
104871,SZKOŁA PODSTAWOWA NR 2 IM. KS. JANA TWARDOWSKIEGO W ŁAŃCUCIE,2026,Łańcut,ul. Tadeusza Kościuszki 17,Łańcut,Kościuszki 17,ul tadeusza
104884,SZKOŁA PODSTAWOWA IM. J. WILKOWSKIEGO W ZALESIU ŚLĄSKIM,2026,Zalesie Śląskie,ul. Dworcowa 4,Zalesie Śląskie,Dworcowa 4,ul
104886,SZKOŁA PODSTAWOWA W RASZOWEJ,2026,Raszowa,ul. Góry Świętej Anny 91,Raszowa,Góry Świętej Anny 91,ul
104917,SZKOŁA PODSTAWOWA IM. HENRYKA SIENKIEWICZA W DZIERŻĄŻNIE,2026,Dzierżążno,ul. Edukacji Narodowej 4A,Dzierżążno,Edukacji Narodowej 4A,ul
104918,SZKOŁA PODSTAWOWA IM. PARTYZANTÓW GRYFA POMORSKIEGO W KIEŁPINIE,2026,Kiełpino,ul. Szkolna 29,Kiełpino,Szkolna 29,ul
104944,SZKOŁA PODSTAWOWA NR 3 IM. 10 PUŁKU STRZELCÓW KONNYCH W ŁAŃCUCIE,2026,Łańcut,ul. 29 Listopada 21,Łańcut,Listopada 21,ul 29
104967,SZKOŁA PODSTAWOWA IM. JANUSZA KORCZAKA W URLACH,2026,Urle,ul. Żwirki i Wigury 4,Urle,Żwirki i Wigury 4,ul
104979,SZKOŁA PODSTAWOWA NR 2 IM.ZYGMUNTA AUGUSTA W AUGUSTOWIE,2026,Augustów,ul. Rajgrodzka 1,Augustów,Rajgrodzka 1,ul
105010,SZKOŁA PODSTAWOWA IM. 4 PUŁKU PIECHOTY LEGIONÓW AK W KOSTOMŁOTACH DRUGICH,2026,Kostomłoty Drugie,ul. Kielecka 9,Kostomłoty Drugie,Kielecka 9,ul
105018,SZKOŁA PODSTAWOWA IM. JANA PAWŁA II W SURAŻU,2026,Suraż,ul. Szkolna 1,Suraż,Szkolna 1,ul
105034,SZKOŁA PODSTAWOWA IM. BRONISŁAWA MALINOWSKIEGO W BYSTRZYCY,2026,Bystrzyca,ul. Tadeusza Kościuszki 45,Bystrzyca,Kościuszki 45,ul tadeusza
105047,SZKOŁA PODSTAWOWA NR 1 W ZESPOLE SZKÓŁ IM. KS. M. LACHORA W GÓRNIE,2026,Górno,ul. Centralna 14,Górno,Centralna 14,ul
105096,SZKOŁA PODSTAWOWA NR 3 IM. ZOFII KOSSAK-SZCZUCKIEJ W LIGOCIE,2026,Ligota,ul. Bory 2,Ligota,Bory 2,ul
105182,SZKOŁA PODSTAWOWA NR 1 IM.KS.TEODORA CHRISTOPHA W MIASTECZKU ŚLĄSKIM,2026,Miasteczko Śląskie,ul. Dworcowa 5,Miasteczko Śląskie,Dworcowa 5,ul
105183,PUBLICZNA SZKOŁA PODSTAWOWA W KORCZEWIE,2026,Korczew,ul. Szkolna 4,Korczew,Szkolna 4,ul
105211,SZKOŁA PODSTAWOWA IM ADAMA MICKIEWICZA,2026,Józefów nad Wisłą,ul. Opolska 10a,Józefów nad Wisłą,Opolska 10a,ul
105293,SZKOŁA PODSTAWOWA SPECJALNA NR 39,2026,Warszawa,ul. Trakt Lubelski 40,Warszawa,Trakt Lubelski 40,ul
105299,SZKOŁA PODSTAWOWA SPECJALNA NR 348 W MŁODZIEŻOWYM OŚRODKU SOCJOTERAPII NR 7,2026,Warszawa,ul. Osowska 81,Warszawa,Osowska 81,ul
105302,SZKOŁA PODSTAWOWA SPECJALNA NR 349 W MŁODZIEŻOWYM OŚRODKU SOCJOTERAPII NR 8,2026,Warszawa,ul. Podmokła 4,Warszawa,Podmokła 4,ul
105358,SZKOŁA PODSTAWOWA IM. JÓZEFA IGNACEGO KRASZEWSKIEGO,2026,Milanów,ul. Szkolna 12,Milanów,Szkolna 12,ul
105363,SZKOŁA PODSTAWOWA IM. GEN. JÓZEFA BEMA W SUSZU,2026,Susz,ul. Piastowska 5,Susz,Piastowska 5,ul
105374,SZKOŁA PODSTAWOWA NR 3 IM.ELIZY ORZESZKOWEJ W ZAMOŚCIU,2026,Zamość,ul. Elizy Orzeszkowej 43,Zamość,Orzeszkowej 43,ul elizy
105377,SZKOŁA PODSTAWOWA NR 7 Z ODDZIAŁAMI INTEGRACYJNYMI IM. ADAMA MICKIEWICZA W ZAMOŚCIU,2026,Zamość,ul. Henryka Sienkiewicza 5,Zamość,Sienkiewicza 5,ul henryka
105389,SZKOŁA PODSTAWOWA NR 8 IM. ORLAT LWOWSKICH W ZAMOŚCIU,2026,Zamość,ul. B. Prusa 10,Zamość,Prusa 10,ul b
105422,SZKOŁA PODSTAWOWA IM. LANCKOROŃSKICH W ZAKLICZYNIE,2026,Zakliczyn,ul. Jacka Malczewskiego 56,Zakliczyn,Malczewskiego 56,ul jacka
105442,SZKOŁA PODSTAWOWA IM. PIOTRA SĘKOWSKIEGO W NACPOLSKU,2026,Nacpolsk,ul. Szkolna 18,Nacpolsk,Szkolna 18,ul
105456,SZKOŁA PODSTAWOWA NR 9 IM. TADEUSZA KOŚCIUSZKI W ZAMOŚCIU,2026,Zamość,ul. Kalinowa 5a,Zamość,Kalinowa 5a,ul
105466,PUBLICZNA SZKOŁA PODSTAWOWA W ZAJEZIERZU,2026,Zajezierze,ul. 28 Pułku Artylerii Lekkiej 18,Zajezierze,Pułku Artylerii Lekkiej 18,ul 28
105551,SZKOŁA PODSTAWOWA W JADOWIE,2026,Jadów,ul. 11 Listopada 15/17,Jadów,Listopada 15/17,ul 11
105568,SZKOŁA PODSTAWOWA IM.LOTNIKÓW POLSKICH W DYSIE,2026,Dys,ul. Lotników Polskich 4,Dys,Lotników Polskich 4,ul
105591,SZKOŁA PODSTAWOWA IM. MARTY Z BUDNYCH ŁOSIOWEJ W NIEMCACH,2026,Niemce,ul. Szkolna 23,Niemce,Szkolna 23,ul
105697,SZKOŁA PODSTAWOWA NR 1 IM. BŁ. BRONISŁAWA MARKIEWICZA W TRZEBOSI,2026,Trzeboś,ul. Kościelna 1,Trzeboś,Kościelna 1,ul
105703,SZKOŁA PODSTAWOWA W BOLESŁAWCU IM. KORPUSU OCHRONY POGRANICZA,2026,Bolesławiec,ul. Szkolna 4,Bolesławiec,Szkolna 4,ul
105711,PUBLICZNA SZKOŁA PODSTAWOWA W ŻELECHLINKU,2026,Żelechlinek,ul. Wincentego Witosa 1A,Żelechlinek,Witosa 1A,ul wincentego
105731,SZKOŁA PODSTAWOWA IM.J.BRZECHWY W ZESPOLE SZKOLNO-PRZEDSZKOLNYM W GODZISZCE,2026,Godziszka,ul. Beskidzka 29,Godziszka,Beskidzka 29,ul
105814,SZKOŁA PODSTAWOWA SPECJALNA W ZAWICHOŚCIE,2026,Zawichost,ul. 11 Listopada 1,Zawichost,Listopada 1,ul 11
105817,SZKOŁA PODSTAWOWA NR 2 IM. GUSTAWA MORCINKA W MIASTECZKU ŚLĄSKIM,2026,Miasteczko Śląskie,ul. Harcerska 5,Miasteczko Śląskie,Harcerska 5,ul
105867,PUBLICZNA SZKOŁA PODSTAWOWA IM. ADAMA MICKIEWICZA W CZYŻÓWCE,2026,Czyżówka,ul. Szkolna 11,Czyżówka,Szkolna 11,ul
105874,SZKOŁA PODSTAWOWA SPECJALNA NR 8 W MŁODZIEŻOWYM OŚRODKU SOCJOTERAPII W KŁODZKU,2026,Kłodzko,ul. Rajska 1,Kłodzko,Rajska 1,ul
105981,"NIEPUBLICZNA SZKOŁA PODSTAWOWA ""AKADEMIA ŻAKÓW""",2026,Bielsko-Biała,ul. Jaworzańska 2,Bielsko-Biała,Jaworzańska 2,ul
106087,SZKOŁA PODSTAWOWA IM. MARII KONOPNICKIEJ W MROKOWIE,2026,Mroków,ul. Marii Świątkiewicz 2a,Mroków,Świątkiewicz 2a,ul marii
106093,SZKOŁA PODSTAWOWA IM. KAZIMIERZA DEKI-DECZYŃSKIEGO W PĘCZNIEWIE,2026,Pęczniew,ul. Główna 15,Pęczniew,Główna 15,ul
106133,SZKOŁA PODSTAWOWA,2026,Złoty Stok,ul. Chemików 8,Złoty Stok,Chemików 8,ul
106138,SZKOŁA PODSTAWOWA IM. ŚW. MAKSYMILIANA MARII KOLBE W HARMĘŻACH,2026,Harmęże,ul. Borowskiego 30,Harmęże,Borowskiego 30,ul
106140,SZKOŁA PODSTAWOWA EKOLA,2026,Wrocław,ul. Tadeusza Zielińskiego 56,Wrocław,Zielińskiego 56,ul tadeusza
106152,"SZKOŁA PODSTAWOWA ""PRIMUS""",2026,Wrocław,al. Jana Matejki 16a,Wrocław,Matejki 16a,al jana
106219,PUBLICZNA SZKOŁA PODSTAWOWA IM. ADAMA CHĘTNIKA W JEDNOROŻCU,2026,Jednorożec,ul. Odrodzenia 13,Jednorożec,Odrodzenia 13,ul
106230,SZKOŁA PODSTAWOWA IM. FRANCISZKA RDUCHA W BEŁKU,2026,Bełk,ul. Szymochy 16,Bełk,Szymochy 16,ul
106238,SPOŁECZNA SZKOŁA PODSTAWOWA SPOŁECZNEGO TOWARZYSTWA OŚWIATOWEGO IM. KS. JANA TWARDOWSKIEGO W OSTROŁĘCE,2026,Ostrołęka,ul. Koszarowa 3,Ostrołęka,Koszarowa 3,ul
106279,SZKOŁA PODSTAWOWA IM. MARII KONOPNICKIEJ W MŁODOWIE,2026,Młodów,ul. Szkolna 48,Młodów,Szkolna 48,ul
106284,SZKOŁA PODSTAWOWA IM. NOBLISTÓW POLSKICH W BARGŁOWIE KOŚCIELNYM,2026,Bargłów Kościelny,ul. Augustowska 8,Bargłów Kościelny,Augustowska 8,ul
106291,ZESPÓŁ SZKOLNO-PRZEDSZKOLNY IM. PRZYJACIÓŁ DZIECI W DOMASZKOWIE SAMORZĄDOWA SZKOŁA PODSTAWOWA,2026,Domaszków,ul. Kolejowa 10,Domaszków,Kolejowa 10,ul
106299,SZKOŁA PODSTAWOWA IM. MIKOŁAJA BAKAŁARZA W BAKAŁARZEWIE,2026,Bakałarzewo,ul. Króla Zygmunta Starego 1,Bakałarzewo,Zygmunta Starego 1,ul króla
106312,SZKOŁA PODSTAWOWA IM. MARSZAŁKA JÓZEFA PIŁSUDSKIEGO,2026,Konarzyny,ul. Szkolna 12,Konarzyny,Szkolna 12,ul
106318,SZKOŁA PODSTAWOWA IM. ALEKSANDRA KAMIŃSKIEGO W SMOLICACH,2026,Smolice,ul. Edukacyjna 3,Smolice,Edukacyjna 3,ul
106331,SZKOŁA PODSTAWOWA IM. ARKADEGO FIEDLERA W GUŁTOWACH,2026,Gułtowy,ul. Średzka 8,Gułtowy,Średzka 8,ul
106354,PUBLICZNA SZKOŁA PODSTAWOWA IM. SZARYCH SZEREGÓW W DĄBROWIE,2026,Dąbrowa,ul. Szkolna 9,Dąbrowa,Szkolna 9,ul
106425,SZKOŁA PODSTAWOWA IM. WOJSKA POLSKIEGO W KAMIENIU KRAJEŃSKIM,2026,Kamień Krajeński,ul. Szkolna 3,Kamień Krajeński,Szkolna 3,ul
106432,SZKOŁA PODSTAWOWA IM. PAULINY I AUGUSTA WILKOŃSKICH W SIEKIERKACH WIELKICH,2026,Siekierki Wielkie,ul. Stanisława Karalusa 1,Siekierki Wielkie,Karalusa 1,ul stanisława
106433,SZKOŁA PODSTAWOWA IM.MIKOŁAJA KOPERNIKA W IWNIE,2026,Iwno,ul. Szkolna 11,Iwno,Szkolna 11,ul
106463,SZKOŁA PODSTAWOWA IM. MIECZYSŁAWA DROBOSZEWSKIEGO W WĄWELNIE,2026,Wąwelno,ul. Szkolna 1,Wąwelno,Szkolna 1,ul
106470,SZKOŁA PODSTAWOWA IM. JULIANA TUWIMA W PARZĘCZEWIE,2026,Parzęczew,ul. Parkowa 6,Parzęczew,Parkowa 6,ul
106488,SZKOŁA PODSTAWOWA NR 11 SPECJALNA W NYSIE,2026,Nysa,ul. Grodkowska 54,Nysa,Grodkowska 54,ul
106542,SZKOŁA PODSTAWOWA IM. MARII KOWNACKIEJ W KŁODAWIE,2026,Kłodawa,ul. Szkolna 10,Kłodawa,Szkolna 10,ul
106550,SZKOŁA PODSTAWOWA IM. JANA PAWŁA II W ZIELUNIU,2026,Zieluń-Osada,ul. Szkolna 7,Zieluń-Osada,Szkolna 7,ul
106555,SZKOŁA PODSTAWOWA W LUBOWIDZU,2026,Lubowidz,ul. Jana Pawła II 46 a,Lubowidz,Jana Pawła II 46 a,ul
106630,SZKOŁA PODSTAWOWA IM.JOACHIMA LELEWELA W JAKUBOWICACH KONIŃSKICH,2026,Jakubowice Konińskie,ul. Szkolna 69,Jakubowice Konińskie,Szkolna 69,ul
106637,SZKOŁA PODSTAWOWA W ŁYSOMICACH Z FILIĄ W PAPOWIE TORUŃSKIM,2026,Łysomice,ul. Warszawska 5,Łysomice,Warszawska 5,ul
106669,SZKOŁA PODSTAWOWA IM. BOHATERÓW WALK O NIEPODLEGŁOŚĆ POLSKI W IZDEBNIKU,2026,Izdebnik,ul. Krakowska 1,Izdebnik,Krakowska 1,ul
106670,SZKOŁA PODSTAWOWA IM. KAZIMIERZA WIELKIEGO W LANCKORONIE,2026,Lanckorona,ul. Szkolna 5,Lanckorona,Szkolna 5,ul
106671,SZKOŁA PODSTAWOWA W SKAWINKACH,2026,Skawinki,ul. Beskidzka 27,Skawinki,Beskidzka 27,ul
106693,SZKOŁA PODSTAWOWA IM. PAPIEŻA JANA PAWŁA II W UCHANIACH,2026,Uchanie,ul. Szkolna 13,Uchanie,Szkolna 13,ul
106708,SZKOŁA PODSTAWOWA IM. ADAMA MICKIEWICZA,2026,Kuczbork-Osada,ul. Adama Mickiewicza 6,Kuczbork-Osada,Mickiewicza 6,ul adama
106712,SZKOŁA PODSTAWOWA IM. JANA PAWŁA II,2026,Zielona,ul. Szkolna 2,Zielona,Szkolna 2,ul
106737,SZKOŁA PODSTAWOWA W BONIKOWIE,2026,Bonikowo,ul. Parkowa 3,Bonikowo,Parkowa 3,ul
106751,SZKOŁA PODSTAWOWA W RUSOCICACH,2026,Rusocice,ul. Krakowska 100,Rusocice,Krakowska 100,ul
106773,SZKOŁA PODSTAWOWA NR 1 IM.ADAMA MICKIEWICZA W JABŁONCE,2026,Jabłonka,ul. Piusa Jabłońskiego 4,Jabłonka,Jabłońskiego 4,ul piusa
106867,KATOLICKA SZKOŁA PODSTAWOWA IM. ŚW. JANA BOSKO W PIOTRKOWIE TRYBUNALSKIM,2026,Piotrków Trybunalski,ul. Al. Armii Krajowej 19,Piotrków Trybunalski,Al. Armii Krajowej 19,ul
106896,SZKOŁA PODSTAWOWA IM. HELENY MARUSARZÓWNY W ZĘBIE,2026,Ząb,ul. św. Anny 1/3,Ząb,Anny 1/3,ul św
106900,SZKOŁA PODSTAWOWA IM. WINCENTEGO WITOSA W GLINIANCE,2026,Glinianka,ul. Napoleońska 1,Glinianka,Napoleońska 1,ul
106927,ZESPÓŁ SZKÓŁ W PRZYKONIE SZKOŁA PODSTAWOWA IMIENIA MARII KONOPNICKIEJ W PRZYKONIE,2026,Przykona,ul. Szkolna 6,Przykona,Szkolna 6,ul
106950,SZKOŁA PODSTAWOWA W STARYM LUBOSZU,2026,Stary Lubosz,ul. Kościańska 7,Stary Lubosz,Kościańska 7,ul
107045,SZKOŁA PODSTAWOWA W STARYCH OBORZYSKACH,2026,Stare Oborzyska,ul. Szkolna 1,Stare Oborzyska,Szkolna 1,ul
107054,SZKOŁA PODSTAWOWA NR 7- SZKOŁA SPORTOWA W LUBINIE,2026,Lubin,ul. Sybiraków 11,Lubin,Sybiraków 11,ul
107057,SZKOŁA PODSTAWOWA Z ODDZIAŁAMI INTEGRACYJNYMI IM. KSIĘCIA JÓZEFA PONIATOWSKIEGO W PRZEGINI DUCHOWNEJ,2026,Przeginia Duchowna,ul. Kajasówka 22,Przeginia Duchowna,Kajasówka 22,ul
107059,SZKOŁA PODSTAWOWA W RACOCIE,2026,Racot,ul. Szkolna 10,Racot,Szkolna 10,ul
107064,SZKOŁA PODSTAWOWA IM.LOTNIKÓW WOJSKA POLSKIEGO W OSIECZNEJ,2026,Osieczna,ul. Mickiewicza 1,Osieczna,Mickiewicza 1,ul
107108,SZKOŁA PODSTAWOWA IM. RATOWNIKÓW TATRZAŃSKICH W MURZASICHLU,2026,Murzasichle,ul. Sądelska 31,Murzasichle,Sądelska 31,ul
107114,SZKOŁA PODSTAWOWA IM.SPADOCHRONIARZY WOJSKA POLSKIEGO W SZLACHCIE,2026,Szlachta,ul. 3 Maja 32,Szlachta,Maja 32,ul 3
107118,SZKOŁA PODSTAWOWA NR 1 IM. MARII SKŁODOWSKIEJ- CURIE W ZESPOLE PLACÓWEK OŚWIATOWYCH NR 1 W KRAŚNIKU,2026,Kraśnik,ul. Tadeusza Kościuszki 23,Kraśnik,Kościuszki 23,ul tadeusza
107120,SZKOŁA PODSTAWOWA W TURZNIE,2026,Turzno,ul. Parkowa 4,Turzno,Parkowa 4,ul
107121,SZKOŁA PODSTAWOWA IM. KS. KAN. BALTAZARA PSTROKOŃSKIEGO W BURZENINIE,2026,Burzenin,ul. Sieradzka 11,Burzenin,Sieradzka 11,ul
107152,SZKOŁA PODSTAWOWA IM. JANA PAWŁA II W PIETRZYKOWICACH,2026,Pietrzykowice,ul. Kościuszki 120,Pietrzykowice,Kościuszki 120,ul
107158,SZKOŁA PODSTAWOWA W KAMIENNIKU,2026,Kamiennik,ul. 1 Maja 28,Kamiennik,Maja 28,ul 1
107159,SZKOŁA PODSTAWOWA IM. KORNELA MAKUSZYŃSKIEGO W ZARZECZU,2026,Zarzecze,ul. Staszica 8,Zarzecze,Staszica 8,ul
107187,PUBLICZNA SZKOŁA PODSTAWOWA NR 5 IM. 1 DYWIZJI PANCERNEJ DOWODZONEJ PRZEZ GEN. STANISŁAWA MACZKA W ŻAGANIU,2026,Żagań,ul. Nocznickiego 18,Żagań,Nocznickiego 18,ul
107198,SZKOŁA PODSTAWOWA NR 2 IM. WŁADYSŁAWA JAGIEŁŁY W ŁODYGOWICACH,2026,Łodygowice,ul. Piłsudskiego 121,Łodygowice,Piłsudskiego 121,ul
107199,SZKOŁA PODSTAWOWA NR 4 W SANOKU IM. KSIĘDZA ZDZISŁAWA JASTRZĘBIEC PESZKOWSKIEGO W SANOKU,2026,Sanok,ul. Sadowa 12,Sanok,Sadowa 12,ul
107262,PUBLICZNA SZKOŁA PODSTAWOWA NR 1 IM. JANA BRZECHWY W ŻAGANIU,2026,Żagań,ul. Wojska Polskiego 7,Żagań,Wojska Polskiego 7,ul
107263,PUBLICZNA SZKOŁA PODSTAWOWA NR 2 IM. 11 LUBUSKIEJ DYWIZJI KAWALERII PANCERNEJ W ŻAGANIU,2026,Żagań,ul. Wojska Polskiego 1,Żagań,Wojska Polskiego 1,ul
107264,SZKOŁA PODSTAWOWA IM.JANA PAWŁA II W WYSZKACH,2026,Wyszki,ul. Szkolna 17,Wyszki,Szkolna 17,ul
107292,SZKOŁA PODSTAWOWA IM.JANA PAWŁA II W ŻYCHLINIE,2026,Żychlin,ul. Parkowa 11,Żychlin,Parkowa 11,ul
107293,SZKOŁA PODSTAWOWA NR 44 IM. JANA III SOBIESKIEGO,2026,Wrocław,ul. Wilanowska 31,Wrocław,Wilanowska 31,ul
107323,SZKOŁA PODSTAWOWA IM KARDYNAŁA STEFANA WYSZYŃSKIEGO W SZULBORZU WIELKIM,2026,Szulborze Wielkie,ul. Szarych Szeregów 1,Szulborze Wielkie,Szarych Szeregów 1,ul
107354,PUBLICZNA SZKOŁA PODSTAWOWA IM.KRÓLA WŁADYSŁAWA JAGIEŁŁY I ANNY JENKE W BŁAŻOWEJ,2026,Błażowa,ul. Armii Krajowej 11,Błażowa,Armii Krajowej 11,ul
107387,SZKOŁA PODSTAWOWA W LESZNOWOLI,2026,Lesznowola,ul. Szkolna 6,Lesznowola,Szkolna 6,ul
107389,SZKOŁA PODSTAWOWA IM. ADAMA MICKIEWICZA W ZATORZE,2026,Zator,ul. Kongresowa 11,Zator,Kongresowa 11,ul
107399,SZKOŁA PODSTAWOWA IM. TADEUSZA KOŚCIUSZKI W PODOLSZU,2026,Podolsze,ul. Zatorska 37,Podolsze,Zatorska 37,ul
107440,SZKOŁA PODSTAWOWA IM. ŚW. JANA PAWŁA II W CIĘŻKOWICACH,2026,Ciężkowice,ul. Tysiąclecia 12,Ciężkowice,Tysiąclecia 12,ul
107453,SZKOŁA PODSTAWOWA NR 5 INTEGRACYJNA IM. SZARYCH SZEREGÓW WE WŁOCŁAWKU,2026,Włocławek,ul. Wieniecka 46,Włocławek,Wieniecka 46,ul
107454,SZKOŁA PODSTAWOWA NR 22 IM. JANUSZA KORCZAKA,2026,Włocławek,ul. Promienna 15,Włocławek,Promienna 15,ul
107464,SZKOŁA PODSTAWOWA W KRASOCINIE,2026,Krasocin,ul. Floriańska 1,Krasocin,Floriańska 1,ul
107465,SZKOŁA PODSTAWOWA W BUKOWIE,2026,Bukowa,ul. Szkolna 8,Bukowa,Szkolna 8,ul
107500,SZKOŁA PODSTAWOWA NR 7 IM. HENRYKA SIENKIEWICZA,2026,Włocławek,ul. Włodzimierza Gniazdowskiego 7,Włocławek,Gniazdowskiego 7,ul włodzimierza
107594,SZKOŁA PODSTAWOWA IM . JANA PAWŁA II W BARANOWIE,2026,Baranowo,ul. Niepodległości 27,Baranowo,Niepodległości 27,ul
107630,SZKOŁA PODSTAWOWA IM. EUGENIUSZA KWIATKOWSKIEGO W STĘŻYCY,2026,Stężyca,ul. Abrahama 2,Stężyca,Abrahama 2,ul
107669,SZKOŁA PODSTAWOWA IM. JULIUSZA KRAZIEWICZA W SZYMBARKU,2026,Szymbark,ul. Szkolna 1,Szymbark,Szkolna 1,ul
107672,SZKOŁA PODSTAWOWA IM. ORŁA BIAŁEGO W PAPROTNI,2026,Paprotnia,ul. Jana Pawła II 5,Paprotnia,Jana Pawła II 5,ul
107687,SZKOŁA PODSTAWOWA,2026,Hołubla,ul. Unitów Podlaskich 35,Hołubla,Unitów Podlaskich 35,ul
107732,SZKOŁA PODSTAWOWA Z DODATKOWYM NAUCZANIEM JĘZYKA BIAŁORUSKIEGO W ORLI,2026,Orla,ul. Bielska 32,Orla,Bielska 32,ul
107735,PUBLICZNA SZKOŁA PODSTAWOWA NR 1 IM. ADAMA MICKIEWICZA W KRASNYMSTAWIE,2026,Krasnystaw,ul. Poniatowskiego 37,Krasnystaw,Poniatowskiego 37,ul
108691,PUBLICZNA SZKOŁA PODSTAWOWA NR 4 IM. JANA PAWŁA II W KRASNYMSTAWIE,2026,Krasnystaw,ul. Marszałka Piłsudskiego 21,Krasnystaw,Piłsudskiego 21,ul marszałka
108700,PUBLICZNA SZKOŁA PODSTAWOWA NR 5 IM. ORLĄT LWOWSKICH W KRASNYMSTAWIE,2026,Krasnystaw,ul. Mostowa 14,Krasnystaw,Mostowa 14,ul
108713,SZKOŁA PODSTAWOWA IM. KAZIMIERZA WIELKIEGO,2026,Kowal,ul. Piwna 20,Kowal,Piwna 20,ul
108796,SZKOŁA PODSTAWOWA IM. KS. PRAŁ. STANISŁAWA GAWILKA W RADZIECHOWACH,2026,Radziechowy,ul. Szkolna 299,Radziechowy,Szkolna 299,ul
108798,SZKOŁA PODSTAWOWA IM. JANUSZA KORCZAKA W PRZYBĘDZY,2026,Przybędza,ul. 3 Maja 71,Przybędza,Maja 71,ul 3
108799,SZKOŁA PODSTAWOWA IM. KS. ANTONIEGO PEPLIŃSKIEGO W KAMIENICY SZLACHECKIEJ,2026,Kamienica Szlachecka,ul. Długa 13,Kamienica Szlachecka,Długa 13,ul
108800,SZKOŁA PODSTAWOWA IM TKACZY CHEŁMSKICH W CHEŁMSKU ŚLĄSKIM,2026,Chełmsko Śląskie,ul. Kolonia 14,Chełmsko Śląskie,Kolonia 14,ul
108811,SZKOŁA PODSTAWOWA IM. ALEKSANDRA MAJKOWSKIEGO W KLUKOWEJ HUCIE,2026,Klukowa Huta,ul. Józefa Wybickiego 6,Klukowa Huta,Wybickiego 6,ul józefa
108844,SZKOŁA PODSTAWOWA IM. LEONIDA TELIGI W LINI,2026,Linia,ul. Szkolna 1,Linia,Szkolna 1,ul
108860,SZKOŁA PODSTWOWA NR1 IM.KS. JANA TWARDOWSKIEGO,2026,Kamienna Góra,pl. Kościelny 1,Kamienna Góra,Kościelny 1,pl
108866,"SZKOŁA PODSTAWOWA NR2 IM.""TKACZY ŚLĄSKICH""",2026,Kamienna Góra,ul. Jeleniogórska 7,Kamienna Góra,Jeleniogórska 7,ul
108945,SZKOŁA PODSTAWOWA IM. JANA PAWŁA II W GOŁUBIU,2026,Gołubie,ul. Sambora II 17,Gołubie,Sambora II 17,ul
108955,SZKOŁA PODSTAWOWA Z ODDZIAŁAMI INTEGRACYJNYMI IM. MIKOŁAJA KOPERNIKA W PIASKACH,2026,Piaski,ul. Drzęczewska 9,Piaski,Drzęczewska 9,ul
109039,SZKOŁA PODSTAWOWA NR 20 IM. HENRYKA JORDANA,2026,Jastrzębie-Zdrój,ul. Bronisława Czecha 20 A,Jastrzębie-Zdrój,Czecha 20 A,ul bronisława
109042,SZKOŁA PODSTAWOWA NR 15 IM. MARII KONOPNICKIEJ,2026,Jastrzębie-Zdrój,ul. Niepodległości 34,Jastrzębie-Zdrój,Niepodległości 34,ul
109043,PUBLICZNA SZKOŁA PODSTAWOWA W SŁAWATYCZACH,2026,Sławatycze,ul. Kodeńska 12,Sławatycze,Kodeńska 12,ul
109089,SZKOŁA PODSTAWOWA IM. WINCENTEGO HIPOLITA GAWARECKIEGO W MAŁEJ WSI,2026,Mała Wieś,ul. Jana Kochanowskiego 1 7,Mała Wieś,Kochanowskiego 1 7,ul jana
109101,PUBLICZNA SALEZJAŃSKA SZKOŁA PODSTAWOWA W POZNANIU IM. BŁ. PIĄTKI POZNAŃSKIEJ,2026,Poznań,os. Bohaterów II Wojny Światowej 29,Poznań,Bohaterów II Wojny Światowej 29,os
109145,SZKOŁA PODSTAWOWA SPECJALNA NR 41 W RADZIONKOWIE,2026,Radzionków,ul. gen. Władysława Sikorskiego 7A,Radzionków,Sikorskiego 7A,ul gen władysława
109167,PUBLICZNA SZKOŁA PODSTAWOWA W MINKOWICACH OŁAWSKICH IM. JANA BRZECHWY,2026,Minkowice Oławskie,ul. Kościelna 20,Minkowice Oławskie,Kościelna 20,ul
109198,SZKOŁA PODSTAWOWA IM. JANA PAWŁA II W RACŁAWICACH ŚLĄSKICH,2026,Racławice Śląskie,ul. Zwycięstwa 21,Racławice Śląskie,Zwycięstwa 21,ul
109213,SZKOŁA PODSTAWOWA NR 3 IM. JANA PAWŁA II W SKOCZOWIE,2026,Skoczów,ul. Osiedlowa 1,Skoczów,Osiedlowa 1,ul
109214,SZKOŁA PODSTAWOWA IM. ORŁA BIAŁEGO W KICZYCACH,2026,Kiczyce,ul. Długa 52,Kiczyce,Długa 52,ul
109215,SZKOŁA PODSTAWOWA IM. ZOFII KOSSAK W PIERŚĆCU,2026,Pierściec,ul. Jerzego Tomanka 8,Pierściec,Tomanka 8,ul jerzego
109230,SZKOŁA PODSTAWOWA NR 14 IM. ZIEMI ŚLĄSKIEJ,2026,Jastrzębie-Zdrój,ul. Edukacyjna 13,Jastrzębie-Zdrój,Edukacyjna 13,ul
109295,SZKOŁA PODSTAWOWA ZNP,2026,Łódź,ul. Karola Bohdanowicza 4,Łódź,Bohdanowicza 4,ul karola
109315,SZKOŁA PODSTAWOWA IM. STRAŻAKÓW POLSKICH W NOWEJ WSI LĘBORSKIEJ,2026,Nowa Wieś Lęborska,ul. Polna 9a,Nowa Wieś Lęborska,Polna 9a,ul
109317,SZKOŁA PODSTAWOWA IM. ELIZY ORZESZKOWEJ W KRYNKACH,2026,Krynki,ul. Aleja Szkolna 10,Krynki,Aleja Szkolna 10,ul
109336,SZKOŁA PODSTAWOWA IM. JANUSZA KORCZAKA,2026,Piechcin,ul. 11 Listopada 5,Piechcin,Listopada 5,ul 11
109376,SZKOŁA PODSTAWOWA IM. WŁADYSŁAWA JAGIEŁŁY W CZERWIŃSKU NAD WISŁĄ,2026,Czerwińsk nad Wisłą,ul. Warszawska 1,Czerwińsk nad Wisłą,Warszawska 1,ul
109413,SZKOŁA PODSTAWOWA IM.M. KOPERNIKA W BUCZKOWICACH,2026,Buczkowice,ul. Szkolna 2,Buczkowice,Szkolna 2,ul
109418,SZKOŁA PODSTAWOWA IM.WITOLDA SZKUDLARKA W KISZKOWIE,2026,Kiszkowo,ul. Szkolna 21,Kiszkowo,Szkolna 21,ul
109433,SZKOŁA PODSTAWOWA IM. MIKOŁAJA KOPERNIKA W CHRZYPSKU WIELKIM,2026,Chrzypsko Wielkie,ul. Szkolna 34,Chrzypsko Wielkie,Szkolna 34,ul
109440,OGÓLNOKSZTAŁCĄCA SZKOŁA MUZYCZNA I STOPNIA IM. CZESŁAWA NIEMENA,2026,Włocławek,ul. Wiejska 29,Włocławek,Wiejska 29,ul
109446,SZKOŁA PODSTAWOWA NR 1 IM.KRÓLOWEJ JADWIGI W HUMNISKACH,2026,Humniska,rondo Rondo abp. Ignacego Tokarczuka 264,Humniska,Rondo abp. Ignacego Tokarczuka 264,
109460,SZKOŁA PODSTAWOWA NR 2 IM.I.ŁUKASIEWICZA W HUMNISKACH,2025,Humniska,rondo Rondo abp. Ignacego Tokarczuka 877,Humniska,Rondo abp. Ignacego Tokarczuka 877,
109460,SZKOŁA PODSTAWOWA NR 2 IM.I.ŁUKASIEWICZA W HUMNISKACH,2026,Humniska,rondo Rondo abp. Ignacego Tokarczuka 877,Humniska,Rondo abp. Ignacego Tokarczuka 877,
109488,SZKOŁA PODSTAWOWA IM. GEN.STANISŁAWA MACZKA W BOGUCHWALE,2026,Boguchwała,ul. Teodora Lubomirskiego 2,Boguchwała,Lubomirskiego 2,ul teodora
109490,ZESPÓŁ SZKÓŁ W MĘTKOWIE - SZKOŁA PODSTAWOWA IM. MIKOŁAJA KOPERNIKA W MĘTKOWIE,2026,Mętków,ul. ks. Karola Wojtyły 21,Mętków,Wojtyły 21,ul ks karola
109502,SZKOŁA PODSTAWOWA IM. STEFANA KARDYNAŁA WYSZYŃSKIEGO W ŻALNIE,2026,Żalno,ul. Szkolna 1,Żalno,Szkolna 1,ul
109531,PUBLICZNA SZKOŁA PODSTAWOWA NR 3 W NISKU,2026,Nisko,ul. Piaskowa 15,Nisko,Piaskowa 15,ul
109533,PUBLICZNA SZKOŁA PODSTAWOWA NR 5 W NISKU IM.PODOFICERSKIEJ SZKOŁY PIECHOTY DLA MAŁOLETNICH,2026,Nisko,ul. Tysiąclecia 12A,Nisko,Tysiąclecia 12A,ul
109552,SZKOŁA PODSTAWOWA NR 20,2026,Legnica,ul. Kazimierza Wierzyńskiego 1,Legnica,Wierzyńskiego 1,ul kazimierza
109555,SZKOŁA PODSTAWOWA MAGNUSZEW,2026,Magnuszew,ul. Bohaterów Września 10,Magnuszew,Bohaterów Września 10,ul
109593,ZESPÓŁ SZKÓŁ W BABICACH - SZKOŁA PODSTAWOWA IM. TADEUSZA KOŚCIUSZKI W BABICACH,2026,Babice,ul. Zamkowa 3,Babice,Zamkowa 3,ul
109637,SZKOŁA PODSTAWOWA IMIENIA OLIMPIJCZYKÓW POLSKICH W NOWINACH WIELKICH,2026,Nowiny Wielkie,ul. Wiejska 26,Nowiny Wielkie,Wiejska 26,ul
109641,SZKOŁA PODSTAWOWA NR 1 IM.KAROLA MIARKI,2026,Rydułtowy,ul. św. Maksymiliana Kolbe 5,Rydułtowy,Kolbe 5,ul św maksymiliana
109765,SPECJALNA SZKOŁA PODSTAWOWA NR 11,2026,Malbork,ul. Jagiellońska 94,Malbork,Jagiellońska 94,ul
109766,SZKOŁA PODSTAWOWA IM. KS. JANA TWARDOWSKIEGO W OSINACH,2026,Osiny,ul. Szkolna 64,Osiny,Szkolna 64,ul
109773,SZKOŁA PODSTAWOWA IM. ADAMA MICKIEWICZA W ŻYRZYNIE,2026,Żyrzyn,ul. Tysiąclecia 143,Żyrzyn,Tysiąclecia 143,ul
109777,SZKOŁA PODSTAWOWA IM.MARCINA KACPRZAKA,2026,Stary Cykarzew,ul. Szkolna 12,Stary Cykarzew,Szkolna 12,ul
109782,SZKOŁA PODSTAWOWA IM.EDWARDA RESZKE W BOROWNIE,2026,Borowno-Kolonia,ul. Klonowa 6/8,Borowno-Kolonia,Klonowa 6/8,ul
109812,SZKOŁA PODSTAWOWA W ZARZECZU DUŻYM,2026,Radgoszcz,ul. Adama Mickiewicza 39,Radgoszcz,Mickiewicza 39,ul adama
109830,SZKOŁA PODSTAWOWA IM. JANA DŁUGOSZA,2026,Popów,ul. Jana Długosza 7,Popów,Długosza 7,ul jana
109865,SZKOŁA PODSTAWOWA IM. KS. JANA TWARDOWSKIEGO,2026,Jankowice,ul. Stanisława Staszica 5,Jankowice,Staszica 5,ul stanisława
109915,SZKOŁA PODSTAWOWA W LASOCICACH,2026,Lasocice,ul. Szkolna 13,Lasocice,Szkolna 13,ul
109927,SZKOŁA PODSTAWOWA IM. HENRYKA SIENKIEWICZA W STANISŁAWOWIE,2026,Stanisławów,ul. Szkolna 4,Stanisławów,Szkolna 4,ul
109928,SZKOŁA PODSTAWOWA IM. K.K. BACZYŃSKIEGO W ŁADZYNIU,2026,Ładzyń,ul. Szkolna 4,Ładzyń,Szkolna 4,ul
109938,SZKOŁA PODSTAWOWA IM. WEDLÓW- TUCZYŃSKICH W TUCZNIE,2026,Tuczno,ul. Szkolna 41,Tuczno,Szkolna 41,ul
109953,SZKOŁA PODSTAWOWA W BĄDKOWIE,2026,Bądkowo,ul. Włocławska 13,Bądkowo,Włocławska 13,ul
109971,SZKOŁA PODSTAWOWA IM.MIKOŁAJA KOPERNIKA W NIECHANOWIE,2026,Niechanowo,ul. Różana 33,Niechanowo,Różana 33,ul
110002,SZKOŁA PODSTAWOWA NR 18 IM. HENRYKA SŁAWIKA,2026,Jastrzębie-Zdrój,os. 1000-lecia 9,Jastrzębie-Zdrój,1000-lecia 9,os
110019,SZKOŁA PODSTAWOWA,2026,Hel,ul. Szkolna 1,Hel,Szkolna 1,ul
110060,SZKOŁA PODSTAWOWA IM. ADAMA MICKIEWICZA W KIEŁCZYGŁOWIE,2026,Kiełczygłów,ul. Tysiąclecia 8,Kiełczygłów,Tysiąclecia 8,ul
110068,SZKOŁA PODSTAWOWA IM.STEFANA OKRZEI W MYKANOWIE,2026,Mykanów,ul. Słoneczna 114,Mykanów,Słoneczna 114,ul
110104,BRYTYJSKA SZKOŁA PODSTAWOWA THE BRITISH SCHOOL NR 91 W WARSZAWIE,2026,Warszawa,ul. Bolesława Limanowskiego 15,Warszawa,Limanowskiego 15,ul bolesława
110113,SZKOŁA PODSTAWOWA NR 3 W ZŁOTOWIE,2026,Złotów,ul. Królowej Jadwigi 54,Złotów,Jadwigi 54,ul królowej
110158,SZKOŁA PODSTAWOWA NR 1 IM.WŁ.SZAFERA W BRZOZOWIE,2026,Brzozów,ul. Parkowa 5,Brzozów,Parkowa 5,ul
110188,SZKOŁA PODSTAWOWA Z ODDZIAŁAMI INTEGRACYJNYMI IM. JANA PAWŁA II W PANIÓWKACH,2026,Paniówki,ul. Zwycięstwa 44,Paniówki,Zwycięstwa 44,ul
110198,SZKOŁA PODSTAWOWA IM KAROLA MIARKI W PRZYSZOWICACH,2026,Przyszowice,ul. Szkolna 4,Przyszowice,Szkolna 4,ul
110199,SZKOŁA PODSTAWOWA IM. KAROLA KURPIŃSKIEGO WE WŁOSZAKOWICACH,2026,Włoszakowice,ul. Karola Kurpińskiego 30,Włoszakowice,Kurpińskiego 30,ul karola
110213,SZKOŁA PODSTAWOWA IM. GUSTAWA MORCINKA W GIERAŁTOWICACH,2026,Gierałtowice,ul. Powstańców Śląskich 41,Gierałtowice,Powstańców Śląskich 41,ul
110219,SZKOŁA PODSTAWOWA IM. KS. W. LEWANDOWSKIEGO,2026,Seroczyn,ul. Siedlecka 11,Seroczyn,Siedlecka 11,ul
110227,SZKOŁA PODSTAWOWA IM. ARMII KRAJOWEJ W PUSTELNIKU,2026,Pustelnik,ul. Szkolna 16,Pustelnik,Szkolna 16,ul
110248,"SZKOŁA PODSTAWOWA Z ODDZIAŁAMI INTEGRACYJNYMI NR 112 IM. MARII KOWNACKIEJ W WARSZAWIE, UL. ZAUŁEK 34 SZKOLE JEST PODPORZĄDKOWANA ORGANIZACYJNIE SZKOŁA FILIALNA W WARSZAWIE, UL. OSTRÓDZKA 144",2026,Warszawa,ul. Zaułek 34,Warszawa,Zaułek 34,ul
110249,SZKOŁA PODSTAWOWA NR 118 IM.PRZYJACIÓŁ MAZOWSZA,2026,Warszawa,ul. Myśliborska 25,Warszawa,Myśliborska 25,ul
110250,SZKOŁA PODSTAWOWA Z ODDZIAŁAMI INTEGRACYJNYMI NR 154 IM. EDMUNDA STRZELECKIEGO,2026,Warszawa,ul. Leśnej Polanki 63/65,Warszawa,Leśnej Polanki 63/65,ul
110251,SZKOŁA PODSTAWOWA NR 231 IM. GEN. MARIUSZA ZARUSKIEGO,2026,Warszawa,ul. Juranda ze Spychowa 10,Warszawa,Juranda ze Spychowa 10,ul
110254,SZKOŁA PODSTAWOWA Z ODDZIAŁAMI INTEGRACYJNYMI NR 342 IM.JANA MARCINA SZANCERA,2026,Warszawa,ul. Strumykowa 21A,Warszawa,Strumykowa 21A,ul
110270,SZKOŁA PODSTAWOWA IM. MARII KONOPNICKIEJ,2026,Brzóze,ul. Szkolna 20,Brzóze,Szkolna 20,ul
110271,SZKOŁA PODSTAWOWA IM. KS. A.TYSZKI W JANOWIE,2026,Janów,ul. Strażacka 18,Janów,Strażacka 18,ul
110272,SZKOŁA PODSTAWOWA IM.GEN. JÓZEFA HALLERA W MARIANCE,2026,Marianka,ul. Wspólna 70,Marianka,Wspólna 70,ul
110358,SPOŁECZNA SZKOŁA PODSTAWOWA NR 11 W BIAŁYMSTOKU,2026,Białystok,ul. Fabryczna 10,Białystok,Fabryczna 10,ul
110400,SZKOŁA PODSTAWOWA IM. MARII KONOPNICKIEJ W KRZYCKU WIELKIM,2026,Krzycko Wielkie,ul. Szkolna 6,Krzycko Wielkie,Szkolna 6,ul
110401,SZKOŁA PODSTAWOWA NR 9 IM. KMDRA PPOR. J. GRUDZIŃSKIEGO,2026,Szczecin,ul. Księżnej Dąbrówki 10,Szczecin,Dąbrówki 10,ul księżnej
110406,SZKOŁA PODSTAWOWA IM. STANISŁAWA LUBOMIRSKIEGO W NOWYM WIŚNICZU,2026,Nowy Wiśnicz,ul. Szkolna 1,Nowy Wiśnicz,Szkolna 1,ul
110408,SZKOŁA PODSTAWOWA IM. KS. TEODORA KURPISZA W BUKÓWCU GÓRNYM,2026,Bukówiec Górny,ul. Powstańców Wielkopolskich 114,Bukówiec Górny,Powstańców Wielkopolskich 114,ul
110410,SZKOLA PODSTAWOWA IM. TADEUSZA KOŚCIUSZKI W JEZIERZYCACH KOŚCIELNYCH,2026,Jezierzyce Kościelne,ul. Szkolna 25,Jezierzyce Kościelne,Szkolna 25,ul
110431,SZKOŁA PODSTAWOWA SPECJALNA NR 59 W MŁODZIEŻOWYM OŚRODKU WYCHOWAWCZYM W KRAKOWIE,2026,Kraków,ul. Górka Narodowa 116,Kraków,Górka Narodowa 116,ul
110447,SZKOŁA PODSTAWOWA W LAMKACH,2026,Lamki,ul. Szkolna 47,Lamki,Szkolna 47,ul
110462,SZKOŁA PODSTAWOWA W TOPOLI MAŁEJ,2026,Topola Mała,ul. Szkolna 115,Topola Mała,Szkolna 115,ul
110489,"NIEPUBLICZNA SZKOŁA PODSTAWOWA ""SAPERE AUDE""",2026,Rajszew,ul. Modlińska 75,Rajszew,Modlińska 75,ul
110518,SZKOŁA PODSTAWOWA IM. STANISŁAWA POLAKOWSKIEGO W STRZYŻOWICACH,2026,Strzyżowice,ul. 1 Maja 17,Strzyżowice,Maja 17,ul 1
110530,SZKOŁA PODSTAWOWA IM. ALFREDA SZKLARSKIEGO W SARNOWIE,2026,Sarnów,ul. Szkolna 5,Sarnów,Szkolna 5,ul
110535,SZKOŁA PODSTAWOWA W DŁUŻYNIE,2026,Dłużyna,ul. Szkolna 1,Dłużyna,Szkolna 1,ul
110548,SZKOŁA PODSTAWOWA W MIŁKOWICACH,2026,Miłkowice,ul. Wojska Polskiego 75,Miłkowice,Wojska Polskiego 75,ul
110560,SZKOŁA PODSTAWOWA W JARCZOWIE,2026,Jarczów,ul. Szkolna 3,Jarczów,Szkolna 3,ul
111000,SZKOŁA PODSTAWOWA IM. JANUSZA KORCZAKA W OTMICACH,2026,Otmice,ul. Klonowa 28,Otmice,Klonowa 28,ul
111001,SZKOŁA PODSTAWOWA IM. JOSEPHA VON EICHENDORFFA W KROŚNICY,2026,Krośnica,ul. Szkolna 18,Krośnica,Szkolna 18,ul
111025,SZKOŁA PODSTAWOWA IM. ŚW. JADWIGI KRÓLOWEJ POLSKI W LISIEJ GÓRZE,2026,Lisia Góra,ul. Szkolna 2,Lisia Góra,Szkolna 2,ul
111054,PUBLICZNA SZKOŁA PODSTAWOWA IM.STANISŁAWA STASZICA W WĄSEWIE,2026,Wąsewo,ul. Szkolna 1,Wąsewo,Szkolna 1,ul
111073,SZKOŁA PODSTAWOWA IM. MICHALINY CZECHOWSKIEJ W RADZANOWIE,2026,Radzanów,ul. Raciążska 53A,Radzanów,Raciążska 53A,ul
111078,SZKOŁA PODSTAWOWA IM. ORŁA BIAŁEGO W LUTOMIERSKU,2026,Lutomiersk,ul. marszałka J. Piłsudskiego 1,Lutomiersk,Piłsudskiego 1,ul marszałka j
111101,"SZKOŁA PODSTAWOWA IM. VII OBWODU AK ""OBROŻA"" W BRZEZINACH",2026,Brzeziny,ul. Aleksandra Świętochowskiego 1,Brzeziny,Świętochowskiego 1,ul aleksandra
111105,SZKOŁA PODSTAWOWA IM. KORNELA MAKUSZYŃSKIEGO W HALINOWIE,2026,Halinów,ul. Okuniewska 115,Halinów,Okuniewska 115,ul
111180,SZKOŁA PODSTAWOWA IM.MARSZAŁKA JÓZEFA PIŁSUDSKIEGO W ZAMIENIU,2026,Zamienie,ul. Kołbielska 34,Zamienie,Kołbielska 34,ul
111186,SZKOŁA PODSTAWOWA IM. KAR. STEFANA WYSZYŃSKIEGO W STOJADŁACH,2026,Stojadła,ul. Południowa 20,Stojadła,Południowa 20,ul
111187,SZKOŁA PODSTAWOWA NR 97 IM. JANA BRZECHWY,2026,Wrocław,ul. Prosta 16,Wrocław,Prosta 16,ul
111193,SZKOŁA PODSTAWOWA W ZAWONI,2026,Zawonia,ul. Szkolna 26,Zawonia,Szkolna 26,ul
111275,SZKOŁA PODSTAWOWA SPECJALNA NR 2 W KUŹNI RACIBORSKIEJ,2026,Kuźnia Raciborska,ul. Klasztorna 1,Kuźnia Raciborska,Klasztorna 1,ul
111282,SZKOŁA PODSTAWOWA IM. ROMUALDA TRAUGUTTA W WĄSOSZU GÓRNYM,2026,Wąsosz Górny,ul. Witosa 11,Wąsosz Górny,Witosa 11,ul
111317,SZKOŁA PODSTAWOWA IM. WŁ.ST. REYMONTA,2026,Rębielice Królewskie,ul. Szkolna 1,Rębielice Królewskie,Szkolna 1,ul
111350,SZKOŁA PODSTAWOWA W SMOŁDZINIE,2026,Smołdzino,ul. Bohaterów Warszawy 48,Smołdzino,Bohaterów Warszawy 48,ul
111401,SZKOŁA PODSTAWOWA SPECJALNA NR 2 W JAWORZU,2026,Jaworze,ul. Pałacowa 1,Jaworze,Pałacowa 1,ul
111473,SZKOŁA PODSTAWOWA IM.TADEUSZA KOŚCIUSZKI W MSTOWIE,2026,Mstów,ul. Partyzantów 2,Mstów,Partyzantów 2,ul
111488,SZKOŁA PODSTAWOWA W JASKROWIE,2026,Jaskrów,ul. Starowiejska 2,Jaskrów,Starowiejska 2,ul
111494,SZKOŁA PODSTAWOWA W WIŚLICY,2026,Wiślica,ul. Podwale 1,Wiślica,Podwale 1,ul
111592,PUBLICZNA SZKOŁA PODSTAWOWA NR 6 IM. JANA PAWŁA II,2026,Starogard Gdański,ul. bp. K. Dominika 32,Starogard Gdański,Dominika 32,ul bp k
111687,SZKOŁA PODSTAWOWA SPECJALNA W MŁODZIEŻOWYM OŚRODKU WYCHOWAWCZYM IM. JANUSZA KORCZAKA,2026,Babimost,ul. Sportowa 1,Babimost,Sportowa 1,ul
111705,SZKOŁA PODSTAWOWA NR 2 IM. PAPIEŻA JANA PAWŁA II W KAMIEŃCU ZĄBKOWICKIM,2026,Kamieniec Ząbkowicki,ul. Szkolna 10,Kamieniec Ząbkowicki,Szkolna 10,ul
111762,SZKOŁA PODSTAWOWA IM. TADEUSZA KOŚCIUSZKI W ŚLESINIE,2026,Ślesin,ul. Żwirki i Wigury 55,Ślesin,Żwirki i Wigury 55,ul
111804,SZKOŁA PODSTAWOWA W KRZĘCINIE,2026,Krzęcin,ul. Pogodna 4,Krzęcin,Pogodna 4,ul
111833,SZKOŁA PODSTAWOWA IM. STEFANII SEMPOŁOWSKIEJ W WIĘCKACH,2026,Więcki,ul. Szkolna 1,Więcki,Szkolna 1,ul
111851,SZKOŁA PODSTAWOWA IM.ŚW.JANA PAWŁA II W ZAWADACH,2026,Zawady,ul. Kościuszki 2,Zawady,Kościuszki 2,ul
111943,ZESPÓŁ PLACÓWEK OŚWIATOWYCH W SYPNIEWIE SZKOŁA PODSTAWOWA IM. WŁ.BRONIEWSKIEGO W SYPNIEWIE,2026,Sypniewo,ul. Władysława Broniewskiego 2A,Sypniewo,Broniewskiego 2A,ul władysława
111945,SZKOŁA PODSTAWOWA IM. WŁADYSŁAWA STANISŁAWA REYMONTA W GĄSEWIE PODUCHOWNYM,2026,Gąsewo Poduchowne,ul. Władysława Reymonta 12,Gąsewo Poduchowne,Reymonta 12,ul władysława
111947,SZKOŁA PODSTAWOWA NR 8 IM. 3 WARSZAWSKIEGO PUŁKU PONTONOWEGO,2026,Włocławek,ul. Willowa 8,Włocławek,Willowa 8,ul
111978,PRYWATNA SZKOŁA PODSTAWOWA IM. JEANA MONNETA,2026,Warszawa,ul. Stępińska 13,Warszawa,Stępińska 13,ul
112011,SZKOŁA PODSTAWOWA IM.JANA BRZECHWY W OKUNIEWIE,2026,Okuniew,ul. Szkolna 4,Okuniew,Szkolna 4,ul
112022,SZKOŁA PODSTAWOWA IM. JANUSZA KORCZAKA,2026,Krynica Morska,ul. Gdańska 55A,Krynica Morska,Gdańska 55A,ul
112043,SZKOŁA PODSTAWOWA NR 17,2026,Włocławek,ul. Leśna 24,Włocławek,Leśna 24,ul
112106,SZKOŁA PODSTAWOWA W SAMBOROWIE,2026,Samborowo,ul. Szkolna 8,Samborowo,Szkolna 8,ul
112135,SZKOŁA PODSTAWOWA W CZEREMSZE,2026,Czeremcha,ul. Szkolna 2,Czeremcha,Szkolna 2,ul
112160,ZESPÓŁ SZKOŁY PODSTAWOWEJ I PRZEDSZKOLA SAMORZĄDOWEGO - SZKOŁA PODSTAWOWA IM. KS. J. TWARDOWSKIEGO,2026,Chodel,ul. Szkolna 19,Chodel,Szkolna 19,ul
112312,SZKOŁA PODSTAWOWA SPECJALNA NR 34 W MŁODZIEŻOWYM OŚRODKU SOCJOTERAPII IM. TADEUSZA KOŚCIUSZKI W BIELSKU-BIAŁEJ,2026,Bielsko-Biała,ul. Starobielska 9,Bielsko-Biała,Starobielska 9,ul
113556,SZKOŁA PODSTAWOWA IM. ŚW. FLORIANA W KAMIENIU PODLESIU,2026,Kamień,ul. Podlesie 151,Kamień,Podlesie 151,ul
113573,ZESPÓŁ SZKÓŁ PUBLICZNYCH SZKOŁA PODSTAWOWA IM. STANISŁAWA WYSPIAŃSKIEGO W RYMANOWIE,2026,Rymanów,ul. Szkolna 2,Rymanów,Szkolna 2,ul
113608,SZKOŁA PODSTAWOWA IM. BŁOGOSŁAWIONEGO KSIĘDZA JERZEGO POPIEŁUSZKI W KAMIENIU KRZYWEJ WSI,2026,Kamień,ul. Krzywa Wieś 127,Kamień,Krzywa Wieś 127,ul
113617,SZKOŁA PODSTAWOWA IM. HANSA CHRISTIANA ANDERSENA W KARSKU,2026,Karsko,ul. Gorzowska 9,Karsko,Gorzowska 9,ul
113703,SZKOŁA PODSTAWOWA W KOŁBACZU,2026,Kołbacz,ul. Cystersów 9,Kołbacz,Cystersów 9,ul
113761,SAMORZĄDOWA SZKOŁA PODSTAWOWA W PAŁECZNICY,2026,Pałecznica,ul. św. Jakuba 43,Pałecznica,Jakuba 43,ul św
113769,SZKOŁA PODSTAWOWA IM. UNII EUROPEJSKIEJ W PRZYWIDZU,2026,Przywidz,ul. Szkolna 1,Przywidz,Szkolna 1,ul
113772,SPOŁECZNA SZKOŁA PODSTAWOWA SPOŁECZNEGO TOWARZYSTWA OŚWIATOWEGO,2026,Bytom,ul. Skrajna 14a,Bytom,Skrajna 14a,ul
113848,PUBLICZNA SZKOŁA PODSTAWOWA IM. JANA PAWŁA II W SOBIENIACH-JEZIORACH,2026,Sobienie-Jeziory,ul. Garwolińska 14,Sobienie-Jeziory,Garwolińska 14,ul
113887,SZKOŁA PODSTAWOWA IM. WŁADYSŁAWA SYROKOMLI,2026,Michałowo,ul. Sienkiewicza 21,Michałowo,Sienkiewicza 21,ul
113890,SZKOŁA PODSTAWOWA IM. POWSTAŃCÓW WIELKOPOLSKICH W OBRZYCKU,2026,Obrzycko,ul. Plac Lipowy 12,Obrzycko,Plac Lipowy 12,ul
113899,SZKOŁA PODSTAWOWA W KUŹNICY,2026,Kuźnica,ul. Jagiellońska 1,Kuźnica,Jagiellońska 1,ul
113958,SPOŁECZNA SZKOŁA PODSTAWOWA NR 2 W RZESZOWIE,2026,Rzeszów,ul. Stanisława Wyspiańskiego 16a,Rzeszów,Wyspiańskiego 16a,ul stanisława
113999,SZKOŁA PODSTAWOWA W NOWEJ WSI PRZYWIDZKIEJ,2026,Nowa Wieś Przywidzka,ul. Szkolna 4,Nowa Wieś Przywidzka,Szkolna 4,ul
114017,"ZESPÓŁ PLACÓWEK OŚWIATOWYCH IM.ŻOŁNIERZY MJR ,,ZENONA"" SZKOŁA PODSTAWOWA IM.STANISŁAWA STASZICA W LEŚNEJ PODLASKIEJ",2026,Leśna Podlaska,ul. Bialska 25,Leśna Podlaska,Bialska 25,ul
114045,"NIEPUBLICZNA SZKOŁA ""ABSOLWENT""",2026,Olsztyn,ul. Jasna 2,Olsztyn,Jasna 2,ul
114172,SZKOŁA PODSTAWOWA NR 8 IM. KRYSTYNY BOCHENEK W SKOCZOWIE,2026,Skoczów,ul. Gustawa Morcinka 20,Skoczów,Morcinka 20,ul gustawa
114211,SZKOŁA PODSTAWOWA IM. JANA PAWŁA II W WOŁOWICACH,2026,Wołowice,ul. Podedwór 37,Wołowice,Podedwór 37,ul
114213,SZKOŁA PODSTAWOWA IM. TADEUSZA KOŚCIUSZKI W SOSNOWICY,2026,Sosnowica,ul. Wojska Polskiego 27,Sosnowica,Wojska Polskiego 27,ul
114224,PUBLICZNA SZKOŁA PODSTAWOWA W GAMOWIE,2026,Gamów,ul. Długa 47,Gamów,Długa 47,ul
114226,SZKOŁA PODSTAWOWA W SZONOWICACH,2026,Szonowice,ul. Konopnickiej 2,Szonowice,Konopnickiej 2,ul
114313,SZKOŁA PODSTAWOWA IM. KRÓLOWEJ JADWIGI,2026,Rybna,ul. Szkolna 4,Rybna,Szkolna 4,ul
114321,PUBLICZNA SZKOŁA PODSTAWOWA NR 1 IM.MIKOŁAJA KOPERNIKA,2026,Radziejów,ul. Szkolna 28,Radziejów,Szkolna 28,ul
114469,SZKOŁA PODSTAWOWA IM. ŚW. JANA PAWŁA II W PRZEWORNIE,2026,Przeworno,ul. Kolejowa 4D,Przeworno,Kolejowa 4D,ul
114561,SZKOŁA PODSTAWOWA IM.MACIEJA RATAJA W KARCZMISKACH,2026,Karczmiska Pierwsze,ul. Szkolna 1,Karczmiska Pierwsze,Szkolna 1,ul
114695,SZKOŁA PODSTAWOWA,2026,Bardo,ul. Polna 1,Bardo,Polna 1,ul
114790,SZKOŁA PODSTAWOWA IM.MARII KONOPNICKIEJ W GODZIESZACH WIELKICH,2026,Godziesze Wielkie,ul. Ks. Augustyna Kordeckiego 8,Godziesze Wielkie,Kordeckiego 8,ul ks augustyna
114797,PUBLICZNA SZKOŁA PODSTAWOWA W BABOROWIE,2026,Baborów,ul. Wiejska 5A,Baborów,Wiejska 5A,ul
114850,ZESPÓŁ SZKOLNO-PRZEDSZKOLNY SZKOŁA PODSTAWOWA W ABRAMOWIE,2026,Abramów,ul. Szkolna 31,Abramów,Szkolna 31,ul
115008,SZKOŁA PODSTAWOWA IM. KS.STANISŁAWA SŁOTWIŃSKIEGO W KAMIENIU,2026,Kamień,ul. Piaski 2A,Kamień,Piaski 2A,ul
115010,SZKOŁA PODSTAWOWA IM. TADEUSZA KOŚCIUSZKI W CZERNICHOWIE,2026,Czernichów,ul. Kościelna 8,Czernichów,Kościelna 8,ul
115038,SZKOŁA PODSTAWOWA W WOŁKOWYI,2026,Wołkowyja,ul. Szkolna 7,Wołkowyja,Szkolna 7,ul
115049,SZKOŁA PODSTAWOWA W RUDNIKU,2026,Rudnik,ul. Słoneczna 1,Rudnik,Słoneczna 1,ul
115074,SZKOŁA PODSTAWOWA IM. JANA PAWŁA II W BORKACH,2026,Borki,ul. Wojska Polskiego 25,Borki,Wojska Polskiego 25,ul
115081,SZKOŁA PODSTAWOWA NR 2 IM. PIASTÓW ŚLĄSKICH W ŁAZISKACH GÓRNYCH,2026,Łaziska Górne,ul. Cieszyńska 12,Łaziska Górne,Cieszyńska 12,ul
115091,SZKOŁA PODSTAWOWA W RUSINOWICACH,2026,Rusinowice,ul. Lompy 18,Rusinowice,Lompy 18,ul
115109,SZKOŁA PODSTAWOWA IM. PŁK. PIL. Z. KRASNODĘBSKIEGO W WOLI OSOWIŃSKIEJ,2026,Wola Osowińska,ul. Parkowa 7,Wola Osowińska,Parkowa 7,ul
115138,PUBLICZNA SZKOŁA PODSTAWOWA IM. KSIĘDZA JANA DŁUGOSZA WE WŁOCŁAWKU,2026,Włocławek,ul. Łęgska 26,Włocławek,Łęgska 26,ul
115142,"NIEPUBLICZNA NIEPŁATNA SZKOŁA PODSTAWOWA STOWARZYSZENIA ""SIÓDEMKA"" W TARNOWIE",2026,Tarnów,ul. Józefa Poniatowskiego 5,Tarnów,Poniatowskiego 5,ul józefa
115212,PRYWATNA SZKOLA PODSTAWOWA MIESZKO W POZNANIU,2026,Poznań,ul. Świerzawska 18,Poznań,Świerzawska 18,ul
115244,"SPOŁECZNA SZKOŁA PODSTAWOWA ""101"" W OLSZTYNIE",2026,Olsztyn,ul. Edwarda Mroza 25,Olsztyn,Mroza 25,ul edwarda
115351,NIEPUBLICZNA SZKOŁA PODSTAWOWA W BRODOWIE,2026,Brodowo,ul. Szkolna 1,Brodowo,Szkolna 1,ul
115363,NIEPUBLICZNA SZKOŁA PODSTAWOWA,2026,Biskupiec,ul. Ludowa 5,Biskupiec,Ludowa 5,ul
115377,PUBLICZNA SZKOŁA PODSTAWOWA IM. TWÓRCÓW LUDOWYCH W KUCZKOWIE,2026,Kuczków,ul. Parkowa 11,Kuczków,Parkowa 11,ul
115381,SZKOŁA PODSTAWOWA IM. TADEUSZA KOŚCIUSZKI W GÓRKACH WIELKICH,2026,Górki Wielkie,ul. Szkolna 1,Górki Wielkie,Szkolna 1,ul
115423,SZKOŁA PODSTAWOWA W TARNAWATCE,2026,Tarnawatka,ul. Lubelska 62,Tarnawatka,Lubelska 62,ul
115430,SZKOŁA PODSTAWOWA Z ODDZIAŁAMI PRZEDSZKOLNYMI STOWARZYSZENIA PRZYJACIÓŁ SZKÓŁ KATOLICKICH IM. ŚW. JANA PAWŁA II Z SIEDZIBĄ W GRABINIE,2026,Grabin,ul. Nyska 90,Grabin,Nyska 90,ul
115466,SZKOŁA PODSTAWOWA NR 2 IM. PAPIEŻA JANA PAWŁA II,2026,Ostrów Mazowiecka,ul. gen. Stefana Grota-Roweckiego 6,Ostrów Mazowiecka,Grota-Roweckiego 6,ul gen stefana
115608,SZKOŁA PODSTAWOWA IM.HENRYKA SIENKIEWICZA W CEDRACH WIELKICH,2026,Cedry Wielkie,ul. Osadników Wojskowych 21,Cedry Wielkie,Osadników Wojskowych 21,ul
115644,NIEPUBLICZNA SZKOŁA PODSTAWOWA PRO NOVO W BOGACZOWIE,2026,Bogaczów,ul. Szkolna 4,Bogaczów,Szkolna 4,ul
115668,PUBLICZNA SZKOŁA PODSTAWOWA W OSIEKU,2026,Osiek,ul. Partyzantów Kociewskich 51,Osiek,Partyzantów Kociewskich 51,ul
118381,"NIEPUBLICZNA SZKOŁA PODSTAWOWA ""PRAXIS""",2026,Łąki,ul. Weteranów 207,Łąki,Weteranów 207,ul
118389,SZKOŁA PODSTAWOWA IM. KAPITANA PILOTA WŁADYSŁAWA GNYSIA W ŻURADZIE,2026,Żurada,ul. Słoneczna 1,Żurada,Słoneczna 1,ul
118474,SZKOŁA PODSTAWOWA IM. KS. LEONA BEMKE W KLECZY DOLNEJ,2026,Klecza Dolna,ul. Krakowska 4,Klecza Dolna,Krakowska 4,ul
118638,POLSKO-AMERYKAŃSKA PRYWATNA SZKOŁA PODSTAWOWA,2026,Szczecin,ul. ks. Piotra Wawrzyniaka 6E,Szczecin,Wawrzyniaka 6E,ul ks piotra
118688,SZKOŁA PODSTAWOWA IM. ŻOŁNIERZY POLSKICH W ZARĘBIE,2026,Zaręba,ul. Szkolna 2,Zaręba,Szkolna 2,ul
118823,NIEPUBLICZNA SZKOŁA PODSTAWOWA IM. ALBERTA EINSTEINA W LUBLINIE,2026,Lublin,ul. Tadeusza Jacyny-Onyszkiewicza 17,Lublin,Jacyny-Onyszkiewicza 17,ul tadeusza
118848,PUBLICZNA SZKOŁA PODSTAWOWA W HUCISKU,2026,Hucisko,ul. Osiedle 3,Hucisko,Osiedle 3,ul
118870,PUBLICZNA KATOLICKA SZKOŁA PODSTAWOWA Z ODDZIAŁAMI PRZEDSZKOLNYMI,2026,Malbork,ul. Władysława Stanisława Reymonta 24,Malbork,Reymonta 24,ul władysława stanisława
118954,PUBLICZNA SZKOŁA PODSTAWOWA STOWARZYSZENIA PRZYJACIÓŁ SZKÓŁ KATOLICKICH IM. ŚW. FRANCISZKA Z ASYŻU,2026,Elbląg,ul. Saperów 14c,Elbląg,Saperów 14c,ul
118980,KATOLICKA SZKOŁA PODSTAWOWA IM. ŚW. WOJCIECHA W ZŁOTOWIE,2026,Złotów,ul. Moniuszki 18,Złotów,Moniuszki 18,ul
119011,PRYWATNA SZKOŁA PODSTAWOWA IM. RODZINY MORACZEWSKICH,2026,Sulejówek,ul. Aleja Piłsudskiego 81,Sulejówek,Aleja Piłsudskiego 81,ul
119209,SZKOŁA PODSTAWOWA IM. JANA PAWŁA II W ŁYSINACH,2026,Łysiny,ul. Szkolna 14,Łysiny,Szkolna 14,ul
119267,PIERWSZA SZKOŁA PODSTAWOWA MONTESSORI W SZCZECINIE,2026,Szczecin,ul. Władysława Broniewskiego 19,Szczecin,Broniewskiego 19,ul władysława
119364,"PUBLICZNA SZKOŁA PODSTAWOWA ""MILESZKI"" W ŁODZI",2026,Łódź,ul. Pomorska 437,Łódź,Pomorska 437,ul
119365,"SZKOŁA PODSTAWOWA FUNDACJI ""SŁONECZNA KRAINA""",2026,Łódź,ul. Pomorska 83/85,Łódź,Pomorska 83/85,ul
119480,NIEPUBLICZNA SZKOŁA PODSTAWOWA Z ODDZIAŁAMI INTEGRACYJNYMI W RADOMIERZU,2026,Radomierz,ul. Słoneczna 8,Radomierz,Słoneczna 8,ul
119486,NIEPUBLICZNA SZKOŁA PODSTAWOWA AKADEMIA MONTESSORI W PRUSZCZU GDAŃSKIM,2026,Pruszcz Gdański,ul. Mikołaja Kopernika 65,Pruszcz Gdański,Kopernika 65,ul mikołaja
119517,NIEPUBLICZNA SZKOŁA PODSTAWOWA ENTE,2026,Wrocław,ul. Jana Długosza 38,Wrocław,Długosza 38,ul jana
119634,KATOLICKA SZKOŁA PODSTAWOWA W ZIELONEJ GÓRZE,2026,Zielona Góra,ul. Świętych Cyryla i Metodego 9,Zielona Góra,Cyryla i Metodego 9,ul świętych
119693,NIEPUBLICZNA SZKOŁA PODSTAWOWA Z ODDZIAŁAMI MISTRZOSTWA SPORTOWEGO IM. POLSKIEJ MARYNARKI HANDLOWEJ W TARNOWIE,2026,Tarnów,ul. Księdza Jana Skorupki 9,Tarnów,Skorupki 9,ul księdza jana
119791,PRYWATNA SZKOŁA PODSTAWOWA NR 62 IM. JOANNY KOLASIŃSKIEJ,2026,Warszawa,ul. Skrajna 10,Warszawa,Skrajna 10,ul
119876,NIEPUBLICZNA SZKOŁA PODSTAWOWA PROMYK SZKOŁA JAK DOM Z ODDZIAŁAMI DWUJĘZYCZNYMI IM. IGNACEGO JANA PADEREWSKIEGO W SZCZECINIE,2026,Szczecin,ul. Cynowa 9,Szczecin,Cynowa 9,ul
120031,SPOŁECZNA SZKOŁA PODSTAWOWA NASZA DOBRA SZKOŁA,2026,Katowice,ul. Agnieszki 2,Katowice,Agnieszki 2,ul
120244,"DWUJĘZYCZNA SZKOŁA PODSTAWOWA ""PRIMARY STEPS""",2026,Bielsko-Biała,ul. Lotnicza 15,Bielsko-Biała,Lotnicza 15,ul
120478,SZKOŁA PODSTAWOWA IM. MARII KONOPNICKIEJ W MIŁORADZU,2026,Miłoradz,ul. Szkolna 1,Miłoradz,Szkolna 1,ul
120706,NIEPUBLICZNA SZKOŁA PODSTAWOWA W INOWROCŁAWIU,2026,Inowrocław,ul. Szklarska 7,Inowrocław,Szklarska 7,ul
120723,"I JĘZYKOWA SZKOŁA PODSTAWOWA ""LANGUAGE"" W WYSZKOWIE",2026,Wyszków,ul. Komisji Edukacji Narodowej 2,Wyszków,Komisji Edukacji Narodowej 2,ul
120747,SZKOŁA PODSTAWOWA INTEGRACYJNA NR 103 Z ODDZIAŁAMI SPECJALNYMI,2026,Wrocław,ul. Nowodworska 70-82,Wrocław,Nowodworska 70-82,ul
120826,SZKOŁA PODSTAWOWA TOWARZYSTWA SALEZJAŃSKIEGO IM. ŚW. DOMINIKA SAVIO W KONINIE,2026,Konin,ul. Spółdzielców 30,Konin,Spółdzielców 30,ul
120907,"NIEPUBLICZNA SZKOŁA PODSTAWOWA ""EUREKA-SZKOŁA Z KLASĄ""",2026,Wałbrzych,ul. Józefa Pankiewicza 5,Wałbrzych,Pankiewicza 5,ul józefa
120926,SZKOŁA PODSTAWOWA IM. ADAMA MICKIEWICZA W SOKOŁACH,2026,Sokoły,ul. Kościelna 5,Sokoły,Kościelna 5,ul
120961,NIEPUBLICZNA SZKOŁA PODSTAWOWA W ŁĄKOCINACH,2026,Łąkociny,ul. Szkolna 14,Łąkociny,Szkolna 14,ul
121200,EDISON PRIMARY SCHOOL,2026,Warszawa,ul. Królewicza Jakuba 69,Warszawa,Jakuba 69,ul królewicza
121563,SZKOŁA PODSTAWOWA W JANOWCU IM. BOHATERÓW 2 DYWIZJI PIECHOTY I ARMII WOJSKA POLSKIEGO,2026,Janowiec,ul. Osiedle Szkolne 5b,Janowiec,Osiedle Szkolne 5b,ul
121610,NIEPUBLICZNA SZKOŁA PODSTAWOWA BRITISH INTERNATIONAL SCHOOL OF THE UNIVERSITY OF ŁÓDŹ,2026,Łódź,ul. Fabryczna 4,Łódź,Fabryczna 4,ul
121724,MIĘDZYNARODOWA SZKOŁA MONTESSORI W WARSZAWIE,2026,Warszawa,ul. Dzierzby 28,Warszawa,Dzierzby 28,ul
121748,SZKOŁA PODSTAWOWA IM. ŚW. KAZIMIERZA JAGIELLOŃCZYKA W BAŃSKIEJ NIŻNEJ,2026,Bańska Niżna,ul. Papieska 141,Bańska Niżna,Papieska 141,ul
121759,SZKOŁA PODSTAWOWA NR 2 IM. MARSZAŁKA JÓZEFA PIŁSUDSKIEGO W WIERUSZOWIE,2026,Wieruszów,ul. Teklinowska 27,Wieruszów,Teklinowska 27,ul
121789,SZKOŁA PODSTAWOWA W ZESPOLE SZKOLNO-PRZEDSZKOLNYM W MOŚCISKU,2026,Mościsko,ul. Szkolna 12,Mościsko,Szkolna 12,ul
121821,SZKOŁA PODSTAWOWA IM. 1 PUŁKU STRZELCÓW PODHALAŃSKICH W BIAŁCE TATRZAŃSKIEJ,2026,Białka Tatrzańska,ul. Środkowa 184,Białka Tatrzańska,Środkowa 184,ul
121822,SZKOŁA PODSTAWOWA IM. BOHATERÓW WARSZAWY W BUKOWINIE TATRZAŃSKIEJ,2026,Bukowina Tatrzańska,ul. Kościuszki 11,Bukowina Tatrzańska,Kościuszki 11,ul
121825,SZKOŁA PODSTAWOWA IM. ŚW. STANISŁAWA KOSTKI W LEŚNICY GRONIU,2026,Leśnica,ul. Polna 44,Leśnica,Polna 44,ul
121868,SZKOŁA PODSTAWOWA IM. MIKOŁAJA KOPERNIKA W OSTROSZOWICACH,2026,Ostroszowice,ul. Bielawska 58,Ostroszowice,Bielawska 58,ul
121872,SZKOŁA PODSTAWOWA IM. POLSKICH NAUCZYCIELI TAJNEGO NAUCZANIA W SIEDLĘCINIE,2026,Siedlęcin,ul. Kościelna 5,Siedlęcin,Kościelna 5,ul
121904,SZKOŁA PODSTAWOWA IM. POWSTAŃCÓW ŚLĄSKICH W STANICY,2026,Stanica,ul. Gliwicka 18,Stanica,Gliwicka 18,ul
121918,SZKOŁA PODSTAWOWA W PILCHOWICACH,2026,Pilchowice,ul. Szkolna 1,Pilchowice,Szkolna 1,ul
121923,SZKOŁA PODSTAWOWA W ŻERNICY,2026,Żernica,ul. Leopolda Miki 37,Żernica,Miki 37,ul leopolda
121926,SZKOŁA PODSTAWOWA IM.WŁADYSŁAWA BRONIEWSKIEGO W KRZANOWICACH,2026,Krzanowice,ul. Akacjowa 1,Krzanowice,Akacjowa 1,ul
121950,SZKOŁA PODSTAWOWA IM. KORNELA MAKUSZYŃSKIEGO W PIŁAWIE DOLNEJ,2026,Piława Dolna,ul. Główna 50,Piława Dolna,Główna 50,ul
121955,SZKOŁA PODSTAWOWA IM. KARDYNAŁA STEFANA WYSZYŃSKIEGO W SOMONINIE,2026,Somonino,ul. Osiedlowa 17,Somonino,Osiedlowa 17,ul
121960,SZKOŁA PODSTAWOWA IM. BOHATERÓW WRZEŚNIA 1939 R. W CZASTARACH,2026,Czastary,ul. Szkolna 4,Czastary,Szkolna 4,ul
121981,SZKOŁA PODSTAWOWA IM. ŚW. STANISŁAWA KOSTKI W WILCZY,2026,Wilcza,ul. Karola Miarki 27,Wilcza,Miarki 27,ul karola
122029,SZKOŁA PODSTAWOWA W JEŻOWIE SUDECKIM,2026,Jeżów Sudecki,ul. Kręta 27,Jeżów Sudecki,Kręta 27,ul
122067,ZESPÓŁ SZKOLNO-PRZEDSZKOLNY W SĘPOPOLU SZKOŁA PODSTAWOWA,2026,Sępopol,al. Wojska Polskiego 8,Sępopol,Wojska Polskiego 8,al
122073,SZKOŁA PODSTAWOWA NR 18,2026,Częstochowa,ul. św. Barbary 32,Częstochowa,Barbary 32,ul św
122140,SZKOŁA PODSTAWOWA IM. ORŁA BIAŁEGO W KASKACH,2026,Kaski,ul. Królewska 23,Kaski,Królewska 23,ul
122163,SZKOŁA PODSTAWOWA NR 10 IM.ŚW.STANISŁAWA KOSTKI,2026,Częstochowa,ul. Olsztyńska 42,Częstochowa,Olsztyńska 42,ul
122211,PUBLICZNA SZKOŁA PODSTAWOWA IM. WISŁAWY SZYMBORSKIEJ,2026,Karnice,ul. Szkolna 13,Karnice,Szkolna 13,ul
122233,SZKOŁA PODSTAWOWA NR 224 DLA DOROSŁYCH,2026,Warszawa,ul. Mińska 1/5,Warszawa,Mińska 1/5,ul
122243,ZESPÓŁ SZKÓŁ NR5-SZKOŁA PODSTAWOWA W KORBIELOWIE,2026,Korbielów,ul. Beskidzka 40,Korbielów,Beskidzka 40,ul
122305,SZKOŁA PODSTAWOWA IM. ŚW. JANA KANTEGO W BESTWINIE,2026,Bestwina,ul. Szkolna 11,Bestwina,Szkolna 11,ul
122307,SZKOŁA PODSTAWOWA IM. MARII KONOPNICKIEJ W JANOWICACH,2026,Janowice,ul. Janusza Korczaka 2,Janowice,Korczaka 2,ul janusza
122316,SZKOŁA PODSTAWOWA IM. ZBIGNIEWA PIETRZYKOWSKIEGO W BESTWINCE,2026,Bestwinka,ul. Dworkowa 3,Bestwinka,Dworkowa 3,ul
122328,SZKOŁA PODSTAWOWA IM. TADEUSZA KOŚCIUSZKI W KANIOWIE,2026,Kaniów,ul. Batalionów Chłopskich 15,Kaniów,Batalionów Chłopskich 15,ul
122362,PRYWATNA SZKOŁA PODSTAWOWA ICO,2026,Wołomin,ul. Orwida 22,Wołomin,Orwida 22,ul
122363,PUBLICZNA SZKOŁA PODSTAWOWA IM. TADEUSZA KOŚCIUSZKI Z ODDZIAŁAMI PRZEDSZKOLNYMI W GOCZAŁKOWIE,2026,Goczałków,ul. Szkolna 1,Goczałków,Szkolna 1,ul
122437,PUBLICZNA SZKOŁA PODSTAWOWA IM. JANA BRZECHWY W STANOWICACH,2026,Stanowice,ul. Świebodzka 9,Stanowice,Świebodzka 9,ul
122462,ZESPÓŁ SZKOLNO-PRZEDSZKOLNY W ŚCINAWIE MAŁEJ - SZKOŁA PODSTAWOWA IM. I ARMII WOJSKA POLSKIEGO W ŚCINAWIE MAŁEJ,2026,Ścinawa Mała,ul. Klasztorna 4,Ścinawa Mała,Klasztorna 4,ul
122505,SZKOŁA PODSTAWOWA NR 192 IM. PROF. HELENY RADLIŃSKIEJ,2026,Łódź,ul. Krzemieniecka 24a,Łódź,Krzemieniecka 24a,ul
122528,PUBLICZNA SZKOŁA PODSTAWOWA,2026,Lewin Kłodzki,ul. Kościelna 1,Lewin Kłodzki,Kościelna 1,ul
122566,"PRYWATNA SZKOŁA PODSTAWOWA ""WORLD SCHOOL""",2026,Piaseczno,ul. Pod Bateriami 60,Piaseczno,Pod Bateriami 60,ul
122579,SZKOŁA PODSTAWOWA NR 356 IM.RYSZARDA KACZOROWSKIEGO,2026,Warszawa,ul. Głębocka 66,Warszawa,Głębocka 66,ul
122790,SZKOŁA PODSTAWOWA IM. ALFREDA LITYŃSKIEGO W URSZULINIE,2026,Urszulin,ul. Szkolna 23,Urszulin,Szkolna 23,ul
122913,SZKOŁA PODSTAWOWA IM. JANA MARKA W POGÓRZU,2026,Pogórze,ul. Zamek 8,Pogórze,Zamek 8,ul
122930,SZKOŁA PODSTAWOWA MISTRZOSTWA SPORTOWEGO RESOVIA W RZESZOWIE,2026,Rzeszów,ul. Stanisława Wyspiańskiego 16B,Rzeszów,Wyspiańskiego 16B,ul stanisława
122972,PIERWSZA SZKOŁA PODSTAWOWA MONTESSORI W GORZOWIE WIELKOPOLSKIM,2026,Gorzów Wielkopolski,ul. Słowiańska 1,Gorzów Wielkopolski,Słowiańska 1,ul
122982,SZKOŁA PODSTAWOWA IM. ELIZY ORZESZKOWEJ W RADGOSZCZY,2026,Radgoszcz,pl. św. Kazimierza 10,Radgoszcz,Kazimierza 10,pl św
122998,ZESPÓŁ SZKÓŁ PUBLICZNYCH IM JANA PAWŁA II SZKOŁA PODSTAWOWA NR 2,2026,Kudowa-Zdrój,ul. Szkolna 8,Kudowa-Zdrój,Szkolna 8,ul
123017,SZKOŁA PODSTAWOWA IM. M. KONOPNICKIEJ W LUSZOWICACH,2026,Luszowice,ul. Tarnowska 31,Luszowice,Tarnowska 31,ul
123062,SZKOŁA PODSTAWOWA W ŚWIĘTOSZOWIE,2026,Świętoszów,ul. Szkolna 10,Świętoszów,Szkolna 10,ul
123073,SZKOŁA PODSTAWOWA W KAMYKU,2026,Kamyk,ul. Szkolna 5,Kamyk,Szkolna 5,ul
123075,NIEPUBLICZNA SZKOŁA MISTRZOSTWA SPORTOWEGO,2026,Żory,ul. Aleja Zjednoczonej Europy 29,Żory,Aleja Zjednoczonej Europy 29,ul
123256,SZKOŁA PODSTAWOWA OSIECZNICA,2026,Osiecznica,ul. Lubańska 35,Osiecznica,Lubańska 35,ul
123288,PUBLICZNA SZKOŁA PODSTAWOWA LEONARDO,2026,Wrocław,ul. Franklina Delano Roosevelta 15,Wrocław,Roosevelta 15,ul franklina delano
123290,SZKOŁA PODSTAWOWA IM. KS. JANA TWARDOWSKIEGO W SIENNICY NADOLNEJ,2026,Siennica Nadolna,os. Cukrowni 79a,Siennica Nadolna,79a,os cukrowni
123291,PUBLICZNA SZKOŁA PODSTAWOWA MARCO POLO,2026,Wrocław,ul. Zatorska 11,Wrocław,Zatorska 11,ul
123335,"NIEPUBLICZNA INTEGRACYJNA SZKOŁA PODSTAWOWA NOWOCZESNYCH TECHNOLOGII I JĘZYKÓW OBCYCH ""ARKA"" W CHEŁMIE",2026,Chełm,ul. Wojsławicka 8A,Chełm,Wojsławicka 8A,ul
123349,ZESPÓŁ SZKÓŁ NR2-SZKOŁA PODSTAWOWA NR2 W JELEŚNI,2026,Jeleśnia,ul. Żywiecka 17,Jeleśnia,Żywiecka 17,ul
123352,SZKOŁA PODSTAWOWA NR 2 IM. KS. PIOTRA WAWRZYNIAKA W ŚREMIE,2026,Śrem,ul. Szkolna 4,Śrem,Szkolna 4,ul
123456,SZKOŁA PODSTAWOWA NR 357 IM. MIKOŁAJA KOPERNIKA,2026,Warszawa,ul. Zachodzącego Słońca 25,Warszawa,Zachodzącego Słońca 25,ul
123511,"SZKOŁA PODSTAWOWA NIEPUBLICZNA IM. ""WIKTORII WIEDEŃSKIEJ"" FUNDACJI EDUKACYJNEJ ""VARSOVIA""",2026,Warszawa,ul. Kolegiacka 1,Warszawa,Kolegiacka 1,ul
123537,SPOŁECZNA SZKOŁA PODSTAWOWA IM. ASTRID LINDGREN W MILICZU,2026,Milicz,ul. Jarosława Dąbrowskiego 3,Milicz,Dąbrowskiego 3,ul jarosława
123563,SZKOŁA PODSTAWOWA IM.ORŁA BIAŁEGO W KUROWICACH,2026,Kurowice,ul. Szkolna 1,Kurowice,Szkolna 1,ul
123570,NIEPUBLICZNA SZKOŁA PODSTAWOWA W WYSOCKU WIELKIM,2026,Wysocko Wielkie,ul. Sadowska 2,Wysocko Wielkie,Sadowska 2,ul
123590,PRYWATNA SZKOŁA PODSTAWOWA ICO,2026,Tomaszów Lubelski,ul. Króla Zygmunta 63,Tomaszów Lubelski,Zygmunta 63,ul króla
123662,SZKOŁA PODSTAWOWA STOWARZYSZENIA PRO LIBERIS SILESIAE W OPOLU,2026,Opole,ul. Olimpijska 2 i 4a,Opole,Olimpijska 2 i 4a,ul
123678,"SZKOŁA PODSTAWOWA ""RODZICE-DZIECIOM"" IM. KARDYNAŁA STEFANA WYSZYŃSKIEGO - PRYMASA TYSIĄCLECIA",2026,Gniezno,ul. Elizy Orzeszkowej 20,Gniezno,Orzeszkowej 20,ul elizy
123774,KATOLICKA SZKOŁA PODSTAWOWA KSIĘŻY PALLOTYNÓW SCHOLA CULMENSIS ELEMENTARIS,2026,Chełmno,ul. Słowackiego 1,Chełmno,Słowackiego 1,ul
123778,"PRYWATNA SZKOŁA PODSTAWOWA ""JAGIELLOŃCZYK""",2026,Kalisz,ul. Skalmierzycka 2a,Kalisz,Skalmierzycka 2a,ul
123779,SAMORZĄDOWA SZKOŁA PODSTAWOWA NR 3 IM. MIKOŁAJA KOPERNIKA WE WRZEŚNI,2026,Września,ul. Kosynierów 32,Września,Kosynierów 32,ul
123810,PUBLICZNA SZKOŁA PODSTAWOWA IM. MARII SKŁODOWSKIEJ - CURIE W CISIU,2026,Cisie,ul. Cisiańska 46,Cisie,Cisiańska 46,ul
123853,NIEPUBLICZNA SZKOŁA PODSTAWOWA AKADEMIA MONTESSORI,2026,Katowice,ul. Kostki Napierskiego 38,Katowice,Kostki Napierskiego 38,ul
123935,SZKOŁA PODSTAWOWA ŁÓDZKIEGO STOWARZYSZENIA EDUKACYJNEGO,2026,Łódź,ul. Obornicka 11/13,Łódź,Obornicka 11/13,ul
123964,NIEPUBLICZNA SZKOŁA PODSTAWOWA IM. LEONARDA DA VINCI,2026,Książenice,ul. Mazowiecka 87A,Książenice,Mazowiecka 87A,ul
123987,"NIEPUBLICZNA SZKOŁA PODSTAWOWA ""JAGIELLONKA"" W INOWROCŁAWIU",2026,Inowrocław,ul. Jagiellońska 8,Inowrocław,Jagiellońska 8,ul
124008,PRYWATNA MĘSKA SZKOŁA PODSTAWOWA IM. CECYLII PLATER-ZYBERKÓWNY,2026,Warszawa,ul. Piękna 24/26,Warszawa,Piękna 24/26,ul
124060,NIEPUBLICZNA SZKOŁA PODSTAWOWA SPECJALNA W ZIELONCE,2026,Zielonka,ul. Marecka 76,Zielonka,Marecka 76,ul
124090,NIEPUBLICZNA SZKOŁA PODSTAWOWA KRAKÓW MONTESSORI SCHOOL,2026,Kraków,ul. Skośna 47,Kraków,Skośna 47,ul
124207,SZKOŁA MISTRZOSTWA SPORTOWEGO SZKOŁA PODSTAWOWA W OSTRÓDZIE,2026,Ostróda,ul. Adama Mickiewicza 32,Ostróda,Mickiewicza 32,ul adama
124246,NIEPUBLICZNA SZKOŁA PODSTAWOWA IM. JANUSZA KORCZAKA,2026,Bełchatów,ul. Lipowa 5,Bełchatów,Lipowa 5,ul
124290,SZKOŁA PODSTAWOWA KOLUMBUS Z ODDZIAŁAMI DWUJĘZYCZNYMI,2026,Błonie,ul. Traugutta 14,Błonie,Traugutta 14,ul
124388,NIEPUBLICZNA SZKOŁA PODSTAWOWA IM. ŚW. O. PIO W TCZEWIE,2026,Tczew,ul. Czyżykowska 70,Tczew,Czyżykowska 70,ul
124393,FONTANNA MARZEŃ PRYWATNA SZKOŁA PODSTAWOWA W TCZEWIE,2026,Tczew,ul. Okrzei 2,Tczew,Okrzei 2,ul
124500,"NIEPUBLICZNA SZKOŁA PODSTAWOWA ""INTERNATIONAL PRIMARY SCHOOL""",2026,Wrocław,ul. Drukarska 52,Wrocław,Drukarska 52,ul
125110,SZKOŁA PODSTAWOWA IM. HENRYKA SIENKIEWICZA W WOLI OKRZEJSKIEJ,2026,Wola Okrzejska,ul. Henryka Sienkiewicza 96,Wola Okrzejska,Sienkiewicza 96,ul henryka
125611,KORCZAKOWSKA SZKOŁA MARZEŃ - NIEPUBLICZNA SZKOŁA PODSTAWOWA WARSZAWIE,2026,Warszawa,ul. Urbanistów 3,Warszawa,Urbanistów 3,ul
125675,POLSKO-ANGIELSKA SZKOŁA PODSTAWOWA TĘCZOWE ABECADŁO,2026,Stargard,ul. Pierwszej Brygady 15,Stargard,Pierwszej Brygady 15,ul
125831,"""SKALA"" NIEPUBLICZNA SZKOŁA PODSTAWOWA  Z ODDZIAŁAMI INTEGRACYJNYMI",2026,Lublin,ul. Zemborzycka 132-136,Lublin,Zemborzycka 132-136,ul
126075,SZKOŁA PODSTAWOWA SPECJALNA PRZY MŁODZIEŻOWYM OŚRODKU WYCHOWAWCZYM,2026,Sobótka,ul. Słoneczna 31,Sobótka,Słoneczna 31,ul
126498,SZKOŁA PODSTAWOWA TWP,2026,Ciechanów,ul. Ignacego Kraszewskiego 8a,Ciechanów,Kraszewskiego 8a,ul ignacego
126578,SZKOŁA PODSTAWOWA Z ODDZIAŁAMI INTEGRACYJNYMI IM.ZYGMUNTA PADLEWSKIEGO W KAMPINOSIE,2026,Kampinos,ul. Szkolna 5,Kampinos,Szkolna 5,ul
126698,SZKOŁA PODSTAWOWA W RYDZEWIE,2026,Rydzewo,ul. Mazurska 22,Rydzewo,Mazurska 22,ul
126710,"DWUJĘZYCZNA SZKOŁA PODSTAWOWA ""MĄDRA SOWA""",2026,Ostrów Wielkopolski,ul. Krotoszyńska 156,Ostrów Wielkopolski,Krotoszyńska 156,ul
126839,SZKOŁA PODSTAWOWA IM. HENRYKA SIENKIEWICZA W KSIĄŻKACH,2026,Książki,ul. Szkolna 6,Książki,Szkolna 6,ul
126846,NIEPUBLICZNA SZKOŁA PODSTAWOWA LITTLE OXFORD,2026,Tomaszów Lubelski,ul. Jana Kilińskiego 7,Tomaszów Lubelski,Kilińskiego 7,ul jana
126942,SZKOŁA PODSTAWOWA NR 17 Z ODDZIAŁAMI INTEGRACYJNYMI IM. GENERAŁA WŁADYSŁAWA SIKORSKIEGO W ZESPOLE EDUKACYJNYM NR 2 W ZIELONEJ GÓRZE,2026,Zielona Góra,ul. Leopolda Staffa 10,Zielona Góra,Staffa 10,ul leopolda
126970,I SPOŁECZNA SZKOŁA PODSTAWOWA W GORZOWIE WLKP.,2026,Gorzów Wielkopolski,ul. Kazimierza Wielkiego 65,Gorzów Wielkopolski,Kazimierza Wielkiego 65,ul
127214,SZKOŁA PODSTAWOWA SPECJALNA NR 33 W DOLNOŚLĄSKIM MŁODZIEŻOWYM OŚRODKU WYCHOWAWCZYM IM. MARII GRZEGORZEWSKIEJ W WAŁBRZYCHU,2026,Wałbrzych,ul. Strzegomska 20,Wałbrzych,Strzegomska 20,ul
127555,SZKOŁA PODSTAWOWA IM. 1 PUŁKU SZWOLEŻERÓW JÓZEFA PIŁSUDSKIEGO W MALCANOWIE,2026,Malcanów,ul. Mazowiecka 55,Malcanów,Mazowiecka 55,ul
127649,SZKOŁA PODSTAWOWA AMS W KRAKOWIE,2026,Kraków,ul. Kamienna 21,Kraków,Kamienna 21,ul
127796,NIEPUBLICZNA SZKOŁA PODSTAWOWA „DWUNASTKA” IM. JANA PAWŁA II W OSTROWCU ŚWIĘTOKRZYSKIM,2026,Ostrowiec Świętokrzyski,ul. Bałtowska 336a,Ostrowiec Świętokrzyski,Bałtowska 336a,ul
127800,ZESPÓŁ EDUKACYJNO-PRZEDSZKOLNY SZKOŁA Z PASJĄ IM. ELŻBIETY SOŁTYS W OSTROWCU ŚWIĘTOKRZYSKIM-NIEPUBLICZNA SZKOŁA PODSTAWOWA,2026,Ostrowiec Świętokrzyski,ul. Ferdynanda Focha 3,Ostrowiec Świętokrzyski,Focha 3,ul ferdynanda
127832,NOWATORSKA SZKOŁA PODSTAWOWA,2026,Warszawa,ul. Bogatki 23,Warszawa,Bogatki 23,ul
127841,SZKOŁA PODSTAWOWA IM. SPRAWIEDLIWYCH WŚRÓD NARODÓW ŚWIATA W KAMIONKACH,2026,Kamionki,ul. Mieczewska 36,Kamionki,Mieczewska 36,ul
127926,DWUJĘZYCZNA NIEPUBLICZNA SZKOŁA PODSTAWOWA NOVUM,2026,Wołomin,ul. Legionów 63,Wołomin,Legionów 63,ul
127932,NIEPUBLICZNA SZKOŁA PODSTAWOWA MONTESSORI W RZESZOWIE,2026,Rzeszów,ul. Konfederatów Barskich 40b,Rzeszów,Konfederatów Barskich 40b,ul
127981,SZKOŁA PODSTAWOWA NR 18 Z ODDZIAŁAMI DWUJĘZYCZNYMI W RZESZOWIE,2026,Rzeszów,ul. bł. Karoliny 21,Rzeszów,Karoliny 21,ul bł
128019,PUBLICZNA SZKOŁA PODSTAWOWA NR 1 Z ODDZIAŁAMI INTEGRACYJNYMI,2026,Julianów,ul. Julianowska 66B i 66C,Julianów,Julianowska 66B i 66C,ul
128236,SZKOŁA PODSTAWOWA IM.ŚW.FILIPA NERI,2026,Luboń,ul. Armii Poznań 27,Luboń,Armii Poznań 27,ul
128284,NIEPUBLICZNA SZKOŁA PODSTAWOWA Z ODDZIAŁAMI INTEGRACYJNYMI SPINAKER W GRUDZIĄDZU,2026,Grudziądz,ul. Ludwika Waryńskiego 102,Grudziądz,Waryńskiego 102,ul ludwika
128412,NIEPUBLICZNA SZKOŁA PODSTAWOWA ZARADNI ODWAŻNI ORYGINALNI IM. POWSTAŃCÓW WIELKOPOLSKICH W WILKOWYI,2026,Wilkowyja,ul. Powstańców Wielkopolskich 41,Wilkowyja,Powstańców Wielkopolskich 41,ul
128484,CETIR NIEPUBLICZNA SZKOŁA PODSTAWOWA Z ODDZIAŁAMI INTEGRACYJNYMI,2026,Goczałkowice-Zdrój,ul. Uzdrowiskowa 37,Goczałkowice-Zdrój,Uzdrowiskowa 37,ul
128489,SZKOŁA PODSTAWOWA IM. KARDYNAŁA STEFANA WYSZYŃSKIEGO W LUBCZYNIE,2026,Lubczyna,ul. Lipowa 14,Lubczyna,Lipowa 14,ul
128589,"""BIG BEN"" NIEPUBLICZNA POLSKO-BRYTYJSKA SZKOŁA PODSTAWOWA IM. GENERAŁA WŁADYSŁAWA ANDERSA",2026,Lubiczów,ul. Warszawska 57,Lubiczów,Warszawska 57,ul
128617,"NIEPUBLICZNA SZKOŁA PODSTAWOWA ""4 PORY ROKU"" SZKOŁA TWÓRCZA I JĘZYKÓW OBCYCH",2026,Ciele,ul. Osiedle 76,Ciele,Osiedle 76,ul
128665,SZKOŁA PODSTAWOWA NR 10 MISTRZOSTWA SPORTOWEGO W ZAKOPANEM,2026,Zakopane,ul. Droga do Olczy 26,Zakopane,Droga do Olczy 26,ul
128726,AKADEMIA ODKRYWCÓW DWUJĘZYCZNA NIEPUBLICZNA SZKOŁA PODSTAWOWA,2026,Leszno,ul. Iglasta 4,Leszno,Iglasta 4,ul
128735,"NIEPUBLICZNA SZKOŁA PODSTAWOWA ""WOLNA SZKOŁA WALDORFSKA""",2026,Kraków,ul. Zawiła 4,Kraków,Zawiła 4,ul
128770,"NIEPUBLICZNA SZKOŁA PODSTAWOWA ""TRAMPOLINE""",2026,Warszawa,ul. Obrońców 25,Warszawa,Obrońców 25,ul
128930,SZKOŁA PODSTAWOWA IM. SZARYCH SZEREGÓW W SIECIECHOWICACH,2026,Sieciechowice,ul. Szkolna 6,Sieciechowice,Szkolna 6,ul
128977,PUBLICZNA SZKOŁA PODSTAWOWA SPECJALNA IM. MATKI TERESY POTOCKIEJ DLA DZIEWCZĄT NIEDOSTOSOWANYCH SPOŁECZNIE W MŁODZIEŻOWYM OŚRODKU WYCHOWAWCZYM,2026,Wrocław,pl. Grunwaldzki 3b,Wrocław,Grunwaldzki 3b,pl
129009,SZKOŁA PODSTAWOWA SPECJALNA NR 2 DLA UCZNIÓW NIEDOSTOSOWANYCH SPOŁECZNIE,2026,Trzebież,ul. Wkrzańska 10,Trzebież,Wkrzańska 10,ul
129089,SZKOŁA PODSTAWOWA SPECJALNA W ŁAŃCUCIE,2026,Łańcut,ul. Grunwaldzka 10A,Łańcut,Grunwaldzka 10A,ul
129357,SZCZECIŃSKA SZKOŁA WITRUWIAŃSKA SVS,2026,Szczecin,ul. Adama Mickiewicza 49,Szczecin,Mickiewicza 49,ul adama
129424,SZKOŁA PODSTAWOWA NR 8 SPECJALNA W GIŻYCKU,2026,Giżycko,ul. Smętka 5,Giżycko,Smętka 5,ul
129498,I SZKOŁA PODSTAWOWA MISTRZOSTWA SPORTOWEGO STAL MIELEC W MIELCU,2026,Mielec,ul. Sękowskiego 1,Mielec,Sękowskiego 1,ul
129526,JERA SZKOŁA PODSTAWOWA DLA DOROSŁYCH W BYTOMIU,2026,Bytom,ul. Gliwicka 33,Bytom,Gliwicka 33,ul
129621,SZKOŁA PODSTAWOWA W GOLENIOWACH,2026,Goleniowy,ul. Kościuszki 20,Goleniowy,Kościuszki 20,ul
129856,SZKOŁA FILIALNA W LIPKACH,2026,Lipki,ul. Szkolna 2,Lipki,Szkolna 2,ul
130056,SZKOŁA PODSTAWOWA NR 9 IM. KSIĘDZA PROFESORA WŁODZIMIERZA SEDLAKA W SKARŻYSKU-KAMIENNEJ,2026,Skarżysko-Kamienna,ul. Warszawska 54,Skarżysko-Kamienna,Warszawska 54,ul
130109,SZKOŁA PODSTAWOWA W ŻYTKIEJMACH,2026,Żytkiejmy,ul. Plac Wolności 1,Żytkiejmy,Plac Wolności 1,ul
130178,SPARK ACADEMY - SZKOŁA PODSTAWOWA,2026,Poznań,ul. Wojska Polskiego 53,Poznań,Wojska Polskiego 53,ul
130205,SZKOŁA PODSTAWOWA NR 24 IM. HIMALAISTÓW POLSKICH,2026,Tychy,ul. Pogodna 37,Tychy,Pogodna 37,ul
130333,DWUJĘZYCZNA PRYWATNA SZKOŁA PODSTAWOWA IM. ANTONIEGO BUĆKO W WASILKOWIE,2026,Wasilków,ul. Antoniego Bućki 10,Wasilków,Bućki 10,ul antoniego
130341,SZKOŁA PODSTAWOWA SPECJALNA,2026,Łomianki,ul. Warszawska 14,Łomianki,Warszawska 14,ul
130585,NIEPUBLICZNA OGÓLNOKSZTAŁCĄCA SZKOŁA MUZYCZNA I ST. ELEMENTARZ W KATOWICACH,2026,Katowice,ul. Studencka 18,Katowice,Studencka 18,ul
130612,"SZKOŁA PODSTAWOWA NR 358 IM. HETMANA JANA ZAMOYSKIEGO W WARSZAWIE, PRZY UL. ŚW. URSZULI LEDÓCHOWSKIEJ 10",2026,Warszawa,ul. św. Urszuli Ledóchowskiej 10,Warszawa,Ledóchowskiej 10,ul św urszuli
130629,SZKOŁA PODSTAWOWA IM. WANDY RUTKIEWICZ W DUCHNICACH,2026,Duchnice,ul. Duchnicka 25,Duchnice,Duchnicka 25,ul
130789,NIEPUBLICZNA SZKOŁA PODSTAWOWA MISTRZOSTWA SPORTOWEGO MM SPORT,2026,Bielsko-Biała,ul. gen. Mieczysława Boruty-Spiechowicza 24,Bielsko-Biała,Boruty-Spiechowicza 24,ul gen mieczysława
130807,SZKOŁA PODSTAWOWA IM. JANUSZA KORCZAKA W WYSOKIEJ,2026,Wysoka,ul. Chabrowa 99,Wysoka,Chabrowa 99,ul
130849,SZKOŁA PODSTAWOWA NR 3 I. BOHATERÓW POWSTANIA WARSZAWSKIEGO Z ODDZIAŁAMI INTEGRACYJNYMI,2026,Piastów,ul. Aleja Tysiąclecia 5,Piastów,Aleja Tysiąclecia 5,ul
131156,SZKOŁA PODSTAWOWA IM. ŚWIĘTEJ ELŻBIETY WĘGIERSKIEJ W TRYBSZU,2026,Trybsz,ul. Świętej Elżbiety 175,Trybsz,Elżbiety 175,ul świętej
131297,NIEPUBLICZNA SZKOŁA PODSTAWOWA Z ODDZIAŁAMI DWUJĘZYCZNYMI EMBASSY INTERNATIONAL SCHOOL,2026,Kraków,ul. Edmunda Biernackiego 10,Kraków,Biernackiego 10,ul edmunda
131303,SZKOŁA PODSTAWOWA BENEDYKTA W DROHICZYNIE,2026,Drohiczyn,ul. Józefa Ignacego Kraszewskiego 4,Drohiczyn,Kraszewskiego 4,ul józefa ignacego
131405,"NIEPUBLICZNA SZKOŁA PODSTAWOWA ""RADOSNA""",2026,Barlinek,ul. Szosowa 3,Barlinek,Szosowa 3,ul
131712,NIEPUBLICZNA SZKOŁA PODSTAWOWA IM. JANUSZA KORCZAKA W BIAŁEJ PODLASKIEJ,2026,Biała Podlaska,ul. Kasztanowa 6,Biała Podlaska,Kasztanowa 6,ul
131781,SZKOŁA PODSTAWOWA SPECJALNA,2026,Dobrodzień,ul. Piastowska 35,Dobrodzień,Piastowska 35,ul
131791,SZKOŁA PODSTAWOWA PARTNER INTERNATIONAL PRIMARY SCHOOL Z ODDZIAŁAMI DWUJĘZYCZNYMI IM. MARII MONTESSORI,2026,Radom,ul. Romualda Traugutta 34,Radom,Traugutta 34,ul romualda
132331,SZKOŁA PODSTAWOWA MISTRZOSTWA SPORTOWEGO W KATOWICACH,2026,Katowice,ul. Techników 7,Katowice,Techników 7,ul
132410,SZKOŁA PODSTAWOWA MISTRZOSTWA SPORTOWEGO MARCINA GORTATA W POZNANIU,2026,Poznań,ul. Szamotulska 33,Poznań,Szamotulska 33,ul
132413,SZKOŁA PODSTAWOWA STOWARZYSZENIA RODZIN KATOLICKICH,2026,Chorzów,ul. Tadeusza Kościuszki 11,Chorzów,Kościuszki 11,ul tadeusza
132562,KATOLICKA SZKOŁA PODSTAWOWA IM. JANA PAWŁA II W ŁODZI,2026,Łódź,ul. Krzysztofa Kamila Baczyńskiego 156,Łódź,Baczyńskiego 156,ul krzysztofa kamila
132593,SALEZJAŃSKA SZKOŁA PODSTAWOWA IM. KSIĘDZA BOSKO,2026,Łódź,ul. Wodna 34,Łódź,Wodna 34,ul
132609,PUBLICZNA KATOLICKA SZKOŁA PODSTAWOWA IM. ŚW. JOANNY BERETTY MOLLI W KRAKOWIE,2026,Kraków,ul. Stelmachów 137,Kraków,Stelmachów 137,ul
132610,PUBLICZNA KATOLICKA SZKOŁA PODSTAWOWA IM. ŚW. RITY W KRAKOWIE,2026,Kraków,ul. Wincentego Pola 4,Kraków,Pola 4,ul wincentego
132912,SALEZJAŃSKA SZKOŁA PODSTAWOWA,2026,Sokołów Podlaski,ul. Księdza Bosco 1,Sokołów Podlaski,Bosco 1,ul księdza
133027,PUBLICZNA SZKOŁA PODSTAWOWA SIÓSTR PREZENTEK W KRAKOWIE,2026,Kraków,ul. św. Jana 7,Kraków,Jana 7,ul św
133109,KATOLICKA SZKOŁA PODSTAWOWA IM. ŚWIĘTEJ RODZINY,2026,Szczecin,ul. Budziszyńska 2,Szczecin,Budziszyńska 2,ul
133139,ZESPÓŁ SZKÓŁ OGÓLNOKSZTAŁCĄCYCH NR 6 SZKOŁA PODSTAWOWA MISTRZOSTWA SPORTOWEGO NR 94 IM. HANZY W GDAŃSKU,2026,Gdańsk,ul. Głęboka 11,Gdańsk,Głęboka 11,ul
133160,SALEZJAŃSKA SZKOŁA PODSTAWOWA,2026,Wrocław,ul. Świętokrzyska 45-55,Wrocław,Świętokrzyska 45-55,ul
133211,SZKOŁA PODSTAWOWA NR 4 IM. OBROŃCÓW WESTERPLATTE W WYSZKOWIE,2026,Wyszków,ul. Generała Józefa Sowińskiego 55,Wyszków,Sowińskiego 55,ul generała józefa
133220,"SZKOŁA PODSTAWOWA ""U SKŁODOWSKIEJ"" W OŻAROWIE PRZY STOWARZYSZENIU NA RZECZ ROZWOJU ZESPOŁU SZKÓŁ W OŻAROWIE IM. MARII SKŁODOWSKIEJ-CURIE",2026,Ożarów,os. Wzgórze 56,Ożarów,Wzgórze 56,os
133268,SZKOŁA PODSTAWOWA SPECJALNA NR 32 W RZESZOWIE,2026,Rzeszów,ul. Budziwojska 149,Rzeszów,Budziwojska 149,ul
133334,"SZKOŁA PODSTAWOWA NR 5 IM. ZBIGNIEWA GĘSICKIEGO ""JUNO""",2026,Piastów,ul. Kazimierza Pułaskiego 6/8,Piastów,Pułaskiego 6/8,ul kazimierza
133399,SZKOŁA PODSTAWOWA IM. ŚW. WINCENTEGO PALLOTTIEGO W LUBLINIE,2026,Lublin,ul. Aleja Warszawska 31,Lublin,Aleja Warszawska 31,ul
133404,SZKOŁA PODSTAWOWA NR 2 IM. GEN. BRONI STANISŁAWA MACZKA,2026,Jaworze,ul. Wapienicka 10,Jaworze,Wapienicka 10,ul
133414,SZKOŁA PODSTAWOWA NR 2 Z ODDZIAŁAMI DWUJĘZYCZNYMI IM. IRENY SZEWIŃSKIEJ W ŁOMIANKACH,2026,Łomianki,ul. Partyzantów 31,Łomianki,Partyzantów 31,ul
133415,SZKOŁA PODSTAWOWA NR 47 IM. JANA BRZECHWY W SOSNOWCU,2026,Sosnowiec,ul. Białostocka 17,Sosnowiec,Białostocka 17,ul
133416,SZKOŁA PODSTAWOWA NR 48 MISTRZOSTWA SPORTOWEGO W SOSNOWCU,2026,Sosnowiec,ul. Marszałka Józefa Piłsudskiego 114,Sosnowiec,Piłsudskiego 114,ul marszałka józefa
133420,SZKOŁA PODSTAWOWA IM. GENERAŁA MARIUSZA ZARUSKIEGO W ZIELONKACH- PARCELI,2026,Zielonki-Parcela,ul. Południowa 2,Zielonki-Parcela,Południowa 2,ul
133421,SZKOŁA PODSTAWOWA IM. PROFESOR JADWIGI KOBENDZY W KOCZARGACH STARYCH,2026,Koczargi Stare,ul. Akacjowa 12,Koczargi Stare,Akacjowa 12,ul
133422,PUBLICZNA SZKOŁA PODSTAWOWA Z ODDZIAŁAMI MISTRZOSTWA SPORTOWEGO W OPOCZNIE,2026,Opoczno,ul. Partyzantów 1a,Opoczno,Partyzantów 1a,ul
133455,SZKOŁA PODSTAWOWA NR 371 IM. SANDRO PERTINIEGO,2026,Warszawa,ul. Jana III Sobieskiego 68,Warszawa,Jana III Sobieskiego 68,ul
133457,SALEZJAŃSKA SZKOŁA PODSTAWOWA,2026,Legionowo,ul. Adama Mickiewicza 35A,Legionowo,Mickiewicza 35A,ul adama
133475,SZKOŁA PODSTAWOWA IM. ZIEMI ŻUŁAWSKIEJ W PRZEJAZDOWIE,2026,Przejazdowo,ul. Jesionowa 8,Przejazdowo,Jesionowa 8,ul
133480,SZKOŁA PODSTAWOWA NR 5 W ŻNINIE,2026,Żnin,ul. 1 Stycznia 17,Żnin,Stycznia 17,ul 1
133482,SZKOŁA PODSTAWOWA NR 1 IM. KS WACŁAWA RABCZYŃSKIEGO W WASILKOWIE,2026,Wasilków,ul. Adama Mickiewicza 2,Wasilków,Mickiewicza 2,ul adama
133484,SZKOŁA PODSTAWOWA NR 395 IM. ROTMISTRZA WITOLDA PILECKIEGO,2026,Warszawa,ul. Józefa Sierakowskiego 9,Warszawa,Sierakowskiego 9,ul józefa
133485,SZKOŁA PODSTAWOWA IM. LASÓW PAŃSTWOWYCH W MANOWIE,2026,Manowo,ul. Szkolna 13,Manowo,Szkolna 13,ul
133486,SZKOŁA PODSTAWOWA JEZUITÓW Z ODDZIAŁAMI DWUJĘZYCZNYMI IM. ŚW. STANISŁAWA KOSTKI W GDYNI,2026,Gdynia,ul. Tatrzańska 35,Gdynia,Tatrzańska 35,ul
133487,SZKOŁA PODSTAWOWA Z ODDZIAŁAMI INTEGRACYJNYMI NR 15 IM. KSIĘDZA KARDYNAŁA KAROLA WOJTYŁY W KRAKOWIE,2026,Kraków,ul. Kluczborska 3,Kraków,Kluczborska 3,ul
133489,SZKOŁA PODSTAWOWA NR 33 IM. KRÓLA STEFANA BATOREGO W KRAKOWIE,2026,Kraków,ul. Stanisława Konarskiego 2,Kraków,Konarskiego 2,ul stanisława
133492,SZKOŁA PODSTAWOWA NR 49 IM. JULIANA URSYNA NIEMCEWICZA W KRAKOWIE,2026,Kraków,ul. Józefa Montwiłła-Mireckiego 29,Kraków,Montwiłła-Mireckiego 29,ul józefa
133497,SZKOŁA PODSTAWOWA Z ODDZIAŁAMI INTEGRACYJNYMI NR 128 IM. PŁK. PILOTA STANISŁAWA SKARŻYŃSKIEGO W KRAKOWIE,2026,Kraków,ul. Seniorów Lotnictwa 5,Kraków,Seniorów Lotnictwa 5,ul
133503,SZKOŁA PODSTAWOWA SPECJALNA NR 17 IM. BISKUPA MIRY ŚW. MIKOŁAJA W KRAKOWIE,2026,Kraków,ul. Aleksandra Lubomirskiego 21,Kraków,Lubomirskiego 21,ul aleksandra
133510,PUBLICZNA SZKOŁA PODSTAWOWA SPECJALNA IM. ŚWIĘTEJ SIOSTRY FAUSTYNY,2026,Kraków,ul. Siostry Faustyny 3,Kraków,Faustyny 3,ul siostry
133513,SZKOŁA PODSTAWOWA ZAKONU PIJARÓW IM. KS. STANISŁAWA KONARSKIEGO W KRAKOWIE,2026,Kraków,ul. Mirosława Dzielskiego 1,Kraków,Dzielskiego 1,ul mirosława
133518,SZKOŁA PODSTAWOWA Z ODDZIAŁAMI DWUJĘZYCZNYMI NR 6 IM. NOBLISTÓW POLSKICH W GLIWICACH,2026,Gliwice,ul. Jasnogórska 15-17,Gliwice,Jasnogórska 15-17,ul
133519,SZKOŁA PODSTAWOWA NR 4 W GLIWICACH,2026,Gliwice,ul. Orląt Śląskich 25,Gliwice,Orląt Śląskich 25,ul
133520,SZKOŁA PODSTAWOWA NR 11 IM. MIKOŁAJA KOPERNIKA W SŁUPSKU,2026,Słupsk,ul. prof. Lotha 3,Słupsk,Lotha 3,ul prof
133521,SZKOŁA PODSTAWOWA Z ODDZIAŁAMI SPORTOWYMI NR 19 W GLIWICACH,2026,Gliwice,ul. Syriusza 30,Gliwice,Syriusza 30,ul
133525,SZKOŁA PODSTAWOWA NR 11 W TOMASZOWIE MAZOWIECKIM,2026,Tomaszów Mazowiecki,ul. św. Antoniego 43/45,Tomaszów Mazowiecki,Antoniego 43/45,ul św
133526,SZKOŁA PODSTAWOWA NR 9 IM. KS. JANA TWARDOWSKIEGO W TOMASZOWIE MAZOWIECKIM,2026,Tomaszów Mazowiecki,ul. Jałowcowa 8,Tomaszów Mazowiecki,Jałowcowa 8,ul
133532,SZKOŁA PODSTAWOWA NR 2 IM. CHWAŁY ORĘŻA POLSKIEGO,2026,Giżycko,ul. Warszawska 39,Giżycko,Warszawska 39,ul
133536,SZKOŁA PODSTAWOWA NR 9 IM. 42 PUŁKU PIECHOTY W BIAŁYMSTOKU,2026,Białystok,ul. Legionowa 7,Białystok,Legionowa 7,ul
133537,SZKOŁA PODSTAWOWA NR 10 IM. IZABELI BRANICKIEJ W BIAŁYMSTOKU,2026,Białystok,ul. Spacerowa 6,Białystok,Spacerowa 6,ul
133538,"ZESPÓŁ SZKÓŁ OGÓLNOKSZTAŁCĄCYCH MISTRZOSTWA SPORTOWEGO NR 1 W BIAŁYMSTOKU, SZKOŁA PODSTAWOWA NR 22 Z ODDZIAŁAMI MISTRZOSTWA SPORTOWEGO IM. MARII KONOPNICKIEJ W BIAŁYMSTOKU",2026,Białystok,ul. Marii Konopnickiej 3,Białystok,Konopnickiej 3,ul marii
133540,"ZESPÓŁ SZKOLNO-PRZEDSZKOLNY NR 3 W BIAŁYMSTOKU, SZKOŁA PODSTAWOWA NR 33 IM. ŚW. KRÓLOWEJ JADWIGI W BIAŁYMSTOKU",2026,Białystok,ul. Piastowska 3D,Białystok,Piastowska 3D,ul
133541,"ZESPÓŁ SZKOLNO-PRZEDSZKOLNY NR 4 W BIAŁYMSTOKU, SZKOŁA PODSTAWOWA NR 38 IM. WIESŁAWA KAZANECKIEGO W BIAŁYMSTOKU",2026,Białystok,ul. Porzeczkowa 11,Białystok,Porzeczkowa 11,ul
133543,"ZESPÓŁ SZKOLNO-PRZEDSZKOLNY NR 5 W BIAŁYMSTOKU, SZKOŁA PODSTAWOWA NR 48 IM. KRÓLA STEFANA BATOREGO W BIAŁYMSTOKU",2026,Białystok,ul. Magnoliowa 13,Białystok,Magnoliowa 13,ul
133544,ZESPÓŁ SZKÓŁ OGÓLNOKSZTAŁCĄCYCH NR 2 W BIAŁYMSTOKU SZKOŁA PODSTAWOWA NR 53 Z ODDZIAŁAMI DWUJĘZYCZNYMI W BIAŁYMSTOKU,2026,Białystok,ul. Narewska 11,Białystok,Narewska 11,ul
133554,"PRYWATNA SZKOŁA PODSTAWOWA ""AKADEMIA MŁODYCH""",2026,Sosnowiec,ul. Emila Zegadłowicza 1,Sosnowiec,Zegadłowicza 1,ul emila
133567,"SZKOŁA PODSTAWOWA PRZY SPOŁECZNYM LICEUM OGÓLNOKSZTAŁCĄCYM NR 4 IM. BATALIONU AK ""PARASOL""",2026,Warszawa,ul. Hawajska 14a,Warszawa,Hawajska 14a,ul
133574,SZKOŁA PODSTAWOWA NR 382 IM. WARSZAWSKICH DZIECI,2026,Warszawa,ul. Konińska 2,Warszawa,Konińska 2,ul
133575,SZKOŁA PODSTAWOWA NR 381 IM. KRZYSZTOFA KAMILA BACZYŃSKIEGO,2026,Warszawa,ul. Michała Drzymały 1,Warszawa,Drzymały 1,ul michała
133576,SZKOŁA PODSTAWOWA NR 383 IM. KS. STEFANA KARDYNAŁA WYSZYŃSKIEGO,2026,Warszawa,ul. Warszawska 63,Warszawa,Warszawska 63,ul
133577,SZKOŁA PODSTAWOWA NR 4 IM. MIKOŁAJA KOPERNIKA W BOGATYNI,2026,Bogatynia,ul. Fryderyka Chopina 15,Bogatynia,Chopina 15,ul fryderyka
133586,"NIEPUBLICZNA SZKOŁA PODSTAWOWA ""VERMILION"" W PILE",2026,Piła,ul. aleja Niepodległości 2,Piła,aleja Niepodległości 2,ul
133590,SPOŁECZNA SZKOŁA PODSTAWOWA IM. JOSEPHA CONRADA SPOŁECZNEGO TOWARZYSTWA OŚWIATOWEGO,2026,Zakopane,ul. Kasprusie 35a,Zakopane,Kasprusie 35a,ul
133601,SZKOŁA PODSTAWOWA NR 3 IM. KLEMENTYNY TAŃSKIEJ-HOFFMANOWEJ W OŚWIĘCIMIU,2026,Oświęcim,ul. Ignacego Krasickiego 16,Oświęcim,Krasickiego 16,ul ignacego
133608,SZKOŁA PODSTAWOWA SPECJALNA NR 2,2026,Brzeg Dolny,ul. 1 Maja 21,Brzeg Dolny,Maja 21,ul 1
133610,SZKOŁA PODSTAWOWA Z ODDZIAŁAMI SPORTOWYMI NR 2 IM. ŁUKASZA GÓRNICKIEGO W OŚWIĘCIMIU,2026,Oświęcim,ul. Karola Olszewskiego 2A,Oświęcim,Olszewskiego 2A,ul karola
133612,"SZKOŁA PODSTAWOWA NR 377 IM. MAJORA HENRYKA DOBRZAŃSKIEGO ""HUBALA"" W WARSZAWIE",2026,Warszawa,ul. Trocka 4,Warszawa,Trocka 4,ul
133613,SZKOŁA PODSTAWOWA NR 378 IM. IGNACEGO JANA PADEREWSKIEGO W WARSZAWIE,2026,Warszawa,ul. Bartnicza 8,Warszawa,Bartnicza 8,ul
133615,SZKOŁA PODSTAWOWA NR 380 IM. JANA PAWŁA II W WARSZAWIE,2026,Warszawa,ul. Krasiczyńska 4/6,Warszawa,Krasiczyńska 4/6,ul
133620,SZKOŁA PODSTAWOWA NR 387 IM. SZARYCH SZEREGÓW,2026,Warszawa,ul. Marcina Kasprzaka 1/3,Warszawa,Kasprzaka 1/3,ul marcina
133623,SZKOŁA PODSTAWOWA NR 386 IM. MARSZAŁKA JÓZEFA PIŁSUDSKIEGO,2026,Warszawa,ul. Grenady 16,Warszawa,Grenady 16,ul
133625,SZKOŁA PODSTAWOWA NR 389 IM. STEFANA STARZYŃSKIEGO,2026,Warszawa,ul. Smocza 19,Warszawa,Smocza 19,ul
133627,SZKOŁA PODSTAWOWA DLA DOROSŁYCH NR 390,2026,Warszawa,ul. Księcia Janusza 45/47,Warszawa,Janusza 45/47,ul księcia
133644,PUBLICZNA SZKOŁA PODSTAWOWA NR 1 IM. KSIĘŻNEJ DAISY HOCHBERG VON PLESS W WAŁBRZYCHU,2026,Wałbrzych,ul. Bolesława Limanowskiego 12,Wałbrzych,Limanowskiego 12,ul bolesława
133651,PUBLICZNA SZKOŁA PODSTAWOWA NR 33 IM. MARSZAŁKA JÓZEFA PIŁSUDSKIEGO W OPOLU,2026,Opole,ul. Joachima Lelewela 9,Opole,Lelewela 9,ul joachima
133653,SZKOŁA PODSTAWOWA IM. JANUSZA KORCZAKA W ŻOŁĘDOWIE,2026,Żołędowo,ul. Bydgoska 24,Żołędowo,Bydgoska 24,ul
133660,SZKOŁA PODSTAWOWA NR 1 IM. JANA III SOBIESKIEGO W MALBORKU,2026,Malbork,ul. Stefana Żeromskiego 45,Malbork,Żeromskiego 45,ul stefana
133662,SZKOŁA PODSTAWOWA NR 47 Z ODDZIAŁAMI DWUJĘZYCZNYMI,2026,Poznań,os. Czecha 59,Poznań,Czecha 59,os
133678,SZKOŁA PODSTAWOWA NR 370,2026,Warszawa,ul. Lwa Tołstoja 2,Warszawa,Tołstoja 2,ul lwa
133682,SZKOŁA PODSTAWOWA IM. MARII KONOPNICKIEJ W SUWAŁKACH,2026,Suwałki,ul. Tadeusza Kościuszki 47B,Suwałki,Kościuszki 47B,ul tadeusza
133689,PUBLICZNA SZKOŁA PODSTAWOWA JEZUITÓW W MYSŁOWICACH,2026,Mysłowice,ul. Powstańców 19,Mysłowice,Powstańców 19,ul
133692,SZKOŁA PODSTAWOWA NR 14 IM. PROF. WŁADYSŁAWA SZAFERA W PŁOCKU,2026,Płock,al. Al. Stanisława Jachowicza 20,Płock,Al. Stanisława Jachowicza 20,
133694,"SZKOŁA PODSTAWOWA NR 3 IM. MIRY ZIMIŃSKIEJ-SYGIETYŃSKIEJ, Z ODDZIAŁAMI PRZEDSZKOLNYMI I ODDZIAŁAMI INTEGRACYJNYMI",2026,Pruszków,al. Wojska Polskiego 34,Pruszków,Wojska Polskiego 34,al
133695,SZKOŁA PODSTAWOWA NR 2 IM. KSIĄŻĄT MAZOWIECKICH W PŁOCKU,2026,Płock,ul. Faustyna Piaska 5,Płock,Piaska 5,ul faustyna
133696,"SZKOŁA PODSTAWOWA NR 4 IM. JANA PAWŁA II, Z ODDZIAŁAMI PRZEDSZKOLNYMI I ODDZIAŁAMI SPORTOWYMI",2026,Pruszków,ul. Hubala 4,Pruszków,Hubala 4,ul
133697,SZKOŁA PODSTAWOWA Z ODDZIAŁAMI INTEGRACYJNYMI NR 8 IM. ALEKSANDRA MACIESZY W PŁOCKU,2026,Płock,ul. gen. Tadeusza Kutrzeby 2a,Płock,Kutrzeby 2a,ul gen tadeusza
133704,SZKOŁA PODSTAWOWA NR 4 W PSZOWIE,2026,Pszów,ul. Niepodległości 99,Pszów,Niepodległości 99,ul
133707,"SZKOŁA PODSTAWOWA NR 391 IM. MACIEJA ALEKSEGO DAWIDOWSKIEGO PS. ""ALEK""",2026,Warszawa,ul. Filarecka 2,Warszawa,Filarecka 2,ul
133709,SZKOŁA PODSTAWOWA SPECJALNA W GOŁAŃCZY,2026,Gołańcz,ul. Walki Młodych 35d,Gołańcz,Walki Młodych 35d,ul
133716,SZKOŁA PODSTAWOWA NR 33 IM. 27. WOŁYŃSKIEJ DYWIZJI PIECHOTY ARMII KRAJOWEJ,2026,Lublin,ul. Pogodna 19,Lublin,Pogodna 19,ul
133717,SZKOŁA PODSTAWOWA NR 15 IM. JANA PAWŁA II W LUBLINIE,2026,Lublin,ul. Elektryczna 51,Lublin,Elektryczna 51,ul
133718,SZKOŁA PODSTAWOWA NR 16 IM. FRYDERYKA CHOPINA,2026,Lublin,ul. Poturzyńska 2,Lublin,Poturzyńska 2,ul
133721,SZKOŁA PODSTAWOWA NR 2 IM. JANA PAWŁA II W SULECHOWIE,2026,Sulechów,ul. 1 Maja 7,Sulechów,Maja 7,ul 1
133733,SZKOŁA PODSTAWOWA NR 18 IM. MACIEJA RATAJA,2026,Lublin,ul. Aleja Jana Długosza 8,Lublin,Aleja Jana Długosza 8,ul
133749,SZKOŁA PODSTAWOWA NR 3 IM. STANISŁAWA LIGONIA,2026,Orzesze,ul. Szkolna 44,Orzesze,Szkolna 44,ul
133751,SZKOŁA PODSTAWOWA NR 1 IM. POLEGŁYCH NA PASTERNIOKU W ORZESZU,2026,Orzesze,ul. Miarki 1a,Orzesze,Miarki 1a,ul
133763,SZKOŁA PODSTAWOWA NR 2 IM. GEN. JÓZEFA HALLERA W GNIEWIE,2026,Gniew,ul. 27 Stycznia 19,Gniew,Stycznia 19,ul 27
133765,SALEZJAŃSKA SZKOŁA PODSTAWOWA IM. ŚW. DOMINIKA SAVIO W OSTRÓDZIE,2026,Ostróda,ul. św. Dominika Savio 1,Ostróda,Savio 1,ul św dominika
133768,PRYWATNA SZKOŁA PODSTAWOWA IM. KRÓLOWEJ JADWIGI W LUBLINIE,2026,Lublin,ul. Aleja Jana Długosza 8a,Lublin,Aleja Jana Długosza 8a,ul
133774,SZKOŁA PODSTAWOWA NR 2,2026,Sławków,ul. generała Władysława Sikorskiego 4,Sławków,Sikorskiego 4,ul generała władysława
133776,SZKOŁA PODSTAWOWA NR 3 IM. MARII SKŁODOWSKIEJ CURIE W GŁUBCZYCACH,2026,Głubczyce,ul. Jana Kochanowskiego 31,Głubczyce,Kochanowskiego 31,ul jana
133783,SZKOŁA PODSTAWOWA NR 1 IM. NOBLISTÓW POLSKICH W DZIERŻONIOWIE,2026,Dzierżoniów,ul. gen. Władysława Sikorskiego 2,Dzierżoniów,Sikorskiego 2,ul gen władysława
133789,SZKOŁA PODSTAWOWA NR 1 IM. MARII SKŁODOWSKIEJ - CURIE,2026,Białogard,ul. Świdwińska 7,Białogard,Świdwińska 7,ul
133792,SZKOŁA PODSTAWOWA NR 5 IM. ORŁA BIAŁEGO Z ODDZIAŁAMI DWUJĘZYCZNYMI,2026,Police,ul. Wojska Polskiego 68,Police,Wojska Polskiego 68,ul
133794,SZKOŁA PODSTAWOWA NR 81 IM. WANDY RUTKIEWICZ,2026,Wrocław,ul. Jastrzębia 26,Wrocław,Jastrzębia 26,ul
133798,SZKOŁA PODSTAWOWA NR 4 IM. GEN. STANISŁAWA MACZKA,2026,Wrocław,ul. Powstańców Śląskich 210-218,Wrocław,Powstańców Śląskich 210-218,ul
133800,SZKOŁA PODSTAWOWA NR 1 IM. NOBLISTÓW POLSKICH W OLSZTYNKU,2026,Olsztynek,ul. Górna 5,Olsztynek,Górna 5,ul
133815,SZKOŁA PODSTAWOWA NR 2 IM. KS.PROF. JÓZEFA TISCHNERA,2026,Szczawnica,ul. Główna 116,Szczawnica,Główna 116,ul
133822,SZKOŁA PODSTAWOWA NR 14 IM. KAWALERÓW ORDERU ORŁA BIAŁEGO,2026,Wrocław,ul. Zachodnia 2,Wrocław,Zachodnia 2,ul
133826,SZKOŁA PODSTAWOWA NR 8 IM. GEN. TADEUSZA „BORA” KOMOROWSKIEGO W GRUDZIĄDZU,2026,Grudziądz,ul. Mikołaja z Ryńska 6,Grudziądz,Mikołaja z Ryńska 6,ul
133827,SZKOŁA PODSTAWOWA NR 17 IM. SYBIRAKÓW W GRUDZIĄDZU,2026,Grudziądz,al. 23 Stycznia 30,Grudziądz,Stycznia 30,al 23
133830,SZKOŁA PODSTAWOWA NR 5 IM. POLSKICH NOBLISTÓW W ŚREMIE,2026,Śrem,ul. Dezyderego Chłapowskiego 12A,Śrem,Chłapowskiego 12A,ul dezyderego
133831,SZKOŁA PODSTAWOWA NR 1 W WĄGROWCU,2026,Wągrowiec,ul. Św. Wojciecha 20,Wągrowiec,Wojciecha 20,ul św
133841,SZKOŁA PODSTAWOWA NR 20 IM. POLSKICH HIMALAISTÓW W ZABRZU,2026,Zabrze,ul. Jana Kasprowicza 7,Zabrze,Kasprowicza 7,ul jana
133843,SZKOŁA PODSTAWOWA NR 29 W ZABRZU,2026,Zabrze,ul. Budowlana 26,Zabrze,Budowlana 26,ul
133846,SZKOŁA PODSTAWOWA NR 33 IM. HENRYKA JORDANA W ZABRZU,2026,Zabrze,ul. Ludwika Zamenhofa 56,Zabrze,Zamenhofa 56,ul ludwika
133853,SZKOŁA PODSTAWOWA NR 27 W ZABRZU W ZESPOLE SZKÓŁ NR 10 IM. PROF. JANUSZA GROSZKOWSKIEGO W ZABRZU,2026,Zabrze,ul. Fryderyka Chopina 26,Zabrze,Chopina 26,ul fryderyka
133856,SZKOŁA PODSTAWOWA NR 37 W ZABRZU W ZESPOLE SZKÓŁ OGÓLNOKSZTAŁCĄCYCH NR 5 W ZABRZU,2026,Zabrze,ul. Marszałka Józefa Piłsudskiego 29,Zabrze,Piłsudskiego 29,ul marszałka józefa
133863,SZKOŁA PODSTAWOWA NR 2 IM. EDWARDA HR. RACZYŃSKIEGO W KOMORNIKACH,2026,Komorniki,ul. Pocztowa 30,Komorniki,Pocztowa 30,ul
133870,SZKOŁA PODSTAWOWA NR 1 IM. JANA PAWŁA II W SZTUMIE,2026,Sztum,ul. Sienkiewicza 54,Sztum,Sienkiewicza 54,ul
133876,SZKOŁA PODSTAWOWA NR 1 W ŁOMŻY,2026,Łomża,ul. Władysława Reymonta 9,Łomża,Reymonta 9,ul władysława
133881,SZKOŁA PODSTAWOWA NR 6 IM. JÓZEFA MACKIEWICZA,2026,Wrocław,ul. Gorlicka 25,Wrocław,Gorlicka 25,ul
133893,SZKOŁA PODSTAWOWA NR 3 IM. JANA PAWŁA II W MIASTKU,2026,Miastko,ul. Wrzosowa 1,Miastko,Wrzosowa 1,ul
133894,SZKOŁA PODSTAWOWA NR 77 IM. TADEUSZA RÓŻEWICZA,2026,Wrocław,ul. św. Jerzego 4,Wrocław,Jerzego 4,ul św
133904,SZKOŁA PODSTAWOWA SPECJALNA W MŁODZIEŻOWYM OŚRODKU SOCJOTERAPII W OŚNIE LUBUSKIM,2026,Ośno Lubuskie,ul. Rzepińska 8,Ośno Lubuskie,Rzepińska 8,ul
133906,SZKOŁA PODSTAWOWA NR 66 IM. ZBIGNIEWA HERBERTA,2026,Wrocław,ul. Edwarda Dembowskiego 39,Wrocław,Dembowskiego 39,ul edwarda
133908,PUBLICZNA SZKOŁA PODSTAWOWA NR 8 IM. MIKOŁAJA KOPERNIKA,2026,Starogard Gdański,al. Jana Pawła II 10,Starogard Gdański,Jana Pawła II 10,al
133909,SZKOŁA PODSTAWOWA NR 2 IM. EWARYSTA ESTKOWSKIEGO W OSTROWIE WIELKOPOLSKIM,2026,Ostrów Wielkopolski,ul. Wrocławska 51,Ostrów Wielkopolski,Wrocławska 51,ul
133910,SZKOŁA PODSTAWOWA NR 4 IM JANUSZA KORCZAKA,2026,Sulejówek,ul. Narutowicza 10,Sulejówek,Narutowicza 10,ul
133915,SZKOŁA PODSTAWOWA NR 24 Z ODDZIAŁAMI DWUJĘZYCZNYMI IM. MIKOŁAJA KOPERNIKA W TARNOWIE,2026,Tarnów,ul. Mikołaja Kopernika 5,Tarnów,Kopernika 5,ul mikołaja
133916,SZKOŁA PODSTAWOWA INTEGRACYJNA NR 25 W ZESPOLE SZKÓŁ OGÓLNOKSZTAŁCĄCYCH NR 6 Z ODDZIAŁAMI INTEGRACYJNYMI W TARNOWIE,2026,Tarnów,ul. Wojciecha Bandrowskiego 4,Tarnów,Bandrowskiego 4,ul wojciecha
133929,SZKOŁA PODSTAWOWA NR 26,2026,Rzeszów,ul. Jarosława Dąbrowskiego 66a,Rzeszów,Dąbrowskiego 66a,ul jarosława
133932,SZKOŁA PODSTAWOWA Z ODDZIAŁAMI MISTRZOSTWA SPORTOWEGO W KWIDZYNIE,2026,Kwidzyn,ul. Mickiewicza 56B,Kwidzyn,Mickiewicza 56B,ul
133940,SZKOŁA PODSTAWOWA NR 2 IM. IGNACEGO JANA PADEREWSKIEGO W SKÓRZEWIE,2026,Skórzewo,ul. Księdza Stanisława Kozierowskiego 1,Skórzewo,Kozierowskiego 1,ul księdza stanisława
133944,"SPOŁECZNA SZKOŁA PODSTAWOWA Z ODDZIAŁAMI INTEGRACYJNYMI ""AMIGO""",2026,Wrocław,ul. Żelazna 36,Wrocław,Żelazna 36,ul
133950,SZKOŁA PODSTAWOWA NR 13 IM. KS. FRANCISZKA BLACHNICKIEGO,2026,Jastrzębie-Zdrój,ul. Katowicka 35,Jastrzębie-Zdrój,Katowicka 35,ul
133960,SZKOŁA PODSTAWOWA NR 2 IM. POWSTAŃCÓW WIELKOPOLSKICH W GRODZISKU WIELKOPOLSKIM,2026,Grodzisk Wielkopolski,ul. 3 Maja 5,Grodzisk Wielkopolski,Maja 5,ul 3
133969,SZKOŁA PODSTAWOWA NR 1 IM. ŚW. KRÓLOWEJ JADWIGI,2026,Jarosław,ul. 3 Maja 30,Jarosław,Maja 30,ul 3
133977,SZKOŁA PODSTAWOWA NR 1 IM. POWSTAŃCÓW ŚLĄSKICH W IMIELINIE,2026,Imielin,ul. Wojciecha Sapety 8,Imielin,Sapety 8,ul wojciecha
133979,SZKOŁA PODSTAWOWA W PSARACH,2026,Psary,ul. Szkolna 32,Psary,Szkolna 32,ul
133982,SZKOŁA PODSTAWOWA NR 2 IM. KS. STANISŁAWA KONARSKIEGO,2026,Jarosław,ul. Jana Pawła II 26,Jarosław,Jana Pawła II 26,ul
134005,SZKOŁA PODSTAWOWA NR 362 IM. PROF. TADEUSZA KOTARBIŃSKIEGO,2026,Warszawa,ul. gen. Waleriana Czumy 8,Warszawa,Czumy 8,ul gen waleriana
134006,SZKOŁA PODSTAWOWA NR 363 IM. PROF. WITOLDA DOROSZEWSKIEGO,2026,Warszawa,ul. Rozłogi 10,Warszawa,Rozłogi 10,ul
134007,SZKOŁA PODSTAWOWA NR 364 IM. KONSTANCJI MARKIEWICZ,2026,Warszawa,ul. Michała Elwira Andriollego 1,Warszawa,Andriollego 1,ul michała elwira
196206,SZKOŁA PODSTAWOWA NR 2 IMIENIA STEFANA KARDYNAŁA WYSZYŃSKIEGO W SUŁKOWICACH,2026,Sułkowice,ul. Sportowa 51,Sułkowice,Sportowa 51,ul
196216,SZKOŁA PODSTAWOWA IM. JANA PAWŁA II W RUDZIŃCU,2026,Rudziniec,ul. Gliwicka 5,Rudziniec,Gliwicka 5,ul
196217,SZKOŁA PODSTAWOWA NR 1 IM. KSIĄŻĄT OLEŚNICKICH W OLEŚNICY,2026,Oleśnica,ul. Armii Krajowej 47,Oleśnica,Armii Krajowej 47,ul
196219,SZKOŁA PODSTAWOWA NR 1 IM. GEN. JANA HENRYKA DĄBROWSKIEGO,2026,Tczew,ul. Czyżykowska 69,Tczew,Czyżykowska 69,ul
196220,SZKOŁA PODSTAWOWA NR 4 IM. KARDYNAŁA STEFANA WYSZYŃSKIEGO W TCZEWIE,2026,Tczew,ul. Władysława Jagiełły 8,Tczew,Władysława Jagiełły 8,ul
196223,SZKOŁA PODSTAWOWA NR 1 W EŁKU,2026,Ełk,ul. Koszykowa 1,Ełk,Koszykowa 1,ul
196228,KATOLICKA SZKOŁA PODSTAWOWA W TCZEWIE,2026,Tczew,ul. Wodna 6,Tczew,Wodna 6,ul
196234,"SZKOŁA PODSTAWOWA NR 22 IM. MARII SKŁODOWSKIEJ-CURIE W DĄBROWIE GÓRNICZEJ, ALEJA ZWYCIĘSTWA 44",2026,Dąbrowa Górnicza,ul. Aleja Zwycięstwa 44,Dąbrowa Górnicza,Aleja Zwycięstwa 44,ul
196243,SZKOŁA PODSTAWOWA SPECJALNA W WIERZBICY,2026,Wierzbica,ul. Sienkiewicza 55,Wierzbica,Sienkiewicza 55,ul
196257,SZKOŁA PODSTAWOWA NR 394,2026,Warszawa,ul. Mahatmy Gandhiego 13,Warszawa,Gandhiego 13,ul mahatmy
196261,SZKOŁA PODSTAWOWA NR 3 IM. PODRÓŻNIKÓW I ODKRYWCÓW POLSKICH W OLEŚNICY,2026,Oleśnica,ul. Jana Kochanowskiego 8,Oleśnica,Kochanowskiego 8,ul jana
196270,SZKOŁA PODSTAWOWA NR 1 IM. ZJAZDU GNIEŹNIEŃSKIEGO,2026,Gniezno,ul. św. Jana 2A,Gniezno,Jana 2A,ul św
196271,SZKOŁA PODSTAWOWA NR 7 IM. POWSTAŃCÓW WIELKOPOLSKICH 1918/1919,2026,Gniezno,ul. Józefa Paczkowskiego 13,Gniezno,Paczkowskiego 13,ul józefa
196272,SZKOŁA PODSTAWOWA NR 10 IM. POLSKICH NOBLISTÓW,2026,Gniezno,ul. Orcholska 18,Gniezno,Orcholska 18,ul
196275,SZKOŁA PODSTAWOWA NR 1 IM. ADAMA MICKIEWICZA W RADLINIE,2026,Radlin,ul. Kornela Makuszyńskiego 17,Radlin,Makuszyńskiego 17,ul kornela
196276,SZKOŁA PODSTAWOWA NR 11 IM. POLSKICH OLIMPIJCZYKÓW W GŁOGOWIE,2026,Głogów,ul. Gwiaździsta 2,Głogów,Gwiaździsta 2,ul
196277,SZKOŁA PODSTAWOWA NR 8 Z ODDZIAŁAMI INTEGRACYJNYMI IM. JANA Z GŁOGOWA W GŁOGOWIE,2026,Głogów,ul. Gustawa Morcinka 2,Głogów,Morcinka 2,ul gustawa
196278,SZKOŁA PODSTAWOWA NR 9 IM. POLSKICH ODKRYWCÓW W GŁOGOWIE,2026,Głogów,ul. Mieczysława Niedziałkowskiego 10,Głogów,Niedziałkowskiego 10,ul mieczysława
196279,SZKOŁA PODSTAWOWA NR 2 W ZIELONEJ GÓRZE,2026,Zielona Góra,ul. Stefana Wyszyńskiego 101,Zielona Góra,Wyszyńskiego 101,ul stefana
196281,SZKOŁA PODSTAWOWA NR 2 IM. JANA PAWŁA II,2026,Pabianice,ul. Tkacka 15,Pabianice,Tkacka 15,ul
196282,SZKOŁA PODSTAWOWA NR 15 IM. ARMII KRAJOWEJ,2026,Pabianice,ul. Marii Skłodowskiej-Curie 5,Pabianice,Skłodowskiej-Curie 5,ul marii
196284,SZKOŁA PODSTAWOWA NR 16 Z ODDZIAŁAMI INTEGRACYJNYMI IM. TADEUSZA KOŚCIUSZKI,2026,Pabianice,ul. 20 Stycznia 9/13,Pabianice,Stycznia 9/13,ul 20
196294,NIEPUBLICZNA SZKOŁA PODSTAWOWA REGENT Z ODDZIAŁAMI DWUJĘZYCZNYMI W ELBLĄGU,2026,Elbląg,ul. Królewiecka 100,Elbląg,Królewiecka 100,ul
196306,SZKOŁA PODSTAWOWA NR 2 W BRUSACH,2026,Brusy,ul. Ogrodowa 2,Brusy,Ogrodowa 2,ul
196309,PUBLICZNA SZKOŁA PODSTAWOWA IM. WŁADYSŁAWA PLANETORZA W CISKU,2026,Cisek,ul. Planetorza 21,Cisek,Planetorza 21,ul
196313,SZKOŁA PODSTAWOWA NR 6 Z ODDZIAŁAMI INTEGRACYJNYMI IM. KRÓLA WŁADYSŁAWA JAGIEŁŁY W SOCHACZEWIE,2026,Sochaczew,ul. Stanisława Staszica 106,Sochaczew,Staszica 106,ul stanisława
196336,SZKOŁA PODSTAWOWA NR 52 W GDYNI,2026,Gdynia,ul. Stefana Okrzei 6,Gdynia,Okrzei 6,ul stefana
196340,SZKOŁA PODSTAWOWA NR 53 W GDYNI,2026,Gdynia,ul. gen. Józefa Hallera 9,Gdynia,Hallera 9,ul gen józefa
196343,SALEZJAŃSKA PUBLICZNA SZKOŁA PODSTAWOWA W ŚWIĘTOCHŁOWICACH,2026,Świętochłowice,ul. Wojska Polskiego 82,Świętochłowice,Wojska Polskiego 82,ul
196358,SZKOŁA PODSTAWOWA NR 1 Z ODDZIAŁAMI INTEGRACYJNYMI IM. BOLESŁAWA CHROBREGO,2026,Kołobrzeg,ul. Portowa 37,Kołobrzeg,Portowa 37,ul
196361,SZKOŁA PODSTAWOWA NR 7 IM. ZJEDNOCZONEJ EUROPY,2026,Kołobrzeg,ul. Okopowa 1 A,Kołobrzeg,Okopowa 1 A,ul
196366,ZESPÓŁ PLACÓWEK OŚWIATOWYCH NR 1 SZKOŁA PODSTAWOWA NR 1 IM. KRÓLA WŁADYSŁAWA JAGIEŁŁY W DZIAŁDOWIE,2026,Działdowo,ul. Władysława Jagiełły 33,Działdowo,Władysława Jagiełły 33,ul
196368,ZESPÓŁ PLACÓWEK OŚWIATOWYCH NR 2 SZKOŁA PODSTAWOWA NR 2 IM. KRÓLOWEJ JADWIGI W DZIAŁDOWIE,2026,Działdowo,ul. Sportowa 1,Działdowo,Sportowa 1,ul
196378,SZKOŁA PODSTAWOWA NR 2 IM. INTEGRACJI EUROPEJSKIEJ W TARNOWIE PODGÓRNYM,2026,Tarnowo Podgórne,ul. Poznańska 118,Tarnowo Podgórne,Poznańska 118,ul
196381,SZKOŁA PODSTAWOWA NR 3 IM.ZBIGNIEWA HERBERTA,2026,Wronki,ul. Polna 5,Wronki,Polna 5,ul
196386,SZKOŁA PODSTAWOWA MISTRZOSTWA SPORTOWEGO CHROBRY GŁOGÓW W GŁOGOWIE,2026,Głogów,ul. Obozowa 3,Głogów,Obozowa 3,ul
196387,SZKOŁA PODSTAWOWA IM. JANA PAWŁA II W WIELOWSI,2026,Wielowieś,ul. Zamkowa 24,Wielowieś,Zamkowa 24,ul
196388,SZKOŁA PODSTAWOWA NR 2 IM.JANA PAWŁA II,2026,Chorzów,ul. Sportowa 4,Chorzów,Sportowa 4,ul
196389,SZKOŁA PODSTAWOWA NR 2 W SIECHNICACH,2026,Siechnice,ul. Osiedlowa 2,Siechnice,Osiedlowa 2,ul
196390,PUBLICZNA SZKOŁA PODSTAWOWA W ZAGWIŹDZIU,2026,Zagwiździe,ul. Lipowa 68,Zagwiździe,Lipowa 68,ul
196393,SZKOŁA PODSTAWOWA GMINY SIERADZ IM. JANA PAWŁA II W SIERADZU,2026,Sieradz,ul. Armii Krajowej 5,Sieradz,Armii Krajowej 5,ul
196395,PUBLICZNA SZKOŁA PODSTAWOWA NR 2 IM. PAPIEŻA JANA PAWŁA II W CHORZELACH,2026,Chorzele,ul. Szkolna 4b,Chorzele,Szkolna 4b,ul
196398,SZKOŁA PODSTAWOWA W ŚWIECY,2026,Świeca,ul. Szkolna 5,Świeca,Szkolna 5,ul
196399,SZKOŁA PODSTAWOWA NR 10 IM.JANA KOCHANOWSKIEGO,2026,Chorzów,ul. Ludwika Urbanowicza 4,Chorzów,Urbanowicza 4,ul ludwika
196400,SZKOŁA PODSTAWOWA NR 18 Z ODDZIAŁAMI INTEGRACYJNYMI,2026,Chorzów,ul. ks. Józefa Czempiela 52,Chorzów,Czempiela 52,ul ks józefa
196401,SZKOŁA PODSTAWOWA NR 38 IM.WOJSKA POLSKIEGO,2026,Chorzów,ul. Śląska 3,Chorzów,Śląska 3,ul
196404,SZKOŁA PODSTAWOWA NR 39 IM.JÓZEFA LOMPY,2026,Chorzów,ul. 11 Listopada 21,Chorzów,Listopada 21,ul 11
196405,SZKOŁA PODSTAWOWA MISTRZOSTWA SPORTOWEGO,2026,Chorzów,ul. Harcerska 2,Chorzów,Harcerska 2,ul
196406,SZKOŁA PODSTAWOWA W RACZYCACH,2026,Raczyce,ul. Odolanowska 80,Raczyce,Odolanowska 80,ul
196412,CENTRUM KSZTAŁCENIA USTAWICZNEGO SZKOŁA PODSTAWOWA DLA DOROSŁYCH W ZIELONEJ GÓRZE,2026,Zielona Góra,ul. Stanisława Staszica 2,Zielona Góra,Staszica 2,ul stanisława
196413,SZKOŁA PODSTAWOWA NR 3 IM. HUGONA KOŁŁĄTAJA W BŁONIU,2026,Błonie,ul. Okrzei 3,Błonie,Okrzei 3,ul
196429,SZKOŁA PODSTAWOWA NR 1 IM. MIKOŁAJA KOPERNIKA W ŚWIEBODZINIE,2026,Świebodzin,ul. gen. Sikorskiego 11,Świebodzin,Sikorskiego 11,ul gen
196430,SZKOŁA PODSTAWOWA NR 3 IM. CZESŁAWA NIEMENA W ŚWIEBODZINIE,2026,Świebodzin,ul. Łużycka 33,Świebodzin,Łużycka 33,ul
196432,SZKOŁA PODSTAWOWA NR 1 IM. TADEUSZA KOŚCIUSZKI W ZAWIERCIU,2026,Zawiercie,ul. 11 Listopada 22,Zawiercie,Listopada 22,ul 11
196434,SZKOŁA PODSTAWOWA NR 3 W ZAWIERCIU,2026,Zawiercie,ul. Marii Skłodowskiej-Curie 16,Zawiercie,Skłodowskiej-Curie 16,ul marii
196439,SZKOŁA PODSTAWOWA NR 7 IM. KONSTANTEGO ILDEFONSA GAŁCZYŃSKIEGO,2026,Częstochowa,ul. dra Ludwika Zamenhofa 23,Częstochowa,Zamenhofa 23,ul dra ludwika
196440,SZKOŁA PODSTAWOWA NR 9 IM. ADAMA MICKIEWICZA,2026,Częstochowa,ul. Jana III Sobieskiego 15,Częstochowa,Jana III Sobieskiego 15,ul
196442,SZKOŁA PODSTAWOWA NR 16 IM.BOLESŁAWA CHROBREGO,2026,Częstochowa,ul. Ułańska 5/7,Częstochowa,Ułańska 5/7,ul
196443,SZKOŁA PODSTAWOWA NR 41 IM. JANA MATEJKI,2026,Częstochowa,ul. Okólna 31/39,Częstochowa,Okólna 31/39,ul
196445,"SZKOŁA PODSTAWOWA NR 7 IM. BATALIONU ""ZOŚKA"" Z ODDZIAŁAMI INTEGRACYJNYMI",2026,Otwock,ul. Majowa 267,Otwock,Majowa 267,ul
196448,SZKOŁA PODSTAWOWA NR 1 IM. KOMISJI EDUKACJI NARODOWEJ W KORONOWIE,2026,Koronowo,ul. Pomianowskiego 16,Koronowo,Pomianowskiego 16,ul
196450,SZKOŁA PODSTAWOWA NR 2 IM. IRENY SENDLEROWEJ,2026,Otwock,ul. Józefa Poniatowskiego 47/49,Otwock,Poniatowskiego 47/49,ul józefa
196452,SZKOŁA PODSTAWOWA NR 4 IM. JÓZEFA PIŁSUDSKIEGO,2026,Otwock,ul. Szkolna 31,Otwock,Szkolna 31,ul
196453,SZKOŁA PODSTAWOWA NR 5 W ANDRYCHOWIE,2026,Andrychów,ul. Stanisława Lenartowicza 26,Andrychów,Lenartowicza 26,ul stanisława
262200,SZKOŁA PODSTAWOWA NR 27 W BYTOMIU,2026,Bytom,ul. Świętochłowicka 12,Bytom,Świętochłowicka 12,ul
262202,SZKOŁA PODSTAWOWA NR 47,2026,Bytom,ul. Tadeusza Kościuszki 4,Bytom,Kościuszki 4,ul tadeusza
262207,SZKOŁA PODSTAWOWA NR 43 IM. JANA KOCHANOWSKIEGO W GDAŃSKU,2026,Gdańsk,ul. Ludwika Beethovena 20,Gdańsk,Beethovena 20,ul ludwika
262208,SZKOŁA PODSTAWOWA NR 67 IM. KAPITANA ŻEGLUGI WIELKIEJ TADEUSZA ZIÓŁKOWSKIEGO,2026,Gdańsk,ul. Żabi Kruk 5,Gdańsk,Żabi Kruk 5,ul
262212,SZKOŁA PODSTAWOWA NR 1 IM. SZARYCH SZEREGÓW W NAMYSŁOWIE,2026,Namysłów,ul. 3 Maja 21,Namysłów,Maja 21,ul 3
262214,ZESPÓŁ SZKÓŁ OGÓLNOKSZTAŁCĄCYCH NR 7 SZKOŁA PODSTAWOWA NR 3 IM. JANA PAWŁA II W GDAŃSKU,2026,Gdańsk,ul. Tytusa Chałubińskiego 13,Gdańsk,Chałubińskiego 13,ul tytusa
262215,ZESPÓŁ SZKÓŁ OGÓLNOKSZTAŁCĄCYCH NR 2 SZKOŁA PODSTAWOWA NR 33 IM. STEFANA BANACHA W GDAŃSKU,2026,Gdańsk,ul. Wodnika 57,Gdańsk,Wodnika 57,ul
262217,SZKOŁA PODSTAWOWA NR 2 Z ODDZIAŁAMI DWUJĘZYCZNYMI IM.MARII SKŁODOWSKIEJ-CURIE W NAMYSŁOWIE,2026,Namysłów,ul. Władysława Stanisława Reymonta 5,Namysłów,Reymonta 5,ul władysława stanisława
262222,SZKOŁA PODSTAWOWA NR 8 IM. MŁODYCH EUROPEJCZYKÓW W SZCZECINIE,2026,Szczecin,ul. Brodnicka 10,Szczecin,Brodnicka 10,ul
262225,SZKOŁA PODSTAWOWA NR 4 IM. ŚW. MAKSYMILIANA MARII KOLBEGO W BŁONIU,2026,Błonie,ul. Narutowicza 4,Błonie,Narutowicza 4,ul
262230,PUBLICZNA SZKOŁA PODSTAWOWA NR 4 IM. OSADNIKÓW WOJSKOWYCH W ŚWIDWINIE,2026,Świdwin,ul. Kombatantów Polskich 6,Świdwin,Kombatantów Polskich 6,ul
262232,SZKOŁA PODSTAWOWA NR 397 IM. BOHATERÓW OLSZYNKI GROCHOWSKIEJ,2026,Warszawa,ul. Afrykańska 11,Warszawa,Afrykańska 11,ul
262233,SZKOŁA PODSTAWOWA NR 21 Z ODDZIAŁAMI INTEGRACYJNYMI W SZCZECINIE,2026,Szczecin,ul. Stanisława Ignacego Witkiewicza 40,Szczecin,Witkiewicza 40,ul stanisława ignacego
262234,SZKOŁA PODSTAWOWA NR 375 IM. ORLĄT LWOWSKICH,2026,Warszawa,ul. gen. Romana Abrahama 10,Warszawa,Abrahama 10,ul gen romana
262236,SZKOŁA PODSTAWOWA NR 374 IM. GEN. PIOTRA SZEMBEKA,2026,Warszawa,ul. Boremlowska 6/12,Warszawa,Boremlowska 6/12,ul
262237,SZKOŁA PODSTAWOWA SPECJALNA NR 19,2026,Szczecin,ul. Jagiellońska 58,Szczecin,Jagiellońska 58,ul
262241,SZKOŁA PODSTAWOWA NR 2 Z ODDZIAŁAMI DWUJĘZYCZNYMI,2026,Szczecin,ul. Eugeniusza Romera 2,Szczecin,Romera 2,ul eugeniusza
262242,SZKOŁA PODSTAWOWA NR 6,2026,Szczecin,ul. Unisławy 26,Szczecin,Unisławy 26,ul
262245,SZKOŁA PODSTAWOWA NR 2 IM.ORŁA BIAŁEGO W CHOTOMOWIE,2026,Chotomów,ul. Partyzantów 23,Chotomów,Partyzantów 23,ul
262247,SZKOŁA PODSTAWOWA NR 1 IM.ADAMA MICKIEWICZA W JASTROWIU,2026,Jastrowie,ul. Kilińszczaków 18,Jastrowie,Kilińszczaków 18,ul
262271,SZKOŁA PODSTAWOWA NR 2 MISTRZOSTWA SPORTOWEGO,2026,Jastrzębie-Zdrój,ul. Staszica 10,Jastrzębie-Zdrój,Staszica 10,ul
262274,SZKOŁA PODSTAWOWA SPECJALNA IM. ŚW. MAŁGORZATY Z KORTONY,2026,Piaseczno,ul. Zgoda 14,Piaseczno,Zgoda 14,ul
262276,PUBLICZNA SZKOŁA PODSTAWOWA SIÓSTR SALEZJANEK IM. MARYI WSPOMOŻYCIELKI W JASTRZĘBIU-ZDROJU,2026,Jastrzębie-Zdrój,ul. Wielkopolska 20,Jastrzębie-Zdrój,Wielkopolska 20,ul
262279,SZKOŁA PODSTAWOWA NR 3 IM. NOBLISTÓW POLSKICH,2026,Pyskowice,ul. Strzelców Bytomskich 1,Pyskowice,Strzelców Bytomskich 1,ul
262281,SZKOŁA PODSTAWOWA NR 2 IM. JANA PAWŁA II,2026,Suchy Las,ul. Poziomkowa 11,Suchy Las,Poziomkowa 11,ul
262284,NIEPUBLICZNA SZKOŁA PODSTAWOWA IM. T. KOŚCIUSZKI W JAROCINIE,2026,Jarocin,ul. Tadeusza Kościuszki 25,Jarocin,Kościuszki 25,ul tadeusza
262294,SZKOŁA PODSTAWOWA NR 4 IM. PRZYJACIÓŁ ZIEMI W ŁAZISKACH GÓRNYCH,2026,Łaziska Górne,ul. Powstańców 6,Łaziska Górne,Powstańców 6,ul
262296,SZKOŁA PODSTAWOWA NR 3 IM. MIKOŁAJA KOPERNIKA W ŁAZISKACH GÓRNYCH,2026,Łaziska Górne,ul. Ogrodowa 48,Łaziska Górne,Ogrodowa 48,ul
262302,SZKOŁA PODSTAWOWA NR 3 IM. INTEGRACJI EUROPEJSKIEJ,2026,Kostrzyn nad Odrą,ul. Mikołaja Reja 32A,Kostrzyn nad Odrą,Reja 32A,ul mikołaja
262303,SZKOŁA PODSTAWOWA NR 2 IM. POLSKICH OLIMPIJCZYKÓW W ŚWIDNICY,2026,Świdnica,ul. Ofiar Oświęcimskich 30,Świdnica,Ofiar Oświęcimskich 30,ul
262304,SZKOŁA PODSTAWOWA SPECJALNA NR 2 W OŁAWIE,2026,Oława,ul. ks. Franciszka Kutrowskiego 31a,Oława,Kutrowskiego 31a,ul ks franciszka
262305,SZKOŁA PODSTAWOWA NR 1 IM. PRZYJACIÓŁ KOSTRZYNA NAD ODRĄ,2026,Kostrzyn nad Odrą,ul. Tadeusza Kościuszki 7,Kostrzyn nad Odrą,Kościuszki 7,ul tadeusza
262307,PUBLICZNA SZKOŁA PODSTAWOWA NR 10 Z ODDZIAŁAMI INTEGRACYJNYMI IM.LOTNIKÓW POLSKICH W RADOMIU,2026,Radom,ul. Długojowska 6,Radom,Długojowska 6,ul
262309,PUBLICZNA SZKOŁA PODSTAWOWA NR 22 Z ODDZIAŁAMI INTEGRACYJNYMI IM. MIKOŁAJA REJA W RADOMIU,2026,Radom,ul. Krucza 2,Radom,Krucza 2,ul
262310,PUBLICZNA SZKOŁA PODSTAWOWA NR 27 IM. SZARYCH SZEREGÓW W RADOMIU,2026,Radom,ul. Sadkowska 16,Radom,Sadkowska 16,ul
262313,SZKOŁA PODSTAWOWA STOWARZYSZENIA ABSOLWENTÓW I LO W PRZEMYŚLU,2026,Przemyśl,ul. Aleksandra Dworskiego 25,Przemyśl,Dworskiego 25,ul aleksandra
262326,SZKOŁA PODSTAWOWA NR 5 IM. ŚW. ALOJZEGO ORIONE W ZDUŃSKIEJ WOLI,2026,Zduńska Wola,ul. Łaska 84,Zduńska Wola,Łaska 84,ul
262327,SZKOŁA PODSTAWOWA NR 12 W ZDUŃSKIEJ WOLI,2026,Zduńska Wola,ul. Wileńska 3,Zduńska Wola,Wileńska 3,ul
262336,"SZKOŁA PODSTAWOWA SPECJALNA IM. ALBERTA EINSTEINA W MŁODZIEŻOWYM OŚRODKU SOCJOTERAPII ""PAŁACYK"" W RADOMIU",2026,Radom,ul. Krychnowicka 1,Radom,Krychnowicka 1,ul
262345,SZKOŁA PODSTAWOWA NR 1 IM. LUDZI POJEDNANIA,2026,Witnica,ul. Plac Wolności 7,Witnica,Plac Wolności 7,ul
262351,SZKOŁA PODSTAWOWA NR 5 IM. HUGONA DIONIZEGO STEINHAUSA,2026,Wrocław,ul. Jelenia 7,Wrocław,Jelenia 7,ul
262353,SZKOŁA PODSTAWOWA NR 1,2026,Góra Kalwaria,ul. Księdza Zygmunta Sajny 16,Góra Kalwaria,Sajny 16,ul księdza zygmunta
262355,SZKOŁA PODSTAWOWA NR 2 IM. MIKOŁAJA KOPERNIKA W POŁCZYNIE-ZDROJU,2026,Połczyn-Zdrój,ul. Mieszka I 19,Połczyn-Zdrój,Mieszka I 19,ul
262358,SZKOŁA PODSTAWOWA MISTRZOSTWA SPORTOWEGO NR 31 W ZESPOLE SZKÓŁ NR 3 W RYBNIKU,2026,Rybnik,ul. Orzepowicka 15a,Rybnik,Orzepowicka 15a,ul
262359,"AKADEMIA SUKCESU ""NASZA SZKOŁA"" SPOŁECZNA SZKOŁA PODSTAWOWA",2026,Czersk,ul. Szkolna 3,Czersk,Szkolna 3,ul
262360,SZKOŁA PODSTAWOWA Z ODDZIAŁAMI INTEGRACYJNYMI NR 36 IM. CZESŁAWA MIŁOSZA W RYBNIKU,2026,Rybnik,ul. Sztolniowa 29b,Rybnik,Sztolniowa 29b,ul
262363,SZKOŁA PODSTAWOWA SPECJALNA PRZY MŁODZIEŻOWYM OŚRODKU SOCJOTERAPII IM. JANUSZA KORCZAKA W ZGORZELCU,2026,Zgorzelec,ul. Powstańców Śląskich 1,Zgorzelec,Powstańców Śląskich 1,ul
262366,SZKOŁA PODSTAWOWA NR 33 W ZESPOLE SZKÓŁ NR 5 IM. JÓZEFA RYMERA W RYBNIKU,2026,Rybnik,ul. Józefa Rymera 24a,Rybnik,Rymera 24a,ul józefa
262367,SZKOŁA PODSTAWOWA Z ODDZIAŁAMI PRZEDSZKOLNYMI NR 23 IM. GÓRNICZEGO STANU W RYBNIKU,2026,Rybnik,ul. Sportowa 52,Rybnik,Sportowa 52,ul
262375,SZKOŁA PODSTAWOWA NR 2 IM. ARKADEGO FIEDLERA W DĘBNIE,2026,Dębno,ul. Jana Pawła II 1,Dębno,Jana Pawła II 1,ul
262382,SZKOŁA PODSTAWOWA NR 4 Z ODDZIAŁAMI DWUJĘZYCZNYMI IM. ŚW.JANA PAWŁA II W TORUNIU,2026,Toruń,ul. Żwirki i Wigury 49,Toruń,Żwirki i Wigury 49,ul
262383,SZKOŁA PODSTAWOWA IM. ŚW. JANA PAWŁA II W ZAWADACH,2026,Zawady,ul. Szkolna 8,Zawady,Szkolna 8,ul
262384,SZKOŁA PODSTAWOWA NR 1 IM. IRENY SENDLER W TOSZKU,2026,Toszek,ul. Dworcowa 27,Toszek,Dworcowa 27,ul
262387,SZKOŁA PODSTAWOWA NR 1,2026,Lębork,ul. Wojska Polskiego 10,Lębork,Wojska Polskiego 10,ul
262388,SZKOŁA PODSTAWOWA NR 7,2026,Lębork,ul. Piotra Skargi 52,Lębork,Skargi 52,ul piotra
262392,SZKOŁA PODSTAWOWA NR 9,2026,Stargard,ul. Popiela 2,Stargard,Popiela 2,ul
262399,SZKOŁA PODSTAWOWA NR 10,2026,Stargard,ul. Szkolna 2,Stargard,Szkolna 2,ul
262401,SZKOŁA PODSTAWOWA NR 32 IM. 100-LECIA NIEPODLEGŁOŚCI POLSKI,2026,Wrocław,ul. Kłodzka 40,Wrocław,Kłodzka 40,ul
262415,SZKOŁA PODSTAWOWA DLA DOROSŁYCH NR 1,2026,Wrocław,ul. Swobodna 73,Wrocław,Swobodna 73,ul
262416,PUBLICZNA SZKOŁA PODSTAWOWA Z ODDZIAŁAMI MISTRZOSTWA SPORTOWEGO NR 2 IM. JANA PAWŁA II W STALOWEJ WOLI,2026,Stalowa Wola,ul. Mickiewicza 15,Stalowa Wola,Mickiewicza 15,ul
262422,SZKOŁA PODSTAWOWA NR 7 W KONINIE,2026,Konin,ul. Kardynała Stefana Wyszyńskiego 44,Konin,Wyszyńskiego 44,ul kardynała stefana
262425,PRYWATNA SZKOŁA PODSTAWOWA PRYMUS,2026,Kościerzyna,ul. Świętojańska 5,Kościerzyna,Świętojańska 5,ul
262428,KATOLICKA SZKOŁA PODSTAWOWA W STALOWEJ WOLI,2026,Stalowa Wola,ul. Podleśna 4,Stalowa Wola,Podleśna 4,ul
262429,SZKOŁA PODSTAWOWA NR 376 IM. BOHATERÓW WESTRPLATTE W WARSZAWIE,2026,Warszawa,"ul. gen. Karola Ziemskiego ""Wachnowskiego"" 22",Warszawa,"Ziemskiego ""Wachnowskiego"" 22",ul gen karola
262437,SZKOŁA PODSTAWOWA NR 2 IM. JANUSZA KORCZAKA W ŁOCHOWIE,2026,Łochów,ul. Stanisława Wyspiańskiego 20,Łochów,Wyspiańskiego 20,ul stanisława
262441,SZKOŁA PODSTAWOWA NR 8 Z ODDZIAŁAMI INTEGRACYJNYMI W MIELCU W ZESPOLE SZKÓŁ OGÓLNOKSZTAŁCĄCYCH NR 1 IM. ST. SIERŻ. PILOTA STANISŁAWA DZIAŁOWSKIEGO W MIELCU,2026,Mielec,ul. Tańskiego 3,Mielec,Tańskiego 3,ul
262444,SZKOŁA PODSTAWOWA NR 2 IM. ŚW. JANA PAWŁA II Z ODDZIAŁAMI INTEGRACYJNYMI W OZORKOWIE,2026,Ozorków,ul. Lotnicza 1,Ozorków,Lotnicza 1,ul
262447,SZKOŁA PODSTAWOWA IM. JÓZEFA PIŁSUDSKIEGO W IDZBARKU,2026,Idzbark,ul. Niepodległości 1,Idzbark,Niepodległości 1,ul
262451,SZKOŁA PODSTAWOWA NR 2 IM. TADEUSZA KOŚCIUSZKI W PROCHOWICACH,2026,Prochowice,ul. Kościuszki 2,Prochowice,Kościuszki 2,ul
262455,SZKOŁA PODSTAWOWA NR 8 IM. STANISŁAWA STASZICA W KATOWICACH,2026,Katowice,ul. Hetmańska 8,Katowice,Hetmańska 8,ul
262456,SZKOŁA PODSTAWOWA NR 28 IM. KAROLA MIARKI W KATOWICACH,2026,Katowice,ul. gen. Zygmunta Waltera Jankego 160,Katowice,Jankego 160,ul gen zygmunta waltera
262459,SZKOŁA PODSTAWOWA NR 38 IM. JÓZEFA NOWARY Z ODDZIAŁAMI INTEGRACYJNYMI W KATOWICACH,2026,Katowice,ul. Jana Wantuły 11,Katowice,Wantuły 11,ul jana
262460,SZKOŁA PODSTAWOWA NR 1 IM. JANUSZA KORCZAKA,2026,Chojna,ul. Szkolna 15,Chojna,Szkolna 15,ul
262464,SZKOŁA PODSTAWOWA NR 3 IM. ŁĄCZNICZEK ARMII KRAJOWEJ W JÓZEFOWIE,2026,Józefów,ul. Leśna 39,Józefów,Leśna 39,ul
262465,SZKOŁA PODSTAWOWA NR 2 IM. MARSZAŁKA JÓZEFA PIŁSUDSKIEGO,2026,Jawor,pl. Bankowy 1,Jawor,Bankowy 1,pl
262481,PUBLICZNA SZKOŁA PODSTAWOWA W RADZIECHOWICACH,2026,Radziechowice Drugie,ul. Szkolna 5,Radziechowice Drugie,Szkolna 5,ul
262483,SZKOŁA PODSTAWOWA NR 40 IM. JERZEGO KUKUCZKI W KATOWICACH,2026,Katowice,ul. Słowiańska 1,Katowice,Słowiańska 1,ul
262484,SZKOŁA PODSTAWOWA NR 54 IM. MARII KONOPNICKIEJ,2026,Katowice,ul. Wojciecha 9,Katowice,Wojciecha 9,ul
262486,SZKOŁA PODSTAWOWA NR 56 IM. HENRYKA SŁAWIKA W KATOWICACH,2026,Katowice,ul. Spółdzielczości 21,Katowice,Spółdzielczości 21,ul
262490,SZKOŁA PODSTAWOWA NR 64 IM.RATOWNIKÓW GÓRSKICH,2026,Katowice,ul. Medyków 27,Katowice,Medyków 27,ul
262499,SZKOŁA PODSTAWOWA NR 1 IM. JANA III SOBIESKIEGO W LIBIĄŻU,2026,Libiąż,ul. Szkolna 1,Libiąż,Szkolna 1,ul
262502,SZKOŁA PODSTAWOWA NR 3 IM. TADEUSZA KOŚCIUSZKI,2026,Przasnysz,ul. Orlika 48,Przasnysz,Orlika 48,ul
262503,NIEPUBLICZNA SZKOŁA PODSTAWOWA SPECJALNA 67 W OLSZTYNIE W NIEPUBLICZNYM MŁODZIEŻOWYM OŚRODKU SOCJOTERAPII 67 W OLSZTYNIE,2026,Olsztyn,ul. Dworcowa 60A,Olsztyn,Dworcowa 60A,ul
262528,SZKOŁA PODSTAWOWA NR 2 Z ODDZIAŁAMI DWUJĘZYCZNYMI IM. KS. STANISŁAWA KONARSKIEGO W ŁUKOWIE,2026,Łuków,ul. Cieszkowizna 13,Łuków,Cieszkowizna 13,ul
262530,SZKOŁA PODSTAWOWA NR 3 IM. JÓZEFA PIŁSUDSKIEGO W ŁUKOWIE,2026,Łuków,ul. Stanisława Konarskiego 3,Łuków,Konarskiego 3,ul stanisława
262533,SZKOŁA PODSTAWOWA NR 1 IM. OBROŃCÓW PRAW CZŁOWIEKA W ZELOWIE,2026,Zelów,ul. Jana Kilińskiego 40,Zelów,Kilińskiego 40,ul jana
262534,SZKOŁA PODSTAWOWA NR 1 IM. KSIĘCIA HENRYKA BRODATEGO W TRZEBNICY,2026,Trzebnica,ul. Świętej Jadwigi 10,Trzebnica,Jadwigi 10,ul świętej
262537,SZKOŁA PODSTAWOWA NR 2 IM. DR KAZIMIERZA KARASIEWICZA W TUCHOLI,2026,Tuchola,ul. Piastowska 23,Tuchola,Piastowska 23,ul
262553,SZKOŁA PODSTAWOWA NR 2 IM. RADY EUROPY W KOSTRZYNIE,2026,Kostrzyn,ul. Powstańców Wielkopolskich 28a,Kostrzyn,Powstańców Wielkopolskich 28a,ul
262554,SZKOŁA PODSTAWOWA NR 2 IM. STANISŁAWA STASZICA W ŻYWCU,2026,Żywiec,ul. Zielona 1,Żywiec,Zielona 1,ul
262560,"NIEPUBLICZNA SZKOŁA PODSTAWOWA ""KRAINA UŚMIECHU"" W RZESZOWIE",2026,Rzeszów,ul. Klonowa 10A,Rzeszów,Klonowa 10A,ul
262563,SALEZJAŃSKA NIEPUBLICZNA SZKOŁA PODSTAWOWA IM. BŁ. KS. AUGUSTA CZARTORYSKIEGO W PRZEMYŚLU,2026,Przemyśl,ul. Plac Błogosławionego Księdza Augusta Czartoryskiego 2,Przemyśl,Plac Błogosławionego Księdza Augusta Czartoryskiego 2,ul
262591,SZKOŁA PODSTAWOWA NR 2 Z ODDZIAŁAMI SPORTOWYMI IM. SZARYCH SZEREGÓW W GORZOWIE WLKP.,2026,Gorzów Wielkopolski,ul. Ludwika Zamenhofa 2a,Gorzów Wielkopolski,Zamenhofa 2a,ul ludwika
262592,SZKOŁA PODSTAWOWA NR 3 IM MIKOŁAJA KOPERNIKA W ŚWIECIU,2026,Świecie,ul. Ogrodowa 1c,Świecie,Ogrodowa 1c,ul
262594,SZKOŁA PODSTAWOWA NR 1 IM. ŚW. WOJCIECHA,2026,Inowrocław,ul. Toruńska 46-48,Inowrocław,Toruńska 46-48,ul
262596,SZKOŁA PODSTAWOWA NR 2 IM. ZIEMI ŚWIECKIEJ W ŚWIECIU,2026,Świecie,ul. Chmielniki 5,Świecie,Chmielniki 5,ul
262598,SZKOŁA PODSTAWOWA NR 7 W GORZOWIE WLKP.,2026,Gorzów Wielkopolski,ul. Ewarysta Estkowskiego 3,Gorzów Wielkopolski,Estkowskiego 3,ul ewarysta
262604,SZKOŁA PODSTAWOWA NR 5 W TRZEBINI,2026,Trzebinia,ul. Jana III Sobieskiego 25,Trzebinia,Jana III Sobieskiego 25,ul
262607,SZKOŁA PODSTAWOWA NR 8 W CHOJNICACH,2026,Chojnice,ul. Młodzieżowa 44,Chojnice,Młodzieżowa 44,ul
262608,PUBLICZNA SZKOŁA PODSTAWOWA NR 1 Z ODDZIAŁAMI DWUJĘZYCZNYMI,2026,Mogielnica,ul. Nowomiejska 1,Mogielnica,Nowomiejska 1,ul
262616,SZKOŁA PODSTAWOWA NR 5 IM. DRA JÓZEFA KRZYMIŃSKIEGO,2026,Inowrocław,ul. Stanisława Kiełbasiewicza 7,Inowrocław,Kiełbasiewicza 7,ul stanisława
262627,SZKOŁA PODSTAWOWA NR 3 IM. POLSKICH NOBLISTÓW W SWARZĘDZU,2026,Swarzędz,os. Czwartaków 1,Swarzędz,Czwartaków 1,os
262628,SZKOŁA PODSTAWOWA NR 1 IM. JANA PAWŁA II W SOCHACZEWIE,2026,Sochaczew,ul. Prezydenta Ryszarda Kaczorowskiego 7,Sochaczew,Kaczorowskiego 7,ul prezydenta ryszarda
262629,SZKOŁA PODSTAWOWA NR 8 IM. 4. KUJAWSKIEGO PUŁKU ARTYLERII LEKKIEJ,2026,Inowrocław,ul. Władysława Łokietka 3,Inowrocław,Władysława Łokietka 3,ul
262631,SZKOŁA PODSTAWOWA NR 1 IM. MIKOŁAJA KOPERNIKA W ZALASEWIE,2026,Zalasewo,ul. Planetarna 7,Zalasewo,Planetarna 7,ul
262633,SZKOŁA PODSTAWOWA NR 2 IM. KRÓLOWEJ JADWIGI W SWARZĘDZU,2026,Swarzędz,ul. Polna 21,Swarzędz,Polna 21,ul
262634,SPOŁECZNA SZKOŁA PODSTAWOWA DOBRA SZKOŁA,2026,Rataje,ul. Chodzieska 9,Rataje,Chodzieska 9,ul
262650,KATOLICKA SZKOŁA PODSTAWOWA IM. ŚW. STANISŁAWA KOSTKI W POZNANIU,2026,Poznań,ul. Głogowska 92,Poznań,Głogowska 92,ul
262653,SZKOŁA PODSTAWOWA NR 14 Z ODDZIAŁAMI DWUJĘZYCZNYMI IM.ZYGMUNTA WILKOŃSKIEGO,2026,Inowrocław,ul. Ignacego Daszyńskiego 29,Inowrocław,Daszyńskiego 29,ul ignacego
262659,SZKOŁA PODSTAWOWA NR 2 IM. JANA PAWŁA II,2026,Wieliszew,ul. Janusza Kusocińskiego 1,Wieliszew,Kusocińskiego 1,ul janusza
262665,PUBLICZNA SZKOŁA PODSTAWOWA NR 1 IM. KRÓLOWEJ JADWIGI W BRZESKU,2026,Brzesko,ul. Bartosza Głowackiego 57,Brzesko,Głowackiego 57,ul bartosza
262672,SZKOŁA PODSTAWOWA NR 4 IM. ADAMA MICKIEWICZA W JAWORZNIE,2026,Jaworzno,ul. Karola Olszewskiego 76,Jaworzno,Olszewskiego 76,ul karola
262674,SZKOŁA PODSTAWOWA IM. WŁADYSŁAWA STANISŁAWA REYMONTA W KŁODZKU,2026,Kłodzko,ul. Romualda Traugutta 1a,Kłodzko,Traugutta 1a,ul romualda
262682,SZKOŁA PODSTAWOWA NR 2 IM. JULIANA FAŁATA W BYSTREJ Z ODDZIAŁAMI SPORTOWYMI,2026,Bystra,ul. Szczyrkowska 2,Bystra,Szczyrkowska 2,ul
262683,SZKOŁA PODSTAWOWA NR 39 IM. STANISŁAWA MONIUSZKI W KIELCACH,2026,Kielce,ul. Marii Krzyżanowskiej 8,Kielce,Krzyżanowskiej 8,ul marii
262687,SZKOŁA PODSTAWOWA NR 2 IM. KRÓLOWEJ JADWIGI W WILKOWICACH Z ODDZIAŁAMI SPORTOWYMI,2026,Wilkowice,ul. Szkolna 8,Wilkowice,Szkolna 8,ul
262688,SZKOŁA PODSTAWOWA NR 1 IM. KS. STANISŁAWA KONARSKIEGO W LUBLINIE,2026,Lublin,ul. Władysława Kunickiego 116,Lublin,Kunickiego 116,ul władysława
262689,SZKOŁA PODSTAWOWA NR 12 W JAWORZNIE,2026,Jaworzno,ul. Chropaczówka 101,Jaworzno,Chropaczówka 101,ul
262693,SZKOŁA PODSTAWOWA IM. KOMISJI EDUKACJI NARODOWEJ W ZABORZU,2026,Zaborze,ul. Jezioro 2,Zaborze,Jezioro 2,ul
262703,SZKOŁA PODSTAWOWA NR 4 IM. MARII DĄBROWSKIEJ W KALISZU,2026,Kalisz,ul. Polna 17,Kalisz,Polna 17,ul
262704,SZKOŁA PODSTAWOWA NR 13 W JAWORZNIE,2026,Jaworzno,ul. Urzędnicza 11,Jaworzno,Urzędnicza 11,ul
262708,SZKOŁA PODSTAWOWA NR 17 IM. POLSKICH NOBLISTÓW W JAWORZNIE,2026,Jaworzno,ul. Starowiejska 15,Jaworzno,Starowiejska 15,ul
262716,SZKOŁA PODSTAWOWA NR 24 IM. JANA PAWŁA II W KALISZU,2026,Kalisz,ul. Prymasa Stefana Wyszyńskiego 22-24,Kalisz,Wyszyńskiego 22-24,ul prymasa stefana
262720,SZKOŁA PODSTAWOWA NR 21 IM. KAZIMIERZA WIELKIEGO W JAWORZNIE,2026,Jaworzno,ul. Zwycięstwa 30,Jaworzno,Zwycięstwa 30,ul
262724,SZKOŁA PODSTAWOWA NR 2 IM. ADAMA MICKIEWICZA W DRAWSKU POMORSKIM,2026,Drawsko Pomorskie,ul. Dworcowa 2 a,Drawsko Pomorskie,Dworcowa 2 a,ul
262736,SZKOŁA PODSTAWOWA NR 1 IM. JANA DOBROGOSTA KRASIŃSKIEGO W WĘGROWIE,2026,Węgrów,ul. Karola Szamoty 35,Węgrów,Szamoty 35,ul karola
262739,SZKOŁA PODSTAWOWA NR 2 IM. JULIUSZA SŁOWACKIEGO W STARYM SĄCZU,2026,Stary Sącz,ul. Daszyńskiego 23,Stary Sącz,Daszyńskiego 23,ul
262763,SZKOŁA PODSTAWOWA NR 2 IM. CZESŁAWA NIEMENA W KORFANTOWIE,2026,Korfantów,ul. Adama Mickiewicza 1,Korfantów,Mickiewicza 1,ul adama
262764,SZKOŁA PODSTAWOWA NR 2 W STRZELCACH KRAJEŃSKICH,2026,Strzelce Krajeńskie,ul. Juliusza Słowackiego 14,Strzelce Krajeńskie,Słowackiego 14,ul juliusza
262765,SZKOŁA PODSTAWOWA NR 8 IM. KRÓLOWEJ ZOFII W SANOKU,2026,Sanok,ul. Jana III Sobieskiego 5,Sanok,Jana III Sobieskiego 5,ul
262788,SZKOŁA PODSTAWOWA NR 1 IM. MIKOŁAJA KOPERNIKA W MILICZU,2026,Milicz,ul. Armii Krajowej 7,Milicz,Armii Krajowej 7,ul
262800,SZKOŁA PODSTAWOWA MISTRZOSTWA SPORTOWEGO JUNIOR WE WROCŁAWIU,2026,Wrocław,ul. Kwidzyńska 5,Wrocław,Kwidzyńska 5,ul
262804,SZKOŁA PODSTAWOWA NR 5 W PUŁAWACH,2026,Puławy,ul. Zygmunta Wróblewskiego 11,Puławy,Wróblewskiego 11,ul zygmunta
262805,SZKOŁA PODSTAWOWA NR 3 IM. JANA PAWŁA II WE WSCHOWIE,2026,Wschowa,ul. Zacisze 1,Wschowa,Zacisze 1,ul
262836,SZKOŁA PODSTAWOWA MISTRZOSTWA SPORTOWEGO Z ODDZIAŁAMI DWUJĘZYCZNYMI NR 9,2026,Police,ul. Siedlecka 6,Police,Siedlecka 6,ul
262839,SZKOŁA PODSTAWOWA NR 2 IM. KARD. K. WOJTYŁY W CZAŃCU,2026,Czaniec,ul. kard. Karola Wojtyły 119,Czaniec,Wojtyły 119,ul kard karola
262870,SZKOŁA PODSTAWOWA NR 23 IM. LOTNIKÓW POLSKICH W KOSZALINIE,2026,Koszalin,ul. Sportowa 19,Koszalin,Sportowa 19,ul
262873,SZKOŁA PODSTAWOWA IM. BOHATERÓW BITWY WARSZAWSKIEJ 1920 R. W STANISŁAWOWIE PIERWSZYM,2026,Stanisławów Pierwszy,ul. Jana Kazimierza 291,Stanisławów Pierwszy,Jana Kazimierza 291,ul
262893,SPECJALNA SZKOŁA PODSTAWOWA IM. ŚW. BRATA ALBERTA,2026,Szczecin,ul. Świerkowa 7,Szczecin,Świerkowa 7,ul
262913,SPOŁECZNA SZKOŁA PODSTAWOWA MILANOWSKIEGO TOWARZYSTWA EDUKACYJNEGO,2026,Milanówek,ul. Brzozowa 1a,Milanówek,Brzozowa 1a,ul
262919,"NIEPUBLICZNA SZKOŁA PODSTAWOWA ""KLASYK""",2026,Puławy,ul. Czartoryskich 8,Puławy,Czartoryskich 8,ul
262922,SZKOŁA PODSTAWOWA NR 1 W BYTOWIE,2026,Bytów,ul. gen. Ludwika Mierosławskiego 7,Bytów,Mierosławskiego 7,ul gen ludwika
262923,SZKOŁA PODSTAWOWA NR 4 IM. STEFANA KARDYNAŁA WYSZYŃSKIEGO,2026,Zielonka,ul. Waleriana Łukasińskiego 1/3,Zielonka,Łukasińskiego 1/3,ul waleriana
262925,KATOLICKA SZKOŁA PODSTAWOWA IM. MARYI Z NAZARETU W KIELCACH,2026,Kielce,ul. Marszałkowska 40,Kielce,Marszałkowska 40,ul
262927,SZKOŁA PODSTAWOWA SZCZECIŃSKIEJ FUNDACJI TALENT-PROMOCJA-POSTĘP,2026,Szczecin,ul. Taborowa 7,Szczecin,Taborowa 7,ul
262929,SZKOŁA PODSTAWOWA NR 3 IM. DRA JÓZEFA OSTASZEWSKIEGO W MŁAWIE,2026,Mława,ul. Henryka Pogorzelskiego 4,Mława,Pogorzelskiego 4,ul henryka
262935,SZKOŁA PODSTAWOWA ŚW. TOMASZA Z AKWINU,2026,Józefów,ul. Piotra Skargi 13,Józefów,Skargi 13,ul piotra
262959,NIEPUBLICZNA SZKOŁA PODSTAWOWA PROEDUCADO,2026,Wołomin,ul. Oleńki 9,Wołomin,Oleńki 9,ul
262961,SZKOŁA PODSTAWOWA NR 1 IM. ŚW.JANA PAWŁA II W KŁODAWIE,2026,Kłodawa,ul. Kościelna 15,Kłodawa,Kościelna 15,ul
262962,SZKOŁA PODSTAWOWA NR 2 IM. PROF. GERARDA LABUDY,2026,Luzino,ul. Mickiewicza 22,Luzino,Mickiewicza 22,ul
262973,SZKOŁA PODSTAWOWA MISTRZOSTWA SPORTOWEGO,2026,Ostrowiec Świętokrzyski,ul. Stefana Żeromskiego 5,Ostrowiec Świętokrzyski,Żeromskiego 5,ul stefana
262977,SALEZJAŃSKA PUBLICZNA SZKOŁA PODSTAWOWA IM. ŚW. DOMINIKA SAVIO,2026,Zabrze,ul. płk. Franciszka Niepokólczyckiego 31,Zabrze,Niepokólczyckiego 31,ul płk franciszka
262986,NIEPUBLICZNA SPECJALNA SZKOŁA PODSTAWOWA W OSTROWCU ŚWIĘTOKRZYSKIM,2026,Ostrowiec Świętokrzyski,ul. Bałtowska 289,Ostrowiec Świętokrzyski,Bałtowska 289,ul
262987,SZKOŁA PODSTAWOWA NR 3 IM. JANA PAWŁA II W SYCOWIE,2026,Syców,ul. Kościelna 3,Syców,Kościelna 3,ul
262994,SZKOŁA PODSTAWOWA NR 2 W PROSZOWICACH IM. 6 BRYGADY POWIETRZNODESANTOWEJ GEN.BRYG. S. SOSABOWSKIEGO,2026,Proszowice,ul. Mikołaja Kopernika 7,Proszowice,Kopernika 7,ul mikołaja
262997,KATOLICKA SZKOŁA PODSTAWOWA IM. JANA PAWŁA II W SKAWINIE,2026,Skawina,ul. Węgierska 3 A,Skawina,Węgierska 3 A,ul
263021,KATOLICKA SZKOŁA PODSTAWOWA IM. ŚW. JANA PAWŁA II W GDYNI,2026,Gdynia,pl. św. Andrzeja 2,Gdynia,Andrzeja 2,pl św
263024,PUBLICZNA SZKOŁA PODSTAWOWA NR 3 IM. ŻOŁNIERZA POLSKIEGO,2026,Strzelin,pl. 1 Maja 10,Strzelin,Maja 10,pl 1
263028,GMINNA SZKOŁA PODSTAWOWA IM. POLSKICH NOBLISTÓW W OŁAWIE,2026,Oława,ul. Lwowska 10,Oława,Lwowska 10,ul
263029,SZKOŁA PODSTAWOWA NR 4 W CZELADZI,2026,Czeladź,ul. Katowicka 42,Czeladź,Katowicka 42,ul
263032,SZKOŁA PODSTAWOWA NR 5 W CZELADZI,2026,Czeladź,ul. Lwowska 2,Czeladź,Lwowska 2,ul
263046,SZKOŁA MISTRZOSTWA SPORTOWEGO IM. KAZIMIERZA GÓRSKIEGO W ŁODZI - SZKOŁA PODSTAWOWA,2026,Łódź,ul. Milionowa 12,Łódź,Milionowa 12,ul
263047,SZKOŁA PODSTAWOWA NR 365 IM.WOJCIECHA ZAWADZKIEGO,2026,Warszawa,ul. Płużnicka 4,Warszawa,Płużnicka 4,ul
263050,SZKOŁA PODSTAWOWA NR 367 IM. POLSKICH NOBLISTÓW,2026,Warszawa,ul. Przytulna 3,Warszawa,Przytulna 3,ul
263055,SZKOŁA PODSTAWOWA NR 5 IM. KSIĘCIA MAZOWIECKIEGO SIEMOWITA IV,2026,Gostynin,ul. Polna 36,Gostynin,Polna 36,ul
263066,SZKOŁA PODSTAWOWA NR 6 IM. POLSKICH OLIMPIJCZYKÓW W OŁAWIE,2026,Oława,ul. Sportowa 6,Oława,Sportowa 6,ul
263072,NIEPUBLICZNA SZKOŁA PODSTAWOWA,2026,Lubsko,ul. Chopina 10,Lubsko,Chopina 10,ul
263073,SZKOŁA PODSTAWOWA SPECJALNA W MSZANIE DOLNEJ,2026,Mszana Dolna,ul. Fabryczna 3,Mszana Dolna,Fabryczna 3,ul
263081,"PRYWATNA SZKOŁA PODSTAWOWA ""NAJA SZKOŁA""",2026,Wejherowo,ul. Przemysłowa 20A,Wejherowo,Przemysłowa 20A,ul
263088,SZKOŁA PODSTAWOWA NR 1 IM. KOMISJI EDUKACJI NARODOWEJ W SIEDLCACH,2026,Siedlce,ul. Stanisława Konarskiego 5,Siedlce,Konarskiego 5,ul stanisława
263091,SZKOŁA PODSTAWOWA NR 2 IM.GABRIELA NARUTOWICZA W SIEDLCACH,2026,Siedlce,ul. Szkolna 2,Siedlce,Szkolna 2,ul
263094,SZKOŁA PODSTAWOWA NR 3 Z ODDZIAŁAMI INTEGRACYJNYMI IM. TADEUSZA KOŚCIUSZKI W SIEDLCACH,2026,Siedlce,ul. Sekulska 10,Siedlce,Sekulska 10,ul
263096,SZKOŁA PODSTAWOWA NR 8 IM. STEFANA KARDYNAŁA WYSZYŃSKIEGO W SIEDLCACH,2026,Siedlce,ul. Pescantina 2,Siedlce,Pescantina 2,ul
263100,SZKOŁA PODSTAWOWA IM. MARII SKŁODOWSKIEJ-CURIE W WILCZYCACH,2026,Wilczyce,ul. Wrocławska 15,Wilczyce,Wrocławska 15,ul
263110,NIEPUBLICZNA OŚMIOLETNIA SZKOŁA PODSTAWOWA Z ODDZIAŁAMI PRZYSPOSABIAJĄCYMI DO PRACY W SIEDLCACH,2026,Siedlce,ul. Szkolna 33,Siedlce,Szkolna 33,ul
263122,SZKOŁA PODSTAWOWA MISTRZOSTWA SPORTOWEGO IM. DR. JERZEGO KRZYSZTOFOWICZA W SŁUPSKU,2026,Słupsk,ul. Koszalińska 9,Słupsk,Koszalińska 9,ul
263134,SZKOŁA PODSTAWOWA NR 5 IM. LEONIDA TELIGI,2026,Grodzisk Mazowiecki,ul. L. Zondka 6,Grodzisk Mazowiecki,Zondka 6,ul l
263147,NIEPUBLICZNA SZKOŁA PODSTAWOWA W ADAMOWIŹNIE,2026,Adamowizna,ul. Osowiecka 98D,Adamowizna,Osowiecka 98D,ul
263163,KATOLICKA SZKOŁA PODSTAWOWA IM. ŚW. JANA PAWŁA II,2026,Kartuzy,ul. Rynek 6,Kartuzy,Rynek 6,ul
263203,SZKOŁA PODSTAWOWA NR 5 W JĘDRZEJOWIE,2026,Jędrzejów,ul. Ogrodowa 10,Jędrzejów,Ogrodowa 10,ul
263205,SZKOŁA PODSTAWOWA SPECJALNA MŁODZIEŻOWY OŚRODEK SOCJOTERAPII IM. IRENY SENDLEROWEJ W BIAŁEJ,2026,Biała,ul. Parkowa 1,Biała,Parkowa 1,ul
263226,SZKOŁA PODSTAWOWA NR 5 W PSZCZYNIE W ZESPOLE SZKÓŁ NR 1 W PSZCZYNIE,2026,Pszczyna,ul. Kazimierza Wielkiego 5,Pszczyna,Kazimierza Wielkiego 5,ul
263233,PUBLICZNA SZKOŁA PODSTAWOWA IM. KAROLA WOJTYŁY W NOWYM MIEŚCIE NAD PILICĄ,2026,Nowe Miasto nad Pilicą,ul. Ogrodowa 16,Nowe Miasto nad Pilicą,Ogrodowa 16,ul
263238,SZKOŁA PODSTAWOWA IM. JANUSZA KORCZAKA W PYRZYCACH,2026,Pyrzyce,ul. Tadeusza Rejtana 6,Pyrzyce,Rejtana 6,ul tadeusza
263242,SZKOŁA PODSTAWOWA NR 3 IM. ZIEMI WARMIŃSKIEJ W BARCZEWIE,2026,Barczewo,ul. Północna 14,Barczewo,Północna 14,ul
263246,SZKOŁA PODSTAWOWA SPECJALNA PRZY MŁODZIEŻOWYM OŚRODKU SOCJOTERAPII W SOLCU NAD WISŁĄ,2026,Solec nad Wisłą,ul. Wczasowa 44,Solec nad Wisłą,Wczasowa 44,ul
263250,SZKOŁA PODSTAWOWA Z ODDZIAŁAMI INTEGRACYJNYMI NR 2 IM. GUSTAWA MORCINKA W LĘDZINACH,2026,Lędziny,ul. Hołdunowska 72,Lędziny,Hołdunowska 72,ul
263262,AKADEMICKA SZKOŁA PODSTAWOWA NR 1 IM. OBROŃCÓW WISŁY 1920 ROKU WE WŁOCŁAWKU,2026,Włocławek,ul. Stefana Okrzei 94 i 94A,Włocławek,Okrzei 94 i 94A,ul stefana
263267,SZKOŁA PODSTAWOWA W DĄBRÓWCE,2026,Dąbrówka Tczewska,ul. Długa 4,Dąbrówka Tczewska,Długa 4,ul
263269,AKADEMICKA SZKOŁA PODSTAWOWA MISTRZOSTWA SPORTOWEGO NR 1 IM. OBROŃCÓW WISŁY 1920 ROKU WE WŁOCŁAWKU,2026,Włocławek,ul. Stefana Okrzei 94a,Włocławek,Okrzei 94a,ul stefana
263273,SZKOŁA PODSTAWOWA NR 2 IM. MIKOŁAJA KOPERNIKA W WYSOKIEM MAZOWIECKIEM,2026,Wysokie Mazowieckie,ul. Ludowa 5,Wysokie Mazowieckie,Ludowa 5,ul
263283,SZKOŁA PODSTAWOWA NR 8 IM. JANUSZA KUSOCIŃSKIEGO,2026,Czechowice-Dziedzice,ul. Targowa 6,Czechowice-Dziedzice,Targowa 6,ul
263289,"SZKOŁA PODSTAWOWA NR 24 W ZESPOLE SZKÓŁ WŁOCŁAWSKIEGO STOWARZYSZENIA OŚWIATOWEGO ""COGITO"" WE WŁOCŁAWKU",2026,Włocławek,ul. Kruszyńska 1B,Włocławek,Kruszyńska 1B,ul
263297,SZKOŁA PODSTAWOWA NR 1 IM. JANA PAWŁA II W SULĘCINIE,2026,Sulęcin,ul. Park Bankowy 7,Sulęcin,Park Bankowy 7,ul
263336,SZKOŁA PODSTAWOWA IM. JANUSZA KORCZAKA W LICZU,2026,Licze,ul. Lipowa 4,Licze,Lipowa 4,ul
263348,SZKOŁA PODSTAWOWA NR 6 IM. IGNACEGO ŁUKASIEWICZA,2026,Czechowice-Dziedzice,ul. Ignacego Łukasiewicza 37,Czechowice-Dziedzice,Łukasiewicza 37,ul ignacego
263368,SZKOŁA PODSTAWOWA CENTRUM EDUKACJI MONTESSORI W BYDGOSZCZY,2026,Bydgoszcz,ul. Dworcowa 81B,Bydgoszcz,Dworcowa 81B,ul
263385,SZKOŁA PODSTAWOWA SPECJALNA W CZAPLINKU,2026,Czaplinek,ul. Pławieńska 4-6,Czaplinek,Pławieńska 4-6,ul
263392,SZKOŁA PODSTAWOWA IM. GEN. J. H. DĄBROWSKIEGO W NOWYM MIEŚCIE NAD WARTĄ,2026,Nowe Miasto nad Wartą,ul. Szkolna 1,Nowe Miasto nad Wartą,Szkolna 1,ul
263411,SZKOŁA PODSTAWOWA NR 3 Z ODDZIAŁAMI DWUJĘZYCZNYMI I SPORTOWYMI IM. JANUSZA KUSOCIŃSKIEGO W ŁOMIANKACH,2026,Łomianki,ul. Stanisława Staszica 2,Łomianki,Staszica 2,ul stanisława
263414,SZKOŁA PODSTAWOWA DLA DOROSŁYCH,2026,Siemianowice Śląskie,ul. Witolda Budryka 2,Siemianowice Śląskie,Budryka 2,ul witolda
263458,KATOLICKA SZKOŁA PODSTAWOWA ŚWIĘTEJ RODZINY Z NAZARETU - ZIARNO,2026,Słupsk,ul. Józefa Piłsudskiego 20,Słupsk,Piłsudskiego 20,ul józefa
263467,KATOLICKA SZKOŁA PODSTAWOWA W PISZU IM. KARDYNAŁA STEFANA WYSZYŃSKIEGO,2026,Pisz,pl. Ignacego Daszyńskiego 9A,Pisz,Daszyńskiego 9A,pl ignacego
263468,SZKOŁA PODSTAWOWA NR 10 IM. KS. J.TWARDOWSKIEGO W CZECHOWICACH-DZIEDZICACH,2026,Czechowice-Dziedzice,ul. Polna 33,Czechowice-Dziedzice,Polna 33,ul
263477,SZKOŁA PODSTAWOWA SPORTOWA NR 33,2026,Rzeszów,ul. Hetmańska 38,Rzeszów,Hetmańska 38,ul
263497,PUBLICZNA SZKOŁA PODSTAWOWA STOWARZYSZENIA RODZIN KATOLICKICH ARCHIDIECEZJI KATOWICKIEJ,2026,Wodzisław Śląski,ul. Radlińska 52,Wodzisław Śląski,Radlińska 52,ul
263499,SPOŁECZNA SZKOŁA PODSTAWOWA SPOŁECZNEGO TOWARZYSTWA OŚWIATOWEGO IM. JANA NOWAKA JEZIORAŃSKIEGO,2026,Człuchów,ul. Sobieskiego 7a,Człuchów,Sobieskiego 7a,ul
263509,KATOLICKA SZKOŁA PODSTAWOWA IM. ŚW.BRATA ALBERTA W CZECHOWICACH-DZIEDZICACH,2026,Czechowice-Dziedzice,ul. Żwirki i Wigury 6,Czechowice-Dziedzice,Żwirki i Wigury 6,ul
263522,SZKOŁA PODSTAWOWA TOWARZYSTWA SALEZJAŃSKIEGO IM. KS. IGNACEGO BŁAŻEWSKIEGO W KNIEWIE,2026,Kniewo,ul. Aleja Lipowa 117,Kniewo,Aleja Lipowa 117,ul
263540,SZKOŁA PODSTAWOWA IM. ADAMA MICKIEWICZA W KOCIERZU MOSZCZANICKIM,2026,Kocierz Moszczanicki,ul. Beskidzka 56,Kocierz Moszczanicki,Beskidzka 56,ul
263543,SZKOŁA PODSTAWOWA IM. GÓRALI ŻYWIECKICH W OKRAJNIKU,2026,Łękawica,ul. Żywiecka 82,Łękawica,Żywiecka 82,ul
263571,SZKOŁA PODSTAWOWA NR 44 MISTRZOSTWA SPORTOWEGO W BYDGOSZCZY,2026,Bydgoszcz,"ul. gen. Augusta Emila Fieldorfa ""Nila"" 13",Bydgoszcz,"Fieldorfa ""Nila"" 13",ul gen augusta emila
263574,SZKOŁA MISTRZOSTWA SPORTOWEGO RADZIONKÓW NIEPUBLICZNA SZKOŁA PODSTAWOWA,2026,Radzionków,ul. ks. dr. Józefa Knosały 113,Radzionków,Knosały 113,ul ks dr józefa
263577,SZKOŁA PODSTAWOWA SPECJALNA NR 14 W PUŁAWACH,2026,Puławy,ul. Hugona Kołłątaja 1,Puławy,Kołłątaja 1,ul hugona
263579,PUBLICZNA SZKOŁA PODSTAWOWA TOWARZYSTWA SALEZJAŃSKIEGO IM. ŚW. JANA BOSKO,2026,Aleksandrów Kujawski,ul. Fryderyka Chopina 24,Aleksandrów Kujawski,Chopina 24,ul fryderyka
263690,SZKOŁA PODSTAWOWA SPECJALNA IMIENIA ŚWIĘTEGO JANA BOSKO W AUGUSTOWIE,2026,Augustów,ul. Jeziorna 31,Augustów,Jeziorna 31,ul
263713,KOLEGIUM EUROPEJSKIE - EUROPEJSKA NIEPUBLICZNA SZKOŁA PODSTAWOWA W KRAKOWIE Z ODDZIAŁAMI DWUJĘZYCZNYMI,2026,Kraków,ul. Ślusarska 9,Kraków,Ślusarska 9,ul
263732,"PIERWSZA PRYWATNA SZKOŁA PODSTAWOWA W ZGIERZU ""EDUKACJA PRZYJAZNA DZIECKU""",2026,Zgierz,ul. 3 Maja 63,Zgierz,Maja 63,ul 3
263733,NIEPUBLICZNA SZKOŁA PODSTAWOWA AURUS,2026,Warszawa,ul. Poleczki 7,Warszawa,Poleczki 7,ul
263790,SZKOŁA PODSTAWOWA SPECJALNA,2026,Łobżenica,ul. Złotowska 14,Łobżenica,Złotowska 14,ul
263863,SPOŁECZNA SZKOŁA PODSTAWOWA IMIENIA BOLESŁAWA CHROBREGO W SZPROTAWIE,2026,Szprotawa,ul. Sobieskiego 69c,Szprotawa,Sobieskiego 69c,ul
263936,SZKOŁA PODSTAWOWA NR 5 W GUBINIE,2026,Gubin,ul. Piastowska 26,Gubin,Piastowska 26,ul
263946,KATOLICKA SZKOŁA PODSTAWOWA STOWARZYSZENIA PRZYJACIÓŁ SZKÓŁ KATOLICKICH IM. JANA PAWŁA II W ZAWIERCIU,2026,Zawiercie,ul. Henryka Sienkiewicza 60,Zawiercie,Sienkiewicza 60,ul henryka
263961,SZKOŁA PODSTAWOWA NR 2 IM. MARSZAŁKA JÓZEFA PIŁSUDSKIEGO,2026,Kutno,ul. Staszica 6,Kutno,Staszica 6,ul
263969,SZKOŁA PODSTAWOWA NR 7 IM. ADAMA MICKIEWICZA,2026,Kutno,ul. dr. Antoniego Troczewskiego 2,Kutno,Troczewskiego 2,ul dr antoniego
264014,"SZKOŁA PODSTAWOWA MISTRZOSTWA SPORTOWEGO ""SZKOŁA MISTRZÓW KOKORO"" - CENTRUM PRZYGOTOWAŃ OLIMPIJSKICH",2026,Łódź,ul. Krochmalna 15,Łódź,Krochmalna 15,ul
264045,"SZKOŁA PODSTAWOWA STOWARZYSZENIE ""EDUKACJA - MŁODZIEŻ"" W PLESZEWIE",2026,Pleszew,ul. Aleje Wojska Polskiego 21,Pleszew,Aleje Wojska Polskiego 21,ul
264066,NIEPUBLICZNA SZKOLA PODSTAWOWA W KŁECKU,2026,Kłecko,ul. Ogrodowa 12,Kłecko,Ogrodowa 12,ul
264100,SZKOŁA PODSTAWOWA MISTRZOSTWA SPORTOWEGO FOOTBALL ACADEMY SCHOOL OF EXCELLENCE,2026,Szczecin,ul. Sebastiana Klonowica 3,Szczecin,Klonowica 3,ul sebastiana
264228,SZKOŁA PODSTAWOWA NR 2 Z ODDZIAŁAMI DWUJĘZYCZNYMI I SPORTOWYMI IM. SZARYCH SZEREGÓW,2026,Lidzbark,ul. Nowa 10,Lidzbark,Nowa 10,ul
264234,SZKOŁA PODSTAWOWA MISTRZOSTWA SPORTOWEGO NOBILITO W CZĘSTOCHOWIE,2026,Częstochowa,ul. Brzeźnicka 60A,Częstochowa,Brzeźnicka 60A,ul
264241,PRYWATNA SZKOŁA PODSTAWOWA NR 41 EDU BENE,2026,Warszawa,ul. Świętojerska 24,Warszawa,Świętojerska 24,ul
264263,SZKOŁA PODSTAWOWA IM.J.KRAZIEWICZA W CEDRACH MAŁYCH,2026,Cedry Małe,ul. Żuławska 58,Cedry Małe,Żuławska 58,ul
264269,"SZKOŁA PODSTAWOWA MISTRZOSTWA SPORTOWEGO ""LKS IGLOOPOL"" DĘBICA",2026,Dębica,ul. Sportowa 28,Dębica,Sportowa 28,ul
264325,NIEPUBLICZNA SZKOŁA PODSTAWOWA NR 1 IM. KRZYSZTOFA KOLUMBA W ŻYRARDOWIE,2026,Żyrardów,ul. Adama Mickiewicza 126/128,Żyrardów,Mickiewicza 126/128,ul adama
264398,SZKOŁA PODSTAWOWA IM. SAMUELA BOGUMIŁA LINDEGO,2026,Warszawa,ul. Jana Rosoła 10,Warszawa,Rosoła 10,ul jana
264630,SZKOŁA PODSTAWOWA W KRAJENCE,2026,Krajenka,ul. Szkolna 15,Krajenka,Szkolna 15,ul
264909,NIEPUBLICZNA SZKOŁA PODSTAWOWA PRACOWNIA,2026,Łódź,ul. Rzgowska 17A,Łódź,Rzgowska 17A,ul
264968,SZKOŁA PODSTAWOWA ZGROMADZENIA CÓREK BOŻEJ MIŁOŚCI IM. FRANCISZKI LECHNER W BIELSKU-BIAŁEJ,2026,Bielsko-Biała,ul. Władysława Broniewskiego 13,Bielsko-Biała,Broniewskiego 13,ul władysława
264971,SALEZJAŃSKA SZKOŁA PODSTAWOWA IM. ŚW DOMINIKA SAVIO W RUMI,2026,Rumia,ul. Świętojańska 1,Rumia,Świętojańska 1,ul
265698,SZKOŁA PODSTAWOWA SPECJALNA NR 209,2026,Łódź,ul. Wapienna 24A,Łódź,Wapienna 24A,ul
266234,ATUT - SZKOŁA PODSTAWOWA DLA DOROSŁYCH W CHORZOWIE,2026,Chorzów,ul. 3 Maja 22,Chorzów,Maja 22,ul 3
266312,SZKOŁA PODSTAWOWA NR 2 W ZAGÓRZU,2026,Zagórz,ul. Wolności 10,Zagórz,Wolności 10,ul
266318,SZKOŁA PODSTAWOWA W KOWALACH,2026,Kowale,ul. Apollina 7,Kowale,Apollina 7,ul
267031,SZKOŁA PODSTAWOWA NR 158,2026,Łódź,ul. Janosika 136,Łódź,Janosika 136,ul
267032,SZKOŁA PODSTAWOWA NR 198 Z ODDZIAŁAMI SPORTOWYMI W ZESPOLE SZKÓŁ OGÓLNOKSZTAŁCĄCYCH NR 1,2026,Łódź,ul. Piotra Czajkowskiego 14,Łódź,Czajkowskiego 14,ul piotra
267059,SZKOŁA PODSTAWOWA NR 5 IM I. J. PADEREWSKIEGO,2026,Pruszków,ul. Jana Długosza 53,Pruszków,Długosza 53,ul jana
267085,PUBLICZNA SZKOŁA PODSTAWOWA NR 3 W DOBRZENIU WIELKIM,2026,Dobrzeń Wielki,ul. Namysłowska 94,Dobrzeń Wielki,Namysłowska 94,ul
267172,SZKOŁA PODSTAWOWA W BRENNIE,2026,Brenno,ul. Kościelna 1,Brenno,Kościelna 1,ul
267201,SZKOŁA PODSTAWOWA IM. JANA PAWŁA II W UJEŹDZIE GÓRNYM,2026,Ujazd Górny,ul. Szkolna 6,Ujazd Górny,Szkolna 6,ul
267365,SZKOŁA PODSTAWOWA NR 93,2026,Poznań,ul. Umultowska 114,Poznań,Umultowska 114,ul
267690,SPORTOWA SZKOŁA PODSTAWOWA NR 3 IM. POLSKICH OLIMPIJCZYKÓW W ELBLĄGU,2026,Elbląg,ul. Agrykola 6,Elbląg,Agrykola 6,ul
267728,SZKOŁA PODSTAWOWA NR 360 IM. POLSKICH NOBLISTEK,2026,Warszawa,ul. Dzieci Warszawy 42A,Warszawa,Dzieci Warszawy 42A,ul
267759,SZKOŁA PODSTAWOWA MISTRZOSTWA SPORTOWEGO ZKS UNIA TARNÓW W TARNOWIE,2026,Tarnów,ul. Pszenna 10,Tarnów,Pszenna 10,ul
267771,SZKOŁA PODSTAWOWA IM. A. EINSTEINA,2026,Warszawa,ul. Prymasa Augusta Hlonda 20,Warszawa,Hlonda 20,ul prymasa augusta
267810,SZKOŁA PODSTAWOWA NR 29 IM. KONSTYTUCJI 3 MAJA,2026,Wrocław,ul. ks. Wincentego Kraińskiego 1,Wrocław,Kraińskiego 1,ul ks wincentego
267906,SZKOŁA PODSTAWOWA NR 8 IM. KS. STANISŁAWA ORMIŃSKIEGO,2026,Rumia,ul. Rodziewiczówny 10,Rumia,Rodziewiczówny 10,ul
267908,SZKOŁA PODSTAWOWA NR 7 IM. KAROLA WOJTYŁY,2026,Rumia,ul. Stefana Batorego 29,Rumia,Stefana Batorego 29,ul
267909,SZKOŁA PODSTAWOWA NR 4 IM. JANUSZA KORCZAKA,2026,Rumia,ul. Świętojańska 11,Rumia,Świętojańska 11,ul
267916,SZKOŁA PODSTAWOWA NR 7 IM. ROTMISTRZA WITOLDA PILECKIEGO,2026,Wrocław,al. Aleksandra Brücknera 12,Wrocław,Brücknera 12,al aleksandra
268002,NIEPUBLICZNA SZKOŁA PODSTAWOWA FUNDACJI KRÓLOWEJ ŚWIĘTEJ JADWIGI W ŻYWCU,2026,Żywiec,ul. Pod Łyską 36,Żywiec,Pod Łyską 36,ul
268014,SZKOŁA PODSTAWOWA AKADEMIA DOBREJ EDUKACJI W PRUSZCZU GDAŃSKIM,2026,Pruszcz Gdański,ul. Powstańców Warszawy 37A,Pruszcz Gdański,Powstańców Warszawy 37A,ul
268085,SZKOŁA PODSTAWOWA SPECJALNA W ZABORZE,2026,Zabór,ul. Zamkowa 1F,Zabór,Zamkowa 1F,ul
268181,KATOLICKA SZKOŁA PODSTAWOWA IM. NAJŚWIĘTSZEJ RODZINY Z NAZARETU,2026,Rabka-Zdrój,ul. Brzozowa 2,Rabka-Zdrój,Brzozowa 2,ul
268193,MIEJSKA SZKOŁA PODSTAWOWA NR 2 W PIEKARACH ŚLĄSKICH,2026,Piekary Śląskie,ul. Ks. Jerzego Popiełuszki 8,Piekary Śląskie,Popiełuszki 8,ul ks jerzego
268230,PUBLICZNA SZKOŁA PODSTAWOWA ZAKONU PIJARÓW IM. ŚW. JÓZEFA KALASANCJUSZA W RZESZOWIE,2026,Rzeszów,ul. Bałtycka 33,Rzeszów,Bałtycka 33,ul
268253,SZKOŁA PODSTAWOWA IM. ORŁA BIAŁEGO W KAMIENIU WIELKIM,2026,Kamień Wielki,ul. Kościelna 1,Kamień Wielki,Kościelna 1,ul
268391,NIEPUBLICZNA SZKOŁA PODSTAWOWA MIĘDZYNARODOWA AKADEMIA MONTESSORI,2026,Mokronos Górny,ul. Wrocławska 25,Mokronos Górny,Wrocławska 25,ul
268561,PRYWATNA SZKOŁA PODSTAWOWA IM. ZOFII I JĘDRZEJA MORACZEWSKICH,2026,Warszawa,ul. Cyrulików 87,Warszawa,Cyrulików 87,ul
268645,NIEPUBLICZNA SZKOŁA PODSTAWOWA FUNDACJI KRÓLOWEJ ŚWIĘTEJ JADWIGI W KĘTACH,2026,Kęty,ul. Żwirki i Wigury 27,Kęty,Żwirki i Wigury 27,ul
268746,SZKOŁA PODSTAWOWA MISTRZOSTWA SPORTOWEGO MARCINA GORTATA,2026,Łódź,ul. Minerska 1/3,Łódź,Minerska 1/3,ul
269140,SZKOŁA PODSTAWOWA W ROJOWIE,2026,Rojów,ul. Stefana Czarnieckiego 51,Rojów,Czarnieckiego 51,ul stefana
269931,"NIEPUBLICZNA SPORTOWA SZKOŁA PODSTAWOWA Z ODDZIAŁAMI MISTRZOSTWA SPORTOWEGO ""JASTRZĘBSKI WĘGIEL""",2026,Jastrzębie-Zdrój,ul. Janusza Kusocińskiego 47,Jastrzębie-Zdrój,Kusocińskiego 47,ul janusza
270378,SZKOŁA PODSTAWOWA NR 21 W TYCHACH,2026,Tychy,ul. Młodzieżowa 7,Tychy,Młodzieżowa 7,ul
270564,ZESPÓŁ SZKOLNO-PRZEDSZKOLNY NR 6 SZKOŁA PODSTAWOWA NR 6 W GDAŃSKU,2026,Gdańsk,ul. Lawendowe Wzgórze 5,Gdańsk,Lawendowe Wzgórze 5,ul
271001,SZKOŁA PODSTAWOWA NR 4 W DĘBICY,2026,Dębica,ul. Wyrobka 11,Dębica,Wyrobka 11,ul
271003,SZKOŁA PODSTAWOWA NR 6 W DĘBICY,2026,Dębica,ul. Łysogórska 25,Dębica,Łysogórska 25,ul
271588,NIEPUBLICZNA SZKOŁA PODSTAWOWA FUNDACJI PRZYSZŁOŚĆ DLA EDUKACJI,2026,Łódź,ul. Piękna 30/32,Łódź,Piękna 30/32,ul
271659,SZKOŁA PODSTAWOWA NR 4 Z ODDZIAŁAMI SPORTOWYMI I MISTRZOSTWA SPORTOWEGO IM. OTYLII JĘDRZEJCZAK W ŻORACH,2026,Żory,ul. Boryńska 38C,Żory,Boryńska 38C,ul
271661,SZKOŁA PODSTAWOWA NR 1 IM. J. SŁOWACKIEGO W MYŚLENICACH,2026,Myślenice,ul. Jana Sobieskiego 1,Myślenice,Jana Sobieskiego 1,ul
271828,SZKOŁA PODSTAWOWA MISTRZOSTWA SPORTOWEGO SZCZYRK Z SIEDZIBĄ W BUCZKOWICACH,2026,Buczkowice,ul. Grunwaldzka 220,Buczkowice,Grunwaldzka 220,ul
271871,"SZKOŁA PODSTAWOWA ""OPTIMA""",2026,Pabianice,ul. św. Jana 33,Pabianice,Jana 33,ul św
271952,SZKOŁA PODSTAWOWA NR 1 IM. TADEUSZA KOŚCIUSZKI W NIEPOŁOMICACH,2026,Niepołomice,ul. Szkolna 3,Niepołomice,Szkolna 3,ul
271971,SZKOŁA PODSTAWOWA NR 29 W ZESPOLE EDUKACYJNYM NR 10 W ZIELONEJ GÓRZE,2026,Zielona Góra,ul. Energetyków 7,Zielona Góra,Energetyków 7,ul
272037,SZKOŁA PODSTAWOWA NR 2 IM. JANA PAWŁA II,2026,Piechowice,ul. Tysiąclecia 28,Piechowice,Tysiąclecia 28,ul
272040,SZKOŁA PODSTAWOWA NR 2 IM. DOKTORA JANA DRECKIEGO,2026,Gniewkowo,ul. Dworcowa 11,Gniewkowo,Dworcowa 11,ul
272095,SZKOŁA PODSTAWOWA MISTRZOSTWA SPORTOWEGO STAL W RZESZOWIE,2026,Rzeszów,ul. Adama Mickiewicza 1,Rzeszów,Mickiewicza 1,ul adama
272121,SZKOŁA PODSTAWOWA NR 30 W BIELSKU-BIAŁEJ,2026,Bielsko-Biała,ul. Mazańcowicka 34,Bielsko-Biała,Mazańcowicka 34,ul
272133,"SZKOŁA PODSTAWOWA NR 33 Z ODDZIAŁAMI SPORTOWYMI W ZESPOLE SZKÓŁ SPORTOWYCH IM. POLSKICH OLIMPIJCZYKÓW W DĄBROWIE GÓRNICZEJ, UL. CHOPINA 34",2026,Dąbrowa Górnicza,ul. Chopina 34,Dąbrowa Górnicza,Chopina 34,ul
272161,SZKOŁA PODSTAWOWA Z ODDZIAŁAMI INTEGRACYJNYMI NR 5 IM.JERZEGO KUKUCZKI W ŚWIĘTOCHŁOWICACH,2026,Świętochłowice,ul. Sudecka 5,Świętochłowice,Sudecka 5,ul
272362,MIĘDZYNARODOWA SZKOŁA PODSTAWOWA TE VIZJA,2026,Warszawa,ul. Okopowa 59,Warszawa,Okopowa 59,ul
272383,SZKOŁA MISTRZOSTWA SPORTOWEGO W USTRZYKACH DOLNYCH,2026,Ustrzyki Dolne,ul. Dobra 6,Ustrzyki Dolne,Dobra 6,ul
272459,NIEPUBLICZNA SZKOŁA PODSTAWOWA ŻYRAFIA OSADA,2026,Gdańsk,ul. Franciszka Schuberta 79,Gdańsk,Schuberta 79,ul franciszka
272532,SZKOŁA MISTRZOSTWA SPORTOWEGO PRZEMYŚL,2026,Przemyśl,ul. Tarniowa 8,Przemyśl,Tarniowa 8,ul
272764,KREATYWNA SZKOŁA MONTESSORI W SZCZECINIE,2026,Szczecin,ul. Adama Mickiewicza 53,Szczecin,Mickiewicza 53,ul adama
272768,NIEPUBLICZNA SZKOŁA PODSTAWOWA ELEMENTARZ W KATOWICACH,2026,Katowice,ul. Studencka 18,Katowice,Studencka 18,ul
272802,NAZARET-SZKOŁA PODSTAWOWA,2026,Łódź,ul. 28 Pułku Strzelców Kaniowskich 69,Łódź,Pułku Strzelców Kaniowskich 69,ul 28
272810,SZKOŁA PODSTAWOWA ZDZ DLA DOROSŁYCH W KOŚCIANIE,2026,Kościan,ul. Dworcowa 2,Kościan,Dworcowa 2,ul
272863,PUBLICZNA SZKOŁA PODSTAWOWA W WYMYSŁOWIE,2026,Wymysłów,ul. Wesoła 43,Wymysłów,Wesoła 43,ul
273090,MONTESSORI SZKOŁA ŻYCIA NIEPUBLICZNA SZKOŁA PODSTAWOWA FUNDACJI KRÓLOWEJ ŚW. JADWIGI W OSTROWIE WIELKOPOLSKIM,2026,Ostrów Wielkopolski,ul. Grabowska 1-3,Ostrów Wielkopolski,Grabowska 1-3,ul
274372,"SZKOŁA PODSTAWOWA NR 400 IM. MARII SKŁODOWSKIEJ-CURIE W WARSZAWIE, UL. OŚ KRÓLEWSKA 25",2026,Warszawa,ul. Oś Królewska 25,Warszawa,Oś Królewska 25,ul
274375,SZKOŁA PODSTAWOWA NR 361 IM. PAPCIA CHMIELA,2026,Warszawa,ul. Ruskowy Bród 19,Warszawa,Ruskowy Bród 19,ul
274508,"ZESPÓŁ SZKÓŁ NR 13, SZKOŁA PODSTAWOWA NR 58 W LUBLINIE",2026,Lublin,ul. Berylowa 7,Lublin,Berylowa 7,ul
274547,SZKOŁA PODSTAWOWA IM. PRZYJACIÓŁ ZIEMI W CEREKWICY,2026,Cerekwica,ul. Przybrodzka 1,Cerekwica,Przybrodzka 1,ul
274549,SZKOŁA PODSTAWOWA W NAPACHANIU,2026,Napachanie,ul. Poznańska 26,Napachanie,Poznańska 26,ul
274902,SZKOŁA PODSTAWOWA NR 4 IM. ŚW. JANA PAWŁA II,2026,Ząbki,ul. Harcerska 9,Ząbki,Harcerska 9,ul
274977,SZKOŁA PODSTAWOWA IM. KOSTKA JAGIEŁŁY W ZASOLU,2026,Zasole,ul. Kostka Jagiełły 8,Zasole,Jagiełły 8,ul kostka
275007,KATOLICKA SZKOŁA PODSTAWOWA IM. BŁ. ABPA ANTONIEGO JULIANA NOWOWIEJSKIEGO I BŁ. BPA LEONA WETMAŃSKIEGO W PŁOCKU,2026,Płock,ul. abp. Antoniego Juliana Nowowiejskiego 2A,Płock,Nowowiejskiego 2A,ul abp antoniego juliana
275125,SZKOŁA PODSTAWOWA Z ODDZIAŁAMI DWUJĘZYCZNYMI IM. ŚW. IGNACEGO LOYOLI,2026,Łódź,ul. Stefana Żeromskiego 26,Łódź,Żeromskiego 26,ul stefana
275493,SZKOŁA PODSTAWOWA NR 30 W GLIWICACH,2026,Gliwice,ul. Sikornik 34,Gliwice,Sikornik 34,ul
275580,NIEPUBLICZNA SZKOŁA PODSTAWOWA Z ODDZIAŁAMI DWUJĘZYCZNYMI H2H,2026,Warszawa,ul. Ryżowa 33b,Warszawa,Ryżowa 33b,ul
275696,SZKOŁA PODSTAWOWA - WROCŁAW COSMOPOLITAN SCHOOL,2026,Wrocław,ul. Fabryczna 14a,Wrocław,Fabryczna 14a,ul
276162,NIEPUBLICZNA SZKOŁA PODSTAWOWA MARANATHA,2026,Knurów,ul. Niepodległości 11,Knurów,Niepodległości 11,ul
276524,NIEPUBLICZNA SZKOŁA PODSTAWOWA MISTRZOSTWA SPORTOWEGO IM. TADEUSZA ŁOPUSZAŃSKIEGO W KRAKOWIE,2026,Kraków,ul. Jerzego Szablowskiego 1,Kraków,Szablowskiego 1,ul jerzego
277320,SZKOŁA PODSTAWOWA ZESPOŁU SZKÓŁ IM. BOLESŁAWA CHROBREGO W NIEMODLINIE,2026,Niemodlin,ul. Opolska 34,Niemodlin,Opolska 34,ul
277418,SZKOŁA PODSTAWOWA W ZAMIENIU,2026,Zamienie,ul. Waniliowa 7,Zamienie,Waniliowa 7,ul
277490,NIEPUBLICZNA SZKOŁA PODSTAWOWA SZKOŁA MISTRZOSTWA SPORTOWEGO W PIŁCE RĘCZNEJ MKS ZAGŁĘBIE LUBIN,2026,Lubin,ul. Sybiraków 11,Lubin,Sybiraków 11,ul
277567,SZKOŁA PODSTAWOWA NR 402 IM. HALINY KONOPACKIEJ,2026,Warszawa,ul. Jana Nowaka-Jeziorańskiego 22,Warszawa,Nowaka-Jeziorańskiego 22,ul jana
277719,SZKOŁA PODSTAWOWA NR 6 IM. MAŁGORZATY DYDEK W ZĄBKACH,2026,Ząbki,ul. Dzika 36,Ząbki,Dzika 36,ul
277797,SZKOŁA PODSTAWOWA NR 396,2026,Warszawa,ul. Anny German 5A,Warszawa,German 5A,ul anny
278154,SZKOŁA PODSTAWOWA Z ODDZIAŁEM PRZEDSZKOLNYM IM. ŚW. FRANCISZKA Z ASYŻU W POSKWITOWIE,2026,Poskwitów,ul. Warszawska 183,Poskwitów,Warszawska 183,ul
278202,SZKOŁA PODSTAWOWA DMUCHAWIEC,2026,Łódź,ul. Krawiecka 10abc,Łódź,Krawiecka 10abc,ul
278889,SZKOŁA PODSTAWOWA MISTRZOSTWA SPORTOWEGO IM. POLSKICH OLIMPIJCZYKÓW W ŻYWCU,2026,Żywiec,ul. Grunwaldzka 5,Żywiec,Grunwaldzka 5,ul
279317,SZKOŁA PODSTAWOWA NR 37 IM. TADEUSZA FERENCA W RZESZOWIE,2026,Rzeszów,ul. Eugeniusza Kwiatkowskiego 121a,Rzeszów,Kwiatkowskiego 121a,ul eugeniusza
279517,SZKOŁA PODSTAWOWA NR 2 W BOLSZEWIE,2026,Bolszewo,ul. Leśna 35,Bolszewo,Leśna 35,ul
478003,PUBLICZNA SZKOŁA PODSTAWOWA ZIARNO,2026,Warszawa,ul. Modlińska 184a,Warszawa,Modlińska 184a,ul
478293,SZKOŁA PODSTAWOWA W BARGŁÓWCE,2026,Bargłówka,ul. Raciborska 67,Bargłówka,Raciborska 67,ul
478550,SZKOŁA PODSTAWOWA NR 1 - AKADEMICKA W ŚRODZIE WLKP.,2026,Środa Wielkopolska,ul. Surzyńskich 2,Środa Wielkopolska,Surzyńskich 2,ul
478636,NIEPUBLICZNA SZKOŁA PODSTAWOWA EDUSPEKTRUM,2026,Legionowo,ul. Gabriela Narutowicza 96,Legionowo,Narutowicza 96,ul gabriela
479972,SZKOŁA PODSTAWOWA NR 20 W KRAKOWIE,2026,Kraków,ul. Agatowa 41,Kraków,Agatowa 41,ul
480204,SZKOŁA PODSTAWOWA POLISH-AMERICAN WWW SCHOOL,2026,Poznań,ul. Jana Gorczyczewskiego 7,Poznań,Gorczyczewskiego 7,ul jana
480303,SZKOŁA PODSTAWOWA NR 6 W WIELICZCE,2026,Wieliczka,ul. Józefa Jedynaka 11,Wieliczka,Jedynaka 11,ul józefa
481911,SZKOŁA PODSTAWOWA Z ODDZIAŁAMI INTEGRACYJNYMI LOGOS W BIAŁYMSTOKU,2026,Białystok,ul. ks. Adama Abramowicza 1,Białystok,Abramowicza 1,ul ks adama
482101,SZKOŁA PODSTAWOWA NR 408,2026,Warszawa,ul. Arkuszowa 202,Warszawa,Arkuszowa 202,ul
482240,SZKOŁA PODSTAWOWA MISTRZOSTWA SPORTOWEGO W TYCZYNIE,2026,Tyczyn,ul. Grunwaldzka 25,Tyczyn,Grunwaldzka 25,ul
482290,NIEPUBLICZNA SZKOŁA PODSTAWOWA SZKOŁA BEZ GRANIC SŁUPNO,2026,Słupno,ul. Szkolna 3,Słupno,Szkolna 3,ul
