rspo,school_name,year,missing_subjects,n_polski,median_polski,mean_polski,n_matematyka,median_matematyka,mean_matematyka,n_angielski,median_angielski,mean_angielski
88693,SZKOŁA PODSTAWOWA IM. WINCENTEGO PIOTROWSKIEGO W WOŁUSZEWIE,2021,"polski, matematyka, angielski",5.0,,,5.0,,,5.0,,
88692,"SZKOŁA PODSTAWOWA IM.MJR HENRYKA DOBRZAŃSKIEGO ""HUBALA"" W PRZYBRANOWIE",2021,"polski, matematyka, angielski",8.0,,,8.0,,,8.0,,
7232,SZKOŁA PODSTAWOWA W STRASZEWIE,2021,"polski, matematyka, angielski",6.0,,,6.0,,,6.0,,
86316,SZKOŁA PODSTAWOWA W ŚWIĘTEM,2021,"polski, matematyka, angielski",6.0,,,5.0,,,5.0,,
122459,SZKOŁA PODSTAWOWA W NIESZAWIE,2021,"polski, matematyka, angielski",6.0,,,6.0,,,6.0,,
110150,SZKOŁA PODSTAWOWA W NISZCZEWACH,2021,"polski, matematyka, angielski",1.0,,,1.0,,,1.0,,
119049,SZKOŁA PODSTAWOWA STOWARZYSZENIA PRZYJACIÓŁ SZKÓŁ KATOLICKICH IM. ŚW. JÓZEFA SANCHEZA DEL RIOW SINIARZEWIE,2021,"polski, matematyka, angielski",8.0,,,8.0,,,8.0,,
53481,SZKOŁA PODSTAWOWA IM. ORŁA BIAŁEGO W SĘDZINIE,2021,"polski, matematyka, angielski",9.0,,,9.0,,,9.0,,
19750,SZKOŁA PODSTAWOWA,2021,"polski, matematyka, angielski",9.0,,,9.0,,,9.0,,
19748,SZKOŁA PODSTAWOWA,2021,"polski, matematyka, angielski",9.0,,,9.0,,,9.0,,
79205,SZKOŁA PODSTAWOWA,2021,angielski,10.0,49.0,49.4,10.0,42.0,47.2,9.0,,
14356,SZKOŁA PODSTAWOWA W JANOWIE,2021,angielski,10.0,48.0,50.6,10.0,46.0,46.0,9.0,,
83737,SZKOŁA PODSTAWOWA W STRZELCACH GÓRNYCH,2021,"polski, matematyka, angielski",4.0,,,4.0,,,4.0,,
125684,SZKOŁA PODSTAWOWA NR 4 W ZAKŁADZIE POPRAWCZYM I SCHRONISKU DLA NIELETNICH W KORONOWIE,2021,"polski, matematyka, angielski",1.0,,,1.0,,,1.0,,
61902,SZKOŁA PODSTAWOWA W WITOLDOWIE,2021,"polski, matematyka, angielski",9.0,,,9.0,,,9.0,,
18836,SZKOŁA PODSTAWOWA IM. KOMISJI EDUKACJI NARODOWEJ W STRZELEWIE,2021,"polski, matematyka, angielski",6.0,,,6.0,,,6.0,,
11900,SZKOŁA PODSTAWOWA NR 19 IM. MIKOŁAJA KOPERNIKA W BYDGOSZCZY,2021,"polski, matematyka, angielski",9.0,,,9.0,,,9.0,,
12452,SZKOŁA PODSTAWOWA NR 55 SPECJALNA DLA UCZNIÓW NIEDOSTOSOWANYCH SPOŁECZNIE ORAZ Z ZABURZENIAMI ZACHOWANIA W BYDGOSZCZY,2021,"polski, matematyka, angielski",6.0,,,6.0,,,6.0,,
124465,NIEPUBLICZNA SZKOŁA PODSTAWOWA PERPETUUM MOBILE FUNDACJI KREATYWNEJ EDUKACJI,2021,"polski, matematyka, angielski",3.0,,,3.0,,,3.0,,
12943,SZKOŁA PODSTAWOWA DLA DOROSŁYCH W BYDGOSZCZY,2021,"polski, matematyka, angielski",9.0,,,9.0,,,9.0,,
123854,NIEPUBLICZNA SZKOŁA PODSTAWOWA UNIVERSUM W BYDGOSZCZY,2021,"polski, matematyka, angielski",1.0,,,1.0,,,1.0,,
262795,"PRYWATNA SZKOŁA PODSTAWOWA DLA DOROSŁYCH ""PRZYSZŁOŚĆ"" W BYDGOSZCZY",2021,"polski, matematyka, angielski",3.0,,,3.0,,,2.0,,
262797,"PRYWATNA SZKOŁA PODSTAWOWA ""PRZYSZŁOŚĆ"" W BYDGOSZCZY",2021,angielski,11.0,13.0,21.272727272727273,11.0,20.0,19.636363636363637,8.0,,
275648,SZKOŁA PODSTAWOWA IM. ŚW. STANISŁAWA KOSTKI W BYDGOSZCZY,2021,"polski, matematyka, angielski",1.0,,,1.0,,,1.0,,
127680,SZKOŁA PODSTAWOWA IM. JANA SLASKIEGO,2021,"polski, matematyka, angielski",5.0,,,5.0,,,5.0,,
122564,SZKOŁA PODSTAWOWA W TRZEBCZYKU,2021,"polski, matematyka, angielski",8.0,,,8.0,,,8.0,,
81163,SZKOŁA PODSTAWOWA IM. MIKOŁAJA KOPERNIKA,2021,"polski, matematyka, angielski",6.0,,,6.0,,,6.0,,
105963,SZKOŁA PODSTAWOWA IM. DARIUSZA KOŁODZIEJKA W STOLNIE,2021,angielski,20.0,51.0,51.05,20.0,20.0,23.2,9.0,,
110436,SZKOŁA PODSTAWOWA IM. WOJSKA POLSKIEGO W ROBAKOWIE,2021,"polski, matematyka, angielski",5.0,,,5.0,,,5.0,,
5734,SZKOŁA PODSTAWOWA W GRZYBNIE,2021,"polski, matematyka, angielski",9.0,,,9.0,,,9.0,,
5374,NIEPUBLICZNA SZKOŁA PODSTAWOWA W BRUKACH UNISŁAWSKICH,2021,"polski, matematyka, angielski",8.0,,,8.0,,,8.0,,
5865,SZKOŁA PODSTAWOWA W KOKOCKU,2021,"polski, matematyka, angielski",7.0,,,7.0,,,7.0,,
82948,SZKOŁA PODSTAWOWA W NOWOGRODZIE,2021,"polski, matematyka, angielski",8.0,,,8.0,,,8.0,,
82413,SZKOŁA PODSTAWOWA W LISEWIE,2021,"polski, matematyka, angielski",9.0,,,9.0,,,9.0,,
122291,SZKOŁA PODSTAWOWA W RADOMINIE Z FILIĄ W DULSKU,2021,"polski, matematyka, angielski",2.0,,,2.0,,,2.0,,
83898,SZKOŁA PODSTAWOWA W SOSNÓWCE,2021,"polski, matematyka, angielski",9.0,,,9.0,,,9.0,,
127807,NIEPUBLICZNA SZKOŁA PODSTAWOWA IM. ZBIGNIEWA WODECKIEGO W WĘGROWIE,2021,"polski, matematyka, angielski",9.0,,,9.0,,,9.0,,
276213,SZKOŁA PODSTAWOWA W DUSOCINIE IM. DR. LUDWIKA RYDYGIERA,2021,"polski, matematyka, angielski",5.0,,,5.0,,,5.0,,
53643,SZKOŁA PODSTAWOWA IM. 16. PUŁKU ARTYLERII LEKKIEJ W PLEMIĘTACH,2021,"polski, matematyka, angielski",7.0,,,7.0,,,7.0,,
53642,SZKOŁA PODSTAWOWA W SŁUPIE IM. KS. JANA LESIŃSKIEGO,2021,"polski, matematyka, angielski",7.0,,,7.0,,,7.0,,
53641,SZKOŁA PODSTAWOWA IM. JANA PAWŁA II W BOGUSZEWIE,2021,"polski, matematyka, angielski",4.0,,,4.0,,,4.0,,
61335,SZKOŁA PODSTAWOWA W SZEMBRUCZKU,2021,"polski, matematyka, angielski",7.0,,,7.0,,,7.0,,
28683,SZKOŁA PODSTAWOWA W WYDRZNIE,2021,"polski, matematyka, angielski",8.0,,,8.0,,,1.0,,
28685,SZKOŁA PODSTAWOWA W SZONOWIE,2021,angielski,12.0,52.0,49.0,12.0,40.0,39.666666666666664,1.0,,
28681,SZKOŁA PODSTAWOWA W ZAWDZIE,2021,"polski, matematyka, angielski",9.0,,,9.0,,,,,
109554,SZKOŁA PODSTAWOWA,2021,"polski, matematyka, angielski",9.0,,,9.0,,,9.0,,
104497,SZKOŁA PODSTAWOWA IM. KS. JANA TWARDOWSKIEGO,2021,angielski,20.0,59.0,57.25,20.0,34.0,38.6,1.0,,
104499,SZKOŁA PODSTAWOWA IM. JÓZEFA WYBICKIEGO,2021,angielski,10.0,56.0,58.0,10.0,42.0,44.8,3.0,,
44276,SZKOŁA PODSTAWOWA IM. ORŁA BIAŁEGO W KIJEWIE,2021,"polski, matematyka, angielski",9.0,,,9.0,,,9.0,,
44278,SZKOŁA PODSTAWOWA IM. KSIĘDZA IGNACEGO POSADZEGO W SZADŁOWICACH,2021,"polski, matematyka, angielski",7.0,,,7.0,,,7.0,,
44275,SZKOŁA PODSTAWOWA IM. KSIĘSTWA GNIEWKOWSKIEGO W MURZYNNIE,2021,"polski, matematyka, angielski",8.0,,,8.0,,,8.0,,
274618,SZKOŁA PODSTAWOWA W GĄSKACH,2021,"polski, matematyka, angielski",8.0,,,8.0,,,8.0,,
120706,NIEPUBLICZNA SZKOŁA PODSTAWOWA W INOWROCŁAWIU,2021,"polski, matematyka, angielski",5.0,,,5.0,,,4.0,,
123987,"NIEPUBLICZNA SZKOŁA PODSTAWOWA ""JAGIELLONKA"" W INOWROCŁAWIU",2021,"polski, matematyka, angielski",3.0,,,3.0,,,3.0,,
3561,SZKOŁA PODSTAWOWA IM. POLSKICH OLIMPIJCZYKÓW W GÓRZE,2021,"polski, matematyka, angielski",8.0,,,8.0,,,8.0,,
3973,SZKOŁA PODSTAWOWA IM. ORŁA BIAŁEGO W TURZANACH,2021,"polski, matematyka, angielski",9.0,,,9.0,,,9.0,,
133573,SZKOŁA PODSTAWOWA Z ODDZIAŁAMI INTEGRACYJNYMI IM. MIKOŁAJA KOPERNIKA W SŁAWĘCINKU,2021,"polski, matematyka, angielski",7.0,,,7.0,,,7.0,,
58586,SZKOŁA PODSTAWOWA IM. WOJSKA POLSKIEGO W RUSINOWIE,2021,"polski, matematyka, angielski",9.0,,,9.0,,,9.0,,
18169,SZKOŁA PODSTAWOWA IM. ARMII KRAJOWEJ W KOŚCIELCU,2021,"polski, matematyka, angielski",9.0,,,9.0,,,9.0,,
55770,SZKOŁA PODSTAWOWA STOWARZYSZENIA PRZYJACIÓŁ SZKÓŁ KATOLICKICH IM. KARDYNAŁA STEFANA WYSZYŃSKIEGO,2021,"polski, matematyka, angielski",9.0,,,9.0,,,9.0,,
55765,SZKOŁA PODSTAWOWA W GNIEWKÓWCU,2021,"polski, matematyka, angielski",5.0,,,5.0,,,5.0,,
8626,SZKOŁA PODSTAWOWA W NOWEJ WSI,2021,"polski, matematyka, angielski",1.0,,,1.0,,,,,
87622,SZKOŁA PODSTAWOWA IM. JANA KOCHANOWSKIEGO W DYBLINIE,2021,"polski, matematyka, angielski",4.0,,,4.0,,,4.0,,
47288,SZKOŁA PODSTAWOWA W ZAJEZIORZU,2021,"polski, matematyka, angielski",4.0,,,4.0,,,4.0,,
60168,SZKOŁA PODSTAWOWA IM. KAZIMIERZA RÓŻYCKIEGO W JASTRZĘBIU,2021,"polski, matematyka, angielski",9.0,,,9.0,,,9.0,,
68296,SZKOŁA PODSTAWOWA W WÓLCE,2021,"polski, matematyka, angielski",9.0,,,9.0,,,9.0,,
21270,SZKOŁA PODSTAWOWA IM. JANA PAWŁA II W CZARNEM,2021,"polski, matematyka, angielski",9.0,,,9.0,,,8.0,,
21269,SZKOŁA PODSTAWOWA IM. MIKOŁAJA KOPERNIKA W ZADUSZNIKACH,2021,"polski, matematyka, angielski",7.0,,,7.0,,,7.0,,
3944,NIEPUBLICZNA SZKOŁA PODSTAWOWA Z ODDZIAŁAMI INTEGRACYJNYMI I ODDZIAŁEM PRZEDSZKOLNYM W PARLINIE,2021,"polski, matematyka, angielski",4.0,,,4.0,,,4.0,,
23427,SZKOŁA PODSTAWOWA IM. OFIAR KATYNIA W STRZELCACH,2021,"polski, matematyka, angielski",8.0,,,8.0,,,8.0,,
23428,SZKOŁA PODSTAWOWA IM. ADAMA MICKIEWICZA WE WSZEDNIU,2021,"polski, matematyka, angielski",7.0,,,7.0,,,7.0,,
24111,SZKOŁA PODSTAWOWA IM. KAZIMIERZA WIELKIEGO W KWIECISZEWIE,2021,"polski, matematyka, angielski",8.0,,,8.0,,,8.0,,
21604,SZKOŁA PODSTAWOWA IM. MARII KONOPNICKIEJ WE WRONOWACH,2021,"polski, matematyka, angielski",2.0,,,2.0,,,2.0,,
263026,SZKOŁA PODSTAWOWA Z ODDZIAŁAMI DWUJĘZYCZNYMI IM. JANA DAŁKOWSKIEGO,2021,"polski, matematyka, angielski",8.0,,,8.0,,,8.0,,
266073,SZKOŁA PODSTAWOWA SPECJALNA NR 2 W STRZELNIE,2021,angielski,11.0,36.0,33.18181818181818,11.0,20.0,20.727272727272727,9.0,,
125643,SZKOŁA PODSTAWOWA NR 3 W ZAKŁADZIE POPRAWCZYM W KCYNI,2021,"polski, matematyka, angielski",2.0,,,2.0,,,2.0,,
70054,SZKOŁA PODSTAWOWA IM. PAMIĘCI OBROŃCÓW NIEPODLEGŁOŚCI W SIPIORACH,2021,"polski, matematyka, angielski",4.0,,,4.0,,,4.0,,
69258,SZKOŁA PODSTAWOWA IM. KAZIMIERZA KORKA W ROZSTRZĘBOWIE,2021,"polski, matematyka, angielski",6.0,,,6.0,,,6.0,,
49536,SZKOŁA PODSTAWOWA IM. DZIECI POTULIC W POTULICACH,2021,angielski,12.0,70.0,64.16666666666667,12.0,36.0,46.0,4.0,,
47122,NIEPUBLICZNA SZKOŁA PODSTAWOWA W TRZECIEWNICY IM. POWSTAŃCÓW WIELKOPOLSKICH,2021,"polski, matematyka, angielski",7.0,,,7.0,,,5.0,,
103512,"NIEPUBLICZNA SZKOŁA PODSTAWOWA STOWARZYSZENIA ""ŻAKUS"" W ANIELINACH",2021,angielski,13.0,42.0,40.38461538461539,13.0,24.0,28.307692307692307,9.0,,
125690,SZKOŁA PODSTAWOWA NR 3 W ZAKŁADZIE POPRAWCZYM-MŁODZIEŻOWYM OŚRODKU ADAPTACJI SPOŁECZNEJ W SZUBINIE,2021,"polski, matematyka, angielski",2.0,,,2.0,,,2.0,,
73000,PUBLICZNA SZKOŁA PODSTAWOWA W BYCZYNIE,2021,"polski, matematyka, angielski",6.0,,,6.0,,,6.0,,
5529,NIEPUBLICZNA SZKOŁA PODSTAWOWA IM. ŚW. JANA PAWŁA II W POCIERZYNIE I W KOŚCIELNEJ WSI,2021,"polski, matematyka, angielski",2.0,,,2.0,,,2.0,,
11307,PUBLICZNA SZKOŁA PODSTAWOWA IM. WŁADYSŁAWA BRONIEWSKIEGO W BYCZU,2021,"polski, matematyka, angielski",9.0,,,9.0,,,9.0,,
104312,SZKOŁA PODSTAWOWA IM. WŁADYSŁAWA ŁOKIETKA W PŁOWCACH,2021,"polski, matematyka, angielski",9.0,,,9.0,,,9.0,,
104374,SZKOŁA PODSTAWOWA IM. STEFANA KARDYNAŁA WYSZYŃSKIEGO W BIEGANOWIE,2021,"polski, matematyka, angielski",8.0,,,8.0,,,8.0,,
106014,SZKOŁA PODSTAWOWA IM. FRANCISZKA BECIŃSKIEGO W PANIEWIE,2021,"polski, matematyka, angielski",8.0,,,8.0,,,3.0,,
122400,SZKOŁA PODSTAWOWA W TRĄBINIE,2021,"polski, matematyka, angielski",8.0,,,7.0,,,7.0,,
88226,SZKOŁA PODSTAWOWA W NOWYM KOBRZYŃCU,2021,"polski, matematyka, angielski",4.0,,,4.0,,,4.0,,
6584,SZKOŁA PODSTAWOWA W ZAKROCZU,2021,"polski, matematyka, angielski",7.0,,,7.0,,,7.0,,
6563,SZKOŁA PODSTAWOWA IM. KORNELA MAKUSZYŃSKIEGO W STARORYPINIE RZĄDOWYM,2021,angielski,12.0,53.5,53.583333333333336,12.0,40.0,45.333333333333336,9.0,,
6533,SZKOŁA PODSTAWOWA IM. MARII SKŁODOWSKIEJ-CURIE W STĘPOWIE,2021,"polski, matematyka, angielski",7.0,,,7.0,,,7.0,,
262971,SZKOŁA PODSTAWOWA IM. JANA PAWŁA II W KOWALKACH,2021,"polski, matematyka, angielski",7.0,,,7.0,,,7.0,,
6474,SZKOŁA PODSTAWOWA W SKUDZAWACH,2021,angielski,12.0,57.0,54.666666666666664,12.0,26.0,33.333333333333336,6.0,,
8157,SZKOŁA PODSTAWOWA W OKALEWIE,2021,angielski,21.0,73.0,71.14285714285714,21.0,28.0,36.38095238095238,8.0,,
42520,SZKOŁA PODSTAWOWA W PÓŁWIESKU MAŁYM,2021,"polski, matematyka, angielski",7.0,,,7.0,,,7.0,,
42518,SZKOŁA PODSTAWOWA IM. BOHATERÓW WESTERPLATTE,2021,"polski, matematyka, angielski",7.0,,,7.0,,,7.0,,
30123,SZKOŁA PODSTAWOWA W ZALESIU,2021,"polski, matematyka, angielski",7.0,,,7.0,,,7.0,,
28741,SZKOŁA PODSTAWOWA W ZAKRZEWKU,2021,"polski, matematyka, angielski",7.0,,,7.0,,,7.0,,
28737,SZKOŁA PODSTAWOWA IM. ELŻBIETY I JANA ORZELSKICH W RUNOWIE KRAJEŃSKIM,2021,"polski, matematyka, angielski",9.0,,,9.0,,,9.0,,
31755,SZKOŁA PODSTAWOWA IM. MARII KONOPNICKIEJ W PĘPERZYNIE,2021,"polski, matematyka, angielski",8.0,,,8.0,,,8.0,,
89739,"DWUJĘZYCZNA SZKOŁA PODSTAWOWA ""BUTTERFLY SCHOOL""",2021,"polski, matematyka, angielski",8.0,,,8.0,,,8.0,,
25823,PRYWATNA SZKOŁA PODSTAWOWA NOWOCZESNYCH TECHNOLOGII I JĘZYKÓW OBCYCH - MODERN ACADEMY,2021,"polski, matematyka, angielski",5.0,,,5.0,,,5.0,,
86115,SZKOŁA PODSTAWOWA DLA DOROSŁYCH,2021,"polski, matematyka, angielski",9.0,,,9.0,,,9.0,,
128773,SZKOŁA PODSTAWOWA MONTESSORI,2021,"polski, matematyka, angielski",7.0,,,7.0,,,7.0,,
263965,"SZKOŁA PODSTAWOWA ""BLOK"" W TORUNIU",2021,angielski,24.0,14.5,17.041666666666668,24.0,20.0,18.0,,,
267180,SZKOŁA PODSTAWOWA CAMBRIDGE ACADEMY W TORUNIU,2021,"polski, matematyka, angielski",7.0,,,7.0,,,7.0,,
268100,PRYWATNA SZKOŁA PODSTAWOWA DLA DOROSŁYCH,2021,"polski, matematyka, angielski",9.0,,,9.0,,,9.0,,
84053,SZKOŁA PODSTAWOWA IM. MJR HENRYKA SUCHARSKIEGOW MAZOWSZU,2021,"polski, matematyka, angielski",9.0,,,9.0,,,9.0,,
84054,SZKOŁA PODSTAWOWA IM. HENRYKA SIENKIEWICZA W STEKLINIE,2021,"polski, matematyka, angielski",9.0,,,9.0,,,9.0,,
84052,SZKOŁA PODSTAWOWA IM. TONY HALIKA W OSÓWCE,2021,"polski, matematyka, angielski",9.0,,,9.0,,,9.0,,
52996,SZKOŁA PODSTAWOWA W MŁYŃCU PIERWSZYM,2021,"polski, matematyka, angielski",7.0,,,7.0,,,7.0,,
52978,SZKOŁA PODSTAWOWA W GRONOWIE,2021,"polski, matematyka, angielski",6.0,,,6.0,,,6.0,,
56269,SZKOŁA PODSTAWOWA W ŁĄŻYNIE,2021,"polski, matematyka, angielski",6.0,,,6.0,,,6.0,,
83923,SZKOŁA PODSTAWOWA W OSTASZEWIE,2021,"polski, matematyka, angielski",9.0,,,9.0,,,9.0,,
11022,SZKOŁA PODSTAWOWA IM. KS. JÓZEFA BRUSKIEGO W PRUSZCZU,2021,"polski, matematyka, angielski",9.0,,,9.0,,,9.0,,
3371,SZKOŁA PODSTAWOWA,2021,"polski, matematyka, angielski",9.0,,,9.0,,,9.0,,
263289,"SZKOŁA PODSTAWOWA NR 24 W ZESPOLE SZKÓŁ WŁOCŁAWSKIEGO STOWARZYSZENIA OŚWIATOWEGO ""COGITO"" WE WŁOCŁAWKU",2021,angielski,15.0,11.0,15.133333333333333,14.0,16.0,16.285714285714285,,,
268505,SZKOŁA PODSTAWOWA Z ODDZIAŁAMI DWUJĘZYCZNYMI MONTESSORI - SCHULE,2021,"polski, matematyka, angielski",3.0,,,3.0,,,3.0,,
74343,NIEPUBLICZNA SZKOŁA PODSTAWOWA W KĄKOWEJ WOLI,2021,"polski, matematyka, angielski",2.0,,,2.0,,,2.0,,
53035,SZKOŁA PODSTAWOWA IM. LEOPOLDA JULIANA KRONENBERGA W BRZEZIU,2021,"polski, matematyka, angielski",9.0,,,9.0,,,9.0,,
55648,SZKOŁA PODSTAWOWA IM. ANNY WAJCOWICZ W ŚMIŁOWICACH,2021,"polski, matematyka, angielski",9.0,,,9.0,,,9.0,,
109467,"NIEPUBLICZNA SZKOŁA PODSTAWOWA ""GALILEO"" NR 1",2021,"polski, matematyka, angielski",6.0,,,6.0,,,6.0,,
109514,SZKOŁA PODSTAWOWA IM. STANISŁAWA STASZICA W GRABKOWIE,2021,"polski, matematyka, angielski",8.0,,,8.0,,,8.0,,
267302,SZKOŁA PODSTAWOWA IM. STANISŁAWA STASZICA W GRABKOWIE SZKOŁA FILIALNA W WIĘSŁAWICACH,2021,"polski, matematyka, angielski",7.0,,,7.0,,,7.0,,
4174,SZKOŁA PODSTAWOWA IM. ZIEMI KUJAWSKIEJ W PRZYWIECZERZYNIE,2021,"polski, matematyka, angielski",7.0,,,6.0,,,6.0,,
34379,SZKOŁA PODSTAWOWA W KANIBRODZIE,2021,"polski, matematyka, angielski",4.0,,,4.0,,,4.0,,
34378,SZKOŁA PODSTAWOWA W KALISKACH,2021,"polski, matematyka, angielski",6.0,,,6.0,,,6.0,,
74251,PUBLICZNA SZKOŁA PODSTAWOWA IM. TADEUSZA KOŚCIUSZKI W ZGŁOWIĄCZCE,2021,"polski, matematyka, angielski",5.0,,,5.0,,,5.0,,
74250,PUBLICZNA SZKOŁA POSDTAWOWA IM. ST. SIERŻ. FELIKSA RYBICKIEGO W SARNOWIE,2021,"polski, matematyka, angielski",5.0,,,5.0,,,5.0,,
107493,PUBLICZNA SZKOŁA PODSTAWOWA,2021,"polski, matematyka, angielski",7.0,,,7.0,,,7.0,,
38799,SZKOŁA PODSTAWOWA STOWARZYSZENIA PRZYJACIÓŁ SZKÓŁ KATOLICKICH IM. BŁ.KS.FRANCISZKA DRZEWIECKIEGO,2021,"polski, matematyka, angielski",8.0,,,8.0,,,8.0,,
38797,SZKOŁA PODSTAWOWA STOWARZYSZENIA PRZYJACIÓŁ SZKÓŁ KATOLICKICH IM.BŁ.JANA PAWŁA II,2021,"polski, matematyka, angielski",9.0,,,9.0,,,9.0,,
6986,NIEPUBLICZNA SZKOŁA PODSTAWOWA Z ODDZIAŁAMI PRZEDSZKOLNYMI W SIEROSŁAWIU,2021,"polski, matematyka, angielski",7.0,,,7.0,,,6.0,,
72761,SZKOŁA PODSTAWOWA IM. J. KORCZAKA W KRĄPLEWICACH,2021,"polski, matematyka, angielski",7.0,,,7.0,,,7.0,,
125726,SZKOŁA PODSTAWOWA NR 3 W ZAKŁADZIE POPRAWCZYMW NOWEM,2021,"polski, matematyka, angielski",3.0,,,3.0,,,,,
8329,SZKOŁA PODSTAWOWA NR 1 W TRYLU,2021,"polski, matematyka, angielski",6.0,,,6.0,,,5.0,,
58987,SZKOŁA PODSTAWOWA SPECJALNA NR 2 W WARLUBIU W SPECJALNYM OŚRODKU SZKOLNO-WYCHOWAWCZYM IM. POLSKICH OLIMPIJCZYKÓW,2021,"polski, matematyka, angielski",2.0,,,2.0,,,2.0,,
7364,SZKOŁA PODSTAWOWA IM.PRZYJACIÓŁ BORÓW TUCHOLSKICH,2021,"polski, matematyka, angielski",9.0,,,9.0,,,9.0,,
125680,SZKOŁA PODSTAWOWA Z ODDZIAŁAMI INTEGRACYJNYMI W ZAKŁADZIE POPRAWCZYM W ŚWIECIU,2021,"polski, matematyka, angielski",1.0,,,1.0,,,1.0,,
11868,SZKOŁA PODSTAWOWA IM. TADEUSZA KOŚCIUSZKI,2021,"polski, matematyka, angielski",6.0,,,6.0,,,6.0,,
12114,SZKOŁA PODSTAWOWA IM. JANA BRZECHWY,2021,"polski, matematyka, angielski",9.0,,,9.0,,,9.0,,
59798,SZKOŁA PODSTAWOWA IM. ADMIRAŁA FLOTY JÓZEFA UNRUGA W LASKACH WIELKICH,2021,"polski, matematyka, angielski",8.0,,,8.0,,,8.0,,
71034,SZKOŁA PODSTAWOWA W ŚWIĄTKOWIE,2021,"polski, matematyka, angielski",7.0,,,7.0,,,7.0,,
119042,NIEPUBLICZNA SZKOŁA PODSTAWOWA W SARBINOWIE DRUGIM,2021,"polski, matematyka, angielski",4.0,,,4.0,,,4.0,,
71033,SZKOŁA PODSTAWOWA IM. POWSTAŃCÓW WIELKOPOLSKICH W ŻERNIKACH,2021,angielski,13.0,53.0,52.0,13.0,28.0,29.23076923076923,7.0,,
71000,NIEPUBLICZNA SZKOŁA PODSTAWOWA W LASKOWIE,2021,"polski, matematyka, angielski",3.0,,,3.0,,,3.0,,
84855,NIEPUBLICZNA SZKOŁA PODSTAWOWA W BRZYSKORZYSTWI,2021,"polski, matematyka, angielski",7.0,,,7.0,,,7.0,,
87672,„TRÓJKA” SPOŁECZNA SZKOŁA PODSTAWOWA IM. ARMII KRAJOWEJ W ŻNINIE,2021,"polski, matematyka, angielski",9.0,,,9.0,,,9.0,,
84389,NIEPUBLICZNA SZKOŁA PODSTAWOWA W GORZYCACH,2021,"polski, matematyka, angielski",5.0,,,5.0,,,5.0,,
87537,NIEPUBLICZNA SZKOŁA PODSTAWOWA,2021,angielski,10.0,54.5,53.8,10.0,32.0,32.8,6.0,,
38745,SZKOŁA PODSTAWOWA W NIEDARZYNIE,2021,"polski, matematyka, angielski",7.0,,,7.0,,,7.0,,
60076,SZKOŁA PODSTAWOWA IM. GEN. JÓZEFA WYBICKIEGO W GOSTKOWIE,2021,"polski, matematyka, angielski",9.0,,,9.0,,,9.0,,
53565,SZKOŁA PODSTAWOWA W JASIENIU,2021,"polski, matematyka, angielski",5.0,,,5.0,,,5.0,,
81520,SZKOŁA PODSTAWOWA W ZESPOLE SZKÓŁ IM. JANA III SOBIESKIEGO W BRZEŹNIE SZLACHECKIM,2021,angielski,11.0,60.0,61.0,11.0,48.0,50.18181818181818,,,
81405,SZKOŁA PODSTAWOWA IM. KSIĘDZA BERNARDA GOŃCZA W ZESPOLE SZKÓŁ W BOROWYM MŁYNIE,2021,angielski,12.0,78.0,73.25,12.0,68.0,65.0,8.0,,
132815,SZKOŁA PODSTAWOWA IM. KAWALERÓW ORDERU UŚMIECHU W WAŁDOWIE,2021,"polski, matematyka, angielski",5.0,,,5.0,,,5.0,,
69984,SZKOŁA PODSTAWOWA IM. OBROŃCÓW POLSKOŚCI NA ZIEMI UGOSKIEJ W UGOSZCZY,2021,angielski,10.0,53.5,55.3,10.0,32.0,41.6,8.0,,
56124,SZKOŁA PODSTAWOWA IM. SPORTOWCÓW POLSKICH W TRZEBIELINIE,2021,"polski, matematyka, angielski",3.0,,,3.0,,,1.0,,
56122,SZKOŁA PODSTAWOWA IM. MARII KONOPNICKIEJ W SUCHORZU,2021,angielski,13.0,36.0,36.23076923076923,13.0,24.0,34.76923076923077,2.0,,
125687,SZKOŁA PODSTAWOWA NR 6 W SCHRONISKU DLA NIELETNICH W CHOJNICACH,2021,"polski, matematyka, angielski",3.0,,,3.0,,,3.0,,
10780,SZKOŁA PODSTAWOWA LICHNOWY,2021,"polski, matematyka, angielski",9.0,,,9.0,,,9.0,,
15404,SZKOŁA PODSTAWOWA W SWORNEGACIACH,2021,angielski,13.0,56.0,57.46153846153846,13.0,56.0,52.61538461538461,7.0,,
5130,SZKOŁA PODSTAWOWA W KRZEMIENIEWIE,2021,"polski, matematyka, angielski",9.0,,,9.0,,,1.0,,
47604,SZKOŁA PODSTAWOWA IM.J.WYBICKIEGO W POLNICY,2021,angielski,11.0,53.0,48.90909090909091,11.0,40.0,40.72727272727273,5.0,,
34394,SZKOŁA PODSTAWOWA W UNIECHOWIE,2021,"polski, matematyka, angielski",5.0,,,5.0,,,5.0,,
86063,ELEMENTARY INTERNATIONAL SCHOOL OF GDANSK/MIĘDZYNARODOWA SZKOŁA PODSTAWOWA W GDAŃSKU,2021,"polski, matematyka, angielski",7.0,,,7.0,,,8.0,,
126944,SZKOŁA PODSTAWOWA AKADEMII DOBREJ EDUKACJI IM. MACIEJA PŁAŻYŃSKIEGO,2021,"polski, matematyka, angielski",9.0,,,8.0,,,8.0,,
9117,CENTRUM KSZTAŁCENIA ZAWODOWEGO I USTAWICZNEGO NR 1 SZKOŁA PODSTAWOWA DLA DOROSŁYCH W GDAŃSKU,2021,"polski, matematyka, angielski",1.0,,,1.0,,,1.0,,
28757,NIEPUBLICZNA POLSKO-BRYTYJSKA SZKOŁA PODSTAWOWA NR 1,2021,"polski, matematyka, angielski",5.0,,,5.0,,,5.0,,
30613,"""FREGATA"" SZKOŁA PODSTAWOWA DLA CHŁOPCÓW",2021,"polski, matematyka, angielski",9.0,,,9.0,,,9.0,,
125723,SZKOŁA PODSTAWOWA NR 25 W ZAKŁADZIE POPRAWCZYM W GDAŃSKU OLIWIE,2021,"polski, matematyka, angielski",3.0,,,3.0,,,3.0,,
133053,"PUBLICZNA SZKOŁA PODSTAWOWA ""OLIMPIJCZYK"" W GDAŃSKU Z ODDZIAŁAMI SPORTOWYMI",2021,angielski,11.0,53.0,47.45454545454545,11.0,60.0,46.90909090909091,9.0,,
262214,ZESPÓŁ SZKÓŁ OGÓLNOKSZTAŁCĄCYCH NR 7 SZKOŁA PODSTAWOWA NR 3 IM. JANA PAWŁA II W GDAŃSKU,2021,matematyka,10.0,67.5,65.1,9.0,,,12.0,89.5,84.0
262876,NIEPUBLICZNA SZKOŁA PODSTAWOWA THINKING ZONE W GDAŃSKU,2021,"polski, matematyka, angielski",1.0,,,1.0,,,1.0,,
4601,"SZKOŁA PODSTAWOWA IM. DANUTY SIEDZIKÓWNY ""INKI"" W WIŚLINIE",2021,"polski, matematyka, angielski",7.0,,,7.0,,,7.0,,
110041,SZKOŁA PODSTAWOWA W POMLEWIE IM.BŁ.KSIĘDZA JERZEGO POPIEŁUSZKI,2021,"polski, matematyka, angielski",5.0,,,5.0,,,5.0,,
113999,SZKOŁA PODSTAWOWA W NOWEJ WSI PRZYWIDZKIEJ,2021,"polski, matematyka, angielski",7.0,,,7.0,,,7.0,,
28577,SZKOŁA PODSTAWOWA IM. KSIĘDZA PRAŁATA JÓZEFA WALĄGA W KOŹLINACH,2021,"polski, matematyka, angielski",9.0,,,9.0,,,9.0,,
196351,SZKOŁA PODSTAWOWA DLA DOROSŁYCH W GDYNI,2021,"polski, matematyka, angielski",8.0,,,8.0,,,8.0,,
70780,SZKOŁA PODSTAWOWA IM. JANA PAWŁA II W PROKOWIE,2021,"polski, matematyka, angielski",6.0,,,6.0,,,6.0,,
70773,PUBLICZNA SZKOŁA PODSTAWOWA W POMIECZYŃSKIEJ HUCIE,2021,"polski, matematyka, angielski",9.0,,,9.0,,,9.0,,
53128,SZKOŁA PODSTAWOWA W SZARŁACIE,2021,"polski, matematyka, angielski",6.0,,,6.0,,,6.0,,
69913,SZKOŁA PODSTAWOWA W WILANOWIE,2021,"polski, matematyka, angielski",8.0,,,8.0,,,8.0,,
43656,SZKOŁA PODSTAWOWA W MOJUSZU,2021,"polski, matematyka, angielski",6.0,,,6.0,,,6.0,,
43655,SZKOŁA PODSTAWOWA W ŁYŚNIEWIE SIERAKOWICKIM,2021,"polski, matematyka, angielski",8.0,,,8.0,,,8.0,,
55704,SZKOŁA PODSTAWOWA,2021,"polski, matematyka, angielski",7.0,,,7.0,,,7.0,,
55705,SZKOŁA PODSTAWOWA,2021,"polski, matematyka, angielski",8.0,,,8.0,,,8.0,,
27137,SZKOŁA PODSTAWOWA W OSOWIE,2021,"polski, matematyka, angielski",7.0,,,7.0,,,7.0,,
8124,SZKOŁA PODSTAWOWA W NIEDAMOWIE,2021,"polski, matematyka, angielski",4.0,,,4.0,,,4.0,,
8126,SZKOŁA PODSTAWOWA W KORNEM,2021,"polski, matematyka, angielski",6.0,,,6.0,,,6.0,,
24412,SZKOŁA PODSTAWOWA W TUSZKOWACH,2021,"polski, matematyka, angielski",6.0,,,6.0,,,6.0,,
105820,SZKOŁA PODSTAWOWA IM. PAPIEŻA JANA PAWŁA II W CZARNEM DOLNEM,2021,"polski, matematyka, angielski",7.0,,,7.0,,,7.0,,
105825,SZKOŁA PODSTAWOWA IM. STEFANA ŻEROMSKIEGO W TRUMIEJACH,2021,"polski, matematyka, angielski",9.0,,,9.0,,,3.0,,
105824,SZKOŁA PODSTAWOWA W OTŁOWCU,2021,"polski, matematyka, angielski",6.0,,,6.0,,,6.0,,
26751,NIEPUBLICZNA SZKOŁA PODSTAWOWA W POPOWIE,2021,"polski, matematyka, angielski",2.0,,,2.0,,,2.0,,
26451,SZKOŁA PODSTAWOWA W ŁEBUNI,2021,"polski, matematyka, angielski",7.0,,,7.0,,,7.0,,
26276,SZKOŁA PODSTAWOWA Z ODDZIAŁAMI INTEGRACYJNYMI IM. LEŚNIKÓW POLSKICH W PRZERYTEM,2021,"polski, matematyka, angielski",2.0,,,2.0,,,2.0,,
52464,SZKOŁA PODSTAWOWA W SZCZENURZY,2021,"polski, matematyka, angielski",8.0,,,8.0,,,8.0,,
52465,SZKOŁA PODSTAWOWA W MASZEWKU,2021,"polski, matematyka, angielski",8.0,,,8.0,,,8.0,,
61788,SZKOŁA PODSTAWOWA IM. STEFANA ŻEROMSKIEGO W LICHNOWACH,2021,"polski, matematyka, angielski",8.0,,,8.0,,,8.0,,
61923,SZKOŁA PODSTAWOWA IM. EDYTY CZOSKÓWNY W SZYMANKOWIE,2021,"polski, matematyka, angielski",9.0,,,9.0,,,9.0,,
30684,SZKOŁA PODSTAWOWA W NOWEJ WSI MALBORSKIEJ,2021,"polski, matematyka, angielski",7.0,,,7.0,,,7.0,,
112022,SZKOŁA PODSTAWOWA IM. JANUSZA KORCZAKA,2021,"polski, matematyka, angielski",9.0,,,9.0,,,9.0,,
262774,SZKOŁA PODSTAWOWA IM. NA BURSZTYNOWYM SZLAKU W MIKOSZEWIE,2021,"polski, matematyka, angielski",8.0,,,8.0,,,7.0,,
48876,SZKOŁA PODSTAWOWA IM. ALOJZEGO STENZLA W STRZELNIE,2021,"polski, matematyka, angielski",4.0,,,4.0,,,4.0,,
48878,SZKOŁA PODSTAWOWA W WERBLINI,2021,"polski, matematyka, angielski",8.0,,,8.0,,,8.0,,
48877,SZKOŁA PODSTAWOWA IM. WIKTORA CZAPIEWSKIEGO W REKOWIE GÓRNYM,2021,"polski, matematyka, angielski",3.0,,,3.0,,,3.0,,
124172,"NIEPUBLICZNA SZKOŁA PODSTAWOWA ""SOPOCKA SZKOŁA MONTESSORI"" W SOPOCIE",2021,"polski, matematyka, angielski",7.0,,,7.0,,,7.0,,
10650,PUBLICZNA SZKOŁA PODSTAWOWA IM. O FLAWIANA SŁOMIŃSKIEGO,2021,"polski, matematyka, angielski",9.0,,,9.0,,,9.0,,
25214,SZKOŁA PODSTAWOWA W MYŚLICACH,2021,"polski, matematyka, angielski",8.0,,,8.0,,,8.0,,
69357,SZKOŁA PODSTAWOWA IM. FELIKSA ŁOYKI,2021,"polski, matematyka, angielski",8.0,,,8.0,,,8.0,,
132633,II SPOŁECZNA SZKOŁA PODSTAWOWA W SŁUPSKU,2021,"polski, matematyka, angielski",7.0,,,7.0,,,7.0,,
263458,KATOLICKA SZKOŁA PODSTAWOWA ŚWIĘTEJ RODZINY Z NAZARETU - ZIARNO,2021,"polski, matematyka, angielski",8.0,,,8.0,,,8.0,,
34500,SZKOŁA PODSTAWOWA IM. JANA KOCHANOWSKIEGO W KOŃCZEWIE,2021,"polski, matematyka, angielski",9.0,,,9.0,,,9.0,,
48142,SZKOŁA PODSTAWOWA IM. POLSKICH NOBLISTÓW W SYCEWICACH,2021,"polski, matematyka, angielski",7.0,,,7.0,,,7.0,,
34502,SZKOŁA PODSTAWOWA IM. POLSKICH OLIMPIJCZYKÓW W KWAKOWIE,2021,angielski,23.0,47.0,45.73913043478261,23.0,28.0,31.652173913043477,7.0,,
62355,SZKOŁA PODSTAWOWA IM. KAWALERÓW ORDERU UŚMIECHU W BARCINIE,2021,"polski, matematyka, angielski",8.0,,,8.0,,,8.0,,
118948,NIEPUBLICZNA SZKOŁA PODSTAWOWA IM. ANDRZEJA GRUBBY W PRZYTOCKU,2021,angielski,14.0,50.0,51.0,14.0,24.0,24.571428571428573,9.0,,
62357,SZKOŁA PODSTAWOWA IM. JANINY I CYRYLA ZALEWSKICH W BIESOWICACH,2021,"polski, matematyka, angielski",9.0,,,9.0,,,7.0,,
10052,SZKOŁA PODSTAWOWA W SKÓROWIE IM. LUCJANA KOWALSKIEGO,2021,"polski, matematyka, angielski",4.0,,,4.0,,,4.0,,
262260,MŁODZIEŻOWY OŚRODEK SOCJOTERAPII W USTCE - SZKOŁA PODSTAWOWA NR 4 W USTCE,2021,angielski,22.0,27.0,33.95454545454545,15.0,16.0,18.4,,,
19460,SZKOŁA PODSTAWOWA IM. BŁ. JERZEGO POPIEŁUSZKI W PIASECZNIE,2021,"polski, matematyka, angielski",6.0,,,6.0,,,6.0,,
5459,PUBLICZNA SZKOŁA PODSTAWOWA STOWARZYSZENIA PRZYJACIÓŁ SZKÓŁ KATOLICKICH,2021,"polski, matematyka, angielski",6.0,,,6.0,,,6.0,,
5486,PUBLICZNA SZKOŁA PODSTAWOWA STOWARZYSZENIA PRZYJACIÓŁ SZKÓŁ KATOLICKICH,2021,"polski, matematyka, angielski",3.0,,,3.0,,,3.0,,
67807,SZKOŁA PODSTAWOWA NR 10 Z ODDZIAŁAMI INTEGRACYJNYMI IM.PŁK. STANISŁAWA DĄBKA W TCZEWIE,2021,angielski,14.0,48.0,50.785714285714285,14.0,40.0,42.0,4.0,,
263697,SZKOŁA PODSTAWOWA W TCZEWIE,2021,angielski,41.0,11.0,12.75609756097561,41.0,16.0,17.170731707317074,1.0,,
13740,SZKOŁA PODSTAWOWA W KĘTRZYNIE,2021,"polski, matematyka, angielski",4.0,,,4.0,,,4.0,,
13737,SZKOŁA PODSTAWOWA W MIŁOSZEWIE,2021,"polski, matematyka, angielski",6.0,,,6.0,,,6.0,,
13738,SZKOŁA PODSTAWOWA W NIEPOCZOŁOWICACH,2021,"polski, matematyka, angielski",9.0,,,9.0,,,9.0,,
13892,OŚRODEK EDUKACJI KASZUBSKIEJ - SZKOŁA PODSTAWOWA NA GŁODNICY,2021,"polski, matematyka, angielski",2.0,,,2.0,,,2.0,,
268854,PRYWATNA SZKOŁA PODSTAWOWA DEJA CSB,2021,"polski, matematyka, angielski",3.0,,,3.0,,,3.0,,
9349,SZKOŁA PODSTAWOWA W JELEŃSKIEJ HUCIE,2021,"polski, matematyka, angielski",5.0,,,5.0,,,5.0,,
263081,"PRYWATNA SZKOŁA PODSTAWOWA ""NAJA SZKOŁA""",2021,"polski, matematyka, angielski",1.0,,,1.0,,,1.0,,
89865,SZKOŁA PODSTAWOWA IM. JERZEGO KUKUCZKI W KALNEJ,2021,"polski, matematyka, angielski",8.0,,,8.0,,,8.0,,
60764,SZKOŁA PODSTAWOWA W IŁOWNICY,2021,"polski, matematyka, angielski",9.0,,,9.0,,,9.0,,
111401,SZKOŁA PODSTAWOWA SPECJALNA NR 2 W JAWORZU,2021,angielski,11.0,31.0,31.0,11.0,20.0,18.90909090909091,9.0,,
272923,SZKOŁA PODSTAWOWA NR 2 IM. JANA PAWŁA II W PORĄBCE,2021,"polski, matematyka, angielski",8.0,,,8.0,,,9.0,,
34541,SZKOŁA PODSTAWOWA SPECJALNA NR 11 IM. JANUSZA KORCZAKA PRZY PLACÓWKACH OPIEKUŃCZO-WYCHOWAWCZYCH W BIELSKU-BIAŁEJ,2021,"polski, matematyka, angielski",9.0,,,9.0,,,9.0,,
70674,SZKOŁA PODSTAWOWA NR 38 W ZESPOLE SZKÓŁ SAMOCHODOWYCH I OGÓLNOKSZTAŁCĄCYCH W BIELSKU-BIAŁEJ,2021,"polski, matematyka, angielski",7.0,,,7.0,,,7.0,,
85357,WALDORFSKA SZKOŁA PODSTAWOWA IM. CYPRIANA KAMILA NORWIDA W BIELSKU-BIAŁEJ,2021,"polski, matematyka, angielski",7.0,,,7.0,,,7.0,,
75682,"PRYWATNA SZKOŁA PODSTAWOWA ""SMYK"" W BIELSKU-BIAŁEJ",2021,"polski, matematyka, angielski",8.0,,,8.0,,,8.0,,
130789,NIEPUBLICZNA SZKOŁA PODSTAWOWA MISTRZOSTWA SPORTOWEGO MM SPORT,2021,"polski, matematyka, angielski",7.0,,,7.0,,,7.0,,
3848,SZKOŁA PODSTAWOWA IM. MARII KONOPNICKIEJ W PRZECZYCACH,2021,"polski, matematyka, angielski",7.0,,,7.0,,,7.0,,
9470,SZKOŁA PODSTAWOWA W BRUDZOWICACH,2021,"polski, matematyka, angielski",9.0,,,9.0,,,9.0,,
59834,ALTERNATYWNA SZKOŁA PODSTAWOWA,2021,"polski, matematyka, angielski",7.0,,,7.0,,,7.0,,
89546,SZKOŁA PODSTAWOWA SPECJALNA NR 8,2021,"polski, matematyka, angielski",1.0,,,1.0,,,1.0,,
60795,SZKOŁA PODSTAWOWA NR 2 W JAWORZYNCE,2021,"polski, matematyka, angielski",9.0,,,9.0,,,9.0,,
53637,SZKOŁA PODSTAWOWA NR 2 W ISTEBNEJ,2021,"polski, matematyka, angielski",7.0,,,7.0,,,7.0,,
57809,SZKOŁA PODSTAWOWA NR 2 W KONIAKOWIE,2021,"polski, matematyka, angielski",9.0,,,9.0,,,9.0,,
56380,SZKOŁA POSTAWOWA NR 51 IM.M.CURIE -SKŁODOWSKIEJ,2021,"polski, matematyka, angielski",8.0,,,8.0,,,8.0,,
55905,KATOLICKA SZKOŁA PODSTAWOWA STOWARZYSZENIA PRZYJACIÓŁ SZKÓŁ KATOLICKICH W CZĘSTOCHOWIE,2021,"polski, matematyka, angielski",9.0,,,9.0,,,9.0,,
264224,MAXIMUS SZKOŁA PODSTAWOWA DLA DOROSŁYCH W CZĘSTOCHOWIE,2021,"polski, matematyka, angielski",2.0,,,2.0,,,2.0,,
123810,PUBLICZNA SZKOŁA PODSTAWOWA W CISIU,2021,"polski, matematyka, angielski",4.0,,,4.0,,,4.0,,
3059,NIEPUBLICZNA SZKOŁA PODSTAWOWA IM. MARII KONOPNICKIEJ W SOBORZYCACH,2021,"polski, matematyka, angielski",3.0,,,3.0,,,2.0,,
92265,SZKOŁA PODSTAWOWA IM. ŚW. STANISŁAWA KOSTKI W LGOCZANCE,2021,"polski, matematyka, angielski",8.0,,,8.0,,,8.0,,
119209,SZKOŁA PODSTAWOWA IM. JANA PAWŁA II W ŁYSINACH,2021,"polski, matematyka, angielski",1.0,,,1.0,,,1.0,,
5584,SZKOŁA PODSTAWOWA W RUDNIKACH IM. POWSTAŃCÓW STYCZNIOWYCH,2021,"polski, matematyka, angielski",7.0,,,7.0,,,7.0,,
73103,SZKOŁA PODSTAWOWA IM. TADEUSZA KOŚCIUSZKI W RĘKSZOWICACH,2021,"polski, matematyka, angielski",3.0,,,3.0,,,3.0,,
62401,SZKOŁA PODSTAWOWA IM. JANA PAWŁA II W ŁAŹCU,2021,"polski, matematyka, angielski",6.0,,,6.0,,,6.0,,
72873,SZKOŁA PODSTAWOWA W KOPALNI,2021,"polski, matematyka, angielski",9.0,,,9.0,,,9.0,,
20995,SZKOŁA PODSTAWOWA IM. HENRYKA DRZAZGI W LGOCIE MAŁEJ W ZESPOLE SZKOLNO-PRZEDSZKOLNYM W LGOCIE MAŁEJ,2021,"polski, matematyka, angielski",6.0,,,6.0,,,6.0,,
119939,"SZKOŁA PODSTAWOWA FUNDACJI ""ELEMENTARZ"" W JACKOWIE",2021,"polski, matematyka, angielski",5.0,,,5.0,,,5.0,,
80790,SZKOŁA PODSTAWOWA IM. KORNELA MAKUSZYŃSKIEGO W SKRZYDLOWIE,2021,"polski, matematyka, angielski",8.0,,,8.0,,,8.0,,
9645,SZKOŁA PODSTAWOWA W PODLESIU,2021,"polski, matematyka, angielski",8.0,,,8.0,,,8.0,,
111512,SZKOŁA PODSTAWOWA IM. MIECZYSŁAWA WIERZBY W MAŁUSACH WIELKICH,2021,"polski, matematyka, angielski",8.0,,,8.0,,,8.0,,
64643,SZKOŁA PODSTAWOWA IM. ŚW.HUBERTA W KRASICACH,2021,"polski, matematyka, angielski",2.0,,,2.0,,,2.0,,
53457,SZKOŁA PODSTAWOWA IM.JANA BRZECHWY W RADOSTKOWIE,2021,"polski, matematyka, angielski",9.0,,,9.0,,,9.0,,
104945,PUBLICZNA SZKOŁA PODSTAWOWA STOWARZYSZENIA PRZYJACIÓŁ SZKÓŁ KATOLICKICH IM.DZIECI FATIMSKICH W RYBNEJ,2021,"polski, matematyka, angielski",5.0,,,5.0,,,4.0,,
53455,SZKOŁA PODSTAWOWA IM.TADEUSZA KOŚCIUSZKI W WIERZCHOWISKU,2021,"polski, matematyka, angielski",6.0,,,6.0,,,6.0,,
53453,SZKOŁA PODSTAWOWA IM.WOŁYŃSKIEJ BRYGADY KAWALERII W STARYM KOCINIE,2021,"polski, matematyka, angielski",3.0,,,3.0,,,3.0,,
91104,SZKOŁA PODSTAWOWA W KUSIĘTACH,2021,"polski, matematyka, angielski",5.0,,,5.0,,,5.0,,
29126,SZKOŁA PODSTAWOWA W SŁOWIKU W ZESPOLE SZKOLNO-PRZEDSZKOLNYM W SŁOWIKU,2021,"polski, matematyka, angielski",4.0,,,4.0,,,4.0,,
31039,NIEPUBLICZNA SZKOŁA PODSTAWOWA W WOLI MOKRZESKIEJ,2021,"polski, matematyka, angielski",5.0,,,5.0,,,5.0,,
23735,NIEPUBLICZNA SZKOŁA PODSTAWOWA W ZALESICACH,2021,"polski, matematyka, angielski",5.0,,,5.0,,,4.0,,
56545,SZKOŁA PODSTAWOWA IM. JANUSZA KORCZAKA W KOŚCIELCU,2021,"polski, matematyka, angielski",9.0,,,9.0,,,9.0,,
23670,SZKOŁA PODSTAWOWA NR 35 Z ODDZIAŁAMI PRZEDSZKOLNYMI W DĄBROWIE GÓRNICZEJ,2021,"polski, matematyka, angielski",6.0,,,6.0,,,6.0,,
59838,OGÓLNOKSZTAŁCĄCA SZKOŁA MUZYCZNA I STOPNIA,2021,"polski, matematyka, angielski",6.0,,,6.0,,,6.0,,
130569,"SZKOŁA PODSTAWOWA SPECJALNA NR 1 IM. ZOFII KSIĄŻEK-BREGUŁOWEJ W SPECJALNYM OŚRODKU SZKOLNO-WYCHOWAWCZYM DLA DZIECI I MŁODZIEŻY NIEPEŁNOSPRAWNEJ W DĄBROWIE GÓRNICZEJ, UL. SWOBODNA 59",2021,"polski, matematyka, angielski",3.0,,,3.0,,,3.0,,
133528,SZKOŁA PODSTAWOWA SPECJALNA NR 22 W GLIWICACH,2021,"polski, matematyka, angielski",2.0,,,2.0,,,2.0,,
92158,SZKOŁA PODSTAWOWA SPECJALNA NR 26 W GLIWICACH,2021,"polski, matematyka, angielski",8.0,,,8.0,,,8.0,,
276162,NIEPUBLICZNA SZKOŁA PODSTAWOWA MARANATHA,2021,"polski, matematyka, angielski",1.0,,,1.0,,,1.0,,
121904,SZKOŁA PODSTAWOWA W STANICY,2021,"polski, matematyka, angielski",8.0,,,8.0,,,9.0,,
29918,SZKOŁA PODSTAWOWA SPECJALNA W PYSKOWICACH W ZESPOLE SZKÓŁ SPECJALNYCH Z SIEDZIBĄ W PYSKOWICACH PRZY UL. PONIATOWSKIEGO 2,2021,"polski, matematyka, angielski",5.0,,,5.0,,,4.0,,
128604,SZKOŁA PODSTAWOWA IM. BOLESŁAWA CHROBREGO W CHECHLE,2021,"polski, matematyka, angielski",7.0,,,7.0,,,3.0,,
59894,SZKOŁA PODSTAWOWA W BARGŁÓWCE,2021,"polski, matematyka, angielski",8.0,,,8.0,,,7.0,,
28171,SZKOŁA PODSTAWOWA W KOTULINIE,2021,angielski,13.0,71.0,67.46153846153847,13.0,44.0,49.84615384615385,9.0,,
28172,SZKOŁA PODSTAWOWA W PACZYNIE,2021,"polski, matematyka, angielski",8.0,,,8.0,,,4.0,,
108750,SZKOŁA PODSTAWOWA SPECJALNA NR 23 IM. KS. PROF. JÓZEFA TISCHNERA,2021,"polski, matematyka, angielski",1.0,,,1.0,,,1.0,,
10958,SZKOŁA PODSTAWOWA NR 55 SPECJALNA,2021,"polski, matematyka, angielski",1.0,,,1.0,,,1.0,,
30177,SPOŁECZNA SZKOŁA PODSTAWOWA STOWARZYSZENIA RODZICÓW I NAUCZYCIELI,2021,"polski, matematyka, angielski",3.0,,,3.0,,,3.0,,
22969,PRYWATNA SZKOŁA PODSTAWOWA COMPLEX OF SILESIAN INTERNATIONAL SCHOOLS,2021,"polski, matematyka",4.0,,,4.0,,,14.0,53.0,58.92857142857143
132953,SZKOŁA PODSTAWOWA DLA DOROSŁYCH EFFEKT W KATOWICACH,2021,"polski, matematyka, angielski",9.0,,,9.0,,,9.0,,
123853,NIEPUBLICZNA SZKOŁA PODSTAWOWA AKADEMIA MONTESSORI,2021,"polski, matematyka, angielski",4.0,,,4.0,,,4.0,,
130340,"NIEPUBLICZNA SZKOŁA PODSTAWOWA ""NASZA SZKOŁA""",2021,"polski, matematyka, angielski",1.0,,,1.0,,,1.0,,
132574,KATOLICKA SZKOŁA PODSTAWOWA STOWARZYSZENIA RODZIN KATOLICKICH ARCHIDIECEZJI KATOWICKIEJ,2021,"polski, matematyka, angielski",8.0,,,8.0,,,8.0,,
273549,KORCZAKOWSKA SZKOŁA MARZEŃ W KATOWICACH,2021,"polski, matematyka, angielski",2.0,,,2.0,,,2.0,,
263605,SZKOŁA PODSTAWOWA SPECJALNA W MŁODZIEŻOWYM OŚRODKU WYCHOWAWCZYM W KRZEPICACH,2021,"polski, matematyka, angielski",5.0,,,5.0,,,4.0,,
25565,PUBLICZNA SZKOŁA PODSTAWOWA STOWARZYSZENIA PRZYJACIÓŁ SZKÓŁ KATOLICKICH IM. ŚW. DOMINIKA SAVIO,2021,"polski, matematyka, angielski",5.0,,,5.0,,,5.0,,
51854,SZKOŁA PODSTAWOWA IM. JANA PAWŁA II W LINDOWIE,2021,"polski, matematyka, angielski",7.0,,,7.0,,,7.0,,
29287,SZKOŁA PODSTAWOWA W RĘBIELICACH SZLACHECKICH IM.T. KOŚCIUSZKI W RĘBIELICACH SZLACHECKICH,2021,"polski, matematyka, angielski",9.0,,,9.0,,,9.0,,
20034,SZKOŁA PODSTAWOWA IM. BOHATERÓW WALK POD MOKRĄ W 1939 R.,2021,"polski, matematyka, angielski",5.0,,,5.0,,,4.0,,
25495,"SZKOŁA PODSTAWOWA IM. TADEUSZA KOŚCIUSZKI, 42-152 WILKOWIECKO UL. SZKOLNA 1",2021,"polski, matematyka, angielski",1.0,,,1.0,,,1.0,,
25493,"SZKOŁA PODSTAWOWA IM.JULIANA TUWIMA,42-151 ZŁOCHOWICE ,UL. WESOŁA 3",2021,angielski,10.0,61.0,62.6,10.0,34.0,36.0,9.0,,
34894,SZKOŁA PODSTAWOWA IM.STANISŁAWA STASZICA W ALEKSANDROWIE,2021,"polski, matematyka, angielski",5.0,,,5.0,,,5.0,,
111282,SZKOŁA PODSTAWOWA IM. ROMUALDA TRAUGUTTA W WĄSOSZU GÓRNYM,2021,"polski, matematyka, angielski",9.0,,,9.0,,,9.0,,
111317,SZKOŁA PODSTAWOWA IM. WŁ.ST. REYMONTA,2021,"polski, matematyka, angielski",9.0,,,9.0,,,9.0,,
262383,SZKOŁA PODSTAWOWA IM. ŚW. JANA PAWŁA II W ZAWADACH,2021,"polski, matematyka, angielski",5.0,,,5.0,,,5.0,,
25941,PUBLICZNA SZKOŁA PODSTAWOWA IM. ADAMA MICKIEWICZA W BORZE ZAJACIŃSKIM,2021,"polski, matematyka, angielski",9.0,,,9.0,,,9.0,,
93088,PUBLICZNA SZKOŁA PODSTAWOWA STOWARZYSZENIA PRZYJACIÓŁ SZKÓŁ KATOLICKICH IM. ŚW. JANA PAWŁA II W BIEŻENIU,2021,"polski, matematyka, angielski",6.0,,,6.0,,,6.0,,
31688,SZKOŁA PODSTAWOWA IM. MARII KONOPNICKIEJ W BOROWEM,2021,"polski, matematyka, angielski",7.0,,,7.0,,,7.0,,
31689,SZKOŁA PODSTAWOWA IM. ORŁA BIAŁEGO W KULEJACH,2021,"polski, matematyka, angielski",9.0,,,9.0,,,9.0,,
84609,SZKOŁA PODSTAWOWA W ZBOROWSKIEM,2021,"polski, matematyka, angielski",7.0,,,7.0,,,7.0,,
88103,SZKOŁA PODSTAWOWA SPECJALNA NR 5 DLA UCZNIÓW NIEDOSTOSOWANYCH SPOŁECZNIE ORAZ DLA UCZNIÓW NIEDOSTOSOWANYCH SPOŁECZNIE Z NIEPEŁNOSPRAWNOŚCIĄ INTELEKTUALNĄ W STOPNIU LEKKIM,2021,"polski, matematyka, angielski",7.0,,,7.0,,,7.0,,
92608,SZKOŁA PODSTAWOWA IM.JULIUSZA LIGONIA W STRZEBINIU,2021,"matematyka, angielski",12.0,63.0,62.166666666666664,2.0,,,2.0,,
23058,SZKOŁA PODSTAWOWA IM. WANDY KAWY I BRONISŁAWY KAWY W KOŚMIDRACH,2021,"polski, matematyka, angielski",5.0,,,5.0,,,3.0,,
72680,SZKOŁA PODSTAWOWA IM. POWSTAŃCÓW ŚLĄSKICH W KAMIENICY,2021,"polski, matematyka, angielski",5.0,,,5.0,,,5.0,,
61543,NIEPUBLICZNA SZKOŁA PODSTAWOWA W KAMIEŃSKICH MŁYNACH,2021,"polski, matematyka, angielski",8.0,,,8.0,,,8.0,,
63469,SZKOŁA PODSTAWOWA IM. JÓZEFA LOMPY W LUBSZY,2021,"polski, matematyka, angielski",4.0,,,4.0,,,4.0,,
57074,SZKOŁA PODSTAWOWA W WOŹNIKACH - LIGOTA WOŹNICKA,2021,"polski, matematyka, angielski",6.0,,,6.0,,,5.0,,
44543,SZKOŁA PODSTAWOWA NR 9 IM.WŁADYSŁAWA BRONIEWSKIEGO W ORZESZU-ZGONIU,2021,"polski, matematyka, angielski",7.0,,,7.0,,,7.0,,
49623,SZKOŁA PODSTAWOWA W MYSŁOWIE,2021,"polski, matematyka, angielski",8.0,,,8.0,,,8.0,,
47376,SZKOŁA PODSTAWOWA W GNIAZDOWIE,2021,"polski, matematyka, angielski",8.0,,,8.0,,,8.0,,
49635,SZKOŁA PODSTAWOWA STOWARZYSZENIA PRZYJACIÓŁ SZKÓŁ KATOLICKICH IM. ŚW. OJCA PIO W WINOWNIE,2021,"polski, matematyka, angielski",5.0,,,5.0,,,5.0,,
28251,SZKOŁA PODSTAWOWA NR 4,2021,"polski, matematyka, angielski",8.0,,,8.0,,,8.0,,
28252,SZKOŁA PODSTAWOWA NR 6,2021,"polski, matematyka, angielski",4.0,,,4.0,,,4.0,,
23917,SZKOŁA PODSTAWOWA NR 7 IM. JANA BRZECHWY,2021,"polski, matematyka, angielski",6.0,,,6.0,,,6.0,,
84730,SZKOŁA PODSTAWOWA W LUDWINOWIE,2021,"polski, matematyka, angielski",4.0,,,4.0,,,4.0,,
9756,SZKOŁA PODSTAWOWA IM JANA PAWŁA II W JAWORZNIKU,2021,"polski, matematyka, angielski",6.0,,,6.0,,,6.0,,
9748,SZKOŁA PODSTAWOWA IM. 11 LISTOPADA W ZAWADZIE,2021,"polski, matematyka, angielski",3.0,,,3.0,,,3.0,,
19144,MIEJSKA SZKOŁA PODSTAWOWA SPECJALNA IM.MARII GRZEGORZEWSKIEJ,2021,"polski, matematyka, angielski",1.0,,,1.0,,,,,
124980,SZKOŁA PODSTAWOWA W ZAKŁADZIE POPRAWCZYM I SCHRONISKU DLA NIELETNICH W PSZCZYNIE ŁĄCE,2021,"polski, matematyka, angielski",3.0,,,3.0,,,3.0,,
114674,SZKOŁA PODSTAWOWA W BORUCINIE,2021,"polski, matematyka, angielski",6.0,,,6.0,,,6.0,,
26423,SZKOŁA PODSTAWOWA NR 2 IM. NOBLISTÓW POLSKICH,2021,"polski, matematyka, angielski",9.0,,,9.0,,,9.0,,
124764,SZKOŁA PODSTAWOWA NR 16 W ZAKŁADZIE POPRAWCZYM I SCHRONISKU DLA NIELETNICH W RACIBORZU,2021,"polski, matematyka, angielski",5.0,,,5.0,,,5.0,,
23580,KATOLICKA NIEPUBLICZNA SZKOŁA PODSTAWOWA IM. BŁ. JANA PAWŁA II,2021,"polski, matematyka, angielski",6.0,,,6.0,,,6.0,,
115049,SZKOŁA PODSTAWOWA W RUDNIKU,2021,"polski, matematyka, angielski",9.0,,,9.0,,,7.0,,
114224,PUBLICZNA SZKOŁA PODSTAWOWA W GAMOWIE,2021,"polski, matematyka, angielski",6.0,,,6.0,,,6.0,,
90370,SZKOŁA PODSTAWOWA DLA DOROSŁYCH,2021,"polski, matematyka, angielski",9.0,,,9.0,,,9.0,,
55696,ZESPÓŁ SZKOLNO-PRZEDSZKOLNY W ADAMOWICACH SZKOŁA PODSTAWOWA IM. FLORIANA ADAMSKIEGO W ADAMOWICACH,2021,"polski, matematyka, angielski",7.0,,,7.0,,,7.0,,
17200,ZESPÓŁ SZKOLNO-PRZEDSZKOLNY W PSTRĄŻNEJ - SZKOŁA PODSTAWOWA IM. KAZIMIERZA WIELKIEGO W PSTRĄŻNEJ,2021,"polski, matematyka, angielski",9.0,,,9.0,,,8.0,,
15271,SZKOŁA PODSTAWOWA W RASZCZYCACH,2021,"polski, matematyka, angielski",8.0,,,8.0,,,8.0,,
89425,"PRYWATNA SZKOŁA PODSTAWOWA ""ARKONA"" W SIEMIANOWICACH ŚLĄSKICH",2021,"polski, matematyka, angielski",9.0,,,9.0,,,9.0,,
86795,"SZKOŁA PODSTAWOWA NR 11 ""MODRZEJÓW"" W ZESPOLE SZKOLNO-PRZEDSZKOLNYM ""MODRZEJÓW"" W SOSNOWCU",2021,"polski, matematyka, angielski",6.0,,,6.0,,,6.0,,
123265,"SZKOŁA PODSTAWOWA ""ATENA""",2021,"polski, matematyka, angielski",9.0,,,9.0,,,9.0,,
68285,ZESPÓŁ SZKOLNO-PRZEDSZKOLNY W POTĘPIE -SZKOŁA PODSTAWOWA IM. KORNELA MAKUSZYŃSKIEGO,2021,"polski, matematyka, angielski",6.0,,,6.0,,,6.0,,
55714,NIEPUBLICZNA SZKOŁA PODSTAWOWA W PYRZOWICACH,2021,"polski, matematyka, angielski",2.0,,,2.0,,,2.0,,
79182,SZKOŁA PODSTAWOWA NR 16,2021,angielski,11.0,69.0,69.27272727272727,11.0,52.0,57.45454545454545,9.0,,
18989,SZKOŁA PODSTAWOWA IM KS. JERZEGO POPIEŁUSZKI W WOJSCE,2021,"polski, matematyka, angielski",7.0,,,7.0,,,7.0,,
25935,SZKOŁA PODSTAWOWA W CZEKANOWIE,2021,"polski, matematyka, angielski",8.0,,,8.0,,,7.0,,
27394,SZKOŁA PODSTAWOWA W KOPIENICY,2021,"polski, matematyka, angielski",6.0,,,6.0,,,4.0,,
23630,SZKOŁA PODSTAWOWA SPECJALNA NR 9 W KAMIEŃCU,2021,"polski, matematyka, angielski",1.0,,,1.0,,,1.0,,
38534,OGÓLNOKSZTAŁCĄCA SZKOŁA MUZYCZNA I STOPNIA,2021,"polski, matematyka, angielski",3.0,,,3.0,,,3.0,,
124920,"NIEPUBLICZNA SZKOŁA PODSTAWOWA ""OTWARTE OKNO"" Z ODDZIAŁAMI INTEGRACYJNYMI I SPECJALNYMI W TYCHACH",2021,"polski, matematyka, angielski",1.0,,,1.0,,,1.0,,
29716,SZKOŁA PODSTAWOWA NR 32 IM. ROBERTA BEDNORZA W ZABRZU W ZESPOLE SZKOLNO-PRZEDSZKOLNYM NR 8 W ZABRZU,2021,"polski, matematyka, angielski",7.0,,,7.0,,,7.0,,
77443,WSZECHNICA ZABRZAŃSKA CENTRUM KSZTAŁCENIA USTAWICZNEGO NIEPUBLICZNA SZKOŁA PODSTAWOWA DLA DOROSŁYCH,2021,"polski, matematyka, angielski",7.0,,,6.0,,,6.0,,
264538,"NIEPUBLICZNA SZKOŁA PODSTAWOWA ""POD SKRZYDŁAMI"" IM. MICHAŁA ARCHANIOŁA W ZABRZU Z ODDZIAŁEM PRZEDSZKOLNYM",2021,"polski, matematyka, angielski",1.0,,,1.0,,,1.0,,
86218,"SZKOŁA PODSTAWOWA FUNDACJI ""ELEMENTARZ"" Z ODDZIAŁEM PRZEDSZKOLNYM W SIAMOSZYCACH",2021,"polski, matematyka, angielski",1.0,,,1.0,,,1.0,,
21957,"SZKOŁA PODSTAWOWA FUNDACJI ""ELEMENTARZ"" W PODZAMCZU",2021,"polski, matematyka, angielski",8.0,,,8.0,,,7.0,,
22579,SZKOŁA PODSTAWOWA W RYCZOWIE,2021,"polski, matematyka, angielski",9.0,,,9.0,,,9.0,,
129621,SZKOŁA PODSTAWOWA W GOLENIOWACH,2021,"polski, matematyka, angielski",6.0,,,6.0,,,6.0,,
129926,SPOŁECZNA SZKOŁA PODSTAWOWA IM. JANA PAWŁA II W ROKITNIE,2021,"polski, matematyka, angielski",7.0,,,7.0,,,6.0,,
8768,SZKOŁA PODSTAWOWA W RUDNIKACH,2021,"polski, matematyka, angielski",8.0,,,8.0,,,8.0,,
5296,"SZKOŁA PODSTAWOWA NR 14 FUNDACJI ""ELEMENTARZ"" W ZAWIERCIU",2021,"polski, matematyka, angielski",5.0,,,5.0,,,5.0,,
124754,SZKOŁA PODSTAWOWA NR 12 W ZAKŁADZIE POPRAWCZYM I SCHRONISKU DLA NIELETNICH W ZAWIERCIU,2021,"polski, matematyka, angielski",2.0,,,2.0,,,2.0,,
3046,NIEPUBLICZNA SZKOŁA PODSTAWOWA W CIĄGOWICACH,2021,"polski, matematyka, angielski",5.0,,,5.0,,,5.0,,
3193,NIEPUBLICZNA SZKOŁA PODSTAWOWA IM. MICHAŁA POLESKIEGO W ROKITNIE SZLACHECKIM,2021,"polski, matematyka, angielski",7.0,,,7.0,,,7.0,,
3197,NIEPUBLICZNA SZKOŁA PODSTAWOWA IM. STANISŁAWA BĘDKOWSKIEGO W GRABOWEJ,2021,"polski, matematyka, angielski",8.0,,,8.0,,,8.0,,
263943,SZKOŁA PODSTAWOWA NR 14 MISTRZOSTWA SPORTOWEGO IM. JACKA KURONIA W ŻORACH,2021,"polski, matematyka, angielski",7.0,,,7.0,,,7.0,,
119828,PRYWATNA SZKOŁA PODSTAWOWA ŻOREK,2021,"polski, matematyka, angielski",9.0,,,9.0,,,9.0,,
265125,SPOŁECZNA SZKOŁA PODSTAWOWA,2021,"polski, matematyka, angielski",5.0,,,5.0,,,5.0,,
5362,SZKOŁA PODSTAWOWA NR 2 IM. TADEUSZA KOŚCIUSZKI W MIĘDZYBRODZIU BIALSKIM,2021,"polski, matematyka, angielski",5.0,,,5.0,,,5.0,,
122201,ZESPÓŁ SZKOLNO-PRZEDSZKOLNY -SZKOŁA PODSTAWOWA NR2 W PEWLI WIELKIEJ,2021,"polski, matematyka, angielski",8.0,,,8.0,,,8.0,,
56502,SZKOŁA PODSTAWOWA NR 1 W PEWLI WIELKIEJ,2021,"polski, matematyka, angielski",9.0,,,9.0,,,9.0,,
87238,SZKOŁA PODSTWAWOWA W LALIKACH IM.KS.JANA TWARDOWSKIEGO,2021,"polski, matematyka, angielski",6.0,,,6.0,,,6.0,,
80506,SZKOŁA PODSTAWOWA IM. JANA BRZECHWY W NIELEDWI,2021,"polski, matematyka, angielski",8.0,,,8.0,,,7.0,,
106516,SZKOŁA PODSTAWOWA IM. KS. JANA TWARDOWSKIEGO W BRZUŚNIKU,2021,"polski, matematyka, angielski",9.0,,,9.0,,,9.0,,
108801,SZKOŁA PODSTAWOWA W BYSTREJ,2021,"polski, matematyka, angielski",9.0,,,9.0,,,9.0,,
108798,SZKOŁA PODSTAWOWA W PRZYBĘDZY,2021,"polski, matematyka, angielski",5.0,,,5.0,,,5.0,,
29969,SZKOŁA PODSTAWOWA IM. TADEUSZA KOŚCIUSZKI W SOLI,2021,"polski, matematyka, angielski",8.0,,,8.0,,,8.0,,
55920,"SZKOŁA PODSTAWOWA FUNDACJI ""ELEMENTARZ""",2021,"polski, matematyka, angielski",4.0,,,4.0,,,4.0,,
16445,SZKOŁA PODSTAWOWA IM. KRÓLA JANA III SOBIESKIEGO W RYCERCE DOLNEJ,2021,"polski, matematyka, angielski",9.0,,,9.0,,,9.0,,
29986,SZKOŁA PODSTAWOWA IM. KRÓLOWEJ JADWIGI W ZWARDONIU,2021,"polski, matematyka, angielski",8.0,,,8.0,,,8.0,,
72443,SZKOŁA PODSTAWOWA W GLINCE,2021,"polski, matematyka, angielski",7.0,,,7.0,,,7.0,,
28158,SZKOŁA PODSTAWOWA NR 2 IM. ŚW. FRANCISZKA Z ASYŻU W CIĘCINIE,2021,"polski, matematyka, angielski",9.0,,,9.0,,,9.0,,
263540,SZKOŁA PODSTAWOWA IM. ADAMA MICKIEWICZA W KOCIERZU MOSZCZANICKIM,2021,"polski, matematyka, angielski",5.0,,,5.0,,,5.0,,
263543,SZKOŁA PODSTAWOWA IM. GÓRALI ŻYWIECKICH W OKRAJNIKU,2021,"polski, matematyka, angielski",7.0,,,7.0,,,7.0,,
17087,SZKOŁA PODSTAWOWA W PEWLI MAŁEJ,2021,"polski, matematyka, angielski",7.0,,,7.0,,,6.0,,
14017,SZKOŁA PODSTAWOWA POMNIK 1000-LECIA NR 1235 IM.BOHATERÓW II WOJNY ŚWIATOWEJ W WOSKRZENICACH DUŻYCH,2021,angielski,10.0,62.0,62.8,10.0,56.0,50.8,9.0,,
14024,SZKOŁA PODSTAWOWA IM.KS.STANISŁAWA BRZÓSKI W DOKUDOWIE,2021,"polski, matematyka, angielski",3.0,,,3.0,,,3.0,,
14016,SZKOŁA PODSTAWOWA IM.JANINY PORAZIŃSKIEJ W STYRZYŃCU,2021,"polski, matematyka, angielski",7.0,,,7.0,,,7.0,,
14014,SZKOŁA PODSTAWOWA IM.JANA BRZECHWY W SITNIKU,2021,"polski, matematyka, angielski",9.0,,,9.0,,,9.0,,
24411,SZKOŁA PODSTAWOWA IM. KS. KARD. STEFANA WYSZYŃSKIEGO W SZÓSTCE,2021,angielski,10.0,59.0,59.6,10.0,46.0,44.0,9.0,,
24453,SZKOŁA PODSTAWOWA IM. LEGIONÓW POLSKICH W ŻEROCINIE,2021,"polski, matematyka, angielski",8.0,,,8.0,,,8.0,,
52562,SZKOŁA PODSTAWOWA IM KAJETANA SAWCZUKA W KOMARNIE KOLONII,2021,"polski, matematyka, angielski",9.0,,,9.0,,,9.0,,
80735,PUBLICZNA SZKOŁA PODSTAWOWA IM. MIKOŁAJA KOPERNIKA W TŁUŚĆCU,2021,"polski, matematyka, angielski",8.0,,,8.0,,,7.0,,
80732,PUBLICZNA SZKOŁA PODSTAWOWA IM. KARDYNAŁA STEFANA WYSZYŃSKIEGO W KOŻUSZKACH,2021,"polski, matematyka, angielski",3.0,,,3.0,,,3.0,,
88101,PUBLICZNA SZKOŁA PODSTAWOWA IM. ŚW. JANA PAWŁA II W TULIŁOWIE,2021,"polski, matematyka, angielski",7.0,,,7.0,,,7.0,,
52444,SZKOŁA PODSTAWOWA W DOBRYNCE,2021,"polski, matematyka, angielski",5.0,,,5.0,,,5.0,,
22048,SZKOŁA PODSTAWOWA IM. JANA PAWŁA II W POŁOSKACH,2021,"polski, matematyka, angielski",8.0,,,8.0,,,8.0,,
8452,SZKOŁA PODSTAWOWA W SOSNÓWCE,2021,angielski,14.0,65.5,67.57142857142857,14.0,50.0,53.42857142857143,7.0,,
7218,SZKOŁA PODSTAWOWA W MOTWICY,2021,"polski, matematyka, angielski",7.0,,,7.0,,,7.0,,
59698,SZKOŁA PODSTAWOWA IM.JULIANA URSYNA NIEMCEWICZA W NEPLACH,2021,angielski,12.0,64.5,54.666666666666664,12.0,24.0,32.666666666666664,5.0,,
10885,SZKOŁA PODSTAWOWA W HORODYSZCZU,2021,"polski, matematyka, angielski",8.0,,,8.0,,,6.0,,
4352,SZKOŁA PODSTAWOWA IM. TADEUSZA KOŚCIUSZKI W DOŁHOLISCE,2021,"polski, matematyka, angielski",2.0,,,2.0,,,,,
4367,SZKOŁA PODSTAWOWA W POLUBICZACH,2021,"polski, matematyka, angielski",4.0,,,4.0,,,4.0,,
9938,SZKOŁA PODSTAWOWA IM. MARII KONOPNICKIEJ W WÓLCE DOBRYŃSKIEJ,2021,"polski, matematyka, angielski",7.0,,,7.0,,,6.0,,
9936,SZKOŁA PODSTAWOWA W DOBRYNIU DUŻYM,2021,"polski, matematyka, angielski",5.0,,,5.0,,,4.0,,
9942,SZKOŁA PODSTAWOWA MAŁA AKADEMIA Z ODDZIAŁEM PRZEDSZKOLNYM W KIJOWCU,2021,"polski, matematyka, angielski",4.0,,,4.0,,,4.0,,
9947,SZKOŁA PODSTAWOWA W BEREZÓWCE,2021,"polski, matematyka, angielski",2.0,,,2.0,,,2.0,,
61477,SZKOŁA PODSTAWOWA W HUSZCZY,2021,"polski, matematyka, angielski",6.0,,,6.0,,,1.0,,
43700,SZKOŁA PODSTAWOWA IM. HETMANA JANA ZAMOYSKIEGO W BUKOWINIE,2021,"polski, matematyka, angielski",8.0,,,8.0,,,8.0,,
43701,SAMORZĄDOWA SZKOŁA PODSTAWOWA IM. JANA PAWŁA II W GOŹDZIE LIPIŃSKIM,2021,"polski, matematyka, angielski",4.0,,,4.0,,,4.0,,
118937,SZKOŁA PODSTAWOWA W KORCZOWIE,2021,"polski, matematyka, angielski",8.0,,,8.0,,,8.0,,
111684,SZKOŁA PODSTAWOWA W WOLI DEREŹNIAŃSKIEJ,2021,"polski, matematyka, angielski",8.0,,,8.0,,,8.0,,
111681,SZKOŁA PODSTAWOWA W STARYM BIDACZOWIE,2021,"polski, matematyka, angielski",4.0,,,4.0,,,4.0,,
5414,SZKOŁA PODSTAWOWA IM.JANA PAWŁA II W WOLI RADZIĘCKIEJ,2021,"polski, matematyka, angielski",9.0,,,9.0,,,9.0,,
41647,SZKOŁA PODSTAWOWA W RADZIĘCINIE,2021,"polski, matematyka, angielski",2.0,,,2.0,,,2.0,,
12864,SZKOŁA PODSTAWOWA IM. MARII KONOPNICKIEJ W STANISŁAWOWIE,2021,"polski, matematyka, angielski",3.0,,,3.0,,,3.0,,
85350,SZKOŁA PODSTAWOWA IM. PRYMASA TYSIĄCLECIA KS. KARD. STEFANA WYSZYŃSKIEGO W BABICACH,2021,"polski, matematyka, angielski",8.0,,,8.0,,,8.0,,
68844,PUBLICZNA SZKOŁA PODSTAWOWA IM. ŚW. FRANCISZKA Z ASYŻU W LIPINACH DOLNYCH,2021,"polski, matematyka, angielski",7.0,,,7.0,,,7.0,,
106073,PUBLICZNA SZKOŁA PODSTAWOWA IM.POWSTANIA STYCZNIOWEGOW POTOKU GÓRNYM,2021,"polski, matematyka, angielski",8.0,,,8.0,,,8.0,,
60132,SZKOŁA PODSTAWOWA W WOLI RÓŻANIECKIEJ,2021,"polski, matematyka, angielski",6.0,,,6.0,,,6.0,,
9986,SZKOŁA PODSTAWOWA IM. SZYMONA SZYMONOWICZA W CZERNIĘCINIE,2021,"polski, matematyka, angielski",8.0,,,8.0,,,8.0,,
10901,SZKOŁA PODSTAWOWA W GRÓDKACH,2021,"polski, matematyka, angielski",4.0,,,4.0,,,4.0,,
21055,SZKOŁA PODSTAWOWA W STAWIE,2021,"polski, matematyka, angielski",5.0,,,5.0,,,5.0,,
7806,"SZKOŁA PODSTAWOWA IM. JANA SZATOWSKIEGO PS. ""KOWAL"" W ŚWIERŻACH",2021,"polski, matematyka, angielski",9.0,,,9.0,,,9.0,,
128914,SZKOŁA PODSTAWOWA W BRZEŹNIE,2021,"polski, matematyka, angielski",6.0,,,6.0,,,6.0,,
103505,SZKOŁA PODSTAWOWA IM. BOHATERÓW ARTYLERII I ARMII WOJSKA POLSKIEGO W DUBIENCE,2021,angielski,21.0,44.0,46.76190476190476,21.0,24.0,24.952380952380953,9.0,,
8086,SZKOŁA PODSTAWOWA W CZERNIEJOWIE,2021,"polski, matematyka, angielski",5.0,,,5.0,,,5.0,,
119334,SZKOŁA PODSTAWOWA W SIELCU,2021,"polski, matematyka, angielski",8.0,,,8.0,,,8.0,,
61516,SZKOŁA PODSTAWOWA IM. 4 BRYGADY PANCERNEJ WOJSKA POLSKIEGO W ZAWADÓWCE,2021,"polski, matematyka, angielski",8.0,,,8.0,,,8.0,,
275562,"STOWARZYSZENIE ""EDUKATOR"" W ŁOMŻY SZKOŁA PODSTAWOWA W WÓLCE PETRYŁOWSKIEJ",2021,"polski, matematyka, angielski",7.0,,,7.0,,,7.0,,
275589,"STOWARZYSZENIE ""EDUKATOR"" W ŁOMŻY SZKOŁA PODSTAWOWA IM. JANA PAWŁA II W CZUŁCZYCACH",2021,"polski, matematyka, angielski",4.0,,,4.0,,,4.0,,
275604,"STOWARZYSZENIE ""EDUKATOR"" W ŁOMŻY SZKOŁA PODSTAWOWA IM. MARII KONOPNICKIEJ W BUKOWIE WIELKIEJ",2021,"polski, matematyka, angielski",3.0,,,3.0,,,3.0,,
118573,PUBLICZNA SZKOŁA PODSTAWOWA W PRZEWODOWIE,2021,"polski, matematyka, angielski",8.0,,,8.0,,,8.0,,
87652,SZKOŁA PODSTAWOWA W STRZYŻOWIE,2021,angielski,11.0,64.0,64.36363636363636,11.0,40.0,40.72727272727273,8.0,,
121834,SZKOŁA PODSTAWOWA IM.TADEUSZA KOŚCIUSZKI W HUSYNNEM,2021,"polski, matematyka, angielski",7.0,,,7.0,,,7.0,,
122381,"SZKOŁA PODSTAWOWA IM. 15 PUŁKU PIECHOTY ""WILKÓW'' W STEFANKOWICACH",2021,"polski, matematyka, angielski",7.0,,,7.0,,,7.0,,
91736,PUBLICZNA SZKOŁA PODSTAWOWA IM. MIECZYSŁAWA FUTY W DZIEKANOWIE,2021,"polski, matematyka, angielski",3.0,,,3.0,,,3.0,,
91999,PUBLICZNA SZKOŁA PODSTAWOWA W DĄBROWIE,2021,"polski, matematyka, angielski",1.0,,,1.0,,,,,
122403,PUBLICZNA SZKOŁA PODSTAWOWA W SZPIKOŁOSACH,2021,"polski, matematyka, angielski",5.0,,,5.0,,,4.0,,
122401,SZKOŁA PODSTAWOWA W ŚLIPCZU Z SIEDZIBĄ W KOZODAWACH,2021,"polski, matematyka, angielski",9.0,,,9.0,,,9.0,,
89873,SZKOŁA PODSTAWOWA STOWARZYSZENIA ROZWOJU WSI SZYCHOWICE,2021,"polski, matematyka, angielski",6.0,,,6.0,,,6.0,,
130065,SZKOŁA PODSTAWOWA IM. MARII KONOPNICKIEJ W MOŁODIATYCZACH,2021,"polski, matematyka, angielski",5.0,,,5.0,,,5.0,,
106703,SZKOŁA PODSTAWOWA IM. MARII KONOPNICKIEJ W TERATYNIE,2021,"polski, matematyka, angielski",8.0,,,8.0,,,8.0,,
66188,SZKOŁA PODSTAWOWA IM. SIOSTRY WANDY LONGINY TRUDZIŃSKIEJ I SIEDMIU WYCHOWANKÓW W SAHRYNIU,2021,"polski, matematyka, angielski",5.0,,,5.0,,,5.0,,
38586,PUBLICZNA SZKOŁA PODSTAWOWA IM. 30 PUŁKU STRZELCÓW KANIOWSKICH I AK W HOSTYNNEM KOLONII,2021,"polski, matematyka, angielski",8.0,,,8.0,,,7.0,,
38582,PUBLICZNA SZKOŁA PODSTAWOWA IM. PAPIEŻA JANA PAWŁA II W PODHORCACH,2021,"polski, matematyka, angielski",4.0,,,4.0,,,4.0,,
38577,PUBLICZNA SZKOŁA PODSTAWOWA IM. JANA PAWŁA II W HONIATYCZACH,2021,"polski, matematyka, angielski",9.0,,,9.0,,,9.0,,
38575,PUBLICZNA SZKOŁA PODSTAWOWA IM. KOLEJARZY OFIAR II WOJNY ŚWIATOWEJ W GOZDOWIE,2021,"polski, matematyka, angielski",5.0,,,5.0,,,5.0,,
38580,PUBLICZNA SZKOŁA PODSTAWOWA IM. ARMII KRAJOWEJ W MALICACH,2021,"polski, matematyka, angielski",5.0,,,5.0,,,5.0,,
9798,PUBLICZNA SZKOŁA PODSTAWOWA W ALEKSANDRÓWCE,2021,"polski, matematyka, angielski",7.0,,,7.0,,,7.0,,
19285,PUBLICZNA SZKOŁA PODSTAWOWA W OTROCZU,2021,"polski, matematyka, angielski",7.0,,,7.0,,,7.0,,
21050,PUBLICZNA SZKOŁA PODSTAWOWA W ŁADZIE,2021,"polski, matematyka, angielski",2.0,,,2.0,,,2.0,,
31405,PUBLICZNA SZKOŁA PODSTAWOWA W BRANWI,2021,"polski, matematyka, angielski",6.0,,,6.0,,,6.0,,
111041,PUBLICZNA SZKOŁA PODSTAWOWA W DZWOLI,2021,"polski, matematyka, angielski",8.0,,,8.0,,,8.0,,
32108,PUBLICZNA SZKOŁA PODSTAWOWAW GODZISZOWIE DRUGIM,2021,"polski, matematyka, angielski",6.0,,,6.0,,,6.0,,
32106,PUBLICZNA SZKOŁA PODSTAWOWA W ANDRZEJOWIE,2021,"polski, matematyka, angielski",4.0,,,4.0,,,4.0,,
131986,SZKOŁA PODSTAWOWA W TARZYMIECHACH,2021,"polski, matematyka, angielski",9.0,,,9.0,,,9.0,,
131987,SZKOŁA PODSTAWOWA W TARNOGÓRZE-KOLONII,2021,"polski, matematyka, angielski",6.0,,,6.0,,,6.0,,
265968,SZKOŁA PODSTAWOWA W TARNOGÓRZE,2021,"polski, matematyka, angielski",7.0,,,7.0,,,7.0,,
89880,SZKOŁA PODSTAWOWA IM. KARDYNAŁA STEFANA WYSZYŃSKIEGO W KRUPEM,2021,"polski, matematyka, angielski",8.0,,,8.0,,,8.0,,
53279,SZKOŁA PODSTAWOWA W CHŁANIOWIE,2021,"polski, matematyka, angielski",6.0,,,6.0,,,6.0,,
50322,PUBLICZNA SZKOŁA PODSTAWOWA W DĄBROWIE,2021,"polski, matematyka, angielski",3.0,,,3.0,,,3.0,,
104107,PUBLICZNA SZKOŁA PODSTAWOWA W KOSINIE,2021,"polski, matematyka, angielski",6.0,,,6.0,,,6.0,,
50327,PUBLICZNA SZKOŁA PODSTAWOWA W ŚWIECIECHOWIE,2021,"polski, matematyka, angielski",9.0,,,9.0,,,9.0,,
7763,PUBLICZNA SZKOŁA PODSTAWOWA W JANISZOWIE,2021,"polski, matematyka, angielski",4.0,,,4.0,,,4.0,,
7820,PUBLICZNA SZKOŁA PODSTAWOWA W OPOCE,2021,"polski, matematyka, angielski",5.0,,,5.0,,,5.0,,
115622,SZKOŁA PODSTAWOWA W WYŻNICY,2021,angielski,10.0,60.0,54.2,10.0,28.0,29.2,7.0,,
84027,PUBLICZNA SZKOŁA PODSTAWOWA IM. JANINY WIERZCHOWSKIEJ W LIŚNIKU DUŻYM,2021,"polski, matematyka, angielski",9.0,,,9.0,,,9.0,,
47479,PUBLICZNA SZKOŁA PODSTAWOWA IM. KS. KAROLA KONOPKI W SZCZECYNIE,2021,"polski, matematyka, angielski",3.0,,,3.0,,,3.0,,
42214,SPOŁECZNA SZKOŁA PODSTAWOWA IM. 24 PUŁKU UŁANÓW W KRAŚNIKU,2021,"polski, matematyka, angielski",5.0,,,5.0,,,5.0,,
85479,SZKOŁA PODSTAWOWA W KOWALINIE,2021,"polski, matematyka, angielski",6.0,,,6.0,,,6.0,,
85480,SZKOŁA PODSTAWOWA IM. MARII KONOPNICKIEJ W SŁODKOWIE TRZECIM,2021,"polski, matematyka, angielski",7.0,,,7.0,,,7.0,,
90006,PUBLICZNA SZKOŁA PODSTAWOWA IM.ŚW.FAUSTYNY KOWALSKIEJ W WOJCIECHOWIE,2021,"polski, matematyka, angielski",3.0,,,3.0,,,3.0,,
82529,SZKOŁA PODSTAWOWA W ŁYCHOWIE GOŚCIERADOWSKIM,2021,"polski, matematyka, angielski",6.0,,,6.0,,,6.0,,
82528,SZKOŁA PODSTAWOWA W RZECZYCY KSIĘŻEJ,2021,"polski, matematyka, angielski",7.0,,,7.0,,,7.0,,
131538,PUBLICZNA SZKOŁA PODSTAWOWA W LESZCZYNIE,2021,"polski, matematyka, angielski",6.0,,,6.0,,,6.0,,
84724,SZKOŁA PODSTAWOWA W MARIANÓWCE,2021,"polski, matematyka, angielski",2.0,,,2.0,,,2.0,,
90936,PUBLICZNA SZKOŁA PODSTAWOWA IM. MARII KONOPNICKIEJ W SULOWIE,2021,"polski, matematyka, angielski",9.0,,,9.0,,,8.0,,
87700,SZKOŁA PODSTAWOWA IM.KAZIMIERZA WIELKIEGO W WIELKIEM,2021,"polski, matematyka, angielski",6.0,,,6.0,,,6.0,,
68343,PUBLICZNA SZKOŁA PODSTAWOWA W NOWYM ANTONINIE,2021,"polski, matematyka, angielski",3.0,,,3.0,,,3.0,,
19339,SZKOŁA PODSTAWOWA IM. KARD.ST.WYSZYŃSKIEGO W NOWODWORZE,2021,"polski, matematyka, angielski",8.0,,,8.0,,,8.0,,
19342,SZKOŁA PODSTAWOWA IM. BŁ KAROLINY KÓZKÓWNY W BRZEZINACH,2021,"polski, matematyka, angielski",4.0,,,4.0,,,4.0,,
19341,SZKOŁA PODSTAWOWA W ANNOBORZE,2021,"polski, matematyka, angielski",9.0,,,9.0,,,9.0,,
19344,SZKOŁA PODSTAWOWA W SZCZEKARKOWIE,2021,"polski, matematyka, angielski",3.0,,,3.0,,,3.0,,
58972,SZKOŁA PODSTAWOWA IM. MARII KONOPNICKIEJ W TARLE,2021,"polski, matematyka, angielski",6.0,,,6.0,,,6.0,,
58973,SZKOŁA PODSTAWOWA IM. BOHATERÓW POWSTANIA WARSZAWSKIEGO W BRZEŹNICY BYCHAWSKIEJ,2021,"polski, matematyka, angielski",8.0,,,8.0,,,8.0,,
82817,PUBLICZNA SZKOŁA PODSTAWOWA W GÓRCE LUBARTOWSKIEJ,2021,"polski, matematyka, angielski",8.0,,,8.0,,,8.0,,
12391,SZKOŁA PODSTAWOWA IM. KS. JERZEGO POPIEŁUSZKI W KOLECHOWICACH,2021,"polski, matematyka, angielski",6.0,,,6.0,,,6.0,,
12359,SZKOŁA PODSTAWOWA IM. KS. JANA TWARDOWSKIEGO W KAZNOWIE,2021,"polski, matematyka, angielski",8.0,,,8.0,,,8.0,,
75236,PUBLICZNA SZKOŁA PODSTAWOWA W NOWEJ WSI,2021,"polski, matematyka, angielski",2.0,,,2.0,,,2.0,,
44554,SZKOŁA PODSTAWOWA W SERNIKACH,2021,"polski, matematyka, angielski",7.0,,,7.0,,,7.0,,
44552,SZKOŁA PODSTAWOWA IM. JANA KOCHANOWSKIEGO W NOWEJ WOLI,2021,"polski, matematyka, angielski",8.0,,,8.0,,,8.0,,
126573,SZKOŁA PODSTAWOWA W NOWEJ JEDLANCE,2021,"polski, matematyka, angielski",9.0,,,9.0,,,9.0,,
55883,SZKOŁA PODSTAWOWA IM. MARII KONOPNICKIEJ W KRZU,2021,"polski, matematyka, angielski",8.0,,,8.0,,,8.0,,
55541,SZKOŁA PODSTAWOWA W BABINIE,2021,"polski, matematyka, angielski",8.0,,,8.0,,,8.0,,
120479,SZKOŁA PODSTAWOWA IM. KS. DOMINIKA MAJA W ZARASZOWIE,2021,"polski, matematyka, angielski",7.0,,,7.0,,,7.0,,
106649,SZKOŁA PODSTAWOWA IM.ZOFII TRZCIŃSKIEJ-KAMIŃSKIEJ,2021,"polski, matematyka, angielski",6.0,,,6.0,,,6.0,,
19818,SZKOŁA PODSTAWOWA,2021,"polski, matematyka, angielski",3.0,,,3.0,,,3.0,,
124791,SZKOŁA PODSTAWOWA W SCHRONISKU DLA NIELETNICH DOMINOWIE,2021,"polski, matematyka, angielski",4.0,,,4.0,,,4.0,,
5052,SZKOŁA PODSTAWOWA W SKRZYNICACH,2021,"polski, matematyka, angielski",6.0,,,6.0,,,6.0,,
5051,SZKOŁA PODSTAWOWA W TUSZOWIE,2021,"polski, matematyka, angielski",2.0,,,2.0,,,2.0,,
25425,SZKOŁA PODSTAWOWA W STASINIE,2021,"polski, matematyka, angielski",9.0,,,9.0,,,9.0,,
62371,PUBLICZNA SZKOŁA PODSTAWOWA W WARSZAWIAKACH,2021,"polski, matematyka, angielski",4.0,,,4.0,,,4.0,,
62372,PUBLICZNA SZKOŁA PODSTAWOWA W RADAWCZYKU,2021,"polski, matematyka, angielski",6.0,,,6.0,,,6.0,,
62378,SZKOŁA PODSTAWOWA IM. KS. JANA TWARDOWSKIEGO W STRZESZKOWICACH DUŻYCH,2021,"polski, matematyka, angielski",4.0,,,4.0,,,4.0,,
89285,SZKOŁA PODSTAWOWA IM. JANA PAWŁA II W SOBIESZCZANACH,2021,"polski, matematyka, angielski",6.0,,,6.0,,,6.0,,
124273,SZKOŁA PODSTAWOWA W MARIANCE,2021,"polski, matematyka, angielski",4.0,,,4.0,,,4.0,,
81624,PUBLICZNA SZKOŁA PODSTAWOWA IM.RODZINY ROHLANDÓW W ŻABIEJ WOLI,2021,"polski, matematyka, angielski",7.0,,,7.0,,,6.0,,
64855,SZKOŁA PODSTAWOWA W ŁUBKACH,2021,"polski, matematyka, angielski",9.0,,,9.0,,,9.0,,
64854,SZKOŁA PODSTAWOWA IM. POLSKICH OLIMPIJCZYKÓW W MIŁOCINIE,2021,"polski, matematyka, angielski",9.0,,,9.0,,,9.0,,
89197,PUBLICZNA SZKOŁA PODSTAWOWA IM. SZARYCH SZEREGÓW W MASZKACH,2021,"polski, matematyka, angielski",6.0,,,6.0,,,6.0,,
104136,SZKOŁA PODSTAWOWA IM. STANISŁAWA MIKOŁAJCZYKA W GIEŁCZWI,2021,"polski, matematyka, angielski",6.0,,,6.0,,,6.0,,
104137,SZKOŁA PODSTAWOWA IM.FRANCISZKA KAMIŃSKIEGO W MACIEJOWIE STARYM,2021,"polski, matematyka, angielski",9.0,,,9.0,,,9.0,,
107517,SZKOŁA PODSTAWOWA W ŚWIDNIKU MAŁYM,2021,"polski, matematyka, angielski",8.0,,,8.0,,,8.0,,
107520,SZKOŁA PODSTAWOWA IM. TADEUSZA KOŚCIUSZKI W SOBIANOWICACH,2021,"polski, matematyka, angielski",9.0,,,9.0,,,9.0,,
88491,KATOLICKA SZKOŁA PODSTAWOWA IM. ŚWIĘTEJ JADWIGI KRÓLOWEJ W LUBLINIE,2021,"polski, matematyka, angielski",4.0,,,4.0,,,4.0,,
90781,SPOŁECZNA TERAPEUTYCZNA SZKOŁA PODSTAWOWA IM. H. CH. ANDERSENA W LUBLINIE,2021,"polski, matematyka, angielski",6.0,,,6.0,,,6.0,,
128630,NIEPUBLICZNA SZKOŁA PODSTAWOWA MONTESSORI W LUBLINIE,2021,"polski, matematyka, angielski",8.0,,,8.0,,,8.0,,
118823,NIEPUBLICZNA SZKOŁA PODSTAWOWA IM. ALBERTA EINSTEINA W LUBLINIE,2021,"polski, matematyka, angielski",5.0,,,5.0,,,5.0,,
125831,"""SKALA"" NIEPUBLICZNA SZKOŁA PODSTAWOWA  Z ODDZIAŁAMI INTEGRACYJNYMI",2021,"polski, matematyka, angielski",2.0,,,2.0,,,2.0,,
132368,"RODZINNA SZKOŁA PODSTAWOWA ""LEON"" W LUBLINIE",2021,"polski, matematyka, angielski",3.0,,,3.0,,,2.0,,
262357,KATOLICKA SZKOŁA PODSTAWOWA IM. ŚW. DOMINIKA SAVIO W LUBLINIE,2021,"polski, matematyka, angielski",8.0,,,8.0,,,8.0,,
16357,SZKOŁA PODSTAWOWA W GRANICACH,2021,"polski, matematyka, angielski",7.0,,,7.0,,,7.0,,
80594,SZKOŁA PODSTAWOWA W STARYCH BOISKACH,2021,"polski, matematyka, angielski",9.0,,,9.0,,,9.0,,
76029,PUBLICZNA SZKOŁA PODSTAWOWA W CHRUŚLANKACH JÓZEFOWSKICH,2021,"polski, matematyka, angielski",8.0,,,8.0,,,8.0,,
10405,SZKOŁA PODSTAWOWA W WANDALINIE,2021,"polski, matematyka, angielski",8.0,,,8.0,,,8.0,,
11390,SZKOŁA PODSTAWOWA W KOMASZYCACH,2021,"polski, matematyka, angielski",5.0,,,5.0,,,5.0,,
12132,SZKOŁA PODSTAWOWA IM. EWY SZELBURG-ZAREMBINY W NIEZABITOWIE,2021,"polski, matematyka, angielski",7.0,,,7.0,,,7.0,,
13178,SPOŁECZNA SZKOŁA PODSTAWOWA W DĄBROWIE WRONOWSKIEJ,2021,"polski, matematyka, angielski",6.0,,,6.0,,,6.0,,
132377,SZKOŁA PODSTAWOWA W ROGOWIE IM. ŚW. FRANCISZKA Z ASYŻU,2021,"polski, matematyka, angielski",9.0,,,9.0,,,9.0,,
22431,PUBLICZNA SZKOŁA PODSTAWOWA W ZAKRZOWIE,2021,"polski, matematyka, angielski",3.0,,,3.0,,,3.0,,
105759,SZKOŁA PODSTAWOWA W KODEŃCU,2021,"polski, matematyka, angielski",9.0,,,9.0,,,9.0,,
120268,SZKOŁA PODSTAWOWA SIW W PASZENKACH,2021,"polski, matematyka, angielski",3.0,,,3.0,,,3.0,,
4378,SZKOŁA PODSTAWOWA IM. SGO POLESIE W JABŁONIU,2021,angielski,11.0,60.0,53.0,11.0,28.0,32.0,9.0,,
130371,SZKOŁA PODSTAWOWA W GĘSI,2021,"polski, matematyka, angielski",6.0,,,6.0,,,5.0,,
130372,SZKOŁA PODSTAWOWA W DAWIDACH,2021,"polski, matematyka, angielski",4.0,,,4.0,,,3.0,,
130373,SZKOŁA PODSTAWOWA IM. AMELII HR. ŁUBIEŃSKIEJ W KOLANIE,2021,"polski, matematyka, angielski",8.0,,,8.0,,,8.0,,
89258,SZKOŁA PODSTAWOWA W KOSTRACH,2021,"polski, matematyka, angielski",8.0,,,8.0,,,8.0,,
89259,SZKOŁA PODSTAWOWA IM. MARII DĄBROWSKIEJ W RUDNIE,2021,"polski, matematyka, angielski",9.0,,,9.0,,,9.0,,
19781,PUBLICZNA SZKOŁA PODSTAWOWA W TYŚMIENICY,2021,"polski, matematyka, angielski",3.0,,,3.0,,,3.0,,
66311,SZKOŁA PODSTAWOWA W GRÓDKU SZLACHECKIM,2021,"polski, matematyka, angielski",3.0,,,3.0,,,3.0,,
103519,PUBLICZNA SZKOŁA PODSTAWOWA W JEZIORZE,2021,"polski, matematyka, angielski",3.0,,,3.0,,,3.0,,
40220,SZKOŁA PODSTAWOWA NR 2 W KAZIMIERZU DOLNYM,2021,"polski, matematyka, angielski",8.0,,,8.0,,,8.0,,
88707,SZKOŁA PODSTAWOWA IM.MARII KUNCEWICZOWEJ W RZECZYCY,2021,"polski, matematyka, angielski",4.0,,,4.0,,,4.0,,
268420,SZKOŁA PODSTAWOWA SPECJALNA W MŁODZIEŻOWYM OŚRODKU SOCJOTERAPII W ALBRECHTÓWCE,2021,"polski, matematyka, angielski",7.0,,,7.0,,,7.0,,
72969,SZKOŁA PODSTAWOWA W STARYM POŻOGU,2021,"polski, matematyka, angielski",3.0,,,3.0,,,3.0,,
68622,SPOŁECZNA SZKOŁA PODSTAWOWA IM CHRYSTIANA PIOTRA AIGNERA W PUŁAWACH,2021,"polski, matematyka, angielski",2.0,,,2.0,,,2.0,,
87636,SPECJALNA SZKOŁA PODSTAWOWA NR 13 W MŁODZIEŻOWYM OŚRODKU WYCHOWAWCZYM W PUŁAWACH,2021,"polski, matematyka, angielski",5.0,,,5.0,,,5.0,,
129140,"NIEPUBLICZNA  INTEGRACYJNA SZKOŁA PODSTAWOWA ""EDU TERAPEUTICA""",2021,"polski, matematyka, angielski",3.0,,,3.0,,,3.0,,
61829,SZKOŁA PODSTAWOWA W LEOKADIOWIE,2021,"polski, matematyka, angielski",3.0,,,3.0,,,3.0,,
83832,SZKOŁA PODSTAWOWA W OPATKOWICACH,2021,"polski, matematyka, angielski",8.0,,,8.0,,,8.0,,
60906,SZKOŁA PODSTAWOWA W BRONOWICACH,2021,"polski, matematyka, angielski",7.0,,,7.0,,,7.0,,
61568,SZKOŁA PODSTAWOWA W BOROWEJ,2021,"polski, matematyka, angielski",4.0,,,4.0,,,4.0,,
109766,SZKOŁA PODSTAWOWA IM. KS. JANA TWARDOWSKIEGO W OSINACH,2021,"polski, matematyka, angielski",9.0,,,9.0,,,9.0,,
263248,SZKOŁA PODSTAWOWA W KRASEWIE IM. ŻOŁNIERZY WYKLĘTYCH,2021,"polski, matematyka, angielski",8.0,,,8.0,,,8.0,,
15548,SZKOŁA PODSTAWOWA W TUROWIE,2021,"polski, matematyka, angielski",6.0,,,6.0,,,3.0,,
15549,SZKOŁA PODSTAWOWA W ŻAKOWOLI POPRZECZNEJ,2021,"polski, matematyka, angielski",6.0,,,6.0,,,6.0,,
41006,Z.O.SZKOŁA PODSTAWOWA W BRZOZOWICY DUŻEJ,2021,angielski,11.0,60.0,57.36363636363637,11.0,36.0,44.72727272727273,8.0,,
86091,SZKOŁA PODSTAWOWA W PASZKACH DUŻYCH,2021,"polski, matematyka, angielski",3.0,,,3.0,,,3.0,,
86536,SZKOŁA PODSTAWOWA W BRANICY RADZYŃSKIEJ,2021,"polski, matematyka, angielski",7.0,,,7.0,,,7.0,,
85965,SZKOŁA PODSTAWOWA W BRZOSTÓWCU,2021,"polski, matematyka, angielski",6.0,,,6.0,,,6.0,,
85966,SZKOŁA PODSTAWOWA W ŻABIKOWIE,2021,"polski, matematyka, angielski",5.0,,,5.0,,,4.0,,
72768,SZKOŁA PODSTAWOWA W SOBOLACH,2021,"polski, matematyka, angielski",9.0,,,9.0,,,9.0,,
72880,SZKOŁA PODSTAWOWA W ZAKRZEWIE,2021,"polski, matematyka, angielski",4.0,,,4.0,,,4.0,,
10771,SZKOŁA PODSTAWOWA W DOMASZEWNICY,2021,"polski, matematyka, angielski",9.0,,,9.0,,,9.0,,
72742,SZKOŁA PODSTAWOWA IMIENIA BŁOGOSŁAWIONEGO KSIĘDZA JERZEGO POPIEŁUSZKI W KĘPKACH,2021,"polski, matematyka, angielski",5.0,,,5.0,,,5.0,,
30552,SZKOŁA PODSTAWOWA W BEZWOLI,2021,"polski, matematyka, angielski",3.0,,,3.0,,,6.0,,
87473,SZKOŁA PODSTAWOWA W SUCHOWOLI,2021,"polski, matematyka, angielski",6.0,,,6.0,,,6.0,,
30644,SZKOŁA PODSTAWOWA W OSTRÓWKACH,2021,"polski, matematyka, angielski",6.0,,,6.0,,,6.0,,
104717,SZKOŁA PODSTAWOWA W NIEDŹWIEDZIU,2021,"polski, matematyka, angielski",7.0,,,7.0,,,7.0,,
106638,SZKOŁA PODSTAWOWA W JAKUBÓWCE,2021,"polski, matematyka, angielski",4.0,,,4.0,,,4.0,,
14191,PUBLICZNA SZKOŁA PODSTAWOWA W STAREJ DĄBI,2021,"polski, matematyka, angielski",5.0,,,5.0,,,5.0,,
73934,PUBLICZNA SZKOŁA PODSTAWOWA W OWNI,2021,"polski, matematyka, angielski",6.0,,,6.0,,,6.0,,
75712,PUBLICZNA SZKOŁA PODSTAWOWA W MOSZCZANCE,2021,"polski, matematyka, angielski",9.0,,,9.0,,,9.0,,
82776,PUBLICZNA SZKOŁA PODSTAWOWA W STARYM BAZANOWIE,2021,"polski, matematyka, angielski",8.0,,,8.0,,,8.0,,
83787,PUBLICZNA SZKOŁA PODSTAWOWA W PAWŁOWICACH,2021,"polski, matematyka, angielski",9.0,,,9.0,,,9.0,,
38760,PUBLICZNA SZKOŁA PODSTAWOWA W NOWEJ ROKITNI IM. ŚW. JANA PAWŁA II,2021,angielski,10.0,59.0,62.1,10.0,74.0,67.2,9.0,,
60844,NIEPUBLICZNA SZKOŁA PODSTAWOWA W HUCIE DZIERĄŻYŃSKIEJ,2021,"polski, matematyka, angielski",3.0,,,3.0,,,3.0,,
268348,NIEPUBLICZNA SZKOŁA PODSTAWOWA W ZWIARTOWIE,2021,"polski, matematyka, angielski",1.0,,,1.0,,,1.0,,
40878,SZKOŁA PODSTAWOWA W MACHNOWIE NOWYM,2021,"polski, matematyka, angielski",8.0,,,8.0,,,8.0,,
31552,NIEPUBLICZNA SZKOŁA PODSTAWOWA W ŁUSZCZACZU,2021,"polski, matematyka, angielski",5.0,,,5.0,,,5.0,,
40115,SZKOŁA PODSTAWOWA W HUCIE TARNAWACKIEJ,2021,"polski, matematyka, angielski",6.0,,,6.0,,,6.0,,
8751,SZKOŁA PODSTAWOWA W PASIEKACH,2021,"polski, matematyka, angielski",7.0,,,7.0,,,7.0,,
8600,SZKOŁA PODSTAWOWA W TYPINIE,2021,"polski, matematyka, angielski",3.0,,,3.0,,,3.0,,
17422,SZKOŁA PODSTAWOWA IM. ŻOŁNIERZY WRZEŚNIA 1939R W MAJDANIE GÓRNYM,2021,"polski, matematyka, angielski",5.0,,,5.0,,,5.0,,
17240,SZKOŁA PODSTAWOWA IM. JANA KOCHANOWSKIEGO W ŁASZCZÓWCE,2021,"polski, matematyka, angielski",5.0,,,5.0,,,5.0,,
18106,SZKOŁA PODSTAWOWA IM.PAPIEŻA JANA PAWŁA II W SZAROWOLI,2021,"polski, matematyka, angielski",8.0,,,8.0,,,8.0,,
10625,NIEPUBLICZNA SZKOŁA PODSTAWOWA W PRZEORSKU,2021,"polski, matematyka, angielski",3.0,,,3.0,,,3.0,,
22833,SZKOŁA PODSTAWOWA IM. WYDARZEŃ WRZEŚNIA W CZARTOWCZYKU,2021,"polski, matematyka, angielski",7.0,,,7.0,,,7.0,,
23242,SZKOŁA PODSTAWOWA W PRZEWALU,2021,"polski, matematyka, angielski",5.0,,,5.0,,,5.0,,
68141,SZKOŁA PODSTAWOWA IM. ARTURA GROTTGERA W HUBINKU,2021,"polski, matematyka, angielski",9.0,,,9.0,,,9.0,,
68140,SZKOŁA PODSTAWOWA IM. ORŁA BIAŁEGO W TARNOSZYNIE,2021,"polski, matematyka, angielski",9.0,,,9.0,,,9.0,,
119495,"PUBLICZNA SZKOŁA PODSTAWOWA PROWADZONA PRZEZ STOWARZYSZENIE ,,PRZYJAZNA SZKOŁA""",2021,"polski, matematyka, angielski",6.0,,,6.0,,,6.0,,
87896,PUBLICZNA SZKOŁA PODSTAWOWA IM.KS.JANA TWARDOWSKIEGO W ZIMNIE,2021,"polski, matematyka, angielski",8.0,,,8.0,,,8.0,,
24036,SZKOŁA PODSTAWOWA IM. J.I.KRASZEWSKIEGO,2021,"polski, matematyka, angielski",6.0,,,6.0,,,6.0,,
22134,KATOLICKA SZKOŁA PODSTAWOWA IM.ŚW.TERESY W HOLESZOWIE,2021,"polski, matematyka, angielski",3.0,,,3.0,,,3.0,,
22385,NIEPUBLICZNA SZKOŁA PODSTAWOWA W DOŁHOBRODACH,2021,"polski, matematyka, angielski",4.0,,,4.0,,,4.0,,
110320,SZKOŁA PODSTAWOWA HANNA,2021,angielski,11.0,56.0,52.90909090909091,11.0,24.0,25.454545454545453,9.0,,
120634,SZKOŁA PODSTAWOWA IM. KORPUSU OCHRONY POGRANICZA W WYTYCZNIE,2021,"polski, matematyka, angielski",8.0,,,8.0,,,7.0,,
42924,ZESPÓŁ SZKÓŁ:SZKOŁA PODSTAWOWA IM. J.I.KRASZEWSKIEGO W WOLI UHRUSKIEJ,2021,"polski, matematyka, angielski",8.0,,,8.0,,,4.0,,
124365,STOWARZYSZENIE EDUKATOR W ŁOMŻY PUBLICZNA SZKOŁA PODSTAWOWA W MACOSZYNIE DUŻYM,2021,"polski, matematyka, angielski",6.0,,,6.0,,,6.0,,
132039,"STOWARZYSZENIE EDUKATOR W ŁOMŻY, SZKOŁA PODSTAWOWA W UHRUSKU",2021,"polski, matematyka, angielski",2.0,,,2.0,,,2.0,,
49658,SZKOŁA PODSTAWOWA IM. JANA PAWŁA II W KAPLONOSACH,2021,"polski, matematyka, angielski",4.0,,,4.0,,,4.0,,
104214,SZKOŁA PODSTAWOWA IM. ARMII KRAJOWEJ W WYRYKACH,2021,"polski, matematyka, angielski",8.0,,,8.0,,,7.0,,
121991,SZKOŁA PODSTAWOWA W ŻUKOWIE,2021,"polski, matematyka, angielski",8.0,,,8.0,,,8.0,,
55570,SZKOŁA PODSTAWOWA IM. KARDYNAŁA STEFANA WYSZYŃSKIEGO W MAJDANIE WIELKIM,2021,"polski, matematyka, angielski",6.0,,,6.0,,,6.0,,
23327,SZKOŁA PODSTAWOWA W NIEWIRKOWIE,2021,"polski, matematyka, angielski",5.0,,,5.0,,,3.0,,
23325,SZKOŁA PODSTAWOWA IM. BOHATERÓW WOJSKA POLSKIEGO W HORYSZOWIE,2021,"polski, matematyka, angielski",5.0,,,5.0,,,5.0,,
23326,SZKOŁA PODSTAWOWA W KOTLICACH,2021,"polski, matematyka, angielski",8.0,,,8.0,,,8.0,,
73631,PUBLICZNA SZKOŁA PODSTAWOWA IM. BŁ. KS.Z.PISARSKIEGO W GDESZYNIE,2021,"polski, matematyka, angielski",4.0,,,4.0,,,3.0,,
119285,SZKOŁA PODSTAWOWA W ZAWALOWIE,2021,"polski, matematyka, angielski",1.0,,,1.0,,,1.0,,
106224,SZKOŁA PODSTAWOWA IM. DZIECI ZAMOJSZCZYZNY W ZŁOJCU,2021,"polski, matematyka, angielski",6.0,,,6.0,,,5.0,,
41464,PUBLICZNA SZKOŁA PODSTAWOWA W GORAJCU,2021,"polski, matematyka, angielski",6.0,,,6.0,,,6.0,,
103720,SZKOŁA PODSTAWOWA IM. WANDY POPŁAWSKIEJ W SITNIE,2021,"polski, matematyka, angielski",7.0,,,7.0,,,7.0,,
105002,SZKOŁA PODSTAWOWA W CZEŚNIKACH,2021,"polski, matematyka, angielski",9.0,,,9.0,,,9.0,,
105003,SZKOŁA PODSTAWOWA W KOLONII SITNO,2021,"polski, matematyka, angielski",7.0,,,7.0,,,7.0,,
13497,SZKOŁA PODSTAWOWA W DĘBOWCU,2021,"polski, matematyka, angielski",6.0,,,6.0,,,6.0,,
13498,SZKOŁA PODSTAWOWA W SULMICACH,2021,"polski, matematyka, angielski",3.0,,,3.0,,,3.0,,
80787,SZKOŁA PODSTAWOWA IM. ŚW. JANA PAWŁA II W MICHALOWIE,2021,"polski, matematyka, angielski",9.0,,,9.0,,,9.0,,
43928,SZKOŁA PODSTAWOWA W TWORYCZOWIE,2021,"polski, matematyka, angielski",5.0,,,5.0,,,5.0,,
84018,SZKOŁA PODSTAWOWA IM. STANISŁAWA STASZICA W NIEDZIELISKACH,2021,"polski, matematyka, angielski",7.0,,,7.0,,,7.0,,
67813,SZKOŁA PODSTAWOWA IM. JULIANA TUWIMA W WIELĄCZY KOLONII,2021,"polski, matematyka, angielski",5.0,,,5.0,,,5.0,,
34497,SZKOŁA PODSTAWOWA W MOKREM,2021,"polski, matematyka, angielski",9.0,,,9.0,,,9.0,,
11392,SZKOŁA PODSTAWOWA W PNIÓWKU,2021,"polski, matematyka, angielski",9.0,,,9.0,,,9.0,,
11393,SZKOŁA PODSTAWOWA W BIAŁOWOLI,2021,"polski, matematyka, angielski",8.0,,,8.0,,,8.0,,
34589,SZKOŁA PODSTAWOWA IM.BATALIONÓW CHŁOPSKICH W WÓLCE WIEPRZECKIEJ,2021,"polski, matematyka, angielski",4.0,,,4.0,,,4.0,,
11391,SZKOŁA PODSTAWOWA W LIPSKU,2021,"polski, matematyka, angielski",2.0,,,2.0,,,2.0,,
267601,SZKOŁA PODSTAWOWA MISTRZOSTWA SPORTOWEGO W ZAMOŚCIU,2021,"polski, matematyka, angielski",9.0,,,8.0,,,9.0,,
47080,PUBLICZNA SZKOŁA PODSTAWOWA W JONNIKU,2021,"polski, matematyka, angielski",3.0,,,3.0,,,3.0,,
105508,PUBLICZNA SZKOŁA PODSTAWOWA W JELEŃCU,2021,"polski, matematyka, angielski",5.0,,,5.0,,,5.0,,
47088,PUBLICZNA SZKOŁA PODSTAWOWA W ZASTAWIU,2021,"polski, matematyka, angielski",5.0,,,5.0,,,5.0,,
114592,PUBLICZNA SZKOŁA PODSTAWOWA IM. STANISŁAWA GRAFIKA W ZAGOŹDZIU,2021,"polski, matematyka, angielski",9.0,,,9.0,,,7.0,,
10474,NIEPUBLICZNA SZKOŁA PODSTAWOWA Z ODDZIAŁEM PRZEDSZKOLNYM WE WNĘTRZNEM,2021,"polski, matematyka, angielski",5.0,,,5.0,,,5.0,,
83631,SZKOŁA PODSTAWOWA IM. HENRYKA SIENKIEWICZA W SZYSZKACH,2021,"polski, matematyka, angielski",6.0,,,6.0,,,6.0,,
41179,SZKOŁA PODSTAWOWA W KAMIONCE,2021,"polski, matematyka, angielski",8.0,,,8.0,,,8.0,,
88822,SZKOŁA PODSTAWOWA IM ARMII KRAJOWEJ W KISIELSKU,2021,"polski, matematyka, angielski",8.0,,,8.0,,,8.0,,
88819,"ZESPÓŁ OŚWIATOWY W JEDLANCE SZKOŁA PODSTAWOWA IM. PPŁK.WACŁAWA REJMAKA PS.""OSTOJA""",2021,"polski, matematyka, angielski",9.0,,,9.0,,,9.0,,
83597,SZKOŁA PODSTAWOWA IM. MIECZYSŁAWA JASTRZĘBSKIEGO W STAREJ RÓŻY,2021,"polski, matematyka, angielski",8.0,,,8.0,,,8.0,,
63290,SZKOŁA PODSTAWOWA IM. KS. T. A. LESZCZYŃSKIEGO W MIKŁUSACH,2021,"polski, matematyka, angielski",3.0,,,3.0,,,3.0,,
63286,SZKOŁA PODSTAWOWA IM. JÓZEFA PIŁSUDSKIEGO W JAKUSZACH,2021,"polski, matematyka, angielski",9.0,,,9.0,,,9.0,,
13983,SZKOŁA PODSTAWOWA W WOLI BYSTRZYCKIEJ,2021,"polski, matematyka, angielski",5.0,,,5.0,,,5.0,,
13835,SZKOŁA PODSTAWOWA W SIEDLISKACH,2021,"polski, matematyka, angielski",3.0,,,3.0,,,3.0,,
13837,SZKOŁA PODSTAWOWA W HERMANOWIE,2021,"polski, matematyka, angielski",5.0,,,5.0,,,5.0,,
15423,SZKOŁA PODSTAWOWA W BURCU,2021,"polski, matematyka, angielski",7.0,,,7.0,,,7.0,,
13836,SZKOŁA PODSTAWOWA W OSZCZEPALINIE,2021,"polski, matematyka, angielski",4.0,,,4.0,,,4.0,,
12247,SZKOŁA PODSTAWOWA W WÓLCE DOMASZEWSKIEJ IM.BŁOGOSŁAWIONEGO JANA PAWŁA II,2021,"polski, matematyka, angielski",8.0,,,8.0,,,8.0,,
31925,SZKOŁA PODSTAWOWA IM. HENRYKA SIENKIEWICZA W LISIKIERZU,2021,"polski, matematyka, angielski",7.0,,,7.0,,,7.0,,
262527,SZKOŁA PODSTAWOWA Z ODDZIAŁAMI PRZYSPOSABIAJĄCYMI DO PRACY W ŁUKOWIE,2021,"polski, matematyka, angielski",5.0,,,5.0,,,5.0,,
72629,SZKOŁA PODSTAWOWA W ŚWIDRACH,2021,"polski, matematyka, angielski",7.0,,,7.0,,,7.0,,
25372,SZKOŁA PODSTAWOWA W GARBATÓWCE,2021,"polski, matematyka, angielski",2.0,,,2.0,,,2.0,,
25376,SZKOŁA PODSTAWOWA W STAWKU,2021,"polski, matematyka, angielski",6.0,,,6.0,,,6.0,,
49145,SZKOŁA PODSTAWOWA IM. KORNELA MAKUSZYŃSKIEGO W ŁAŃCUCHOWIE,2021,"polski, matematyka, angielski",9.0,,,9.0,,,9.0,,
118714,SZKOŁA PODSTAWOWA IM. MARII KONOPNICKIEJ W CHARLĘŻU,2021,"polski, matematyka, angielski",7.0,,,7.0,,,7.0,,
47192,SZKOŁA PODSTAWOWA IM. HENRYKA SIENKIEWICZA W PODZAMCZU,2021,"polski, matematyka, angielski",5.0,,,5.0,,,5.0,,
131196,"NIEPUBLICZNA SZKOŁA PODSTAWOWA ""ECCE HOMO"" W WOLI PIASECKIEJ",2021,"polski, matematyka, angielski",2.0,,,2.0,,,2.0,,
8819,SZKOŁA PODSTAWOWA IM. JANA PAWŁA II W DOROHUCZY,2021,"polski, matematyka, angielski",2.0,,,2.0,,,2.0,,
8928,SZKOŁA PODSTAWOWA IM. KS. PIOTRA ŚCIEGIENNEGO W OLEŚNIKACH,2021,"polski, matematyka, angielski",6.0,,,6.0,,,6.0,,
71003,SZKOŁA PODSTAWOWA IM. KRÓLA KAZIMIERZA WIELKIEGO W DAMIENICACH,2021,"polski, matematyka, angielski",6.0,,,6.0,,,6.0,,
71091,SZKOŁA PODSTAWOWA IM. GEN. JÓZEFA BEMA W POGWIZDOWIE,2021,"polski, matematyka, angielski",7.0,,,7.0,,,7.0,,
121792,SZKOŁA PODSTAWOWA IM. MARII KONOPNICKIEJ W ŚWINIARACH,2021,"polski, matematyka, angielski",6.0,,,6.0,,,6.0,,
12963,SZKOŁA PODSTAWOWA IM. KS. JANA TWARDOWSKIEGO W CICHAWCE,2021,"polski, matematyka, angielski",8.0,,,8.0,,,8.0,,
7690,SZKOŁA PODSTAWOWA IM. ŚW. JANA PAWŁA II W ZBYDNIOWIE,2021,"polski, matematyka, angielski",4.0,,,4.0,,,4.0,,
87612,SZKOŁA PODSTAWOWA IM. JANA KASPROWICZA W SOBOLOWIE,2021,"polski, matematyka, angielski",8.0,,,8.0,,,8.0,,
73953,SZKOŁA PODSTAWOWA IM. ŚW. MIKOŁAJA W BYTOMSKU,2021,"polski, matematyka, angielski",8.0,,,8.0,,,8.0,,
87535,PUBLICZNA SZKOŁA PODSTAWOWA W ŁĘKACH,2021,"polski, matematyka, angielski",4.0,,,4.0,,,4.0,,
9231,PUBLICZNA SZKOŁA PODSTAWOWA IM. ŚW. STANISŁAWA SZCZEPANOWSKIEGO BM W STERKOWCU,2021,"polski, matematyka, angielski",5.0,,,5.0,,,5.0,,
28497,PUBLICZNA SZKOŁA PODSTAWOWA IM I. J. PADEREWSKIEGO W TWORKOWEJ,2021,"polski, matematyka, angielski",6.0,,,6.0,,,6.0,,
6141,PUBLICZNA SZKOŁA PODSTAWOWA W JAWORSKU,2021,"polski, matematyka, angielski",6.0,,,6.0,,,6.0,,
3389,PUBLICZNA SZKOŁA PODSTAWOWA W ŁONIOWEJ,2021,"polski, matematyka, angielski",8.0,,,8.0,,,8.0,,
6340,PUBLICZNA SZKOŁA PODSTAWOWA IM. JANA DUDKA W NIEDŹWIEDZY,2021,"polski, matematyka, angielski",7.0,,,7.0,,,7.0,,
262593,SZKOŁA PODSTAWOWA SPECJALNA W MŁODZIEŻOWYM OŚRODKU SOCJOTERAPII W ŁYSEJ GÓRZE,2021,"polski, matematyka, angielski",9.0,,,9.0,,,9.0,,
58375,PUBLICZNA SZKOŁA PODSTAWOWA IM. JANA BRZECHWY W GOSPRZYDOWEJ,2021,"polski, matematyka, angielski",7.0,,,7.0,,,7.0,,
81249,PUBLICZNA SZKOŁA PODSTAWOWA W IWKOWEJ NAGÓRZU,2021,"polski, matematyka, angielski",6.0,,,6.0,,,6.0,,
16585,PUBLICZNA SZKOŁA PODSTAWOWA W NIEDZIELISKACH,2021,"polski, matematyka, angielski",8.0,,,8.0,,,8.0,,
16466,PUBLICZNA SZKOŁA PODSTAWOWA IM.KRÓLA KAZIMIERZA WIELKIEGO W UŚCIU SOLNYM,2021,"polski, matematyka, angielski",7.0,,,7.0,,,7.0,,
16598,PUBLICZNA SZKOŁA PODSTAWOWA IM.MJR HENRYKA SUCHARSKIEGO W WOLI PRZEMYKOWSKIEJ,2021,"polski, matematyka, angielski",4.0,,,4.0,,,4.0,,
29074,SZKOŁA PODSTAWOWA IM. IGNACEGO JANA PADEREWSKIEGO W OKLEŚNEJ,2021,"polski, matematyka, angielski",7.0,,,7.0,,,7.0,,
103436,SZKOŁA PODSTAWOWA IM. BOHATERÓW WESTERPLATTE W ROZKOCHOWIE,2021,"polski, matematyka, angielski",8.0,,,8.0,,,8.0,,
92528,SZKOŁA PODSTAWOWA W ZAGÓRZU IM. KS. ADOLFA CHOJNACKIEGO,2021,"polski, matematyka, angielski",9.0,,,9.0,,,9.0,,
272756,NIEPUBLICZNA SZKOŁA PODSTAWOWA EDISON W TRZEBINI,2021,angielski,10.0,71.0,69.7,10.0,76.0,71.6,9.0,,
115287,SZKOŁA PODSTAWOWA IM. JUBILEUSZU 2000-LECIA CHRZEŚCIJAŃSTWA W SZARWARKU,2021,"polski, matematyka, angielski",7.0,,,7.0,,,7.0,,
115161,SZKOŁA PODSTAWOWA IM. GEN. JÓZEFA BEMA W LASKÓWCE CHORĄSKIEJ,2021,"polski, matematyka, angielski",4.0,,,4.0,,,4.0,,
5988,SZKOŁA PODSTAWOWA IM.TADEUSZA KOŚCIUSZKI W LIPINACH,2021,"polski, matematyka, angielski",6.0,,,6.0,,,6.0,,
41890,SZKOŁA PODSTAWOWA IM. JANA PAWŁA II W WOLI MĘDRZECHOWSKIEJ,2021,"polski, matematyka, angielski",7.0,,,7.0,,,7.0,,
61468,SZKOŁA PODSTAWOWA W PILCZY ŻELICHOWSKIEJ,2021,"polski, matematyka, angielski",6.0,,,6.0,,,6.0,,
91271,SZKOŁA PODSTAWOWA IM. MARII KOZACZKOWEJ W ZALIPIU,2021,"polski, matematyka, angielski",2.0,,,2.0,,,2.0,,
61470,SZKOŁA PODSTAWOWA W DĄBRÓWKACH BREŃSKICH,2021,"polski, matematyka, angielski",8.0,,,8.0,,,8.0,,
109812,SZKOŁA PODSTAWOWA W ZARZECZU DUŻYM,2021,"polski, matematyka, angielski",9.0,,,9.0,,,9.0,,
103525,SZKOŁA PODSTAWOWA W RADWANIE,2021,"polski, matematyka, angielski",4.0,,,4.0,,,4.0,,
93031,SZKOŁA PODSTAWOWA IM.ŚWIĘTEJ KINGI W KORCZYNIE,2021,"polski, matematyka, angielski",8.0,,,8.0,,,8.0,,
85807,SZKOŁA PODSTAWOWA IM.STEFANA CZARNIECKIEGO W RACŁAWICACH,2021,"polski, matematyka, angielski",6.0,,,6.0,,,5.0,,
131572,SZKOŁA PODSTAWOWA IM.JANA PAWŁA II W SITNICY,2021,"polski, matematyka, angielski",4.0,,,4.0,,,3.0,,
59090,SZKOŁA PODSTAWOWA W STRÓŻNEJ,2021,"polski, matematyka, angielski",9.0,,,9.0,,,9.0,,
103661,SZKOŁA PODSTAWOWA IM. ŚWIĘTEJ JADWIGI KRÓLOWEJ W KLĘCZANACH,2021,"polski, matematyka, angielski",9.0,,,9.0,,,9.0,,
90821,SZKOŁA PODSTAWOWA IM. MARII KONOPNICKIEJ W KWIATONOWICACH,2021,"polski, matematyka, angielski",6.0,,,6.0,,,6.0,,
59764,SZKOŁA PODSTAWOWA IM.ŚW.JADWIGI KRÓLOWEJ W PAGORZYNIE,2021,"polski, matematyka, angielski",6.0,,,6.0,,,6.0,,
59760,SZKOŁA PODSTAWOWA W WÓJTOWEJ,2021,"polski, matematyka, angielski",8.0,,,8.0,,,5.0,,
74937,SZKOŁA PODSTAWOWA W ŁOSIU,2021,"polski, matematyka, angielski",7.0,,,7.0,,,7.0,,
70736,SZKOŁA PODSTAWOWA W BANICY,2021,"polski, matematyka, angielski",6.0,,,6.0,,,5.0,,
70733,SZKOŁA PODSTAWOWA W ŚNIETNICY,2021,"polski, matematyka, angielski",8.0,,,8.0,,,8.0,,
70739,SZKOŁA PODSTAWOWA W HAŃCZOWEJ,2021,"polski, matematyka, angielski",8.0,,,8.0,,,8.0,,
85311,SZKOŁA PODSTAWOWA W WYSOWEJ-ZDROJU,2021,"polski, matematyka, angielski",9.0,,,9.0,,,9.0,,
48277,SZKOŁA PODSTAWOWA W BIESNEJ,2021,"polski, matematyka, angielski",5.0,,,5.0,,,5.0,,
48276,SZKOŁA PODSTAWOWA W BIEŚNIKU,2021,"polski, matematyka, angielski",5.0,,,5.0,,,5.0,,
61364,SZKOŁA PODSTAWOWA IM.KAZIMIERZA WIELKIEGO W MSZANCE,2021,"polski, matematyka, angielski",5.0,,,5.0,,,5.0,,
107051,SZKOŁA PODSTAWOWA IM. ŚW. STANISŁAWA KOSTKI W NOWEJ WSI SZLACHECKIEJ,2021,"polski, matematyka, angielski",9.0,,,9.0,,,9.0,,
107057,SZKOŁA PODSTAWOWA Z ODDZIAŁAMI INTEGRACYJNYMI IM. KSIĘCIA JÓZEFA PONIATOWSKIEGO W PRZEGINI DUCHOWNEJ,2021,"polski, matematyka, angielski",6.0,,,6.0,,,6.0,,
106751,SZKOŁA PODSTAWOWA W RUSOCICACH,2021,"polski, matematyka, angielski",6.0,,,6.0,,,6.0,,
106924,PUBLICZNA SZKOŁA PODSTAWOWA W CZUŁÓWKU,2021,"polski, matematyka, angielski",9.0,,,9.0,,,9.0,,
118519,SZKOŁA PODSTAWOWA IM. JANA BRZECHWY W DOBRANOWICACH,2021,"polski, matematyka, angielski",4.0,,,4.0,,,4.0,,
118384,SZKOŁA PODSTAWOWA IM. STANISŁAWA STASZICA W TROPISZOWIE,2021,"polski, matematyka, angielski",8.0,,,8.0,,,8.0,,
271616,SZKOŁA PODSTAWOWA W CZUBROWICACH,2021,"polski, matematyka, angielski",9.0,,,9.0,,,9.0,,
58654,SZKOŁA PODSTAWOWA IM. GEN. MARIANA LANGIEWICZA W GOSZCZY,2021,"polski, matematyka, angielski",7.0,,,7.0,,,7.0,,
58666,SZKOŁA PODSTAWOWA W MACIEJOWICACH,2021,"polski, matematyka, angielski",5.0,,,5.0,,,5.0,,
58679,SZKOŁA PODSTAWOWA W PIETRZEJOWICACH,2021,"polski, matematyka, angielski",7.0,,,7.0,,,7.0,,
82613,SZKOŁA PODSTAWOWA IM. ŚW. MATKI TERESY Z KALKUTY W CHOLERZYNIE,2021,"polski, matematyka, angielski",6.0,,,6.0,,,6.0,,
82567,SZKOŁA PODSTAWOWA IM. OJCA ŚWIĘTEGO JANA PAWŁA II W JEZIORZANACH,2021,"polski, matematyka, angielski",9.0,,,9.0,,,9.0,,
64042,SZKOŁA PODSTAWOWA IM. JANA DŁUGOSZA W PIEKARACH,2021,"polski, matematyka, angielski",9.0,,,9.0,,,9.0,,
47219,SZKOŁA PODSTAWOWA IM. ŚWIĘTEJ JADWIGI KRÓLOWEJ W LUSINIE,2021,"polski, matematyka, angielski",8.0,,,8.0,,,8.0,,
269437,"PRYWATNA SZKOŁA PODSTAWOWA ""ROYAL SCHOOL""",2021,"polski, matematyka, angielski",4.0,,,4.0,,,4.0,,
41110,SZKOŁA PODSTAWOWA IM.JANA BRZECHWY W SZCZODRKOWICACH,2021,"polski, matematyka, angielski",8.0,,,8.0,,,8.0,,
44097,SZKOŁA PODSTAWOWA IM. WŁADYSŁAWA SZAFERA W WOLI KALINOWSKIEJ,2021,"polski, matematyka, angielski",4.0,,,4.0,,,4.0,,
92936,SZKOŁA PODSTAWOWA W BĘDKOWICACH,2021,"polski, matematyka, angielski",5.0,,,5.0,,,5.0,,
56731,PUBLICZNA SZKOŁA PODSTAWOWA IM. MARII KONOPNICKIEJ W BRZOSKWINII,2021,"polski, matematyka, angielski",4.0,,,4.0,,,4.0,,
55701,SZKOŁA PODSTAWOWA W BALICACH,2021,"polski, matematyka",9.0,,,9.0,,,11.0,75.0,61.63636363636363
5869,"SZKOŁA PODSTAWOWA IM. POR. PIOTRA OLKA PS. ""GOŁĄB"" W KOBYLANACH",2021,"polski, matematyka",9.0,,,9.0,,,10.0,76.5,69.1
73310,INTEGRACYJNA SZKOŁA PODSTAWOWA IM. OFIAR PACYFIKACJI W RADWANOWICACH,2021,"polski, matematyka, angielski",3.0,,,3.0,,,3.0,,
44517,SZKOŁA PODSTAWOWA IM. EUGENIUSZA KWIATKOWSKIEGO W OWCZARACH,2021,"polski, matematyka, angielski",3.0,,,3.0,,,3.0,,
5621,NIEPUBLICZNA SZKOŁA PODSTAWOWA VICTORIA CENTER PRIMARY SCHOOL,2021,"polski, matematyka, angielski",9.0,,,9.0,,,9.0,,
131297,NIEPUBLICZNA SZKOŁA PODSTAWOWA Z ODDZIAŁAMI DWUJĘZYCZNYMI EMBASSY INTERNATIONAL SCHOOL,2021,"polski, matematyka, angielski",4.0,,,4.0,,,4.0,,
264587,"NIEPUBLICZNA CHRZEŚCIJAŃSKA SZKOŁA PODSTAWOWA Z ODDZIAŁAMI INTEGRACYJNYMI NR 1 ""UCZEŃ""",2021,"polski, matematyka, angielski",8.0,,,8.0,,,9.0,,
27075,SZKOŁA PODSTAWOWA NR 140 IM. STANISŁAWA WYSPIAŃSKIEGO W KRAKOWIE,2021,"polski, matematyka, angielski",6.0,,,6.0,,,6.0,,
12532,SZKOŁA PODSTAWOWA NR 74 IM. STANISŁAWA STASZICA W KRAKOWIE,2021,"polski, matematyka, angielski",9.0,,,9.0,,,9.0,,
115666,"NIEPUBLICZNA SZKOŁA PODSTAWOWA EDUKACJI MATEMATYCZNEJ ""EDU&MATH""",2021,"polski, matematyka, angielski",4.0,,,4.0,,,4.0,,
25873,SZKOŁA PODSTAWOWA NR 137 IM. PROFESORA WIKTORA ZINA W KRAKOWIE,2021,"polski, matematyka, angielski",8.0,,,8.0,,,9.0,,
84667,NIEPUBLICZNA SZKOŁA PODSTAWOWA ŹRÓDEŁKO W KRAKOWIE,2021,"polski, matematyka, angielski",7.0,,,7.0,,,7.0,,
124090,NIEPUBLICZNA SZKOŁA PODSTAWOWA KRAKÓW MONTESSORI SCHOOL,2021,"polski, matematyka, angielski",4.0,,,4.0,,,4.0,,
128735,"NIEPUBLICZNA SZKOŁA PODSTAWOWA ""WOLNA SZKOŁA WALDORFSKA""",2021,"polski, matematyka, angielski",7.0,,,7.0,,,7.0,,
132463,"NIEPUBLICZNA CHRZEŚCIJAŃSKA SZKOŁA PODSTAWOWA NR 2 Z ODDZIAŁAMI INTEGRACYJNYMI ""UCZEŃ""",2021,"polski, matematyka, angielski",4.0,,,4.0,,,5.0,,
266104,PRYWATNA SZKOŁA PODSTAWOWA DLA DOROSŁYCH ZAOCZNA,2021,"polski, matematyka, angielski",3.0,,,3.0,,,3.0,,
72207,PRYWATNA SZKOŁA PODSTAWOWA NR 3 W KRAKOWIE,2021,"polski, matematyka, angielski",5.0,,,5.0,,,5.0,,
12473,SZKOŁA PODSTAWOWA Z ODDZIAŁAMI INTEGRACYJNYMI NR 3 IM. ANDRZEJA FRYCZA-MODRZEWSKIEGO W KRAKOWIE,2021,"polski, matematyka, angielski",4.0,,,4.0,,,9.0,,
114132,PRYWATNA OGÓLNOKSZTAŁCĄCA SZKOŁA MUZYCZNA I ST. INSPIRACJA W KRAKOWIE,2021,"polski, matematyka, angielski",5.0,,,5.0,,,6.0,,
133497,SZKOŁA PODSTAWOWA Z ODDZIAŁAMI INTEGRACYJNYMI NR 128 IM. PŁK. PILOTA STANISŁAWA SKARŻYŃSKIEGO W KRAKOWIE,2021,"polski, matematyka, angielski",9.0,,,9.0,,,8.0,,
133507,PRYWATNA SZKOŁA PODSTAWOWA NR 5,2021,"polski, matematyka, angielski",6.0,,,6.0,,,6.0,,
262285,EDUVISION SZKOŁA PODSTAWOWA DLA DOROSŁYCH W KRAKOWIE,2021,"polski, matematyka, angielski",6.0,,,6.0,,,6.0,,
55982,SZKOŁA PODSTAWOWA IM.BATALIONÓW CHŁOPSKICH,2021,"polski, matematyka, angielski",6.0,,,6.0,,,6.0,,
58557,SZKOŁA PODSTAWOWA IM. JANUSZA KORCZAKA,2021,"polski, matematyka, angielski",7.0,,,7.0,,,7.0,,
57594,SZKOŁA PODSTAWOWA IM. STANISŁAWA WYSPIAŃSKIEGO,2021,"polski, matematyka, angielski",5.0,,,5.0,,,5.0,,
85759,SZKOŁA PODSTAWOWA IM. ADAMA MICKIEWICZA W KRASNEM LASOCICACH,2021,"polski, matematyka, angielski",6.0,,,6.0,,,6.0,,
87163,SZKOŁA PODSTAWOWA IM. JANA PAWŁA II SADEK-KOSTRZA W SADKU,2021,"polski, matematyka, angielski",5.0,,,5.0,,,5.0,,
55953,SZKOŁA PODSTAWOWA IM.JANA SOBIESKIEGO W ZBLUDZY,2021,"polski, matematyka, angielski",9.0,,,9.0,,,9.0,,
40981,SZKOŁA PODSTAWOWA IM.MARII KONOPNICKIEJ W ZASADNEM,2021,"polski, matematyka, angielski",8.0,,,8.0,,,8.0,,
55437,SZKOŁA PODSTAWOWA NR 2 IM.MIKOŁAJA KOPERNIKA W SZCZAWIE,2021,"polski, matematyka, angielski",9.0,,,9.0,,,9.0,,
68706,SZKOŁA PODSTAWOWA IM. JANA MATEJKI W KAMIONCE MAŁEJ,2021,"polski, matematyka, angielski",8.0,,,8.0,,,8.0,,
83859,SZKOŁA PODSTAWOWA W JAWORZNEJ,2021,"polski, matematyka, angielski",4.0,,,4.0,,,4.0,,
83853,SZKOŁA PODSTAWOWA IM. TADEUSZA KOŚCIUSZKI W ŻMIĄCEJ,2021,"polski, matematyka, angielski",7.0,,,7.0,,,7.0,,
83857,SZKOŁA PODSTAWOWA IM. ŚWIĘTEGO JÓZEFA W KROSNEJ,2021,"polski, matematyka, angielski",7.0,,,7.0,,,7.0,,
60020,SZKOŁA PODSTAWOWA IM. JULIANA TUWIMA W KANINIE,2021,"polski, matematyka, angielski",5.0,,,5.0,,,5.0,,
56307,SZKOŁA PODSTAWOWA IM. KRÓLOWEJ JADWIGI W WYSOKIEM,2021,"polski, matematyka, angielski",6.0,,,6.0,,,6.0,,
74300,SZKOŁA PODSTAWOWA NR 2 IM. KONSTYTUCJI 3-GO MAJA W MĘCINIE,2021,"polski, matematyka, angielski",4.0,,,4.0,,,4.0,,
263073,SZKOŁA PODSTAWOWA SPECJALNA W MSZANIE DOLNEJ,2021,angielski,10.0,34.5,31.8,10.0,18.0,19.2,8.0,,
43461,"SZKOŁA PODSTAWOWA NR 3, IM. JANA PAWŁA II W KASINCE MAŁEJ",2021,"polski, matematyka, angielski",4.0,,,4.0,,,4.0,,
43462,"SZKOŁA PODSTAWOWA, IM. ŚW. FLORIANA W GLISNEM",2021,"polski, matematyka, angielski",4.0,,,4.0,,,4.0,,
52821,"SZKOŁA PODSTAWOWA, IM. WOJCIECHA RYPLA W RABIE NIŻNEJ",2021,"polski, matematyka, angielski",9.0,,,9.0,,,9.0,,
66198,NIEPUBLICZNA SZKOŁA PODSTAWOWA W PIEKIEŁKU,2021,angielski,13.0,62.0,57.30769230769231,13.0,68.0,55.07692307692308,9.0,,
103691,SZKOŁA PODSTAWOWA IM.MARII KONOPNICKIEJ W ROZTOCE,2021,"polski, matematyka, angielski",8.0,,,8.0,,,8.0,,
50345,SZKOŁA PODSTAWOWA IM.HENRYKA SIENKIEWICZA W JASTRZĘBIU,2021,"polski, matematyka, angielski",4.0,,,4.0,,,4.0,,
50346,SZKOŁA PODSTAWOWA IM.KAZIMIERZA PUŁASKIEGO W JADAMWOLI,2021,"polski, matematyka, angielski",8.0,,,8.0,,,8.0,,
128518,SZKOŁA PODSTAWOWA W POGWIZDOWIE,2021,"polski, matematyka, angielski",5.0,,,5.0,,,5.0,,
128527,SZKOŁA PODSTAWOWA IM.MIKOŁAJA KOPERNIKA W SWOJCZANACH,2021,"polski, matematyka, angielski",5.0,,,5.0,,,5.0,,
86449,SZKOŁA PODSTAWOWA W WYSOCICACH,2021,"polski, matematyka, angielski",6.0,,,6.0,,,6.0,,
68838,SPOŁECZNA SZKOŁA PODSTAWOWA W PRZYBYSŁAWICACH,2021,"polski, matematyka, angielski",8.0,,,8.0,,,8.0,,
49694,SZKOŁA PODSTAWOWA IM. JANA PAWŁA II W KSIĄŻU MAŁYM,2021,"polski, matematyka, angielski",5.0,,,5.0,,,5.0,,
85332,SZKOŁA PODSTAWOWA IM. ADAMA MICKIEWICZA W JAKSICACH,2021,"polski, matematyka, angielski",9.0,,,9.0,,,9.0,,
85331,SZKOŁA PODSTAWOWA W PSTROSZYCACH,2021,"polski, matematyka, angielski",7.0,,,7.0,,,7.0,,
59730,SZKOŁA PODSTAWOWA IM. PARTYZANTÓW ZIEMI MIECHOWSKIEJ W JANOWICACH,2021,"polski, matematyka, angielski",6.0,,,6.0,,,6.0,,
55599,SZKOŁA PODSTAWOWA IM. ŚW. JADWIGI KRÓLOWEJ POLSKI W KORNATCE,2021,"polski, matematyka, angielski",9.0,,,9.0,,,8.0,,
60702,SZKOŁA PODSTAWOWA IM. TADEUSZA KOŚCIUSZKI W NOWEJ WSI,2021,"polski, matematyka, angielski",5.0,,,5.0,,,5.0,,
55417,SZKOŁA PODSTAWOWA IM. ŚWIĘTEJ JADWIGI KRÓLOWEJ W KRZECZOWIE,2021,"polski, matematyka, angielski",8.0,,,8.0,,,8.0,,
79123,SZKOŁA PODSTAWOWA IM. JANA KOCHANOWSKIEGO W BĘCZARCE,2021,"polski, matematyka, angielski",9.0,,,9.0,,,9.0,,
43583,SZKOŁA PODSTAWOWA W ZASANI,2021,"polski, matematyka, angielski",8.0,,,8.0,,,8.0,,
55121,SZKOŁA PODSTAWOWA W ZAWADZIE,2021,"polski, matematyka, angielski",6.0,,,6.0,,,6.0,,
115108,SZKOŁA PODSTAWOWA IM. MILOŁAJA KOPERNIKA W CZASŁAWIU,2021,"polski, matematyka, angielski",8.0,,,8.0,,,8.0,,
69931,SZKOŁA PODSTAWOWA IM. TADEUSZA KOŚCIUSZKI,2021,"polski, matematyka, angielski",7.0,,,7.0,,,7.0,,
119438,SZKOŁA PODSTAWOWA IM. MARII KONOPNICKIEJ W GLICHOWIE,2021,"polski, matematyka, angielski",7.0,,,7.0,,,7.0,,
7689,SZKOŁA PODSTAWOWA W KRASNEM POTOCKIEM,2021,"polski, matematyka, angielski",7.0,,,7.0,,,7.0,,
7564,SZKOŁA PODSTAWOWA IM. STANISŁAWA I JANA POTOCZKÓW W RDZIOSTOWIE,2021,"polski, matematyka, angielski",9.0,,,9.0,,,9.0,,
8042,SZKOŁA PODSTAWOWA W NISKOWEJ,2021,"polski, matematyka, angielski",7.0,,,7.0,,,7.0,,
13304,SZKOŁA PODSTAWOWA NR2,2021,"polski, matematyka, angielski",9.0,,,9.0,,,9.0,,
15876,SZKOŁA PODSTAWOWA W WAWRZCE,2021,"polski, matematyka, angielski",9.0,,,9.0,,,9.0,,
18319,SZKOŁA PODSTAWOWA IM. PRYMASA TYSIĄCLECIA STEFANA KARDYNAŁA WYSZYŃSKIEGO W STAREJ WSI,2021,"polski, matematyka, angielski",8.0,,,8.0,,,8.0,,
19229,SZKOŁA PODSTAWOWA IM. BŁ. KS. JANA BALICKIEGO W POLNEJ,2021,"polski, matematyka, angielski",8.0,,,8.0,,,8.0,,
19357,SZKOŁA PODSTAWOWA IM. MARII KONOPNICKIEJ W WYSKITNEJ,2021,"polski, matematyka, angielski",4.0,,,4.0,,,4.0,,
64482,SZKOŁA PODSTAWOWA W LIPIU,2021,"polski, matematyka, angielski",5.0,,,5.0,,,5.0,,
25940,SZKOŁA PODSTAWOWA W BOGUSZY,2021,"polski, matematyka, angielski",9.0,,,9.0,,,9.0,,
25958,SZKOŁA PODSTAWOWA W KRÓLOWEJ POLSKIEJ,2021,"polski, matematyka, angielski",7.0,,,7.0,,,7.0,,
29115,SZKOŁA PODSTAWOWA W MSZALNICY IM.BŁ.KAROLINY KÓZKÓWNY,2021,"polski, matematyka, angielski",9.0,,,9.0,,,9.0,,
61582,SZKOŁA PODSTAWOWA IMIENIA GENERAŁA FRANCISZKA GĄGORA W KONIUSZOWEJ,2021,"polski, matematyka, angielski",8.0,,,8.0,,,8.0,,
48362,SZKOŁA PODSTAWOWA W POSADOWEJ MOGILSKIEJ,2021,"polski, matematyka, angielski",9.0,,,9.0,,,9.0,,
48273,SZKOŁA PODSTAWOWA W ŁĘCE,2021,"polski, matematyka, angielski",7.0,,,7.0,,,7.0,,
48480,SZKOŁA PODSTAWOWA W TRZYCIERZU,2021,"polski, matematyka, angielski",3.0,,,3.0,,,3.0,,
48481,SZKOŁA PODSTAWOWA W WOJNAROWEJ,2021,"polski, matematyka, angielski",8.0,,,8.0,,,8.0,,
53089,SZKOŁA PODSTAWOWA IMIENIA MARII KONOPNICKIEJ W MIŁKOWEJ,2021,"polski, matematyka, angielski",7.0,,,7.0,,,7.0,,
53046,SZKOŁA PODSTAWOWA IMIENIA ŚWIĘTEJ KINGI W JANCZOWEJ,2021,"polski, matematyka, angielski",5.0,,,5.0,,,5.0,,
262662,SZKOŁA PODSTAWOWA IM. ZBIGNIEWA WODECKIEGO W PIORUNCE,2021,"polski, matematyka, angielski",7.0,,,7.0,,,7.0,,
23233,SZKOŁA PODSTAWOWA NR 2 IM. JANA PAWŁA II W MUSZYNIE,2021,"polski, matematyka, angielski",5.0,,,5.0,,,5.0,,
40665,SZKOŁA PODSTAWOWA W HOMRZYSKACH,2021,"polski, matematyka, angielski",8.0,,,8.0,,,8.0,,
40664,SZKOŁA PODSTAWOWA IM. ŻOŁNIERZY NIEZŁOMNYCH W BĄCZEJ-KUNINIE,2021,"polski, matematyka, angielski",9.0,,,9.0,,,9.0,,
40663,SZKOŁA PODSTAWOWA W ŻELEŹNIKOWEJ MAŁEJ,2021,"polski, matematyka, angielski",8.0,,,8.0,,,8.0,,
119717,SZKOŁA PODSTAWOWA W WIERCHOMLI WIELKIEJ,2021,"polski, matematyka, angielski",7.0,,,7.0,,,7.0,,
41833,SZKOŁA PODSTAWOWA W GŁĘBOKIEM,2021,"polski, matematyka, angielski",9.0,,,9.0,,,9.0,,
13637,SZKOŁA POSTAWOWA,2021,"polski, matematyka, angielski",3.0,,,3.0,,,3.0,,
13634,SZKOŁA PODSTAWOWA,2021,"polski, matematyka, angielski",8.0,,,8.0,,,8.0,,
13638,SZKOŁA PODSTAWOWA,2021,"polski, matematyka, angielski",7.0,,,7.0,,,7.0,,
13636,SZKOŁA PODSTAWOWA,2021,"polski, matematyka, angielski",9.0,,,9.0,,,9.0,,
21887,SZKOŁA PODSTAWOWA IM. ŚWIĘTEJ KINGI W MACIEJOWEJ,2021,"polski, matematyka, angielski",7.0,,,7.0,,,7.0,,
30186,SZKOŁA PODSTAWOWA W STAŃKOWEJ,2021,"polski, matematyka, angielski",5.0,,,5.0,,,5.0,,
30797,SZKOŁA PODSTAWOWA IM. MJRA HENRYKA SUCHARSKIEGO W ŻBIKOWICACH,2021,"polski, matematyka, angielski",9.0,,,9.0,,,9.0,,
62311,SZKOŁA PODSTAWOWA W SZCZEREŻU,2021,"polski, matematyka, angielski",8.0,,,8.0,,,8.0,,
133851,SZKOŁA PODSTAWOWA W ZARZECZU,2021,"polski, matematyka, angielski",5.0,,,5.0,,,5.0,,
18242,PUBLICZNA SZKOŁA PODSTAWOWA NR 2 STOWARZYSZENIA PRZYJACIÓŁ SZKÓŁ KATOLICKICH IM. JANA PAWŁA II W STAREM BYSTREM,2021,"polski, matematyka, angielski",6.0,,,6.0,,,6.0,,
11878,SZKOŁA PODSTAWOWA W PODCZERWONEM IM. BRATA WITALISA-WOJCIECHA LEI,2021,"polski, matematyka, angielski",9.0,,,9.0,,,9.0,,
15587,SZKOŁA PODSTAWOWA IM. POWSTAŃCÓW CHOCHOŁOWSKICH W CHOCHOŁOWIE,2021,"polski, matematyka, angielski",9.0,,,9.0,,,8.0,,
16307,SZKOŁA PODSTAWOWA NR 1 IM. ANDRZEJA KNAPCZYKA-DUCHA,2021,"polski, matematyka, angielski",3.0,,,3.0,,,3.0,,
262338,SZKOŁA PODSTAWOWA IM. ŚW. STANISŁAWA KOSTKI W ZAŁUCZNEM,2021,"polski, matematyka, angielski",8.0,,,8.0,,,8.0,,
106765,SZKOŁA PODSTAWOWA W CHYŻNEM,2021,"polski, matematyka, angielski",1.0,,,1.0,,,1.0,,
70306,SZKOŁA PODSTAWOWA JABŁONKA - BORY,2021,"polski, matematyka, angielski",7.0,,,7.0,,,7.0,,
70303,SZKOŁA PODSTAWOWA NR 1 IM. JULIUSZA SŁOWACKIEGO W ZUBRZYCY GÓRNEJ,2021,"polski, matematyka, angielski",5.0,,,5.0,,,5.0,,
106769,SZKOŁA PODSTAWOWA NR 2 W PODWILKU IM. KS.JANA GÓRALIKA,2021,"polski, matematyka, angielski",5.0,,,5.0,,,5.0,,
70305,SZKOŁA PODSTAWOWA NR 3 IM. KAZIMIERZA WIELKIEGO W ZUBRZYCY GÓRNEJ,2021,"polski, matematyka, angielski",6.0,,,6.0,,,6.0,,
76302,SZKOŁA PODSTAWOWA IM. BŁ. JANA PAWŁA II W KICZORACH,2021,"polski, matematyka, angielski",9.0,,,9.0,,,9.0,,
75316,SZKOŁA PODSTAWOWA NR 1 IM. ŚW. KRÓLOWEJ JADWIGI,2021,"polski, matematyka, angielski",9.0,,,9.0,,,9.0,,
76301,SZKOŁA PODSTAWOWA NR 4 IM. DRA EMILA KOWALCZYKA,2021,"polski, matematyka, angielski",8.0,,,8.0,,,8.0,,
14047,SZKOŁA PODSTAWOWA IM. ŚWIĘTEJ KINGI W KNUROWIE,2021,"polski, matematyka, angielski",2.0,,,2.0,,,2.0,,
17350,SZKOŁA PODSTAWOWA W OBIDOWEJ,2021,"polski, matematyka, angielski",7.0,,,7.0,,,7.0,,
14360,SZKOŁA PODSTAWOWA W KRAUSZOWIE IM. ŚWIĘTEGO STANISŁAWA KOSTKI,2021,"polski, matematyka, angielski",9.0,,,9.0,,,9.0,,
30375,SZKOŁA PODSTAWOWA IM. KS. PROF. JÓZEFA TISCHNERA W ROGOŹNIKU,2021,"polski, matematyka, angielski",7.0,,,7.0,,,7.0,,
14574,SZKOŁA PODSTAWOWA W KREMPACHACH,2021,"polski, matematyka, angielski",7.0,,,7.0,,,7.0,,
17181,SZKOŁA PODSTAWOWA W MORAWCZYNIE,2021,"polski, matematyka, angielski",4.0,,,4.0,,,4.0,,
29036,SZKOŁA PODSTAWOWA IM. PROF. ANDRZEJA WAKSMUNDZKIEGO W OSTROWSKU,2021,"polski, matematyka, angielski",7.0,,,7.0,,,7.0,,
6412,SZKOŁA PODSTAWOWA IM. STANISŁAWA STASZICA W DURSZTYNIE,2021,"polski, matematyka, angielski",8.0,,,8.0,,,8.0,,
30423,SZKOŁA PODSTAWOWA W SZLEMBARKU,2021,"polski, matematyka, angielski",8.0,,,8.0,,,8.0,,
39743,SZKOŁA PODSTAWOWA IM. KS. PROF. J. TISCHNERA W OCHOTNICY DOLNEJ,2021,"polski, matematyka, angielski",8.0,,,8.0,,,8.0,,
40047,SZKOŁA PODSTAWOWA IM. KS. JANA TWARDOWSKIEGO W TYLMANOWEJ,2021,"polski, matematyka, angielski",6.0,,,6.0,,,6.0,,
48973,NIEPUBLICZNA SZKOŁA PODSTAWOWA IM. BOHATERÓW KRWAWEJ WIGILII W OCHOTNICY DOLNEJ,2021,"polski, matematyka, angielski",7.0,,,7.0,,,7.0,,
72570,SZKOŁA PODSTAWOWA IM. MARII I LECHA KACZYŃSKICH W PODSARNIU,2021,"polski, matematyka, angielski",7.0,,,7.0,,,7.0,,
85913,SZKOŁA PODSTAWOWA NR 4 IM. JANA KOCHANOWSKIEGO W RABCE-ZDROJU,2021,"polski, matematyka, angielski",9.0,,,9.0,,,9.0,,
85898,SZKOŁA PODSTAWOWA IM. ANTONINY ZACHARY-WNĘKOWEJ W PONICACH,2021,"polski, matematyka, angielski",7.0,,,7.0,,,7.0,,
85623,SZKOŁA PODSTAWOWA W BORZE,2021,"polski, matematyka, angielski",4.0,,,4.0,,,4.0,,
121748,SZKOŁA PODSTAWOWA IM. ŚW. KAZIMIERZA JAGIELLOŃCZYKA W BAŃSKIEJ NIŻNEJ,2021,"polski, matematyka, angielski",9.0,,,9.0,,,9.0,,
121749,SZKOŁA PODSTAWOWA IM. ŚW. WOJCIECHA W BAŃSKIEJ WYŻNEJ,2021,"polski, matematyka, angielski",8.0,,,8.0,,,8.0,,
14163,SZKOŁA PODSTAWOWA IM. BŁOGOSŁAWIONEGO JANA PAWŁA II W ŁAPSZACH WYŻNYCH,2021,"polski, matematyka, angielski",9.0,,,9.0,,,9.0,,
131154,SZKOŁA PODSTAWOWA W ŁAPSZANCE,2021,"polski, matematyka, angielski",2.0,,,2.0,,,2.0,,
115192,KATOLICKA NIEPUBLICZNA OGÓLNOKSZTAŁCĄCA SZKOŁA MUZYCZNA II ST. IM. BŁ. PIOTRA FRASSATI W NOWYM SĄCZU,2021,"polski, matematyka, angielski",5.0,,,5.0,,,5.0,,
55356,SZKOŁA PODSTAWOWA IM. MIKOŁAJA KOPERNIKA W RODAKACH,2021,"polski, matematyka, angielski",3.0,,,3.0,,,3.0,,
63317,SZKOŁA PODSTAWOWA W RYCZÓWKU,2021,"polski, matematyka, angielski",9.0,,,9.0,,,7.0,,
61822,SZKOŁA PODSTAWOWA IM. UNII EUROPEJSKIEJ W KWAŚNIOWIE DOLNYM,2021,"polski, matematyka, angielski",9.0,,,9.0,,,9.0,,
118389,SZKOŁA PODSTAWOWA IM. KAPITANA PILOTA WŁADYSŁAWA GNYSIA W ŻURADZIE,2021,"polski, matematyka, angielski",6.0,,,6.0,,,6.0,,
64462,SZKOŁA PODSTAWOWA IM.MARII DĄBROWSKIEJ W SIENICZNIE,2021,"polski, matematyka, angielski",7.0,,,7.0,,,7.0,,
64464,SZKOŁA PODSTAWOWA IM. WOJSKA POLSKIEGO W ZAWADZIE,2021,"polski, matematyka, angielski",6.0,,,6.0,,,6.0,,
39717,SZKOŁA PODSTAWOWA W JEŻÓWCE,2021,"polski, matematyka, angielski",5.0,,,5.0,,,4.0,,
39715,SZKOŁA PODSTAWOWA W CHEŁMIE,2021,"polski, matematyka, angielski",5.0,,,5.0,,,5.0,,
6347,NIEPUBLICZNA SZKOŁA PODSTAWOWA W PORĘBIE GÓRNEJ,2021,"polski, matematyka, angielski",2.0,,,2.0,,,2.0,,
6348,NIEPUBLICZNA SZKOŁA PODSTAWOWA W PORĘBIE DZIERŻNEJ,2021,"polski, matematyka, angielski",2.0,,,2.0,,,2.0,,
106138,SZKOŁA PODSTAWOWA IM. ŚW. MAKSYMILIANA MARII KOLBE W HARMĘŻACH,2021,"polski, matematyka, angielski",8.0,,,8.0,,,8.0,,
84041,SZKOŁA PODSTAWOWA IM.STANISŁAWA SZYMACHY W GLEWCU,2021,"polski, matematyka, angielski",9.0,,,9.0,,,9.0,,
66208,NIEPUBLICZNA SZKOŁA PODSTAWOWA W KARWINIE,2021,"polski, matematyka, angielski",3.0,,,3.0,,,3.0,,
9815,SZKOŁA PODSTAWOWA IM. HENRYKA SIENKIEWICZA W MNISZOWIE,2021,"polski, matematyka, angielski",5.0,,,5.0,,,5.0,,
275483,SZKOŁA PODSTAWOWA W IBRAMOWICACH,2021,"polski, matematyka, angielski",7.0,,,7.0,,,7.0,,
66340,SZKOŁA PODSTAWOWA Z ODDZIAŁAMI INTEGRACYJNYMI W SZCZYTNIKACH,2021,"polski, matematyka, angielski",8.0,,,8.0,,,8.0,,
4900,SZKOŁA PODSTAWOWA W ŻĘBOCINIE,2021,"polski, matematyka, angielski",6.0,,,6.0,,,6.0,,
119121,NIEPUBLICZNA SZKOŁA PODSTAWOWA Z ODDZIAŁEM PRZEDSZKOLNYM W KOCZANOWIE,2021,angielski,10.0,64.5,64.2,10.0,38.0,39.6,8.0,,
15231,SZKOŁA PODSTAWOWA W ŁĘTKOWICACH,2021,"polski, matematyka, angielski",8.0,,,8.0,,,8.0,,
70896,SZKOŁA PODSTAWOWA IM.MARII SKŁODOWSKIEJ CURIE W JACHÓWCE,2021,"polski, matematyka, angielski",5.0,,,5.0,,,5.0,,
42519,SZKOŁA PODSTAWOWA IM.FRYDERYKA CHOPINA W KOJSZÓWCE,2021,"polski, matematyka, angielski",6.0,,,6.0,,,6.0,,
88870,SZKOŁA PODSTAWOWA IM.MIKOŁAJA KOPERNIKA W BIAŁCE,2021,"polski, matematyka, angielski",8.0,,,8.0,,,8.0,,
88867,SZKOŁA PODSTAWOWA IM.MIECZYSŁAWA KARŁOWICZA W WIEPRZCU,2021,"polski, matematyka, angielski",3.0,,,3.0,,,3.0,,
5569,SZKOŁA PODSTAWOWA STOWARZYSZENIA PRZYJACIÓŁ SZKÓŁ KATOLICKICH IM.ŚW DZIECI Z FATIMY W MAKOWIE PODHALAŃSKIM,2021,"polski, matematyka, angielski",4.0,,,4.0,,,4.0,,
85216,PUBLICZNA SZKOŁA PODSTAWOWA STOWARZYSZENIA PRZYJACIÓŁ SZKÓŁ KATOLICKICH W HUCISKU-PEWELCE,2021,"polski, matematyka, angielski",5.0,,,5.0,,,5.0,,
85190,PUBLICZNA SZKOŁA PODSTAWOWA STOWARZYSZENIA PRZYJACIÓŁ SZKÓŁ KATOLICKICH KUROWIE,2021,"polski, matematyka, angielski",7.0,,,7.0,,,7.0,,
121910,SZKOŁA PODSTAWOWA NR 5 W ZAWOI GOŁYNIA,2021,"polski, matematyka, angielski",7.0,,,7.0,,,7.0,,
121912,SZKOŁA PODSTAWOWA NR 8 IM.S.STASZICA W ZAWOI MOSORNE,2021,"polski, matematyka, angielski",7.0,,,7.0,,,7.0,,
49647,SZKOŁA PODSTAWOWA IM. BOHATERÓW WESTERPLATTE W MARCÓWCE,2021,"polski, matematyka, angielski",3.0,,,3.0,,,3.0,,
107643,SZKOŁA PODSTAWOWA IM. ŚW. STANISŁAWA KOSTKI W BRUŚNIKU,2021,"polski, matematyka, angielski",9.0,,,9.0,,,9.0,,
7795,SZKOŁA PODSTAWOWA IM. STEFANA BATOREGO W SIEKIERCZYNIE Z FILIĄ W FALKOWEJ,2021,"polski, matematyka, angielski",9.0,,,9.0,,,9.0,,
107435,SZKOŁA PODSTAWOWA W KĄŚNEJ DOLNEJ,2021,"polski, matematyka, angielski",6.0,,,6.0,,,6.0,,
15711,SZKOŁA PODSTAWOWA W RZEPIENNIKU MARCISZEWSKIM,2021,"polski, matematyka, angielski",3.0,,,3.0,,,3.0,,
73223,SZKOŁA PODSTAWOWA IM.JANA PAWŁA II W BRNIU,2021,"polski, matematyka, angielski",9.0,,,9.0,,,9.0,,
104905,SZKOŁA PODSTAWOWA W KOBIERZYNIE,2021,"polski, matematyka, angielski",3.0,,,3.0,,,3.0,,
92883,SZKOŁA PODSTAWOWA W ŚMIGNIE,2021,"polski, matematyka, angielski",6.0,,,6.0,,,6.0,,
73548,SZKOŁA PODSTAWOWA IM.ŚWIĘTEJ KINGI W ŁUKOWEJ,2021,"polski, matematyka, angielski",7.0,,,7.0,,,7.0,,
263051,"SZKOŁA PODSTAWOWA IM. BATALIONU ""BARBARA"" AK W PAWĘZOWIE",2021,"polski, matematyka, angielski",8.0,,,8.0,,,8.0,,
12898,SZKOŁA PODSTAWOWA W JANOWICACH,2021,"polski, matematyka, angielski",4.0,,,4.0,,,4.0,,
12899,SZKOŁA PODSTAWOWA IM. MACIEJA RATAJA W LICHWINIE,2021,"polski, matematyka, angielski",9.0,,,9.0,,,9.0,,
3683,PUBLICZNA SZKOŁA PODSTAWOWA W RYCHWAŁDZIE,2021,"polski, matematyka, angielski",8.0,,,8.0,,,8.0,,
73831,SZKOŁA PODSTAWOWA IM. STANISŁAWA WYSPIAŃSKIEGO W WOLI RADŁOWSKIEJ,2021,"polski, matematyka, angielski",8.0,,,8.0,,,8.0,,
59948,NIEPUBLICZNA SZKOŁA PODSTAWOWA W PRZYBYSŁAWICACH,2021,"polski, matematyka, angielski",9.0,,,9.0,,,6.0,,
86714,NIEPUBLICZNA SZKOŁA PODSTAWOWA W ZDROCHCU,2021,"polski, matematyka, angielski",6.0,,,6.0,,,6.0,,
3525,NIEPUBLICZNA SZKOŁA PODSTAWOWA W NIWCE,2021,"polski, matematyka, angielski",7.0,,,7.0,,,7.0,,
68646,SZKOŁA PODSTAWOWA IM. JANUSZA KORCZAKA W KOWALOWEJ,2021,"polski, matematyka, angielski",6.0,,,6.0,,,6.0,,
78070,PUBLICZNA SZKOŁA PODSTAWOWA W BISTUSZOWEJ,2021,"polski, matematyka, angielski",9.0,,,9.0,,,9.0,,
272207,SZKOŁA PODSTAWOWA IM. JANA PAWŁA II W JONINACH,2021,"polski, matematyka, angielski",8.0,,,8.0,,,8.0,,
3556,SZKOŁA PODSTAWOWA W RZEPIENNIKU SUCHYM IM.MARII KONOPNICKIEJ,2021,"polski, matematyka, angielski",9.0,,,9.0,,,9.0,,
3550,SZKOŁA PODSTAWOWA W RZEPIENNIKU STRZYŻEWSKIM,2021,"polski, matematyka, angielski",9.0,,,9.0,,,9.0,,
6346,SZKOŁA PODSTAWOWA IM. KORNELA MAKUSZYŃSKIEGO W ŁADNEJ,2021,"polski, matematyka, angielski",8.0,,,8.0,,,8.0,,
6313,SZKOŁA PODSTAWOWA NR 2 IM. KS. PIOTRA SKARGI W SKRZYSZOWIE,2021,"polski, matematyka, angielski",3.0,,,3.0,,,3.0,,
51283,PUBLICZNA SZKOŁA PODSTAWOWA IM. JANA PAWŁA II W SWOSZOWEJ,2021,"polski, matematyka, angielski",2.0,,,2.0,,,2.0,,
85352,NIEPUBLICZNA SZKOŁA PODSTAWOWA W KOSZYCACH MAŁYCH,2021,"polski, matematyka, angielski",9.0,,,9.0,,,9.0,,
131553,NIEPUBLICZNA SZKOŁA PODSTAWOWA W JODŁÓWCE-WAŁKACH,2021,"polski, matematyka, angielski",8.0,,,8.0,,,8.0,,
4537,"SZKOŁA PODSTAWOWA IM. BATALIONU AK ""BARBARA"" W LUBASZOWEJ",2021,"polski, matematyka, angielski",9.0,,,9.0,,,8.0,,
4531,SZKOŁA PODSTAWOWA IM. KORNELA MAKUSZYŃSKIEGO W DĄBRÓWCE TUCHOWSKIEJ,2021,"polski, matematyka, angielski",5.0,,,5.0,,,5.0,,
4548,SZKOŁA PODSTAWOWA IM. KSIĘDZA JERZEGO POPIEŁUSZKI W ŁOWCZOWIE,2021,"polski, matematyka, angielski",8.0,,,8.0,,,8.0,,
71408,NIEPUBLICZNA SZKOŁA PODSTAWOWA W TRZEMESNEJ,2021,"polski, matematyka, angielski",5.0,,,5.0,,,5.0,,
71164,SZKOŁA PODSTAWOWA IM.MARII KOTULSKIEJ W JODŁÓWCE TUCHOWSKIEJ,2021,"polski, matematyka, angielski",8.0,,,8.0,,,8.0,,
71161,PUBLICZNA SZKOŁA PODSTAWOWA IM.SIERŻ.AK SIWAKA WALIGÓRY W BUCHCICACH,2021,"polski, matematyka, angielski",4.0,,,4.0,,,4.0,,
4554,PUBLICZNA SZKOŁA PODSTAWOWA IM.KS.PRAŁATA WŁADYSŁAWA GIBAŁY W PIOTRKOWICACH,2021,"polski, matematyka, angielski",6.0,,,6.0,,,6.0,,
80194,SZKOŁA PODSTAWOWA IM. KS. JANA TWARDOWSKIEGO,2021,"polski, matematyka, angielski",4.0,,,4.0,,,4.0,,
80196,SZKOŁA PODSTAWOWA IM. MIKOŁAJA KOPERNIKA W MIKOŁAJOWICACH,2021,"polski, matematyka, angielski",5.0,,,5.0,,,5.0,,
5054,PUBLICZNA SZKOŁA PODSTAWOWA STOWARZYSZENIA PRZYJACIÓŁ SZKÓŁ KATOLICKICH IM. ŚW. FAUSTYNYW MILÓWCE,2021,"polski, matematyka, angielski",6.0,,,6.0,,,6.0,,
114849,SZKOŁA PODSTAWOWA IM. KSIĘDZA JÓZEFA ŁAKOMEGO W BIADOLINACH RADŁOWSKICH,2021,"polski, matematyka, angielski",7.0,,,7.0,,,7.0,,
83202,SZKOŁA PODSTAWOWA IM. TADEUSZA KOŚCIUSZKI W STRÓŻACH,2021,"polski, matematyka, angielski",8.0,,,8.0,,,8.0,,
3679,NIEPUBLICZNA SZKOŁA PODSTAWOWA WE WRÓBLOWICACH,2021,"polski, matematyka, angielski",5.0,,,5.0,,,5.0,,
49917,SZKOŁA PODSTAWOWA W SIERADZY,2021,"polski, matematyka, angielski",2.0,,,2.0,,,2.0,,
49916,SZKOŁA PODSTAWOWA IM. JANA WNĘKA W ODPORYSZOWIE,2021,"polski, matematyka, angielski",9.0,,,9.0,,,9.0,,
132569,NIEPUBLICZNA SZKOŁA PODSTAWOWA SPECJALNA PRZY MŁODZIEŻOWYM OŚRODKU SOCJOTERAPII „DOM NAD POTOKIEM” W TARNOWIE,2021,angielski,10.0,29.0,28.9,10.0,14.0,15.2,8.0,,
5168,SZKOŁA PODSTAWOWA IM. WŁADYSŁAWA ZAMOYSKIEGO W BRZEGACH,2021,"polski, matematyka, angielski",5.0,,,5.0,,,5.0,,
5231,SZKOŁA PODSTAWOWA NR 1 W CZARNEJ GÓRZE,2021,"polski, matematyka, angielski",3.0,,,3.0,,,3.0,,
106890,SZKOŁA PODSTAWOWA W MAŁEM CICHEM,2021,"polski, matematyka, angielski",4.0,,,4.0,,,4.0,,
107089,SZKOŁA PODSTAWOWA IM. KS. JERZEGO POPIEŁUSZKI W STASIKÓWCE,2021,"polski, matematyka, angielski",6.0,,,6.0,,,6.0,,
106893,SZKOŁA PODSTAWOWA IM.ANTONINY TATAR W SUCHEM,2021,"polski, matematyka, angielski",5.0,,,5.0,,,5.0,,
27825,SZKOŁA PODSTAWOWA NR 7 IM. KORNELA MAKUSZYŃSKIEGO W ZAKOPANEM,2021,"polski, matematyka, angielski",4.0,,,4.0,,,4.0,,
274468,PUBLICZNA KATOLICKA SZKOŁA PODSTAWOWA IM. ŚW. JANA PAWŁA II W ZAKOPANEM,2021,"polski, matematyka, angielski",7.0,,,7.0,,,7.0,,
21999,SZKOŁA PODSTAWOWA IM. MARII KONOPNICKIEJ W SOSNOWICACH,2021,"polski, matematyka, angielski",8.0,,,8.0,,,8.0,,
111279,SZKOŁA PODSTAWOWA NR 2 IM. ŚW. JADWIGI KRÓLOWEJ W STANISŁAWIU DOLNYM,2021,"polski, matematyka, angielski",9.0,,,9.0,,,9.0,,
88516,SZKOŁA PODSTAWOWA W JASTRZĘBI IM. KONFEDERATÓW BARSKICH,2021,"polski, matematyka, angielski",6.0,,,6.0,,,6.0,,
121984,SZKOŁA PODSTAWOWA W JASZCZUROWEJ,2021,"polski, matematyka, angielski",6.0,,,6.0,,,6.0,,
262323,SZKOŁA PODSTAWOWA IM. ROTMISTRZA WITOLDA PILECKIEGO,2021,"polski, matematyka, angielski",8.0,,,8.0,,,8.0,,
30632,SZKOŁA PODSTAWOWA STOWARZYSZENIA PRZYJACIÓŁ SZKÓŁ KATOLICKICH W STANISŁAWIU GÓRNYM,2021,"polski, matematyka, angielski",8.0,,,8.0,,,8.0,,
30630,SZKOŁA PODSTAWOWA STOWARZYSZENIA PRZYJACIÓŁ SZKÓŁ KATOLICKICH IM. ŚW. KRÓLOWEJ JADWIGI W BARWAŁDZIE DOLNYM,2021,"polski, matematyka, angielski",8.0,,,8.0,,,8.0,,
262924,SZKOŁA PODSTAWOWA IM. KSIĘDZA KAROLA WOJTYŁY W SŁAWKOWICACH,2021,angielski,10.0,43.5,43.2,10.0,24.0,23.6,9.0,,
63265,SZKOŁA PODSTAWOWA IM. GEN. JANA HENRYKA DĄBROWSKIEGO W PIERZCHOWIE,2021,"polski, matematyka, angielski",8.0,,,8.0,,,8.0,,
63276,SZKOŁA PODSTAWOWA IM. TADEUSZA KOŚCIUSZKI W WIATOWICACH,2021,"polski, matematyka, angielski",6.0,,,6.0,,,6.0,,
85181,SZKOŁA PODSTAWOWA W BRZEZIU,2021,"polski, matematyka, angielski",9.0,,,9.0,,,9.0,,
10905,ZESPÓŁ SZKOLNO-PRZEDSZKOLNY-SZKOŁA PODSTAWOWA IM. MARSZAŁKA JÓZEFA PIŁSUDSKIEGO W ZAGÓRZU,2021,"polski, matematyka, angielski",8.0,,,8.0,,,8.0,,
19443,SZKOŁA PODSTAWOWA IM. ŚW.KINGI W PODSTOLICACH,2021,"polski, matematyka, angielski",8.0,,,8.0,,,8.0,,
19458,SZKOŁA PODSTAWOWA IM. MARII KONOPNICKIEJ W RACIBORSKU,2021,"polski, matematyka, angielski",9.0,,,9.0,,,9.0,,
266027,"SZKOŁA PODSTAWOWA ""ISTOTA"" W WIELICZCE",2021,"polski, matematyka, angielski",1.0,,,1.0,,,1.0,,
48983,SZKOŁA PODSTAWOWA IM. IGNACEGO ŁUKASIEWICZA W CZARNEJ,2021,"polski, matematyka, angielski",9.0,,,9.0,,,7.0,,
109464,SZKOŁA PODSTAWOWA IM.PROF. W.PAŃKI W TURZYM POLU,2021,"polski, matematyka, angielski",3.0,,,3.0,,,3.0,,
109460,SZKOŁA PODSTAWOWA NR 2 IM.I.ŁUKASIEWICZA W HUMNISKACH,2021,"polski, matematyka, angielski",8.0,,,8.0,,,8.0,,
24892,SZKOŁA PODSTAWOWA NR 2 W GOLCOWEJ,2021,"polski, matematyka, angielski",8.0,,,8.0,,,8.0,,
24890,SZKOŁA PODSTAWOWA NR 2 W DOMARADZU,2021,"polski, matematyka, angielski",9.0,,,9.0,,,9.0,,
26081,SZKOŁA PODSTAWOWA IM.KS.BPA JAKUBA GLAZERA W WOLI JASIENICKIEJ,2021,"polski, matematyka, angielski",7.0,,,7.0,,,7.0,,
60763,SZKOŁA PODSTAWOWA NR 2 W WESOŁEJ,2021,"polski, matematyka, angielski",7.0,,,7.0,,,7.0,,
12470,SZKOŁA PODSTAWOWA W SMARŻOWEJ,2021,"polski, matematyka, angielski",5.0,,,5.0,,,5.0,,
12469,SZKOŁA PODSTAWOWA IM.GRZEGORZA PIRAMOWICZA W KAMIENICY GÓRNEJ,2021,"polski, matematyka, angielski",8.0,,,8.0,,,8.0,,
12514,SZKOŁA PODSTAWOWA IM. KS. DR. JÓZEFA JAŁOWEGO W PRZECZYCY,2021,"polski, matematyka, angielski",9.0,,,9.0,,,9.0,,
12472,SZKOŁA PODSTAWOWA W GORZEJOWEJ,2021,"polski, matematyka, angielski",5.0,,,5.0,,,5.0,,
18305,SZKOŁA PODSTAWOWA IM. TADEUSZA KOŚCIUSZKI W NAWSIU BRZOSTECKIM,2021,"polski, matematyka, angielski",9.0,,,9.0,,,9.0,,
64442,PUBLICZNA SZKOŁA PODSTAWOWA W GŁOWACZOWEJ,2021,"polski, matematyka, angielski",6.0,,,6.0,,,6.0,,
64444,PUBLICZNA SZKOŁA PODSTAWOWA W GRABINACH,2021,"polski, matematyka, angielski",9.0,,,9.0,,,9.0,,
55586,PUBLICZNA SZKOŁA PODSTAWOWA W GŁOBIKOWEJ,2021,"polski, matematyka, angielski",8.0,,,8.0,,,8.0,,
59112,PUBLICZNA SZKOŁA PODSTAWOWA W LATOSZYNIE,2021,"polski, matematyka, angielski",8.0,,,8.0,,,8.0,,
59624,PUBLICZNA SZKOŁA PODSTWOWA IM. BOHATERÓW MONTE CASSINO W STASIÓWCE,2021,"polski, matematyka, angielski",7.0,,,7.0,,,7.0,,
113821,SZKOŁA PODSTAWOWA NR 3 IM. ZBYSZKA CYGANIEWICZA W JODŁOWEJ,2021,"polski, matematyka, angielski",4.0,,,4.0,,,4.0,,
113822,SZKOŁA PODSTAWOWA IM.PARTYZANTÓW ARMII KRAJOWEJ W DĘBOWEJ,2021,"polski, matematyka, angielski",4.0,,,4.0,,,4.0,,
68507,PUBLICZNA SZKOŁA PODSTAWOWA W ŁĘKACH GÓRNYCH,2021,"polski, matematyka, angielski",5.0,,,5.0,,,5.0,,
69751,PUBLICZNA SZKOŁA PODSTAWOWA W MACHOWEJ,2021,"polski, matematyka, angielski",8.0,,,8.0,,,8.0,,
62607,PUBLICZNA SZKOŁA PODSTAWOWA W SŁOTOWEJ,2021,"polski, matematyka, angielski",7.0,,,7.0,,,7.0,,
69418,PUBLICZNA SZKOŁA PODSTAWOWA W JAWORZU GÓRNYM,2021,"polski, matematyka, angielski",5.0,,,5.0,,,5.0,,
43618,SZKOŁA PODSTAWOWA W WIEWIÓRCE,2021,"polski, matematyka, angielski",7.0,,,7.0,,,7.0,,
13402,SZKOŁA PODSTAWOWA IM ADAMA MICKIEWICZA W MOKREM,2021,"polski, matematyka, angielski",7.0,,,7.0,,,7.0,,
13405,SZKOŁA PODSTAWOWA W WOLI WIELKIEJ,2021,"polski, matematyka, angielski",9.0,,,9.0,,,9.0,,
9227,SZKOŁA PODSTAWOWA IM.WINCENTEGO WITOSA W ŁOWCACH,2021,"polski, matematyka, angielski",7.0,,,7.0,,,7.0,,
9591,SZKOŁA PODSTAWOWA IM.PREZYDENTA RZECZYPOSPOLITEJ POLSKIEJ LECHA KACZYŃSKIEGO W CHŁOPICACH,2021,"polski, matematyka, angielski",5.0,,,5.0,,,5.0,,
11928,SZKOŁA PODSTAWOWA IM.JANA PAWŁA II W DOBKOWICACH,2021,"polski, matematyka, angielski",8.0,,,8.0,,,8.0,,
73571,ZESPÓŁ SZKOLNO-PRZEDSZKOLNY W ZAMIECHOWIE SZKOŁA PODSTAWOWA IM.STEFANII LANOSZANKI W ZAMIECHOWIE,2021,"polski, matematyka, angielski",4.0,,,4.0,,,4.0,,
27522,ZESPÓŁ SZKOLNO-PRZEDSZKOLNY IM.BŁ.KS.JANA BALICKIEGO W MORAWSKU,2021,"polski, matematyka, angielski",7.0,,,7.0,,,7.0,,
27523,ZESPÓŁ SZKOLNO-PRZEDSZKOLNY IM.TADEUSZA KOŚCIUSZKI W MUNINIE,2021,matematyka,10.0,52.0,53.8,,,,10.0,54.0,61.3
27525,ZESPÓŁ SZKOLNO-PRZEDSZKOLNY IM. ALEKSANDRA FREDRY W SUROCHOWIE,2021,"polski, matematyka, angielski",8.0,,,8.0,,,8.0,,
35054,SZKOŁA PODSTAWOWA IM. JANA PAWŁA II W MIĘKISZU STARYM,2021,"polski, matematyka, angielski",5.0,,,5.0,,,5.0,,
34434,SZKOŁA PODSTAWOWA W KORZENICY,2021,"polski, matematyka, angielski",3.0,,,3.0,,,3.0,,
48619,SZKOŁA PODSTAWOWA W CHOTYŃCU,2021,"polski, matematyka, angielski",8.0,,,8.0,,,8.0,,
50292,SZKOŁA PODSTAWOWA W KORCZOWEJ,2021,"polski, matematyka, angielski",4.0,,,4.0,,,4.0,,
53084,SZKOŁA PODSTAWOWA W OSTROWIE,2021,"polski, matematyka, angielski",7.0,,,7.0,,,7.0,,
51812,SZKOŁA PODSTAWOWA W NIENOWICACH IM. HR. ALEKSANDRA FREDRY,2021,"polski, matematyka, angielski",7.0,,,7.0,,,7.0,,
21318,SZKOŁA PODSTAWOWA IM. KRÓLOWEJ JADWIGI W TAPINIE,2021,"polski, matematyka, angielski",2.0,,,2.0,,,2.0,,
31778,SZKOŁA PODSTAWOWA W CZELATYCACH,2021,"polski, matematyka, angielski",3.0,,,3.0,,,3.0,,
80133,SZKOŁA PODSTAWOWA W WOLI WĘGIERSKIEJ,2021,"polski, matematyka, angielski",9.0,,,9.0,,,9.0,,
80137,SZKOŁA PODSTAWOWA W TYNIOWICACH,2021,"polski, matematyka, angielski",4.0,,,4.0,,,4.0,,
80131,SZKOŁA PODSTAWOWA IM . MARII CURIE-SKŁODOWSKIEJ W WĘGIERCE,2021,"polski, matematyka, angielski",6.0,,,6.0,,,6.0,,
80130,SZKOŁA PODSTAWOWA W RUDOŁOWICACH,2021,"polski, matematyka, angielski",8.0,,,8.0,,,8.0,,
70335,SZKOŁA PODSTAWOWA W RYSZKOWEJ WOLI,2021,"polski, matematyka, angielski",5.0,,,5.0,,,5.0,,
70334,SZKOŁA PODSTAWOWA IM.KARDYNAŁA STEFANA WYSZYŃSKIEGO W MANASTERZU,2021,"polski, matematyka, angielski",8.0,,,8.0,,,8.0,,
70336,SZKOŁA PODSTAWOWA W MOŁODYCZU,2021,"polski, matematyka, angielski",7.0,,,7.0,,,7.0,,
3773,SPOŁECZNA SZKOŁA PODSTAWOWA IM. JANA PAWŁA II W LIPNICY DOLNEJ,2021,"polski, matematyka, angielski",4.0,,,4.0,,,4.0,,
84748,ZESPÓŁ SZKÓŁ W WOLI DĘBOWIECKIEJ - SZKOŁA PODSTAWOWA W WOLI DĘBOWIECKIEJ,2021,"polski, matematyka, angielski",7.0,,,7.0,,,7.0,,
21524,SZKOŁA PODSTAWOWA IM . MIKOŁAJA KOPERNIKA W ZARZECZU,2021,"polski, matematyka, angielski",9.0,,,9.0,,,9.0,,
21519,SZKOŁA PODSTAWOWA W DOBRYNI,2021,"polski, matematyka, angielski",7.0,,,7.0,,,7.0,,
5454,NIEPUBLICZNA SZKOŁA PODSTAWOWA W FOLUSZU,2021,"polski, matematyka, angielski",6.0,,,6.0,,,6.0,,
48427,SZKOŁA PODSTAWOWA NR 7 W JAŚLE,2021,"polski, matematyka, angielski",7.0,,,7.0,,,7.0,,
20675,SZKOŁA PODSTAWOWA NR 2 IM. WINCENTEGO WITOSA W OSOBNICY,2021,"polski, matematyka, angielski",8.0,,,8.0,,,8.0,,
20651,SZKOŁA PODSTAWOWA IM JANA PAWŁA II W NIEPLI,2021,"polski, matematyka, angielski",8.0,,,8.0,,,8.0,,
21880,SZKOŁA PODSTAWOWA IM. ŚW. JANA KANTEGO W TRZCINICY,2021,"polski, matematyka, angielski",8.0,,,8.0,,,8.0,,
21992,SZKOŁA PODSTAWOWA IM. MACIEJA RATAJA W OPACIU,2021,"polski, matematyka, angielski",6.0,,,6.0,,,6.0,,
20720,SZKOŁA PODSTAWOWA IM. JÓZEFA PIŁSUDSKIEGO W JARENIÓWCE,2021,"polski, matematyka, angielski",6.0,,,6.0,,,6.0,,
89312,SPOŁECZNA SZKOŁA PODSTAWOWA W SIEKLÓWCE,2021,"polski, matematyka, angielski",8.0,,,8.0,,,8.0,,
72858,SPOŁECZNA SZKOŁA PODSTAWOWA W LUBLICY,2021,"polski, matematyka, angielski",5.0,,,5.0,,,5.0,,
11912,SZKOŁA PODSTAWOWA W BĄCZALU DOLNYM,2021,"polski, matematyka, angielski",6.0,,,6.0,,,6.0,,
9626,SZKOŁA PODSTAWOWA W JABŁONICY,2021,"polski, matematyka, angielski",8.0,,,8.0,,,8.0,,
128330,NIEPUBLICZNA SZKOŁA PODSTAWOWA W ŁAJSCACH,2021,"polski, matematyka, angielski",6.0,,,6.0,,,6.0,,
92302,SZKOŁA PODSTAWOWA W ŁUBNIE SZLACHECKIM,2021,"polski, matematyka, angielski",7.0,,,7.0,,,7.0,,
82645,NIEPUBLICZNA SZKOŁA PODSTAWOWA W NOWYM GLINIKU,2021,"polski, matematyka, angielski",6.0,,,6.0,,,6.0,,
88944,NIEPUBLICZNA SZKOŁA PODSTAWOWA W ROZTOKACH,2021,"polski, matematyka, angielski",3.0,,,3.0,,,3.0,,
88941,NIEPUBLICZNA SZKOŁA PODSTAWOWA WE WROCANCE,2021,"polski, matematyka, angielski",4.0,,,4.0,,,4.0,,
88915,NIEPUBLICZNA SZKOŁA PODSTAWOWA W GLINIKU POLSKIM,2021,"polski, matematyka, angielski",4.0,,,4.0,,,4.0,,
88762,NIEPUBLICZNA SZKOŁA PODSTAWOWA Z ODDZIAŁEM PRZEDSZKOLNYM W ŁUBIENKU,2021,"polski, matematyka, angielski",4.0,,,4.0,,,4.0,,
128463,NIEPUBLICZNA SZKOŁA PODSTAWOWA W UMIESZCZU,2021,"polski, matematyka, angielski",5.0,,,5.0,,,5.0,,
128332,NIEPUBLICZNA SZKOŁA PODSTAWOWA W CZELUŚNICY,2021,"polski, matematyka, angielski",6.0,,,6.0,,,6.0,,
130335,SZKOŁA PODSTAWOWA W HADYKÓWCE,2021,"polski, matematyka, angielski",2.0,,,2.0,,,2.0,,
73655,SZKOŁA PODSTAWOWA IM. KS. PRAŁATA STANISŁAWA SUDOŁA W DZIKOWCU,2021,"polski, matematyka, angielski",9.0,,,9.0,,,9.0,,
269686,SZKOŁA PODSTAWOWA W SPIACH,2021,"polski, matematyka, angielski",4.0,,,4.0,,,4.0,,
18348,SZKOŁA PODSTAWOWA IM. ANDRZEJA JADACHA W ZARĘBKACH,2021,"polski, matematyka, angielski",1.0,,,1.0,,,1.0,,
18239,SZKOŁA PODSTAWOWA IM. MARII KONOPNICKIEJ W DOMATKOWIE,2021,"polski, matematyka, angielski",5.0,,,5.0,,,5.0,,
18215,SZKOŁA PODSTAWOWA IM. POLSKICH NOBLISTÓW W BUKOWCU,2021,"polski, matematyka, angielski",3.0,,,3.0,,,3.0,,
18286,SZKOŁA PODSTAWOWA IM. JANKA ZAWISZY W PRZEDBORZU,2021,"polski, matematyka, angielski",6.0,,,6.0,,,6.0,,
29167,PUBLICZNA SZKOŁA PODSTAWOWA W KRZĄTCE,2021,"polski, matematyka, angielski",9.0,,,9.0,,,9.0,,
29578,PUBLICZNA SZKOŁA PODSTAWOWA IM. KARDYNAŁA ADAMA KOZŁOWIECKIEGO W HUCIE KOMOROWSKIEJ,2021,"polski, matematyka, angielski",9.0,,,9.0,,,9.0,,
12411,PUBLICZNA SZKOŁA PODSTAWOWA W BRZOSTOWEJ GÓRZE,2021,"polski, matematyka, angielski",7.0,,,7.0,,,7.0,,
35023,SZKOŁA PODSTAWOWA IM. ŚW.JANA BOSKO W TRZEŚNI,2021,"polski, matematyka, angielski",6.0,,,6.0,,,6.0,,
35024,SZKOŁA PODSTAWOWA IM. KARDYNAŁA STEFANA WYSZYŃSKIEGO W HUCISKU,2021,"polski, matematyka, angielski",2.0,,,2.0,,,2.0,,
35026,SZKOŁA PODSTAWOWA IM. KS. JERZEGO POPIEŁUSZKI W KOSOWACH,2021,"polski, matematyka, angielski",5.0,,,5.0,,,5.0,,
35028,SZKOŁA PODSTAWOWA W PRZYŁĘKU,2021,"polski, matematyka, angielski",7.0,,,7.0,,,7.0,,
35027,SZKOŁA PODSTAWOWA IM. BŁ. KAROLINY KÓZKÓWNY W SIEDLANCE,2021,"polski, matematyka, angielski",8.0,,,8.0,,,8.0,,
89393,SZKOŁA PODSTAWOWA IM.GENERAŁA BRONISŁAWA KWIATKOWSKIEGO W MAZURACH,2021,"polski, matematyka, angielski",9.0,,,9.0,,,9.0,,
21483,SZKOŁA PODSTAWOWA IM. KS. STANISŁAWA KOŁODZIEJA W KOBYLANACH,2021,"polski, matematyka, angielski",9.0,,,9.0,,,9.0,,
19501,SZKOŁA PODSTAWOWA W SZCZEPAŃCOWEJ,2021,"polski, matematyka, angielski",8.0,,,8.0,,,8.0,,
20988,SZKOŁA PODSTAWOWA IM. ŚW. JANA Z DUKLI W DRAGANOWEJ,2021,"polski, matematyka, angielski",9.0,,,9.0,,,9.0,,
19947,SZKOŁA PODSTAWOWA IM. KAROLA KLOBASSY-ZRENCKIEGO W ŻEGLCACH,2021,"polski, matematyka, angielski",9.0,,,9.0,,,9.0,,
28486,SZKOŁA PODSTAWOWA IM. IGNACEGO ŁUKASIEWICZA W CHORKÓWCE,2021,"polski, matematyka, angielski",8.0,,,8.0,,,8.0,,
28261,SZKOŁA PODSTAWOWA IM. IGNACEGO ŁUKASIEWICZA W BÓBRCE,2021,"polski, matematyka, angielski",4.0,,,4.0,,,4.0,,
20461,SZKOŁA PODSTAWOWA W WIETRZNIE,2021,"polski, matematyka, angielski",8.0,,,8.0,,,8.0,,
20462,SZKOŁA PODSTAWOWA IM. BOHATERÓW OPERACJI KARPACKO-DUKIELSKIEJ W IWLI,2021,angielski,10.0,38.0,42.7,10.0,26.0,33.6,9.0,,
20534,SZKOŁA PODSTAWOWA IM. JANA PAWŁA II W GŁOJSCACH,2021,"polski, matematyka, angielski",7.0,,,7.0,,,7.0,,
20866,SZKOŁA PODSTAWOWA W TYLAWIE,2021,"polski, matematyka, angielski",7.0,,,7.0,,,7.0,,
49766,SZKOŁA PODSTAWOWA W DOBIESZYNIE,2021,"polski, matematyka, angielski",5.0,,,5.0,,,5.0,,
90660,SZKOŁA PODSTAWOWA IM. EDMUNDA ŁOZIŃSKIEGO W POTOKU,2021,"polski, matematyka, angielski",8.0,,,8.0,,,8.0,,
42778,SZKOŁA PODSTAWOWA W KRASNEJ,2021,"polski, matematyka, angielski",4.0,,,4.0,,,4.0,,
53953,SZKOŁA PODSTAWOWA IM. I.ŁUKASIEWICZA W WĘGLÓWCE,2021,"polski, matematyka, angielski",3.0,,,3.0,,,3.0,,
18105,SZKOŁA PODSTAWOWA WE WROCANCE IM. STANISŁAWY GRELLI,2021,"polski, matematyka, angielski",3.0,,,3.0,,,3.0,,
14866,"SZKOŁA PODSTAWOWA FUNDACJI ""ELEMENTARZ"" W GŁĘBOKIEM",2021,"polski, matematyka, angielski",2.0,,,2.0,,,2.0,,
88174,SZKOŁA PODSTAWOWA IM. POLSKICH NOBLISTÓW W KRÓLIKU POLSKIM,2021,"polski, matematyka, angielski",6.0,,,6.0,,,6.0,,
14887,SZKOŁA PODSTAWOWA W BZIANCE,2021,"polski, matematyka, angielski",2.0,,,2.0,,,2.0,,
12033,SZKOŁA PODSTAWOWA IM. BŁ. STANISŁAWA STAROWIEYSKIEGO,2021,"polski, matematyka, angielski",4.0,,,4.0,,,4.0,,
57592,NIEPUBLICZNA SZKOŁA PODSTAWOWA W MCHAWIE IM. BŁ. EDMUNDA BOJANOWSKIEGO,2021,"polski, matematyka, angielski",6.0,,,6.0,,,6.0,,
18477,ZESPÓŁ SZKÓŁ SAMORZĄDOWYCH W HOCZWI SZKOŁA PODSTAWOWA W HOCZWI,2021,"polski, matematyka, angielski",7.0,,,7.0,,,7.0,,
16895,"SZKOŁA PODSTAWOWA FUNDACJI ""ELEMENTARZ"" W MANASTERCU",2021,"polski, matematyka, angielski",7.0,,,7.0,,,7.0,,
18421,ZESPÓŁ SZKÓŁ SAMORZĄDOWYCH W ŚREDNIEJ WSI SZKOŁA PODSTAWOWA W ŚREDNIEJ WSI,2021,"polski, matematyka, angielski",7.0,,,7.0,,,7.0,,
16896,"SZKOŁA PODSTAWOWA FUNDACJI ""ELEMENTARZ"" IM.SZYBOWNIKÓW POLSKICH W BEZMIECHOWEJ DOLNEJ",2021,"polski, matematyka, angielski",4.0,,,4.0,,,3.0,,
114947,SZKOŁA PODSTAWOWA W BEREZCE,2021,"polski, matematyka, angielski",7.0,,,7.0,,,7.0,,
115043,SZKOŁA PODSTAWOWA W BÓBRCE,2021,"polski, matematyka, angielski",5.0,,,5.0,,,5.0,,
53317,SZKOŁA PODSTAWOWA IM. GEN. BRYG. WITOŁDA NOWINY-SAWICKIEGO W OPALENISKACH,2021,"polski, matematyka, angielski",8.0,,,8.0,,,8.0,,
275897,SZKOŁA PODSTAWOWA W WÓLCE GRODZISKIEJ,2021,"polski, matematyka, angielski",6.0,,,6.0,,,6.0,,
43634,SZKOŁA PODSTAWOWA IM. JÓZEFA ŚWIĄTONIOWSKIEGO W BRZYSKIEJ WOLI,2021,"polski, matematyka, angielski",5.0,,,5.0,,,5.0,,
43621,SZKOŁA PODSTAWOWA W DĄBROWICY,2021,"polski, matematyka, angielski",5.0,,,5.0,,,5.0,,
69569,SZKOŁA PODSTAWOWA PRZYCHOJEC,2021,"polski, matematyka, angielski",9.0,,,9.0,,,9.0,,
85534,SZKOLA PODSTAWOWA W WÓLCE ŁĘTOWSKIEJ,2021,"polski, matematyka, angielski",3.0,,,3.0,,,3.0,,
70850,SZKOŁA PODSTAWOWA IM. MARII MORALEWICZ W DACHNOWIE,2021,"polski, matematyka, angielski",5.0,,,5.0,,,5.0,,
275587,SZKOŁA PODSTAWOWA IM. GEN. ANTONIEGO JEZIORAŃSKIEGO W NOWYM LUBLIŃCU,2021,"polski, matematyka, angielski",3.0,,,3.0,,,3.0,,
126046,SZKOŁA PODSTAWOWA NR 4 W MŁODZIEŻOWYM OŚRODKU WYCHOWAWCZYM W LUBACZOWIE,2021,"polski, matematyka, angielski",5.0,,,5.0,,,5.0,,
119991,SPOŁECZNA SZKOŁA PODSTAWOWA Z ODDZIAŁEM PRZEDSZKOLNYM W ZAŁUŻU,2021,"polski, matematyka, angielski",8.0,,,8.0,,,8.0,,
73926,SZKOŁA PODSTAWOWA IM.KPT.WŁADYSŁAWA WAŻNEGO W RUDZIE RÓŻANIECKIEJ,2021,"polski, matematyka, angielski",9.0,,,9.0,,,9.0,,
19497,SZKOŁA PODSTAWOWA W ZALESIU,2021,"polski, matematyka, angielski",4.0,,,4.0,,,4.0,,
5971,NIEPUBLICZNA SZKOŁA PODSTAWOWA W GÓRKACH,2021,"polski, matematyka, angielski",7.0,,,7.0,,,7.0,,
5948,SPOŁECZNA SZKOŁA PODSTAWOWA IM. TADEUSZA KOŚCIUSZKI W GLINACH MAŁYCH,2021,"polski, matematyka, angielski",6.0,,,6.0,,,6.0,,
16102,SZKOŁA PODSTAWOWA W BRNIU OSUCHOWSKIM,2021,"polski, matematyka, angielski",8.0,,,8.0,,,8.0,,
81178,SZKOŁA PODSTAWOWA NR 12 IM.HENRYKA SIENKIEWICZA W MIELCU,2021,"polski, matematyka, angielski",7.0,,,7.0,,,7.0,,
15556,SZKOŁA PODSTAWOWA W KSIĄŻNICACH,2021,"polski, matematyka, angielski",7.0,,,7.0,,,7.0,,
15574,SZKOŁA PODSTAWOWA W RYDZOWIE,2021,"polski, matematyka, angielski",5.0,,,5.0,,,5.0,,
12749,SZKOŁA PODSTAWOWA W CHRZĄSTOWIE,2021,"polski, matematyka, angielski",4.0,,,4.0,,,4.0,,
4290,SPOŁECZNA SZKOŁA PODSTAWOWA W ZŁOTNIKACH,2021,"polski, matematyka, angielski",5.0,,,5.0,,,5.0,,
80844,SZKOŁA PODSTAWOWA IM. MARII KONOPNICKIEJ W KIEŁKOWIE,2021,"polski, matematyka, angielski",5.0,,,5.0,,,5.0,,
52537,SZKOŁA PODSTAWOWA IM. KS. TADEUSZA WIATRA W ŁĄCZKACH BRZESKICH,2021,"polski, matematyka, angielski",5.0,,,5.0,,,5.0,,
66314,SZKOŁA PODSTAWOWA W JANOWCU,2021,"polski, matematyka, angielski",7.0,,,7.0,,,7.0,,
59693,SZKOŁA PODSTAWOWA W DĄBRÓWCE WISŁOCKIEJ,2021,"polski, matematyka, angielski",7.0,,,7.0,,,7.0,,
84588,NIEPUBLICZNA SZKOŁA PODSTAWOWA W DULCZY MAŁEJ,2021,"polski, matematyka, angielski",8.0,,,8.0,,,8.0,,
19504,SZKOŁA PODSTAWOWA W BORKACH NIZIŃSKICH IM.ŚW.ANDRZEJA BOBOLI,2021,"polski, matematyka, angielski",9.0,,,9.0,,,9.0,,
22964,SZKOŁA PODSTAWOWA W JAŚLANACH IM.BŁ.KS.JERZEGO POPIEŁUSZKI,2021,"polski, matematyka, angielski",9.0,,,9.0,,,9.0,,
23782,SZKOŁA PODSTAWOWA W WAMPIERZOWIE,2021,"polski, matematyka, angielski",6.0,,,6.0,,,6.0,,
23658,SZKOŁA PODSTAWOWA W IZBISKACH,2021,"polski, matematyka, angielski",6.0,,,6.0,,,6.0,,
118848,PUBLICZNA SZKOŁA PODSTAWOWA W HUCISKU,2021,"polski, matematyka, angielski",8.0,,,8.0,,,8.0,,
118850,PUBLICZNA SZKOŁA PODSTAWOWA W KRZESZOWIE GÓRNYM,2021,"polski, matematyka, angielski",3.0,,,3.0,,,3.0,,
30470,"SZKOŁA PODSTAWOWA FUNDACJI ""ELEMENTARZ"" Z ODDZIAŁEM PRZEDSZKOLNYM IM. ŚW. STANISŁAWA KOSTKI W GOLCACH",2021,"polski, matematyka, angielski",3.0,,,3.0,,,3.0,,
3693,PUBLICZNA SZKOŁA PODSTAWOWA W MOSTKACH-SOKALACH,2021,"polski, matematyka, angielski",4.0,,,4.0,,,4.0,,
275777,PUBLICZNA SZKOŁA PODSTAWOWA W ZDZIARACH,2021,"polski, matematyka, angielski",5.0,,,5.0,,,5.0,,
120108,PUBLICZNA SZKOŁA PODSTAWOWA IM.ŚW. JADWIGI ŚLĄSKIEJ W CHOLEWIANEJ GÓRZE,2021,"polski, matematyka, angielski",6.0,,,6.0,,,6.0,,
120076,PUBLICZNA SZKOŁA PODSTAWOWA IM. MARII KONOPNICKIEJ W STARYM NARCIE,2021,"polski, matematyka, angielski",8.0,,,8.0,,,8.0,,
16825,PUBLICZNA SZKOŁA PODSTAWOWA NR 3 IM.MARII KONOPNICKIEJ W RUDNIKU NAD SANEM,2021,"polski, matematyka, angielski",5.0,,,5.0,,,5.0,,
39732,PUBLICZNA SZKOŁA PODSTAWOWA W KURZYNIE ŚREDNIEJ,2021,"polski, matematyka, angielski",9.0,,,9.0,,,9.0,,
16094,SZKOŁA PODSTAWOWA W BIELINACH,2021,"polski, matematyka, angielski",7.0,,,7.0,,,7.0,,
16170,SZKOŁA PODSTAWOWA W DĄBRÓWCE,2021,"polski, matematyka, angielski",8.0,,,8.0,,,8.0,,
7248,SZKOŁA PODSTAWOWA W WÓLCE TANEWSKIEJ,2021,"polski, matematyka, angielski",8.0,,,8.0,,,8.0,,
58859,SZKOŁA PODSTAWOWA IM.NOBLISTÓW POLSKICH W SUFCZYNIE,2021,"polski, matematyka, angielski",5.0,,,5.0,,,5.0,,
75649,SZKOŁA PODSTAWOWA IM.KS.JANA TWARDOWSKIEGO W LIPIE,2021,"polski, matematyka, angielski",7.0,,,7.0,,,7.0,,
58554,SZKOŁA PODSTAWOWA IM.BŁ.KS.BRONISŁAWA MARKIEWICZA W LESZCZAWIE DOLNEJ,2021,"polski, matematyka, angielski",6.0,,,6.0,,,6.0,,
61628,NIEPUBLICZNA SZKOŁA PODSTAWOWA W ŻOHATYNIE,2021,"polski, matematyka, angielski",2.0,,,2.0,,,2.0,,
75651,NIEPUBLICZNA SZKOŁA PODSTAWOWA IM.BOHATERÓW 30 SUDECKIEGO PUŁKU PIECHOTY W KUŹMINIE,2021,"polski, matematyka, angielski",3.0,,,3.0,,,3.0,,
39054,PUBLICZNA SZKOŁA PODSTAWOWA W ISKANI,2021,"polski, matematyka, angielski",6.0,,,6.0,,,6.0,,
29243,SZKOŁA PODSTAWOWA IM. JANA PAWŁA II W SIERAKOŚCACH,2021,"polski, matematyka, angielski",7.0,,,7.0,,,7.0,,
28268,PUBLICZNA SZKOŁA PODSTAWOWA IM. MARII KONOPNICKIEJ W KNIAŻYCACH,2021,"polski, matematyka, angielski",2.0,,,2.0,,,2.0,,
75528,SZKOŁA PODSTAWOWA IM. JANA PAWŁA II W OLSZANACH,2021,"polski, matematyka, angielski",7.0,,,7.0,,,7.0,,
3692,NIEPUBLICZNA SZKOŁA PODSTAWOWA W RUSZELCZYCACH,2021,"polski, matematyka, angielski",6.0,,,6.0,,,6.0,,
130188,SZKOŁA PODSTAWOWA IM. SYBIRAKÓW W BACHOWIE,2021,"polski, matematyka, angielski",6.0,,,6.0,,,6.0,,
130204,SZKOŁA PODSTAWOWA W RECZPOLU,2021,"polski, matematyka, angielski",6.0,,,6.0,,,6.0,,
42072,SZKOŁA PODSTAWOWA W LESZNIE,2021,"polski, matematyka, angielski",6.0,,,6.0,,,6.0,,
42462,SZKOŁA PODSTAWOWA W HURECZKU,2021,"polski, matematyka, angielski",8.0,,,8.0,,,8.0,,
42488,SZKOŁA PODSTAWOWA W SIEDLISKACH,2021,"polski, matematyka, angielski",8.0,,,8.0,,,8.0,,
42385,SZKOŁA PODSTAWOWA W TORKACH,2021,"polski, matematyka, angielski",7.0,,,7.0,,,7.0,,
15350,SZKOŁA PODSTAWOWA IM. KS. JANA TWARDOWSKIEGO W TRÓJCZYCACH,2021,"polski, matematyka, angielski",4.0,,,4.0,,,4.0,,
15352,SZKOŁA PODSTAWOWA W MAŁKOWICACH IM. KS. KARDYNAŁA STEFANA WYSZYŃSKIEGO,2021,"polski, matematyka, angielski",8.0,,,8.0,,,8.0,,
15355,SZKOŁA PODSTAWOWA IM. MARII KONOPNICKIEJ W NIZINACH,2021,"polski, matematyka, angielski",3.0,,,3.0,,,3.0,,
15351,SZKOŁA PODSTAWOWA IM. ŚW.. JADWIGI KRÓLOWEJ POLSKI W ZADĄBROWIU,2021,"polski, matematyka, angielski",6.0,,,6.0,,,6.0,,
15354,SZKOŁA PODSTAWOWA Z ODDZIAŁEM PRZEDSZKOLNYM IM. JANA PAWŁA II W WALAWIE,2021,"polski, matematyka, angielski",5.0,,,5.0,,,5.0,,
20685,SZKOŁA PODSTAWOWA IM. KS. JANA TWARDOWSKIEGO W HERMANOWICACH,2021,"polski, matematyka, angielski",7.0,,,7.0,,,7.0,,
20678,SZKOŁA PODSTAWOWA IM. ADAMA MICKIEWICZA W UJKOWICACH,2021,"polski, matematyka, angielski",5.0,,,5.0,,,5.0,,
20681,SZKOŁA PODSTAWOWA IM. TADEUSZA KOŚCIUSZKI W NEHRYBCE,2021,"polski, matematyka, angielski",9.0,,,9.0,,,8.0,,
42235,SZKOŁA PODSTAWOWA IM. JANA PAWŁA II W ŁĘTOWNI,2021,"polski, matematyka, angielski",6.0,,,6.0,,,6.0,,
66504,SZKOŁA PODSTAWOWA IM. DR BOLESŁAWA ORZECHOWICZA W KALNIKOWIE,2021,"polski, matematyka, angielski",7.0,,,7.0,,,7.0,,
41868,SZKOŁA PODSTAWOWA IM. PIOTRA MICHAŁOWSKIEGO W BOLESTRASZYCACH,2021,angielski,10.0,61.5,60.5,10.0,46.0,51.2,2.0,,
126699,SZKOŁA PODSTAWOWA IM.MACIEJA RATAJA W WYSZATYCACH,2021,angielski,13.0,76.0,75.6923076923077,13.0,72.0,64.61538461538461,7.0,,
41871,SZKOŁA PODSTAWOWA IM. BŁ. KS. BRONISŁAWA MARKIEWICZA W KOSIENICACH,2021,"polski, matematyka, angielski",9.0,,,9.0,,,9.0,,
126702,SZKOŁA PODSTAWOWA IM.ŚW.STANISŁAWA KOSTKI W MAĆKOWICACH,2021,"polski, matematyka, angielski",5.0,,,5.0,,,5.0,,
51791,SZKOŁA PODSTAWOWA NR 2 W ŻURAWICY,2021,"polski, matematyka, angielski",9.0,,,9.0,,,9.0,,
8189,SZKOŁA PODSTAWOWA NR 17 W PRZEMYŚLU,2021,"polski, matematyka",6.0,,,6.0,,,11.0,73.0,70.9090909090909
262414,SZKOŁA PODSTAWOWA DLA DOROSŁYCH W PRZEMYŚLU,2021,"polski, matematyka, angielski",5.0,,,5.0,,,5.0,,
272532,SZKOŁA MISTRZOSTWA SPORTOWEGO PRZEMYŚL,2021,"polski, matematyka, angielski",5.0,,,5.0,,,5.0,,
89024,SZKOŁA PODSTAWOWA W CIEPLICACH,2021,"polski, matematyka, angielski",5.0,,,5.0,,,5.0,,
262781,NIEPUBLICZNA SZKOŁA PODSTAWOWA MISTRZOSTWA SPORTOWEGO W HADLACH SZKLARSKICH,2021,"polski, matematyka, angielski",2.0,,,2.0,,,7.0,,
61900,SZKOŁA PODSTAWOWA IM. JANA PAWŁA II W RĄCZYNIE,2021,"polski, matematyka, angielski",1.0,,,1.0,,,1.0,,
78129,SZKOŁA PODSTAWOWA IM. JANA PAWŁA II W CHAŁUPKACH,2021,"polski, matematyka, angielski",7.0,,,7.0,,,7.0,,
82738,SZKOŁA PODSTAWOWA IM. ŚW. BRATA ALBERTA W STUDZIANIE,2021,"polski, matematyka, angielski",9.0,,,9.0,,,8.0,,
75768,SZKOŁA PODSTAWOWA IM. ŚW. ANTONIEGO Z PADWY W URZEJOWICACH,2021,angielski,12.0,58.0,54.0,12.0,28.0,34.0,4.0,,
75772,SZKOŁA PODSTAWOWA IM. BŁ. KS. JANA BALICKIEGO W UJEZNEJ,2021,"polski, matematyka, angielski",9.0,,,9.0,,,9.0,,
78122,SZKOŁA PODSTAWOWA IM. BŁ. KS. JERZEGO POPIEŁUSZKI W MIROCINIE,2021,"polski, matematyka, angielski",9.0,,,9.0,,,9.0,,
20370,SZKOŁA PODSTAWOWA IM. PROF. KAZIMIERZA SUCHECKIEGO WYLEWA 137-530 SIENIAWA,2021,"polski, matematyka, angielski",4.0,,,4.0,,,4.0,,
20369,SZKOŁA PODSTAWOWA IM. JANA PAWŁA II W CZERWONEJ WOLI CZERWONA WOLA 39 37-530 SIENIAWA,2021,"polski, matematyka, angielski",6.0,,,6.0,,,6.0,,
20368,SZKOŁA PODSTAWOWA W RUDCE IM. IGNACEGO KRASICKIEGO RUDKA 79 37-530 SIENIAWA,2021,"polski, matematyka, angielski",7.0,,,7.0,,,7.0,,
105723,SZKOŁA PODSTAWOWA W JAGIELLE,2021,"polski, matematyka, angielski",5.0,,,5.0,,,5.0,,
19369,SZKOŁA PODSTAWOWA IM. ŚW. BRATA ALBERTA W ŻURAWICZKACH,2021,"polski, matematyka, angielski",5.0,,,5.0,,,5.0,,
42391,SZKOŁA PODSTAWOWA W BYSTRZYCY IM. MARII KONOPNICKIEJ,2021,"polski, matematyka, angielski",6.0,,,6.0,,,6.0,,
42398,SZKOŁA PODSTAWOWA W OLCHOWEJ IM. MARII KONOPNICKIEJ,2021,"polski, matematyka, angielski",9.0,,,9.0,,,9.0,,
52359,SZKOŁA PODSTAWOWA W KLĘCZANACH,2021,"polski, matematyka, angielski",7.0,,,7.0,,,7.0,,
52434,SZKOŁA PODSTAWOWA W BORECZKU,2021,"polski, matematyka, angielski",4.0,,,4.0,,,3.0,,
60819,SZKOŁA PODSTAWOWA W GÓRZE ROPCZYCKIEJ,2021,"polski, matematyka, angielski",8.0,,,8.0,,,8.0,,
52740,SZKOŁA PODSTAWOWA W SZKODNEJ,2021,"polski, matematyka, angielski",9.0,,,9.0,,,9.0,,
55285,SZKOŁA PODSTAWOWA NR 5 IM.  MARII KONOPNICKIEJ W SĘDZISZOWIE MAŁOPOLSKIM,2021,"polski, matematyka, angielski",7.0,,,7.0,,,7.0,,
72466,SZKOŁA PODSTAWOWA NR 2 IM MARII LACHMAN W BRZEZINACH-BERDECHOWIE,2021,"polski, matematyka, angielski",8.0,,,8.0,,,8.0,,
72463,SZKOŁA PODSTAWOWA IM. SYBIRAKÓW W NAWSIU,2021,"polski, matematyka, angielski",9.0,,,9.0,,,9.0,,
109585,SZKOŁA PODSTAWOWA NR 2 IM. KRÓLOWEJ JADWIGI W NIECHOBRZU,2021,"polski, matematyka, angielski",7.0,,,7.0,,,7.0,,
106643,SZKOŁA PODSTAWOWA IM.JANA PAWŁA II W PIĄTKOWEJ,2021,"polski, matematyka, angielski",8.0,,,8.0,,,8.0,,
105988,SZKOŁA PODSTAWOWA W BIAŁCE,2021,"polski, matematyka, angielski",2.0,,,2.0,,,2.0,,
106636,SZKOŁA PODSTAWOWA IM.MARII KONOPNICKIEJ W KĄKOLÓWCE,2021,"polski, matematyka, angielski",3.0,,,3.0,,,3.0,,
106075,SZKOŁA PODSTAWOWA IM.ARMII KRAJOWEJ W BŁAŻOWEJ DOLNEJ,2021,"polski, matematyka, angielski",7.0,,,7.0,,,7.0,,
47626,SZKOŁA PODSTAWOWA IM. STEFANA KARD. WYSZYŃSKIEGO W WOLI RAFAŁOWSKIEJ,2021,"polski, matematyka, angielski",6.0,,,6.0,,,6.0,,
46650,SZKOŁA PODSTAWOWA NR 2 IM. OJCA ŚWIĘTEGO JANA PAWŁA II W CHMIELNIKU,2021,"polski, matematyka, angielski",9.0,,,9.0,,,9.0,,
47531,SZKOŁA PODSTAWOWA IM. ORLĄT LWOWSKICH W ZABRATÓWCE,2021,"polski, matematyka, angielski",6.0,,,6.0,,,6.0,,
60801,PUBLICZNA SZKOŁA PODSTAWOWA NR 2 W DYNOWIE Z ODDZIAŁEM PRZEDSZKOLNYM,2021,"polski, matematyka, angielski",6.0,,,6.0,,,6.0,,
48854,SZKOŁA PODSTAWOWA W ULANICY,2021,"polski, matematyka, angielski",4.0,,,4.0,,,4.0,,
72296,SZKOŁA PODSTAWOWA W DYLĄGOWEJ,2021,"polski, matematyka, angielski",4.0,,,4.0,,,4.0,,
73982,SZKOŁA PODSTAWOWA NR 2 W GŁOGOWIE MAŁOPOLSKIM,2021,"polski, matematyka, angielski",9.0,,,9.0,,,9.0,,
17129,SZKOŁA PODSTAWOWA IM. 21 BRYGADY STRZELCÓW PODHALAŃSKICH W BRZEZÓWCE,2021,"polski, matematyka, angielski",5.0,,,5.0,,,5.0,,
17033,SZKOŁA PODSTAWOWA IM. ŚW. JANA PAWŁA II W WÓLCE HYŻNEŃSKIEJ,2021,"polski, matematyka, angielski",4.0,,,4.0,,,4.0,,
113608,SZKOŁA PODSTAWOWA IM. BŁOGOSŁAWIONEGO KSIĘDZA JERZEGO POPIEŁUSZKI W KAMIENIU KRZYWEJ WSI,2021,"polski, matematyka, angielski",6.0,,,6.0,,,6.0,,
113556,SZKOŁA PODSTAWOWA IM. ŚW. FLORIANA W KAMIENIU PODLESIU,2021,"polski, matematyka, angielski",8.0,,,8.0,,,8.0,,
41085,SZKOŁA PODSTAWOWA IM. WŁADYSŁAWA BRONIEWSKIEGO W PALIKÓWCE,2021,"polski, matematyka, angielski",8.0,,,8.0,,,8.0,,
88796,SZKOŁA PODSTAWOWA IM. JANA PAWŁA II W STRASZYDLU,2021,"polski, matematyka, angielski",8.0,,,8.0,,,8.0,,
5487,NIEPUBLICZNA SZKOŁA PODSTAWOWA W SOŁONCE,2021,"polski, matematyka, angielski",6.0,,,7.0,,,7.0,,
104815,SZKOŁA PODSTAWOWA NR 2 IM. IGNACEGO PARTYKI W GÓRNIE,2021,"polski, matematyka, angielski",6.0,,,6.0,,,6.0,,
105016,SZKOŁA PODSTAWOWA NR 2 IM. ŚW. STANISŁAWA KOSTKI W TRZEBOSI,2021,"polski, matematyka, angielski",9.0,,,9.0,,,9.0,,
105526,SZKOŁA PODSTAWOWA NR 2 W NIENADÓWCE,2021,"polski, matematyka, angielski",8.0,,,8.0,,,8.0,,
110525,SZKOŁA PODSTAWOWA IM. ŚW. KRÓLOWEJ JADWIGI W TRZEBUSCE,2021,"polski, matematyka, angielski",6.0,,,6.0,,,6.0,,
75707,SZKOŁA PODSTAWOWA W KIELNAROWEJ,2021,"polski, matematyka, angielski",9.0,,,9.0,,,9.0,,
122705,SZKOŁA PODSTAWOWA IM. KONSTYTUCJI 3 MAJA W DĄBROWIE,2021,"polski, matematyka, angielski",9.0,,,9.0,,,9.0,,
15901,SZKOŁA PODSTAWOWA NR 1 IM. MARII KONOPNICKIEJ W MROWLI,2021,"polski, matematyka, angielski",7.0,,,7.0,,,7.0,,
15900,SZKOŁA PODSTAWOWA NR 2 IM. JANA PAWŁA II W BRATKOWICACH,2021,"polski, matematyka, angielski",8.0,,,8.0,,,8.0,,
262932,NIEPUBLICZNA SZKOŁA PODSTAWOWA W BŁĘDOWEJ ZGŁOBIEŃSKIEJ,2021,"polski, matematyka, angielski",7.0,,,7.0,,,7.0,,
106099,SPOŁECZNA SZKOŁA PODSTAWOWA NR 1 IM. KS JANA TWARDOWSKIEGO W RZESZOWIE,2021,"polski, matematyka, angielski",6.0,,,6.0,,,7.0,,
113958,SPOŁECZNA SZKOŁA PODSTAWOWA NR 2 W RZESZOWIE,2021,"polski, matematyka, angielski",8.0,,,8.0,,,8.0,,
18131,SZKOŁA PODSTAWOWA Z ODDZIAŁAMI DWUJĘZYCZNYMI PROMAR W RZESZOWIE,2021,"polski, matematyka, angielski",4.0,,,4.0,,,5.0,,
133268,SZKOŁA PODSTAWOWA SPECJALNA NR 32 W RZESZOWIE,2021,"polski, matematyka, angielski",8.0,,,8.0,,,7.0,,
104866,SZKOŁA PODSTAWOWA W ZESPOLE SZKÓŁ W NOWOTAŃCU,2021,angielski,11.0,69.0,67.54545454545455,11.0,44.0,49.09090909090909,2.0,,
43312,SZKOŁA PODSTAWOWA W RZEPEDZI,2021,"polski, matematyka, angielski",7.0,,,7.0,,,7.0,,
41414,PUBLICZNA SZKOŁA PODSTAWOWA STOWARZYSZENIA PRZYJACIÓŁ SZKÓŁ KATOLICKICH IM. ŚW. BRATA ALBERTA CHMIELOWSKIEGO W WISŁOKU WIELKIM,2021,"polski, matematyka, angielski",4.0,,,4.0,,,4.0,,
53108,PUBLICZNA SZKOŁA PODSTAWOWA W NOWYM ŁUPKOWIE,2021,"polski, matematyka, angielski",6.0,,,6.0,,,6.0,,
87586,SZKOŁA PODSTAWOWA W FALEJÓWCE,2021,"polski, matematyka, angielski",9.0,,,9.0,,,9.0,,
87588,SZKOŁA PODSTAWOWA W SROGOWIE GÓRNYM,2021,"polski, matematyka, angielski",5.0,,,5.0,,,5.0,,
85371,SZKOŁA PODSTAWOWA W ZAŁUŻU,2021,"polski, matematyka, angielski",6.0,,,6.0,,,6.0,,
84504,SZKOŁA PODSTAWOWA IM.IGNACEGO ŁUKASIEWICZA W PAKOSZÓWCE,2021,"polski, matematyka, angielski",9.0,,,9.0,,,9.0,,
87058,SZKOŁA PODSTAWOWA IM. ŚWIĘTEGO ANDRZEJA BOBOLI W KOSTAROWCACH,2021,"polski, matematyka, angielski",9.0,,,9.0,,,9.0,,
88453,SZKOŁA PODSTAWOWA IM. MARII KONOPNICKIEJ W PISAROWCACH,2021,"polski, matematyka, angielski",2.0,,,2.0,,,2.0,,
103640,SZKOŁA PODSTAWOWA IM. JANA PAWŁA II W DOBREJ,2021,"polski, matematyka, angielski",7.0,,,7.0,,,6.0,,
4063,NIEPUBLICZNA SZKOŁA PODSTAWOWA W MOKREM,2021,"polski, matematyka, angielski",4.0,,,4.0,,,4.0,,
31167,SZKOŁA PODSTAWOWA W ZARSZYNIE,2021,"polski, matematyka, angielski",9.0,,,9.0,,,9.0,,
31125,SZKOŁA PODSTAWOWA W PIELNI,2021,"polski, matematyka, angielski",7.0,,,7.0,,,7.0,,
58505,SZKOŁA PODSTAWOWA W BAŻANÓWCE,2021,angielski,11.0,58.0,55.54545454545455,11.0,44.0,43.63636363636363,2.0,,
46578,SZKOŁA PODSTAWOWA W NOWOSIELCACH,2021,"polski, matematyka, angielski",8.0,,,8.0,,,8.0,,
13838,PUBLICZNA SZKOŁA PODSTAWOWA W GWOŹDŹCU,2021,"polski, matematyka, angielski",6.0,,,6.0,,,6.0,,
42744,PUBLICZNA SZKOŁA PODSTAWOWA IM.ORŁA BIAŁEGO W KRZAKACH,2021,"polski, matematyka, angielski",7.0,,,7.0,,,7.0,,
31932,PUBLICZNA SZKOŁA PODSTAWOWA IM. ŚW. JANA PAWŁA II W SKOWIERZYNIE,2021,"polski, matematyka, angielski",7.0,,,7.0,,,7.0,,
56428,PUBLICZNA SZKOŁA PODSTAWOWA W PILCHOWIE,2021,"polski, matematyka, angielski",5.0,,,5.0,,,5.0,,
56429,PUBLICZNA SZKOŁA PODSTAWOWA W MAJDANIE ZBYDNIOWSKIM - WÓLCE TUREBSKIEJ IM. ŻOŁNIERZY II ARMII WOJSKA POLSKIEGO,2021,"polski, matematyka, angielski",6.0,,,6.0,,,6.0,,
56430,PUBLICZNA SZKOŁA PODSTAWOWA W KOTOWEJ WOLI,2021,"polski, matematyka, angielski",7.0,,,7.0,,,7.0,,
57258,SZKOŁA PODSTAWOWA W ZESPOLE SZKÓŁ W WYŻNEM,2021,"polski, matematyka, angielski",5.0,,,5.0,,,5.0,,
57604,SZKOŁA PODSTAWOWA NR 1 W ZESPOLE SZKÓŁ W PSTRĄGOWEJ,2021,"polski, matematyka, angielski",7.0,,,7.0,,,7.0,,
47632,SZKOŁA PODSTAWOWA W ZABOROWIE,2021,"polski, matematyka, angielski",7.0,,,7.0,,,7.0,,
49896,SZKOŁA PODSTAWOWA NR 2 W PSTRĄGOWEJ,2021,"polski, matematyka, angielski",6.0,,,6.0,,,6.0,,
59691,SZKOŁA PODSTAWOWA W ZESPOLE SZKÓŁ W BABICY,2021,"polski, matematyka, angielski",8.0,,,8.0,,,8.0,,
34772,SZKOŁA PODSTAWOWA W CIESZYNIE,2021,"polski, matematyka, angielski",4.0,,,4.0,,,4.0,,
34773,SZKOŁA PODSTAWOWA W GLINIKU GÓRNYM,2021,"polski, matematyka, angielski",5.0,,,5.0,,,5.0,,
70519,SZKOŁA PODSTAWOWA IM. JANA PAWŁA II W STĘPINIE,2021,"polski, matematyka, angielski",9.0,,,9.0,,,9.0,,
19032,SZKOŁA PODSTAWOWA IM. KS. BRONISŁAWA MARKIEWICZA W BARYCZCE,2021,"polski, matematyka, angielski",7.0,,,7.0,,,7.0,,
18954,SZKOŁA PODSTAWOWA IM. K.K. BACZYŃSKIEGO W BLIZIANCE,2021,"polski, matematyka, angielski",3.0,,,3.0,,,3.0,,
21040,SZKOŁA PODSTAWOWA IM. JANA PAWŁA II W KONIECZKOWEJ,2021,"polski, matematyka, angielski",7.0,,,7.0,,,7.0,,
18957,SZKOŁA PODSTAWOWA ŚW. JÓZEFA SEBASTIANA PELCZARA W JAWORNIKU,2021,"polski, matematyka, angielski",9.0,,,9.0,,,9.0,,
18958,SZKOŁA PODSTAWOWA NR 2 IM. BŁ. JERZEGO POPIEŁUSZKI W LUTCZY,2021,"polski, matematyka, angielski",6.0,,,6.0,,,6.0,,
21084,SZKOŁA PODSTAWOWA IM KSIĘDZA KARDYNAŁA STEFANA WYSZYŃSKIEGO W POŁOMI,2021,"polski, matematyka, angielski",6.0,,,6.0,,,6.0,,
18956,SZKOŁA PODSTAWOWA W GWOŹNICY DOLNEJ,2021,"polski, matematyka, angielski",4.0,,,4.0,,,4.0,,
14704,SZKOŁA PODSTAWOWA IM. HUGONA KOŁŁĄTAJA W GLINIKU ZABOROWSKIM,2021,"polski, matematyka, angielski",6.0,,,6.0,,,6.0,,
121217,SZKOŁA PODSTAWOWA NR 1 IM. ŚW. JANA KANTEGO W WYSOKIEJ STRZYŻOWSKIEJ,2021,"polski, matematyka, angielski",3.0,,,3.0,,,3.0,,
81399,SZKOŁA PODSTAWOWA NR 2 IM. ŚW. STANISŁAWA BISKUPA W WYSOKIEJ STRZYŻOWSKIEJ,2021,"polski, matematyka, angielski",9.0,,,9.0,,,9.0,,
81517,SZKOŁA PODSTAWOWA IM. ARMII KRAJOWEJ W ŻARNOWEJ,2021,"polski, matematyka, angielski",9.0,,,9.0,,,8.0,,
34848,SZKOŁA PODSTAWOWA W JASZCZUROWEJ,2021,"polski, matematyka, angielski",4.0,,,4.0,,,4.0,,
68334,SZKOŁA PODSTAWOWA NR 1 IM. KS. ADAMA OSETKA W GORZYCACH,2021,"polski, matematyka, angielski",9.0,,,9.0,,,8.0,,
66450,SZKOŁA PODSTAWOWA IM. MARII KONOPNICKIEJ W TRZEŚNI,2021,"polski, matematyka, angielski",8.0,,,8.0,,,8.0,,
9664,SZKOŁA PODSTAWOWA IM. JANA PAWŁA II W ZABRNIU,2021,"polski, matematyka, angielski",9.0,,,9.0,,,9.0,,
9732,SZKOŁA PODSTAWOWA IM. KARDYNAŁA STEFANA WYSZYŃSKIEGO W KRAWCACH,2021,"polski, matematyka, angielski",7.0,,,7.0,,,7.0,,
9768,SZKOŁA PODSTAWOWA IM. MARII KONOPNICKIEJ W ŻUPAWIE,2021,"polski, matematyka, angielski",8.0,,,8.0,,,8.0,,
87018,SZKOŁA PODSTAWOWA IM. JANA PAWŁA II W CYGANACH,2021,"polski, matematyka, angielski",8.0,,,8.0,,,8.0,,
7577,SZKOŁA PODSTAWOWA NR 1 IM. TADEUSZA KOŚCIUSZKI W BIAŁOBRZEGACH,2021,"polski, matematyka, angielski",6.0,,,6.0,,,6.0,,
13934,SZKOŁA PODSTAWOWA NR 2 IM. ARMII KRAJOWEJ W BUDACH ŁAŃCUCKICH,2021,"polski, matematyka, angielski",6.0,,,6.0,,,6.0,,
7578,SZKOŁA PODSTAWOWA NR 2 IM. TADEUSZA KOŚCIUSZKI W KORNIAKTOWIE,2021,"polski, matematyka, angielski",9.0,,,9.0,,,9.0,,
40895,SZKOŁA PODSTAWOWA IM. KOMISJI EDUKACJI NARODOWEJ W WOLI DALSZEJ,2021,"polski, matematyka, angielski",9.0,,,9.0,,,9.0,,
85726,SZKOŁA PODSTAWOWA IM. KORNELA MAKUSZYŃSKIEGO W WOLI MAŁEJ,2021,"polski, matematyka, angielski",8.0,,,8.0,,,5.0,,
85732,SZKOŁA PODSTAWOWA W ZALESIU,2021,"polski, matematyka, angielski",7.0,,,7.0,,,7.0,,
41964,SZKOŁA PODSTAWOWA W WĘGLISKACH,2021,"polski, matematyka, angielski",5.0,,,5.0,,,5.0,,
41422,SZKOŁA PODSTAWOWA NR 2 W RAKSZAWIE IM. STEFANA MIERZWY,2021,"polski, matematyka, angielski",9.0,,,9.0,,,9.0,,
42110,SZKOŁA PODSTAWOWA W WYDRZU,2021,"polski, matematyka, angielski",8.0,,,8.0,,,8.0,,
129089,SZKOŁA PODSTAWOWA SPECJALNA W ŁAŃCUCIE,2021,"polski, matematyka, angielski",9.0,,,9.0,,,9.0,,
74468,SZKOŁA PODSTAWOWA W CIERPISZU,2021,"polski, matematyka, angielski",7.0,,,7.0,,,7.0,,
59160,SZKOŁA PODSTAWOWA IM. KS. JANA TWARDOWSKIEGO W BRZÓZIE STADNICKIEJ,2021,"polski, matematyka, angielski",7.0,,,7.0,,,7.0,,
128764,SZKOŁA PODSTAWOWA NR 9 SPECJALNA W AUGUSTOWIE,2021,"polski, matematyka, angielski",2.0,,,2.0,,,2.0,,
263681,SZKOŁA PODSTAWOWA NR 10 SPECJALNA W AUGUSTOWIE,2021,"polski, matematyka, angielski",3.0,,,3.0,,,3.0,,
263690,SZKOŁA PODSTAWOWA SPECJALNA IMIENIA ŚWIĘTEGO JANA BOSKO W AUGUSTOWIE,2021,"polski, matematyka, angielski",5.0,,,6.0,,,3.0,,
17056,"SZKOŁA PODSTAWOWA IM. MJR HENRYKA DOBRZAŃSKIEGO ""HUBALA"" W KOLNICY",2021,"polski, matematyka, angielski",7.0,,,7.0,,,7.0,,
17083,SZKOŁA PODSTAWOWA IM. STEFANA KARDYNAŁA WYSZYŃSKIEGO W JABŁOŃSKICH,2021,"polski, matematyka, angielski",7.0,,,7.0,,,7.0,,
17222,SZKOŁA PODSTAWOWA IM. OBROŃCÓW WESTERPLATTE W RUTKACH,2021,"polski, matematyka, angielski",9.0,,,9.0,,,9.0,,
86601,SZKOŁA PODSTAWOWA W KROSZEWIE,2021,"polski, matematyka, angielski",5.0,,,5.0,,,5.0,,
86840,SZKOŁA PODSTAWOWA IMIENIA BŁOGOSŁAWIONEGO JANA PAWŁA II W ŁABĘTNIKU,2021,"polski, matematyka, angielski",5.0,,,5.0,,,5.0,,
86685,SZKOŁA PODSTAWOWA IM. ZYGMUNTA AUGUSTA W TAJNIE STARYM,2021,"polski, matematyka, angielski",3.0,,,3.0,,,3.0,,
22376,SZKOŁA PODSTAWOWA W BARTNIKACH,2021,"polski, matematyka, angielski",4.0,,,4.0,,,,,
75728,SZKOŁA PODSTAWOWA IM. SYBIRAKÓW W KRASNYMBORZE,2021,angielski,18.0,45.5,46.5,18.0,34.0,38.888888888888886,8.0,,
51815,SZKOŁA PODSTAWOWA W POGORZAŁKACH,2021,"polski, matematyka, angielski",5.0,,,5.0,,,5.0,,
62077,NIEPUBLICZNA SZKOŁA PODSTAWOWA W ZAŁUKACH,2021,"polski, matematyka, angielski",7.0,,,7.0,,,7.0,,
58566,SZKOŁA PODSTAWOWA IM. MARII KONOPNICKIEJ W TUROŚNI DOLNEJ,2021,"polski, matematyka, angielski",7.0,,,7.0,,,7.0,,
196377,SZKOŁA PODSTAWOWA SYRIUSZ W WASILKOWIE,2021,"polski, matematyka, angielski",9.0,,,9.0,,,9.0,,
30724,SZKOŁA PODSTAWOWA IM. SYBIRAKÓW W RAFAŁÓWCE,2021,"polski, matematyka, angielski",8.0,,,8.0,,,8.0,,
92141,SZKOŁA PODSTAWOWA IM. WSPÓLNOTY POLSKIEJ W BIAŁOSTOCZKU,2021,"polski, matematyka, angielski",9.0,,,9.0,,,9.0,,
111851,SZKOŁA PODSTAWOWA IM.ŚW.JANA PAWŁA II W ZAWADACH,2021,angielski,11.0,53.0,54.0,11.0,32.0,35.27272727272727,9.0,,
111561,SZKOŁA PODSTAWOWA W KONOPKACH POKRZYWNICY,2021,"polski, matematyka, angielski",1.0,,,1.0,,,1.0,,
14962,PRYWATNA SZKOŁA PODSTAWOWA INFORMATYCZNO-JĘZYKOWA Z ODDZIAŁAMI DWUJĘZYCZNYMI,2021,"polski, matematyka, angielski",6.0,,,6.0,,,7.0,,
82851,SPOŁECZNA SZKOŁA PODSTAWOWA NR 2 W BIAŁYMSTOKU,2021,"polski, matematyka, angielski",8.0,,,8.0,,,7.0,,
10122,NIEPUBLICZNA SZKOŁA PODSTAWOWA ŚW.ŚW. CYRYLA I METODEGO W BIAŁYMSTOKU,2021,angielski,14.0,65.5,68.85714285714286,14.0,74.0,69.14285714285714,5.0,,
124752,SZKOŁA PODSTAWOWA NR 41 W ZAKŁADZIE POPRAWCZYM W BIAŁYMSTOKU,2021,"polski, matematyka, angielski",6.0,,,6.0,,,6.0,,
128568,SZKOŁA PODSTAWOWA IM. ŚW. KAZIMIERZA KRÓLEWICZA W BIAŁYMSTOKU,2021,"polski, matematyka, angielski",6.0,,,6.0,,,6.0,,
133538,"ZESPÓŁ SZKÓŁ OGÓLNOKSZTAŁCĄCYCH MISTRZOSTWA SPORTOWEGO NR 1 IM. MARII KONOPNICKIEJ W BIAŁYMSTOKU, SZKOŁA PODSTAWOWA NR 22 Z ODDZIAŁAMI MISTRZOSTWA SPORTOWEGO W BIAŁYMSTOKU",2021,"polski, matematyka, angielski",7.0,,,7.0,,,7.0,,
263208,NIEPUBLICZNA SZKOŁA PODSTAWOWA MOZAIKA W BIAŁYMSTOKU,2021,"polski, matematyka, angielski",1.0,,,1.0,,,1.0,,
268644,LEŚNA SZKOŁA PUSZCZYK W BIAŁYMSTOKU,2021,"polski, matematyka, angielski",3.0,,,3.0,,,3.0,,
15421,SZKOŁA PODSTAWOWA W ANDRYJANKACH,2021,"polski, matematyka, angielski",3.0,,,3.0,,,3.0,,
107732,SZKOŁA PODSTAWOWA Z DODATKOWYM NAUCZANIEM JĘZYKA BIAŁORUSKIEGO W ORLI,2021,angielski,12.0,45.5,46.166666666666664,12.0,30.0,36.666666666666664,7.0,,
132238,SZKOŁA PODSTAWOWA IM. PREZYDENTA RYSZARDA KACZOROWSKIEGO W STRABLI,2021,"polski, matematyka, angielski",3.0,,,3.0,,,3.0,,
4029,SZKOŁA PODSTAWOWA POMNIK 1000-LECIA PAŃSTWA POLSKIEGO IM. MARII KONOPNICKIEJ W BIAŁASZEWIE,2021,"polski, matematyka, angielski",9.0,,,9.0,,,9.0,,
11162,SZKOŁA PODSTAWOWA W SŁUCZU,2021,"polski, matematyka, angielski",8.0,,,8.0,,,8.0,,
131869,SZKOŁA PODSTAWOWA W KRAMARZEWIE,2021,"polski, matematyka, angielski",6.0,,,6.0,,,6.0,,
6218,SZKOŁA PODSTAWOWA W RYDZEWIE,2021,"polski, matematyka, angielski",3.0,,,3.0,,,3.0,,
5324,NIEPUBLICZNA SZKOŁA PODSTAWOWA W BEŁDZIE,2021,"polski, matematyka, angielski",6.0,,,6.0,,,6.0,,
54391,SZKOŁA PODSTAWOWA IM. ZESŁAŃCÓW SYBIRU W NIEDŹWIADNEJ,2021,"polski, matematyka, angielski",9.0,,,9.0,,,9.0,,
6975,SZKOŁA PODSTAWOWA W ŁAWSKU,2021,"polski, matematyka, angielski",5.0,,,5.0,,,5.0,,
6691,SZKOŁA PODSTAWOWA W NIECIKACH,2021,"polski, matematyka, angielski",3.0,,,3.0,,,3.0,,
6973,SZKOŁA PODSTAWOWA W SULEWIE-KOWNATY,2021,"polski, matematyka, angielski",1.0,,,1.0,,,,,
57599,SZKOŁA PODSTAWOWA W CZYŻACH,2021,angielski,16.0,60.0,57.375,16.0,24.0,27.5,9.0,,
18871,SZKOŁA PODSTAWOWA W DUBICZACH CERKIEWNYCH,2021,"polski, matematyka, angielski",7.0,,,7.0,,,,,
119481,"STOWARZYSZENIE ""EDUKATOR"" W ŁOMŻY, SZKOŁA PODSTAWOWA W ORZESZKOWIE",2021,"polski, matematyka, angielski",3.0,,,3.0,,,3.0,,
58802,SZKOŁA PODSTAWOWA W KLESZCZELACH,2021,angielski,13.0,56.0,60.53846153846154,13.0,40.0,46.15384615384615,9.0,,
87234,SZKOŁA PODSTAWOWA IM. GEN. ZYGMUNTA BERLINGA W NARWI,2021,angielski,21.0,60.0,56.42857142857143,21.0,52.0,53.142857142857146,9.0,,
26021,SZKOŁA PODSTAWOWA W NAREWCE,2021,angielski,19.0,56.0,51.578947368421055,19.0,36.0,35.1578947368421,8.0,,
34714,SZKOŁA PODSTAWOWA W SURAŁACH,2021,"polski, matematyka, angielski",5.0,,,5.0,,,5.0,,
27629,SZKOŁA PODSTAWOWA W KONOPKACH MONETACH,2021,"polski, matematyka, angielski",4.0,,,4.0,,,4.0,,
64896,SZKOŁA PODSTAWOWA W ZABIELU,2021,"polski, matematyka, angielski",7.0,,,7.0,,,7.0,,
49513,SZKOŁA PODSTAWOWA W ZASKRODZIU,2021,"polski, matematyka, angielski",8.0,,,8.0,,,8.0,,
49511,SZKOŁA PODSTAWOWA IM. ORŁA BIAŁEGO W WYKOWIE,2021,"polski, matematyka, angielski",8.0,,,8.0,,,8.0,,
34341,SZKOŁA PODSTAWOWA W CHLUDNIACH,2021,"polski, matematyka, angielski",9.0,,,9.0,,,9.0,,
34339,SZKOŁA PODSTAWOWA W ROGIENICACH WIELKICH,2021,"polski, matematyka, angielski",3.0,,,3.0,,,3.0,,
57830,SZKOŁA PODSTAWOWA W PORYTEM,2021,"polski, matematyka, angielski",5.0,,,5.0,,,5.0,,
90627,SZKOŁA PODSTAWOWA W ŁASZE,2021,"polski, matematyka, angielski",5.0,,,5.0,,,5.0,,
90628,SZKOŁA PODSTAWOWA W KSEBKACH,2021,"polski, matematyka, angielski",7.0,,,7.0,,,7.0,,
80370,SZKOŁA PODSTAWOWA IM. STANISŁAWA KRUPKI W LEMANIE,2021,"polski, matematyka, angielski",6.0,,,6.0,,,6.0,,
129257,SZKOŁA PODSTAWOWA W DOWNARACH,2021,"polski, matematyka, angielski",7.0,,,7.0,,,7.0,,
81432,SZKOŁA PODSTAWOWA IM. SYBIRAKÓW W DOLISTOWIE STARYM,2021,"polski, matematyka, angielski",9.0,,,9.0,,,9.0,,
124225,SZKOŁA PODSTAWOWA W DŁUGOŁĘCE,2021,"polski, matematyka, angielski",2.0,,,2.0,,,2.0,,
86667,SZKOŁA PODSTAWOWA W STARYCH BAJKACH,2021,"polski, matematyka, angielski",6.0,,,6.0,,,6.0,,
86665,SZKOŁA PODSTAWOWA W LASKOWCU,2021,"polski, matematyka, angielski",6.0,,,6.0,,,6.0,,
90293,SZKOŁA PODSTAWOWA Z LITEWSKIM JĘZYKIEM NAUCZANIA W WIDUGIERACH,2021,"polski, matematyka, angielski",4.0,,,4.0,,,4.0,,
81198,"SZKOŁA PODSTAWOWA Z LITEWSKIM JĘZYKIEM NAUCZANIA ""ŻIBURYS"" W SEJNACH",2021,"polski, matematyka, angielski",9.0,,,9.0,,,9.0,,
17036,SZKOŁA PODSTAWOWA IM. A. MICKIEWICZA W KRASNOWIE,2021,"polski, matematyka, angielski",8.0,,,8.0,,,8.0,,
119205,SZKOŁA PODSTAWOWA IM. KS. IGNACEGO KŁOPOTOWSKIEGO W MIŁKOWICACH JANKACH,2021,"polski, matematyka, angielski",7.0,,,7.0,,,7.0,,
118784,SZKOŁA PODSTAWOWA W OSTROŻANACH,2021,"polski, matematyka, angielski",3.0,,,3.0,,,3.0,,
23668,SZKOŁA PODSTAWOWA W MILEJCZYCACH,2021,angielski,11.0,47.0,48.63636363636363,11.0,36.0,40.0,7.0,,
12213,SZKOŁA PODSTAWOWA W SZERSZENIACH,2021,"polski, matematyka, angielski",8.0,,,8.0,,,8.0,,
13010,SZKOŁA PODSTAWOWA W TOŁWINIE,2021,"polski, matematyka, angielski",6.0,,,6.0,,,6.0,,
28764,SZKOŁA PODSTAWOWA W RÓŻANYMSTOKU,2021,"polski, matematyka, angielski",6.0,,,6.0,,,4.0,,
41796,PUBLICZNA SZKOŁA PODSTAWOWA W BAGNACH,2021,"polski, matematyka, angielski",3.0,,,3.0,,,1.0,,
46865,SZKOŁA PODSTAWOWA W RESZKOWCACH,2021,"polski, matematyka, angielski",6.0,,,6.0,,,2.0,,
41793,SZKOŁA PODSTAWOWA W SUCHODOLINIE,2021,"polski, matematyka, angielski",2.0,,,2.0,,,2.0,,
31555,SZKOŁA PODSTAWOWA W ZWIERZYŃCU WIELKIM,2021,"polski, matematyka, angielski",5.0,,,5.0,,,5.0,,
46859,SZKOŁA PODSTAWOWA W KAMIENNEJ NOWEJ,2021,"polski, matematyka, angielski",4.0,,,4.0,,,4.0,,
20536,SZKOŁA PODSTAWOWA W BIAŁOUSACH,2021,"polski, matematyka, angielski",9.0,,,9.0,,,9.0,,
80986,SZKOŁA PODSTAWOWA W MAJEWIE,2021,"polski, matematyka, angielski",3.0,,,3.0,,,3.0,,
81019,SZKOŁA PODSTAWOWA IM.KPT. JÓZEFA KŁOPOTOWSKIEGO W JACOWLANACH,2021,"polski, matematyka, angielski",7.0,,,7.0,,,7.0,,
74826,SZKOŁA PODSTAWOWA W MALAWICZACH DOLNYCH,2021,"polski, matematyka, angielski",7.0,,,7.0,,,7.0,,
74824,SZKOŁA PODSTAWOWA W GENIUSZACH,2021,"polski, matematyka, angielski",3.0,,,3.0,,,3.0,,
68718,SZKOŁA PODSTAWOWA IM.ADAMA MICKIEWICZA W BABIKACH,2021,"polski, matematyka, angielski",5.0,,,5.0,,,1.0,,
7021,SZKOŁA PODSTAWOWA WE WRONOWIE,2021,"polski, matematyka, angielski",4.0,,,4.0,,,4.0,,
91068,SZKOŁA PODSTAWOWA IM. PAPIEŻA JANA PAWŁA II W NOWEJ WSI,2021,"polski, matematyka, angielski",4.0,,,4.0,,,4.0,,
132109,SZKOŁA PODSTAWOWA W PODDUBÓWKU,2021,"polski, matematyka, angielski",4.0,,,4.0,,,4.0,,
27969,PUBLICZNA SZKOŁA PODSTAWOWA W JASIONOWIE,2021,"polski, matematyka, angielski",8.0,,,8.0,,,8.0,,
41223,PARAFIALNA PODSTAWOWA SZKOŁA POLSKO - ROMSKA Z ODDZIAŁAMI INTEGRACYJNYMI W SUWAŁKACH,2021,"polski, matematyka, angielski",9.0,,,8.0,,,8.0,,
8248,NIEPUBLICZNA SZKOŁA PODSTAWOWA W SUWAŁKACH,2021,"polski, matematyka, angielski",7.0,,,7.0,,,7.0,,
68501,SZKOŁA PODSTAWOWA W ŁEMPICACH,2021,"polski, matematyka, angielski",7.0,,,7.0,,,7.0,,
8699,SZKOŁA PODSTAWOWA IM. ŚW. JANA PAWŁA II W ROSOCHATEM KOŚCIELNEM,2021,angielski,10.0,68.0,64.1,10.0,36.0,43.6,9.0,,
3902,SZKOŁA PODSTAWOWA W DĄBROWIE WIELKIEJ,2021,"polski, matematyka, angielski",2.0,,,2.0,,,2.0,,
92424,SZKOŁA PODSTAWOWA W ŁUNIEWIE MAŁYM,2021,"polski, matematyka, angielski",5.0,,,5.0,,,5.0,,
92423,SZKOŁA PODSTAWOWA W KUCZYNIE,2021,"polski, matematyka, angielski",7.0,,,7.0,,,7.0,,
92422,SZKOŁA PODSTAWOWA W WYSZONKACH KOŚCIELNYCH,2021,"polski, matematyka, angielski",8.0,,,8.0,,,8.0,,
5578,"STOWARZYSZENIE ""EDUKATOR"" W ŁOMŻY, SZKOŁA PODSTAWOWA W STYPUŁKACH-ŚWIĘCHACH",2021,"polski, matematyka, angielski",3.0,,,3.0,,,3.0,,
5572,"STOWARZYSZENIE ""EDUKATOR"" W ŁOMŻY, SZKOŁA PODSTAWOWA WE WNORACH-KUŻELACH",2021,"polski, matematyka, angielski",4.0,,,4.0,,,4.0,,
88698,SZKOŁA PODSTAWOWA W KOWALEWSZCZYŹNIE,2021,"polski, matematyka, angielski",4.0,,,4.0,,,4.0,,
87462,SZKOŁA PODSTAWOWA W BRUSZEWIE,2021,"polski, matematyka, angielski",3.0,,,3.0,,,3.0,,
83766,SZKOŁA PODSTAWOWA W WOJNACH-KRUPACH,2021,"polski, matematyka, angielski",5.0,,,5.0,,,5.0,,
128627,SZKOŁA PODSTAWOWA W ŚWIĘCKU WIELKIM,2021,"polski, matematyka, angielski",3.0,,,3.0,,,3.0,,
48589,PUBLICZNA SZKOŁA PODSTAWOWA W SZCZODRUCHACH,2021,"polski, matematyka, angielski",2.0,,,2.0,,,2.0,,
10264,SZKOŁA PODSTAWOWA W KOŁOMYI,2021,angielski,10.0,58.0,59.4,10.0,36.0,38.8,7.0,,
10263,SZKOŁA PODSTAWOWA IM. KPT. WŁADYSŁAWA RAGINISA W GRĄDACH WONIECKO,2021,angielski,10.0,53.0,59.7,10.0,46.0,48.8,9.0,,
22161,SZKOŁA PODSTAWOWA W SREBRNEJ,2021,"polski, matematyka, angielski",9.0,,,9.0,,,9.0,,
90282,PUBLICZNA SZKOŁA PODSTAWOWA W PAPROCI DUŻEJ,2021,"polski, matematyka, angielski",2.0,,,2.0,,,2.0,,
34262,SZKOŁA PODSTAWOWA IM. ORŁA BIAŁEGO W PORYTEM - JABŁONI,2021,"polski, matematyka, angielski",9.0,,,9.0,,,8.0,,
58619,SZKOŁA PODSTAWOWA W STARYM SKARŻYNIE,2021,"polski, matematyka, angielski",7.0,,,7.0,,,7.0,,
34425,SZKOŁA PODSTAWOWA W STARYM LASKOWCU,2021,"polski, matematyka, angielski",7.0,,,7.0,,,7.0,,
34428,SZKOŁA PODSTAWOWA IM. MARII KONOPNICKIEJ W STARYM ZAKRZEWIE,2021,"polski, matematyka, angielski",8.0,,,8.0,,,8.0,,
29759,SZKOŁA PODSTAWOWA W NADBORACH,2021,"polski, matematyka, angielski",3.0,,,3.0,,,3.0,,
47760,SZKOŁA PODSTAWOWA W DOBRZYJAŁOWIE,2021,"polski, matematyka, angielski",4.0,,,4.0,,,4.0,,
47764,SZKOŁA PODSTAWOWA W KISIELNICY,2021,"polski, matematyka, angielski",4.0,,,4.0,,,4.0,,
47762,SZKOŁA PODSTAWOWA W RAKOWIE-BOGINIACH,2021,"polski, matematyka, angielski",5.0,,,5.0,,,5.0,,
47765,SZKOŁA PODSTAWOWA IM. ZESŁAŃCÓW SYBIRU W OLSZYNACH,2021,"polski, matematyka, angielski",2.0,,,2.0,,,2.0,,
47766,SZKOŁA PODSTAWOWA W DROZDOWIE,2021,"polski, matematyka, angielski",8.0,,,8.0,,,8.0,,
34628,SZKOŁA PODSTAWOWA IM JAKUBA WAGI W WAGACH,2021,"polski, matematyka, angielski",3.0,,,3.0,,,3.0,,
7930,PUBLICZNA SZKOŁA PODSTAWOWA W STARYM BOŻEJEWIE,2021,"polski, matematyka, angielski",1.0,,,2.0,,,2.0,,
60861,SZKOŁA PODSTAWOWA W DOBRYM LESIE,2021,"polski, matematyka, angielski",5.0,,,5.0,,,5.0,,
90329,SZKOŁA PODSTAWOWA W LUTOSTANI,2021,"polski, matematyka, angielski",2.0,,,2.0,,,2.0,,
90342,SZKOŁA PODSTAWOWA W PODGÓRZU IM. KS. KARDYNAŁA STEFANA WYSZYŃSKIEGO,2021,"polski, matematyka, angielski",4.0,,,4.0,,,4.0,,
90325,SZKOŁA PODSTAWOWA IM. RODZINY JABŁOŃSKICH W PNIEWIE,2021,"polski, matematyka, angielski",8.0,,,8.0,,,8.0,,
90349,SZKOŁA PODSTAWOWA W PUCHAŁACH,2021,"polski, matematyka, angielski",5.0,,,5.0,,,5.0,,
86926,SZKOŁA PODSTAWOWA NR 8 IM.ŁESI UKRAINKI Z UKRAIŃSKIM JĘZYKIEM NAUCZANIA W BARTOSZYCACH,2021,angielski,11.0,62.0,67.0,11.0,44.0,46.54545454545455,6.0,,
56231,SZKOŁA PODSTAWOWA IM. JANA BRZECHWY W WOJCIECHACH,2021,"polski, matematyka, angielski",6.0,,,6.0,,,6.0,,
56227,SZKOŁA PODSTAWOWA IM. LEŚNIKÓW POLSKICH W GALINACH,2021,"polski, matematyka, angielski",9.0,,,9.0,,,5.0,,
128067,NIEPUBLICZNA SZKOŁA PODSTAWOWA W RODNOWIE,2021,"polski, matematyka, angielski",8.0,,,8.0,,,5.0,,
275825,SZKOŁA PODSTAWOWA IM.JANUSZA KORCZAKA W KRAWCZYKACH,2021,"polski, matematyka, angielski",5.0,,,5.0,,,5.0,,
75505,SZKOŁA PODSTAWOWA IM.POLSKIEGO TOWARZYSTWA LEŚNEGO W GRZĘDZIE,2021,"polski, matematyka, angielski",3.0,,,3.0,,,3.0,,
133832,SZKOŁA PODSTAWOWA Z UKRAIŃSKIM JĘZYKIEM NAUCZANIA W GÓROWIE IŁAWECKIM,2021,"polski, matematyka, angielski",3.0,,,3.0,,,2.0,,
59106,SZKOŁA PODSTAWOWA W DZIETRZYCHOWIE,2021,"polski, matematyka, angielski",6.0,,,6.0,,,,,
59108,SZKOŁA PODSTAWOWA IM. ADAMA LORETA W PONIKACH,2021,"polski, matematyka, angielski",5.0,,,5.0,,,5.0,,
59111,SZKOŁA PODSTAWOWA W WIATROWCU,2021,"polski, matematyka, angielski",7.0,,,7.0,,,7.0,,
92183,SZKOŁA FILIALNA W SZYLENACH SZKOŁY PODSTAWOWEJ IM. WINCENTEGO WITOSA W LIPOWINIE,2021,"polski, matematyka, angielski",7.0,,,7.0,,,7.0,,
55545,SZKOŁA PODSTAWOWA W LELKOWIE,2021,angielski,11.0,60.0,59.09090909090909,11.0,48.0,43.63636363636363,4.0,,
26708,SZKOŁA PODSTAWOWA W PIOTROWCU,2021,"polski, matematyka, angielski",6.0,,,6.0,,,6.0,,
16688,SZKOŁA PODSTAWOWA W PAKOSZACH,2021,"polski, matematyka, angielski",7.0,,,7.0,,,7.0,,
26707,SZKOŁA PODSTAWOWA IM.ŚWIĘTEGO JANA PAWŁA II W LECHOWIE,2021,"polski, matematyka, angielski",6.0,,,6.0,,,,,
61503,SZKOŁA PODSTAWOWA W CHRUŚCIELU,2021,"polski, matematyka, angielski",9.0,,,9.0,,,9.0,,
74109,SZKOŁA PODSTAWOWA W WILCZĘTACH,2021,"polski, matematyka, angielski",4.0,,,4.0,,,4.0,,
18507,SZKOŁA PODSTAWOWA IM. PRZYJACIÓŁ PRZYRODY POLSKIEJ W KLĘCZKOWIE,2021,"polski, matematyka, angielski",6.0,,,6.0,,,6.0,,
18508,SZKOŁA PODSTAWOWA IM.KS.ST.W.FRELICHOWSKIEGO W TURZY WIELKIEJ,2021,"polski, matematyka, angielski",3.0,,,3.0,,,3.0,,
196209,SZKOŁA PODSTAWOWA IM. ANDRZEJA GRUBBY W SŁAWKOWIE,2021,"polski, matematyka, angielski",8.0,,,8.0,,,8.0,,
119173,NIEPUBLICZNA SZKOŁA PODSTAWOWA IM. WINCENTEGO WITOSA W WĄPIERSKU,2021,"polski, matematyka, angielski",9.0,,,9.0,,,9.0,,
60972,SZKOŁA PODSTAWOWA W BRYŃSKU,2021,"polski, matematyka, angielski",6.0,,,6.0,,,6.0,,
56411,SZKOŁA PODSTAWOWA W WIELKIM ŁĘCKU,2021,"polski, matematyka, angielski",2.0,,,2.0,,,2.0,,
56490,SZKOŁA PODSTAWOWA W NIECHŁONINIE IM. HENRYKA SIENKIEWICZA,2021,"polski, matematyka, angielski",7.0,,,7.0,,,7.0,,
39030,SZKOŁA PODSTAWOWA IM. POLSKICH MISTRZÓW OLIMPIJSKICH W ŻABINACH,2021,"polski, matematyka, angielski",8.0,,,8.0,,,8.0,,
39026,SZKOŁA PODSTAWOWA IM. JANUSZA KORCZAKA W KOSZELEWACH,2021,"polski, matematyka, angielski",9.0,,,9.0,,,9.0,,
118954,PUBLICZNA SZKOŁA PODSTAWOWA STOWARZYSZENIA PRZYJACIÓŁ SZKÓŁ KATOLICKICH IM. ŚW. FRANCISZKA Z ASYŻU,2021,"polski, matematyka, angielski",6.0,,,6.0,,,6.0,,
128867,SZKOŁA PODSTAWOWA MONTESSORI ELBLĄG,2021,"polski, matematyka, angielski",2.0,,,2.0,,,2.0,,
10348,PUBLICZNA SZKOŁA PODSTAWOWA W PILONIE,2021,"polski, matematyka, angielski",9.0,,,8.0,,,8.0,,
14132,PUBLICZNA SZKOŁA PODSTAWOWA IM. PAŃSTWOWEJ STRAŻY POŻARNEJ W NOWAKOWIE,2021,"polski, matematyka, angielski",8.0,,,8.0,,,8.0,,
72906,SZKOŁA PODSTAWOWA W ŻURAWCU,2021,"polski, matematyka, angielski",8.0,,,8.0,,,8.0,,
31849,SZKOŁA PODSTAWOWA W POGRODZIU IM. 106 DYWIZJI PIECHOTY ARMII KRAJOWEJ,2021,"polski, matematyka, angielski",5.0,,,5.0,,,5.0,,
31854,"NIEPUBLICZNA SZKOŁA PODSTAWOWA I ODDZIAŁ PRZEDSZKOLNY IM. KAPRÓW POLSKICH W SUCHACZU NA PRAWACH SZKOŁY PUBLICZNEJ Z PROGRAMU ""MAŁA SZKOŁA""",2021,"polski, matematyka, angielski",4.0,,,4.0,,,4.0,,
60882,SZKOŁA PODSTAWOWA IM.SZARYCH SZEREGÓW W MROZACH WIELKICH,2021,"polski, matematyka, angielski",9.0,,,9.0,,,9.0,,
75388,SZKOŁA PODSTAWOWA IM.LECHA ALEKSANDRA KACZYŃSKIEGO W CHEŁCHACH,2021,"polski, matematyka, angielski",5.0,,,5.0,,,5.0,,
60880,SZKOŁA PODSTAWOWA IM. RTM. WITOLDA PILECKIEGO W RĘKUSACH,2021,"polski, matematyka, angielski",6.0,,,6.0,,,6.0,,
31800,SZKOŁA PODSTAWOWA W SYPITKACH,2021,"polski, matematyka, angielski",2.0,,,2.0,,,2.0,,
31401,SZKOŁA PODSTAWOWA IM. KS. JERZEGO POPIEŁUSZKI W BORZYMACH,2021,"polski, matematyka, angielski",8.0,,,8.0,,,8.0,,
41648,SZKOŁA PODSTAWOWA IM. JANA PAWŁA II W PISANICY,2021,angielski,18.0,52.0,54.55555555555556,18.0,30.0,33.333333333333336,9.0,,
25356,SZKOŁA PODSTAWOWA IM.KARD. STEFANA WYSZYŃSKIEGO W ROŻYŃSKU WIELKIM,2021,"polski, matematyka, angielski",9.0,,,9.0,,,7.0,,
129424,SZKOŁA PODSTAWOWA NR 8 SPECJALNA W GIŻYCKU,2021,"polski, matematyka, angielski",5.0,,,5.0,,,5.0,,
40933,SZKOŁA PODSTAWOWA IM. MARII KONOPNICKIEJ W UPAŁTACH,2021,"polski, matematyka, angielski",8.0,,,8.0,,,8.0,,
119520,"STOWARZYSZENIE ""EDUKATOR"" W ŁOMŻY, SZKOŁA PODSTAWOWA W SPYTKOWIE",2021,"polski, matematyka, angielski",4.0,,,4.0,,,4.0,,
44672,SZKOŁA PODSTAWOWA W BOĆWINCE,2021,angielski,10.0,51.5,45.5,10.0,28.0,29.2,,,
48502,SZKOŁA PODSTAWOWA IM. ŚW FRANCISZKA Z ASYŻU W STAŚWINACH,2021,"polski, matematyka, angielski",7.0,,,7.0,,,7.0,,
5762,"STOWARZYSZENIE ""EDUKATOR"" W ŁOMŻY SZKOŁA PODSTAWOWA W LISACH",2021,"polski, matematyka, angielski",4.0,,,4.0,,,4.0,,
130109,SZKOŁA PODSTAWOWA W ŻYTKIEJMACH,2021,"polski, matematyka, angielski",4.0,,,4.0,,,4.0,,
124413,SZKOŁA PODSTAWOWA W GALWIECIACH,2021,"polski, matematyka, angielski",8.0,,,8.0,,,7.0,,
124408,SZKOŁA PODSTAWOWA W BOĆWINCE,2021,"polski, matematyka, angielski",3.0,,,3.0,,,3.0,,
26401,SZKOŁA PODSTAWOWA W POGORZELI,2021,"polski, matematyka, angielski",9.0,,,9.0,,,9.0,,
267739,SZKOŁA PODSTAWOWA DLA DOROSŁYCH W IŁAWIE,2021,"polski, matematyka, angielski",2.0,,,2.0,,,,,
53271,"SZKOŁA PODSTAWOWA IM. MJR HENRYKA DOBRZAŃSKIEGO ,,HUBALA"" W GAŁDOWIE",2021,"polski, matematyka, angielski",9.0,,,9.0,,,9.0,,
29159,SZKOŁA PODSTAWOWA W GORYNIU,2021,"polski, matematyka, angielski",7.0,,,7.0,,,7.0,,
29162,SZKOŁA PODSTAWOWA W ŁĘGOWIE,2021,"polski, matematyka, angielski",9.0,,,9.0,,,8.0,,
48344,SZKOŁA PODSTAWOWA IM.KARD.STANISŁAWA DZIWISZA W KAZANICACH,2021,"polski, matematyka, angielski",8.0,,,8.0,,,8.0,,
131994,SZKOŁA PODSTAWOWA W BYSZWAŁDZIE,2021,"polski, matematyka, angielski",8.0,,,8.0,,,8.0,,
129988,SZKOŁA PODSTAWOWA W RUMIENICY,2021,"polski, matematyka, angielski",7.0,,,7.0,,,7.0,,
79297,SZKOŁA PODSTAWOWA IM.ZIEMI SUSKIEJ W BABIĘTACH WIELKICH,2021,"polski, matematyka, angielski",8.0,,,8.0,,,8.0,,
105364,SZKOŁA PODSTAWOWA W JAWTACH WIELKICH,2021,"polski, matematyka, angielski",7.0,,,7.0,,,7.0,,
118555,SZKOŁA PODSTAWOWA W LUBNOWYCH,2021,"polski, matematyka, angielski",5.0,,,5.0,,,5.0,,
104434,SZKOŁA PODSTAWOWA W BORECZNIE,2021,"polski, matematyka, angielski",7.0,,,7.0,,,7.0,,
86442,SZKOŁA PODSTAWOWA IM.MARII ZIENTARY-MALEWSKIEJ W BARTACH,2021,"polski, matematyka, angielski",9.0,,,9.0,,,9.0,,
60218,SZKOŁA PODSTAWOWA IM. JANA PAWŁA II W SĄTOCZNIE,2021,"polski, matematyka, angielski",7.0,,,7.0,,,7.0,,
55544,SZKOŁA PODSTAWOWA IM. MIKOŁAJA KOPERNIKA W ŁANKIEJMACH,2021,"polski, matematyka, angielski",9.0,,,9.0,,,4.0,,
86389,SZKOŁA PODSTAWOWA W NAKOMIADACH,2021,"polski, matematyka, angielski",6.0,,,6.0,,,6.0,,
86383,SZKOŁA PODSTAWOWA IM. JANUSZA KORCZAKA W BIEDASZKACH,2021,"polski, matematyka, angielski",9.0,,,9.0,,,9.0,,
268089,NIEPUBLICZNA SZKOŁA PODSTAWOWA W ŻEGOTACH,2021,"polski, matematyka, angielski",6.0,,,6.0,,,6.0,,
104560,NIEPUBLICZNA SZKOŁA PODSTAWOWA W KREKOLACH,2021,"polski, matematyka, angielski",7.0,,,7.0,,,7.0,,
7594,SZKOŁA PODSTAWOWA SPECJALNA NR 5 W MŁODZIEŻOWYM OŚRODKU WYCHOWAWCZYM W LIDZBARKU WARMIŃSKIM,2021,"polski, matematyka, angielski",9.0,,,9.0,,,9.0,,
275692,SZKOŁA PODSTAWOWA IM. KS. BPA GEN. BRONI TADEUSZA PŁOSKIEGO W KŁĘBOWIE,2021,"polski, matematyka, angielski",4.0,,,4.0,,,4.0,,
18240,SZKOŁA PODSTAWOWA W MINGAJNACH,2021,"polski, matematyka, angielski",3.0,,,3.0,,,3.0,,
20301,SZKOŁA PODSTAWOWA W WOŹNICACH,2021,"polski, matematyka, angielski",6.0,,,6.0,,,,,
22347,SZKOŁA PODSTAWOWA W BARANOWIE,2021,"polski, matematyka, angielski",9.0,,,9.0,,,9.0,,
19667,SZKOŁA PODSTAWOWA IM. MARII KONOPNICKIEJ W OLSZEWIE,2021,"polski, matematyka, angielski",7.0,,,7.0,,,7.0,,
81365,"SZKOŁA PODSTAWOWA NR 3 MISTRZOSTWA SPORTOWEGO W ZESPOLE OŚWIATOWO-SPORTOWYM ""BAZA"" W MRĄGOWIE",2021,"polski, matematyka, angielski",8.0,,,8.0,,,8.0,,
60208,SZKOŁA PODSTAWOWA W SZESTNIE,2021,angielski,11.0,62.0,58.09090909090909,11.0,28.0,29.818181818181817,1.0,,
41968,SZKOŁA PODSTAWOWA W BOŻEM,2021,"polski, matematyka, angielski",9.0,,,9.0,,,4.0,,
75375,SZKOŁA PODSTAWOWA W NAWIADACH,2021,angielski,16.0,54.5,49.625,16.0,24.0,30.0,6.0,,
5062,STOWARZYSZENIE EDUKATOR W ŁOMŻY SZKOŁA PODSTAWOWA W CHOSZCZEWIE,2021,"polski, matematyka, angielski",9.0,,,9.0,,,9.0,,
5061,STOWARZYSZENIE EDUKATOR W ŁOMŻY SZKOŁA PODSTAWOWA W KOZŁOWIE,2021,"polski, matematyka, angielski",5.0,,,5.0,,,5.0,,
29122,SZKOŁA PODSTAWOWA IM. ZAWISZY CZARNEGO W WAŚNIEWIE-GRABOWIE,2021,"polski, matematyka, angielski",5.0,,,5.0,,,5.0,,
17032,SZKOŁA PODSTAWOWA IM. MIKOŁAJA KOPERNIKA W MUSZAKACH,2021,angielski,12.0,59.0,58.583333333333336,12.0,28.0,34.0,8.0,,
31844,SZKOŁA PODSTAWOWA IM. KRÓLA WŁADYSŁAWA JAGIEŁŁY W ROGOŻU,2021,"polski, matematyka, angielski",7.0,,,7.0,,,1.0,,
27793,SZKOŁA PODSTAWOWA IM. STANISŁAWA MIKOŁAJCZYKA W RĄCZKACH,2021,"polski, matematyka, angielski",7.0,,,7.0,,,5.0,,
4658,SZKOŁA PODSTAWOWA IM.PROF. ROMANA KOBENDZY W ŁYNIE,2021,"polski, matematyka, angielski",8.0,,,8.0,,,8.0,,
272713,SZKOŁA PODSTAWOWA Z ODDZIAŁAMI PRZYSPOSABIAJĄCYMI DO PRACY W NIDZICY,2021,"polski, matematyka, angielski",4.0,,,4.0,,,4.0,,
32071,SZKOŁA PODSTAWOWA W OSTROWITEM,2021,"polski, matematyka, angielski",6.0,,,6.0,,,6.0,,
48548,SZKOŁA PODSTAWOWA W SZWARCENOWIE,2021,"polski, matematyka, angielski",8.0,,,8.0,,,8.0,,
12635,SZKOŁA PODSTWOWA W BOLESZYNIE,2021,"polski, matematyka, angielski",1.0,,,1.0,,,1.0,,
12712,SZKOŁA PODSTAWOWA W ZWINIARZU,2021,"polski, matematyka, angielski",5.0,,,5.0,,,5.0,,
30479,SZKOŁA PODSTAWOWA W RADOMNIE,2021,"polski, matematyka, angielski",7.0,,,7.0,,,7.0,,
30480,SZKOŁA PODSTAWOWA W SKARLINIE,2021,"polski, matematyka, angielski",7.0,,,7.0,,,6.0,,
30478,SZKOŁA PODSTAWOWA IM. KS. KAZIMIERZA WRÓBLEWSKIEGO W GWIŹDZINACH,2021,"polski, matematyka, angielski",8.0,,,8.0,,,8.0,,
3523,SZKOŁA PODSTAWOWA W STOŻNEM,2021,"polski, matematyka, angielski",8.0,,,8.0,,,8.0,,
35267,SZKOŁA PODSTAWOWA W JUDZIKACH,2021,"polski, matematyka, angielski",8.0,,,8.0,,,8.0,,
52550,SZKOLA PODSTAWOWA W CICHYM,2021,"polski, matematyka, angielski",2.0,,,2.0,,,2.0,,
52553,SZKOLA PODSTAWOWA W MAZURACH,2021,"polski, matematyka, angielski",1.0,,,1.0,,,1.0,,
114045,"NIEPUBLICZNA SZKOŁA ""ABSOLWENT""",2021,"polski, matematyka, angielski",5.0,,,5.0,,,5.0,,
85727,SZKOŁA PODSTAWOWA NR 23 MISTRZOSTWA SPORTOWEGO IM. MARIANA GRZEGORZA BUBLEWICZA W OLSZTYNIE,2021,"polski, matematyka, angielski",7.0,,,7.0,,,7.0,,
115249,SZKOŁA PODSTAWOWA NR 16 SPECJALNA W OLSZTYNIE,2021,"polski, matematyka, angielski",8.0,,,8.0,,,6.0,,
106036,SZKOŁA PODSTAWOWA NR 20 SPECJALNA DLA UCZNIÓW Z CHOROBAMI PRZEWLEKŁYMI IM. JANUSZA KORCZAKA W OLSZTYNIE,2021,"polski, matematyka, angielski",2.0,,,2.0,,,2.0,,
114041,"SZKOŁA PODSTAWOWA ""OSKAR""",2021,"polski, matematyka, angielski",1.0,,,1.0,,,1.0,,
263559,SZKOŁA PODSTAWOWA DLA DOROSŁYCH W OLSZTYNIE,2021,"polski, matematyka, angielski",6.0,,,6.0,,,6.0,,
267352,KORCZAKOWSKA SZKOŁA MARZEŃ - NIEPUBLICZNA SZKOŁA PODSTAWOWA W OLSZTYNIE,2021,"polski, matematyka, angielski",2.0,,,2.0,,,2.0,,
41857,NIEPUBLICZNA SZKOŁA PODSTAWOWA W KRONOWIE,2021,"polski, matematyka, angielski",2.0,,,2.0,,,2.0,,
105848,NIEPUBLICZNA SZKOŁA PODSTAWOWA IM. AUGUSTYNY WIEWIORRY W WIPSOWIE,2021,"polski, matematyka, angielski",5.0,,,5.0,,,5.0,,
30450,SPOŁECZNA SZKOŁA PODSTAWOWA W BREDYNKACH,2021,"polski, matematyka, angielski",8.0,,,8.0,,,8.0,,
30444,SPOŁECZNA SZKOŁA PODSTAWOWA W BORKACH WIELKICH,2021,"polski, matematyka, angielski",7.0,,,7.0,,,7.0,,
31279,SZKOŁA PODSTAWOWA IM. MARII ZIENTARY - MALEWSKIEJ W BARCIKOWIE,2021,"polski, matematyka, angielski",4.0,,,4.0,,,4.0,,
30054,SZKOŁA PODSTAWOWA STOWARZYSZENIA PRZYJACIÓŁ SZKÓŁ KATOLICKICH IM. KARDYNAŁA STEFANA WYSZYŃSKIEGO W SMOLAJNACH,2021,"polski, matematyka, angielski",6.0,,,6.0,,,6.0,,
56457,SZKOŁA PODSTAWOWA W BUKWAŁDZIE,2021,"polski, matematyka, angielski",5.0,,,5.0,,,5.0,,
52739,NIEPUBLICZNA SZKOŁA PODSTAWOWA W SŁUPACH,2021,"polski, matematyka, angielski",5.0,,,5.0,,,5.0,,
104376,SZKOŁA PODSTAWOWA WE FRANKNOWIE,2021,"polski, matematyka, angielski",8.0,,,8.0,,,8.0,,
104361,SZKOŁA PODSTAWOWA W RADOSTOWIE,2021,"polski, matematyka, angielski",8.0,,,8.0,,,6.0,,
25186,SZKOŁA PODSTAWOWA W NOWYM KAWKOWIE,2021,"polski, matematyka, angielski",7.0,,,7.0,,,7.0,,
275642,SZKOŁA PODSTAWOWA WESOŁA GÓRA W OLSZTYNKU,2021,"polski, matematyka, angielski",1.0,,,1.0,,,1.0,,
85367,SZKOŁA PODSTAWOWA IM. FRANCISZKA BARCZA W BUTRYNACH,2021,"polski, matematyka, angielski",8.0,,,8.0,,,8.0,,
120450,NIEPUBLICZNA SZKOŁA PODSTAWOWA W NOWEJ WSI,2021,"polski, matematyka, angielski",5.0,,,5.0,,,5.0,,
53174,PUBLICZNA SZKOŁA PODSTAWOWA IM. IGNACEGO KRASICKIEGO W ELGNOWIE,2021,"polski, matematyka, angielski",9.0,,,9.0,,,9.0,,
86921,SZKOŁA PODSTAWOWA IM.ZAWISZY CZARNEGO W SZCZEPANKOWIE,2021,"polski, matematyka, angielski",7.0,,,7.0,,,7.0,,
113661,NIEPUBLICZNA SZKOŁA PODSTAWOWA,2021,"polski, matematyka, angielski",3.0,,,3.0,,,3.0,,
86915,SZKOŁA PODSTAWOWA IM.KRÓLOWEJ JADWIGI WE FRYGNOWIE,2021,"polski, matematyka, angielski",5.0,,,5.0,,,5.0,,
86922,SZKOŁA PODSTAWOWA IM.JANA PAWŁA II W MIELNIE,2021,"polski, matematyka, angielski",8.0,,,8.0,,,8.0,,
4401,NIEPUBLICZNA SZKOŁA PODSTAWOWA Z ODDZIAŁEM PRZEDSZKOLNYM W WIELKIM DWORZE,2021,"polski, matematyka, angielski",8.0,,,8.0,,,7.0,,
115094,NIEPUBLICZNA SZKOŁA PODSTAWOWA W JURKACH Z ODDZIAŁEM PRZEDSZKOLNYM,2021,"polski, matematyka, angielski",5.0,,,5.0,,,5.0,,
30812,NIEPUBLICZNA SZKOŁA PODSTAWOWA Z ODDZIAŁAMI PRZEDSZKOLNYMI W KALNIKU,2021,"polski, matematyka, angielski",7.0,,,7.0,,,7.0,,
30753,NIEPUBLICZNA SZKOŁA PODSTAWOWA Z ODDZIAŁAMI PRZEDSZKOLNYMI W BOGACZEWIE,2021,"polski, matematyka, angielski",7.0,,,7.0,,,7.0,,
75358,SZKOŁA PODSTAWOWA IM. JANUSZA KORCZAKA W BRZYDOWIE,2021,"polski, matematyka, angielski",7.0,,,7.0,,,2.0,,
29149,SZKOŁA PODSTAWOWA W SZYLDAKU,2021,angielski,10.0,57.0,53.0,10.0,22.0,28.4,2.0,,
29152,SZKOŁA PODSTAWOWA W ZWIERZEWIE,2021,"polski, matematyka, angielski",8.0,,,8.0,,,1.0,,
262452,SZKOŁA PODSTAWOWA IM. ŻOŁNIERZA POLSKIEGO W DURĄGU,2021,angielski,11.0,38.0,45.27272727272727,11.0,28.0,28.727272727272727,5.0,,
12945,SZKOŁA PODSTAWOWA W KOŻUCHACH,2021,"polski, matematyka, angielski",9.0,,,9.0,,,9.0,,
12946,SZKOŁA PODSTAWOWA IM. ZESŁAŃCÓW SYBIRU W KUMIELSKU,2021,"polski, matematyka, angielski",3.0,,,3.0,,,3.0,,
12947,SZKOŁA PODSTAWOWA IM. PODLASKIEJ BRYGADY KAWALERII W SKARŻYNIE,2021,"polski, matematyka, angielski",7.0,,,7.0,,,7.0,,
59632,SZKOŁA PODSTAWOWA IM. KONSTANTEGO ILDEFONSA GAŁCZYŃSKIEGO W OKARTOWIE,2021,"polski, matematyka, angielski",8.0,,,8.0,,,8.0,,
74946,SZKOŁA PODSTAWOWA IM. MICHAŁA KAJKI W DĄBRÓWCE,2021,"polski, matematyka, angielski",7.0,,,7.0,,,7.0,,
59596,SZKOŁA PODSTAWOWA W HEJDYKU,2021,"polski, matematyka, angielski",8.0,,,8.0,,,,,
59590,SZKOŁA PODSTAWOWA W JEŻACH,2021,"polski, matematyka, angielski",4.0,,,4.0,,,4.0,,
60206,SZKOŁA PODSTAWOWA W KOTLE DUŻYM,2021,"polski, matematyka, angielski",5.0,,,5.0,,,1.0,,
66135,SZKOŁA PODSTAWOWA W UŚCIANACH STARYCH,2021,"polski, matematyka, angielski",4.0,,,4.0,,,4.0,,
31014,SZKOŁA PODSTAWOWA W UKCIE,2021,"polski, matematyka, angielski",8.0,,,8.0,,,8.0,,
119750,SZKOŁA PODSTAWOWA W KAŁĘCZYNIE,2021,"polski, matematyka, angielski",5.0,,,5.0,,,5.0,,
8639,SZKOŁA PODSTAWOWA W RUMACH,2021,"polski, matematyka, angielski",7.0,,,7.0,,,7.0,,
38830,SZKOŁA PODSTAWOWA W DĄBROWACH,2021,"polski, matematyka, angielski",6.0,,,6.0,,,6.0,,
84491,SZKOŁA PODSTAWOWA W OLSZYNACH,2021,"polski, matematyka, angielski",8.0,,,8.0,,,8.0,,
88208,NIEPUBLICZNA SZKOŁA PODSTAWOWA W ROMANACH,2021,"polski, matematyka, angielski",6.0,,,6.0,,,6.0,,
80053,SZKOŁA PODSTAWOWA IM. MIKOŁAJA KOPERNIKA W SZYMANACH,2021,angielski,15.0,38.0,47.53333333333333,15.0,24.0,32.53333333333333,9.0,,
88207,NIEPUBLICZNA SZKOŁA PODSTAWOWA IM. WANDY CHOTOMSKIEJ W TRELKOWIE,2021,"polski, matematyka, angielski",4.0,,,4.0,,,4.0,,
88209,NIEPUBLICZNA SZKOŁA PODSTAWOWA W GAWRZYJAŁKACH,2021,"polski, matematyka, angielski",5.0,,,5.0,,,5.0,,
91150,SZKOŁA PODSTAWOWA IM. ORŁA BIAŁEGO W ZABIELACH,2021,"polski, matematyka, angielski",4.0,,,4.0,,,4.0,,
74214,SZKOŁA PODSTAWOWA IMIENIA MARII ZIENTARY MALEWSKIEJ W SPYCHOWIE,2021,"polski, matematyka, angielski",9.0,,,9.0,,,9.0,,
50265,SZKOŁA PODSTAWOWA IM. JANA PAWŁA II W KOLONII,2021,"polski, matematyka, angielski",2.0,,,2.0,,,2.0,,
42805,SZKOŁA PODSTAWOWA W PERŁACH,2021,"polski, matematyka, angielski",8.0,,,8.0,,,8.0,,
108814,SZKOŁA PODSTAWOWA IM. KURTA OBITZA W WĘGIELSZTYNIE,2021,"polski, matematyka, angielski",5.0,,,5.0,,,5.0,,
262248,SZKOŁA PODSTAWOWA IMIENIA HENRYKA SIENKIEWICZA W RASACH,2021,"polski, matematyka, angielski",8.0,,,8.0,,,8.0,,
70549,SZKOŁA PODSTAWOWA IM. WANDY MALCZEWSKIEJ W PARZNIE,2021,"polski, matematyka, angielski",9.0,,,9.0,,,9.0,,
19080,SZKOŁA PODSTAWOWA W OSINACH,2021,"polski, matematyka, angielski",1.0,,,1.0,,,1.0,,
18745,SZKOŁA PODSTAWOWA W CHABIELICACH,2021,"polski, matematyka, angielski",9.0,,,9.0,,,9.0,,
18838,SZKOŁA PODSTAWOWA W LUBCU,2021,"polski, matematyka, angielski",6.0,,,6.0,,,6.0,,
133953,SZKOŁA PODSTAWOWA IM. JANUSZA KUSOCIŃSKIEGO W ŁOBUDZICACH,2021,"polski, matematyka, angielski",7.0,,,7.0,,,7.0,,
41106,SZKOŁA PODSTAWOWA W DĄBRÓWCE DUŻEJ,2021,"polski, matematyka, angielski",8.0,,,8.0,,,8.0,,
41105,SZKOŁA PODSTAWOWA W GAŁKÓWKU-KOLONII,2021,"polski, matematyka, angielski",4.0,,,4.0,,,4.0,,
15928,SZKOŁA PODSTAWOWA IM. WŁADYSŁAWA STANISŁAWA REYMONTA W PRZYŁĘKU DUŻYM,2021,"polski, matematyka, angielski",6.0,,,6.0,,,6.0,,
14954,SZKOŁA PODSTAWOWA IM. MARII KONOPNICKIEJ W ŻERONICACH,2021,"polski, matematyka, angielski",4.0,,,4.0,,,4.0,,
14997,SZKOŁA PODSTAWOWA IM. KORNELA MAKUSZYŃSKIEGO W PNIEWIE,2021,"polski, matematyka, angielski",7.0,,,7.0,,,7.0,,
14973,SZKOŁA PODSTAWOWA IM. 37 ŁĘCZYCKIEGO PUŁKU PIECHOTY IM. KS. J. PONIATOWSKIEGO W PLECKIEJ DĄBROWIE,2021,"polski, matematyka, angielski",7.0,,,7.0,,,7.0,,
17140,"SZKOŁA PODSTAWOWA FUNDACJI ""ELEMENTARZ"" Z ODDZIAŁEM PRZEDSZKOLNYM W JANKOWICACH",2021,"polski, matematyka, angielski",4.0,,,4.0,,,3.0,,
59561,SZKOŁA PODSTAWOWA IM. KORNELA MAKUSZYŃSKIEGO W KRZYŻANOWIE,2021,"polski, matematyka, angielski",6.0,,,6.0,,,6.0,,
4775,SZKOŁA PODSTAWOWA IM. IRENY KOSMOWSKIEJ W KASZEWACH DWORNYCH,2021,"polski, matematyka, angielski",8.0,,,8.0,,,8.0,,
59552,SZKOŁA PODSTAWOWA IM. PROF. WŁADYSŁAWA SZAFERA W KTERACH,2021,"polski, matematyka, angielski",4.0,,,4.0,,,4.0,,
74790,SZKOŁA PODSTAWOWA IM. MARII KONOPNICKIEJ W BYSZEWIE,2021,angielski,16.0,60.0,56.0,16.0,36.0,43.25,1.0,,
89282,KATOLICKA SZKOŁA PODSTAWOWA SPSK IM. GEN. WŁADYSŁAWA ANDERSA,2021,"polski, matematyka, angielski",6.0,,,6.0,,,3.0,,
72356,SZKOŁA PODSTAWOWA IM. BOHATERÓW WALK NAD BZURĄ WE WROCZYNACH,2021,"polski, matematyka, angielski",7.0,,,7.0,,,7.0,,
80633,SZKOŁA PODSTAWOWA IM. WŁ. ST. REYMONTA W GOŁĘBIEWKU,2021,angielski,16.0,51.0,50.5,16.0,28.0,33.5,7.0,,
41791,SZKOŁA PODSTAWOWA IM. BOHATERÓW BITWY NAD BZURĄ W IMIELNIE,2021,"polski, matematyka, angielski",8.0,,,8.0,,,8.0,,
11118,SZKOŁA PODSTAWOWA IM. 37 ŁĘCZYCKIEGO P. P. KS. JÓZEFA PONIATOWSKIEGO W SZCZYCIE,2021,"polski, matematyka, angielski",6.0,,,6.0,,,6.0,,
83694,SPOŁECZNA SZKOŁA PODSTAWOWA W ORĄTKACH,2021,"polski, matematyka, angielski",5.0,,,5.0,,,5.0,,
17783,SZKOŁA PODSTAWOWA IM. STEFANA ŻEROMSKIEGO W DOMASZNIE,2021,"polski, matematyka, angielski",5.0,,,5.0,,,5.0,,
17781,SZKOŁA PODSTAWOWA W IDZIKOWICACH,2021,"polski, matematyka, angielski",8.0,,,8.0,,,8.0,,
103876,SZKOŁA PODSTAWOWA IM. MARII KONOPNICKIEJ W STOKU,2021,"polski, matematyka, angielski",4.0,,,4.0,,,4.0,,
134000,SZKOŁA PODSTAWOWA W MNISZKOWIE,2021,angielski,10.0,75.5,76.6,10.0,42.0,45.6,9.0,,
69885,SZKOŁA PODSTAWOWA IM. JANA PAWŁA II W MROCZKOWIE GOŚCINNYM,2021,"polski, matematyka, angielski",7.0,,,7.0,,,8.0,,
262426,SZKOŁA PODSTAWOWA W WYGNANOWIE,2021,"polski, matematyka, angielski",6.0,,,6.0,,,6.0,,
49315,SZKOŁA PODSTAWOWA W MODRZEWIU Z SIEDZIBĄ W ZIĘBOWIE,2021,"polski, matematyka, angielski",9.0,,,9.0,,,9.0,,
49318,SZKOŁA PODSTAWOWA W KRAŚNICY,2021,"polski, matematyka, angielski",8.0,,,8.0,,,8.0,,
272495,SZKOŁA PODSTAWOWA W DĘBIE,2021,"polski, matematyka, angielski",8.0,,,8.0,,,8.0,,
47512,PUBLICZNA SZKOŁA PODSTAWOWA W KOZENINIE,2021,"polski, matematyka, angielski",7.0,,,7.0,,,7.0,,
62334,SZKOŁA PODSTAWOWA IM. MARII SKŁODOWSKIEJ-CURIE W KLEWIE,2021,"polski, matematyka, angielski",5.0,,,5.0,,,4.0,,
271871,"SZKOŁA PODSTAWOWA ""OPTIMA""",2021,"polski, matematyka, angielski",9.0,,,9.0,,,8.0,,
39894,SZKOŁA PODSTAWOWA NR 1 IM. JANUSZA KORCZAKA W DZIAŁOSZYNIE,2021,"polski, matematyka, angielski",4.0,,,4.0,,,4.0,,
12141,SZKOŁA PODSTAWOWA W ZIELĘCINIE,2021,"polski, matematyka, angielski",7.0,,,7.0,,,7.0,,
60092,PUBLICZNA SZKOŁA PODSTAWOWA W LIPNIKU,2021,"polski, matematyka, angielski",7.0,,,7.0,,,7.0,,
4980,SZKOŁA PODSTAWOWA W WIEWCU,2021,angielski,10.0,52.0,45.6,10.0,24.0,27.2,9.0,,
85922,SZKOŁA PODSTAWOWA W SKOTNIKACH,2021,"polski, matematyka, angielski",8.0,,,8.0,,,8.0,,
8267,SZKOŁA PODSTAWOWA IM. MARII KONOPNICKIEJ W KRZEMIENIEWICACH,2021,"polski, matematyka, angielski",8.0,,,8.0,,,8.0,,
11129,SZKOŁA PODSTAWOWA W GOŚCINNEJ,2021,"polski, matematyka, angielski",8.0,,,8.0,,,8.0,,
46846,SZKOŁA PODSTAWOWA IM. ADAMA MICKIEWICZA W BRZOZIE,2021,"polski, matematyka, angielski",8.0,,,8.0,,,8.0,,
24075,SZKOŁA PODSTAWOWA IM. ŚW. JANA PAWŁA II W GAZOMI,2021,"polski, matematyka, angielski",6.0,,,6.0,,,6.0,,
79055,SZKOŁA PODSTAWOWA W NOWEJ WSI,2021,"polski, matematyka, angielski",9.0,,,9.0,,,9.0,,
55185,SZKOŁA PODSTAWOWA W STOBNICY,2021,"polski, matematyka, angielski",7.0,,,7.0,,,7.0,,
6545,SZKOŁA PODSTAWOWA STOWARZYSZENIA PRZYJACIÓŁ SZKÓŁ KATOLICKICH W KLEMENTYNOWIE,2021,"polski, matematyka, angielski",5.0,,,5.0,,,5.0,,
60543,SZKOŁA PODSTAWOWA IM. PAPIEŻA JANA PAWŁA II,2021,"polski, matematyka, angielski",5.0,,,5.0,,,5.0,,
60559,SZKOŁA PODSTAWOWA W PARZNIEWICACH,2021,"polski, matematyka, angielski",7.0,,,7.0,,,7.0,,
132054,SZKOŁA PODSTAWOWA IM. MIRY I TADEUSZA SYGIETYŃSKICH W PROSZENIU,2021,"polski, matematyka, angielski",2.0,,,2.0,,,2.0,,
262899,"ZAOCZNA SZKOŁA PODSTAWOWA DLA DOROSŁYCH ""A-Z"" W PIOTRKOWIE TRYBUNALSKIM",2021,"polski, matematyka, angielski",2.0,,,2.0,,,2.0,,
132272,"PRYWATNA SZKOŁA PODSTAWOWA ""VILLA BAMBINI"" W PIOTRKOWIE TRYBUNALSKIM",2021,"polski, matematyka, angielski",1.0,,,1.0,,,1.0,,
262535,JĘZYKOWA SZKOŁA PODSTAWOWA IM. AGNIESZKI HOLLAND W PIOTRKOWIE TRYBUNALSKIM,2021,"polski, matematyka, angielski",9.0,,,9.0,,,8.0,,
81344,SZKOŁA PODSTAWOWA IM. TADEUSZA KOŚCIUSZKI W NIEMYSŁOWIE,2021,"polski, matematyka, angielski",9.0,,,9.0,,,9.0,,
83636,PUBLICZNA SZKOŁA PODSTAWOWA W PORCZYNACH,2021,"polski, matematyka, angielski",7.0,,,7.0,,,7.0,,
44060,SZKOŁA PODSTAWOWA IM. MARII KONOPNICKIEJ W KŁÓDNEJ,2021,"polski, matematyka, angielski",8.0,,,8.0,,,8.0,,
91951,PUBLICZNA SZKOŁA PODSTAWOWA W CIĘŻKOWICACH,2021,angielski,10.0,56.5,56.5,10.0,36.0,38.0,9.0,,
70594,PUBLICZNA SZKOŁA PODSTAWOWA IM.JÓZEFA ADAMOWSKIEGO W GORZĘDOWIE,2021,"polski, matematyka, angielski",9.0,,,9.0,,,9.0,,
26173,PUBLICZNA SZKOŁA PODSTAWOWA W RZEJOWICACH,2021,"polski, matematyka, angielski",9.0,,,9.0,,,9.0,,
69791,SZKOŁA PODSTAWOWA W GÓRACH MOKRYCH,2021,"polski, matematyka, angielski",8.0,,,8.0,,,8.0,,
65195,PUBLICZNA SZKOŁA PODSTAWOWA NR 8 IM. PRZYJACIÓŁ DZIECI W RADOMSKU,2021,"polski, matematyka, angielski",7.0,,,7.0,,,7.0,,
31022,PUBLICZNA SZKOŁA PODSTAWOWA W PŁOSZOWIE,2021,"polski, matematyka, angielski",6.0,,,6.0,,,7.0,,
58986,PUBLICZNA SZKOŁA PODSTAWOWA IM. JAROSŁAWA DĄBROWSKIEGO W KRZĘTOWIE,2021,"polski, matematyka, angielski",7.0,,,7.0,,,7.0,,
262481,PUBLICZNA SZKOŁA PODSTAWOWA W RADZIECHOWICACH,2021,"polski, matematyka, angielski",8.0,,,8.0,,,8.0,,
80744,SZKOŁA PODSTAWOWA IM. JANA PAWŁA II Z ODDZIAŁAMI INTEGRACYJNYMI W LESIEWIE,2021,"polski, matematyka, angielski",9.0,,,9.0,,,7.0,,
83711,SZKOŁA PODSTAWOWA IM. MARII KONOPNICKIEJ W STAREJ WSI,2021,"polski, matematyka, angielski",5.0,,,5.0,,,5.0,,
53640,SZKOŁA PODSTAWOWA IM. KS. JERZEGO POPIEŁUSZKI W CHODNOWIE,2021,"polski, matematyka, angielski",4.0,,,4.0,,,4.0,,
49601,SZKOŁA PODSTAWOWA IM. STEFANA KARDYNAŁA WYSZYŃSKIEGO W PACHACH,2021,"polski, matematyka, angielski",5.0,,,5.0,,,5.0,,
48805,SZKOŁA PODSTAWOWA IM. FRYDERYKA CHOPINA W BABSKU,2021,"polski, matematyka, angielski",8.0,,,8.0,,,8.0,,
71792,SZKOŁA PODSTAWOWA IM. JANA PAWŁA II W SIERZCHOWACH,2021,"polski, matematyka, angielski",5.0,,,5.0,,,4.0,,
112115,SZKOŁA PODSTAWOWA IM. WŁADYSŁAWA CIASIA W REGNOWIE,2021,"polski, matematyka, angielski",9.0,,,9.0,,,9.0,,
89813,SZKOŁA PODSTAWOWA W KŁOPOCZYNIE,2021,"polski, matematyka, angielski",4.0,,,4.0,,,4.0,,
104873,SZKOŁA PODSTAWOWA W TRĘBACZEWIE,2021,"polski, matematyka, angielski",6.0,,,6.0,,,5.0,,
90537,SZKOŁA PODSTAWOWA IM. JULIANA TUWIMA W OSTROWIE,2021,"polski, matematyka, angielski",6.0,,,6.0,,,6.0,,
90511,PUBLICZNA SZKOŁA PODSTAWOWA IM. JANA PAWŁAII W KLICZKOWIE WELKIM,2021,"polski, matematyka, angielski",4.0,,,4.0,,,5.0,,
66521,PUBLICZNA SZKOŁA PODSTAWOWA STOWARZYSZENIA PRZYJACIÓŁ SZKÓŁ KATOLICKICH IM. ŚW. MIKOŁAJA,2021,"polski, matematyka, angielski",9.0,,,9.0,,,9.0,,
66360,SZKOŁA PODSTAWOWA W ŻURAWIU,2021,"polski, matematyka, angielski",5.0,,,5.0,,,5.0,,
43867,SZKOŁA PODSTAWOWA IM. MARII KONOPNICKIEJ W SĘDZIMIROWICACH,2021,"polski, matematyka, angielski",8.0,,,8.0,,,8.0,,
43910,SZKOŁA PODSTAWOWA WE WŁOCINIE,2021,"polski, matematyka, angielski",5.0,,,5.0,,,5.0,,
43786,SZKOŁA PODSTAWOWA W KWASKOWIE,2021,"polski, matematyka, angielski",9.0,,,9.0,,,9.0,,
62331,SZKOŁA PODSTAWOWA IM. KARDYNAŁA STEFANA WYSZYŃSKIEGO W CHLEWIE,2021,"polski, matematyka, angielski",8.0,,,8.0,,,8.0,,
62434,SZKOŁA PODSTAWOWA W LIPICZU,2021,"polski, matematyka, angielski",4.0,,,4.0,,,4.0,,
61932,SZKOŁA PODSTAWOWA W KASZEWIE,2021,"polski, matematyka, angielski",7.0,,,7.0,,,8.0,,
34391,SZKOŁA PODSTAWOWA IM. WŁADYSŁAWA REYMONTA W JEZIORSKU,2021,"polski, matematyka, angielski",7.0,,,7.0,,,5.0,,
69552,SZKOŁA PODSTAWOWA W BROSZKACH,2021,"polski, matematyka, angielski",5.0,,,5.0,,,5.0,,
70108,SZKOŁA PODSTAWOWA W UNIKOWIE,2021,"polski, matematyka, angielski",6.0,,,6.0,,,6.0,,
11497,SZKOŁA PODSTAWOWA W KĘSZYCACH,2021,"polski, matematyka, angielski",7.0,,,7.0,,,7.0,,
11496,SZKOŁA PODSTAWOWA W HUMINIE,2021,"polski, matematyka, angielski",3.0,,,3.0,,,3.0,,
56447,SZKOŁAPODSTAWOWA W LNIŚNIE,2021,"polski, matematyka, angielski",7.0,,,7.0,,,7.0,,
58563,PUBLICZNA SZKOŁA PODSTAWOWA W JANISŁAWICACH,2021,"polski, matematyka, angielski",4.0,,,4.0,,,4.0,,
103758,SZKOŁA PODSTAWOWA IM. JANUSZA KORCZAKA W DRZEWCACH,2021,"polski, matematyka, angielski",5.0,,,5.0,,,5.0,,
56669,SZKOŁA PODSTAWOWA W MSZADLI,2021,"polski, matematyka, angielski",4.0,,,4.0,,,4.0,,
22689,SZKOŁA PODSTAWOWA IM. JANA PAWŁA II W DĄBROWICACH,2021,"polski, matematyka, angielski",9.0,,,9.0,,,9.0,,
85513,SZKOŁA PODSTAWOWA IM. BOLESŁAWA CHROBREGO W PSZCZONOWIE,2021,"polski, matematyka, angielski",6.0,,,6.0,,,6.0,,
22722,SZKOŁA PODSTAWOWA IM. KSIĘDZA STEFANA KARDYNAŁA WYSZYŃSKIEGO W WOLI MAKOWSKIEJ,2021,"polski, matematyka, angielski",8.0,,,8.0,,,8.0,,
28220,SZKOŁA PODSTAWOWA IM. ARMII KRAJOWEJ W TRZCIANNIE,2021,"polski, matematyka, angielski",9.0,,,9.0,,,8.0,,
196420,SZKOŁA PODSTAWOWA IM. JÓZEFA WYBICKIEGO W STRZYBODZE,2021,"polski, matematyka, angielski",8.0,,,8.0,,,8.0,,
83570,SZKOŁA PODSTAWOWA IM JANUSZA KORCZAKA W MOKREJ LEWEJ,2021,"polski, matematyka, angielski",6.0,,,6.0,,,6.0,,
83932,SZKOŁA PODSTAWOWA IM. MARII KONOPNICKIEJ W SIERAKOWICACH PRAWYCH,2021,"polski, matematyka, angielski",9.0,,,9.0,,,9.0,,
133786,SZKOŁA PODSTAWOWA IM. MARII RODZIEWICZÓWNY W ŻELAZNEJ,2021,"polski, matematyka, angielski",9.0,,,9.0,,,9.0,,
121704,SZKOŁA PODSTAWOWA W WINNEJ GÓRZE,2021,"polski, matematyka, angielski",8.0,,,8.0,,,8.0,,
75169,PUBLICZNA SZKOŁA PODSTAWOWA IM. JULIANA TUWIMA W INOWŁODZU,2021,"polski, matematyka, angielski",8.0,,,8.0,,,8.0,,
49107,PUBLICZNA SZKOŁA PODSTAWOWA,2021,"polski, matematyka, angielski",5.0,,,5.0,,,5.0,,
120312,KATOLICKA SZKOŁA PODSTAWOWA IM. NIEPOKALANEGO SERCA NAJŚWIĘTSZEJ MARYI PANNY KRÓLOWEJ POLSKI I ŚW. OJCA PIO W TOMASZOWIE MAZOWIECKIM,2021,"polski, matematyka, angielski",5.0,,,5.0,,,5.0,,
43904,SZKOŁA PODSTAWOWA IM. ŚW. HUBERTA W KOMOROWIE,2021,angielski,14.0,62.0,55.214285714285715,14.0,40.0,48.0,2.0,,
30902,PUBLICZNA SZKOŁA PODSTAWOWA W MŁYNISKU,2021,"polski, matematyka, angielski",9.0,,,9.0,,,9.0,,
90012,SZKOŁA PODSTAWOWA IM. JANA PAWŁA II W RYCHŁOCICACH,2021,"polski, matematyka, angielski",4.0,,,4.0,,,4.0,,
90013,SZKOŁA PODSTAWOWA W SZYNKIELOWIE,2021,"polski, matematyka, angielski",7.0,,,7.0,,,7.0,,
61580,KATOLICKA SZKOŁA PODSTAWOWA STOWARZYSZENIA PRZYJACIÓŁ SZKÓŁ KATOLICKICH IM. ŚW. FAUSTYNY KOWALSKIEJ W DROBNICACH,2021,angielski,10.0,58.0,61.2,10.0,42.0,48.4,4.0,,
86403,KATOLICKA SZKOŁA PODSTAWOWA STOWARZYSZENIA PRZYJACIÓŁ SZKÓŁ KATOLICKICH IM. ŚW. BRATA ALBERTA CHMIELOWSKIEGO W CZERNICACH,2021,"polski, matematyka, angielski",3.0,,,3.0,,,3.0,,
80414,SZKOŁA PODSTAWOWA W JANOWIE,2021,"polski, matematyka, angielski",8.0,,,8.0,,,8.0,,
79270,SZKOŁA PODSTAWOWA W SKRZYNNIE,2021,"polski, matematyka, angielski",6.0,,,6.0,,,6.0,,
79267,SZKOŁA PODSTAWOWA W OKALEWIE,2021,"polski, matematyka, angielski",5.0,,,5.0,,,5.0,,
48203,SZKOŁA PODSTAWOWA W SIEŃCU,2021,"polski, matematyka, angielski",5.0,,,5.0,,,5.0,,
83680,SZKOŁA PODSTAWOWA IM. WINCENTEGO WITOSA W RUDZIE,2021,"polski, matematyka",9.0,,,9.0,,,10.0,89.0,77.7
83704,PUBLICZNA SZKOŁA PODSTAWOWA STOWARZYSZENIA PRZYJACIÓŁ SZKÓŁ KATOLICKICH IM. ŚW. JANA PAWŁA II W KADŁUBIE,2021,"polski, matematyka, angielski",9.0,,,9.0,,,9.0,,
263982,PUBLICZNA SZKOŁA PODSTAWOWA STOWARZYSZENIA PRZYJACIÓŁ SZKÓŁ KATOLICKICH IM. BŁ. KS. MAKSYMILIANA BINKIEWICZA,2021,"polski, matematyka, angielski",4.0,,,4.0,,,4.0,,
13915,SZKOŁA PODSTAWOWA IM. ŚWIĘTEGO JANA PAWŁA II W TOPOROWIE,2021,"polski, matematyka, angielski",7.0,,,7.0,,,7.0,,
105761,ZESPÓŁ SZKOLNO-PRZEDSZKOLNY W CHRÓŚCINIE PUBLICZNA SZKOŁA PODSTAWOWA W CHRÓŚCINIE,2021,"polski, matematyka, angielski",5.0,,,5.0,,,5.0,,
105556,ZESPÓŁ SZKOLNO-PRZEDSZKOLNY W ŻDŻARACH PUBLICZNA SZKOŁA PODSTAWOWA W ŻDŻARACH,2021,"polski, matematyka, angielski",9.0,,,9.0,,,9.0,,
105779,ZESPÓŁ SZKOLNO-PRZEDSZKOLNY W MIELESZYNIE PUBLICZNA SZKOŁA PODSTAWOWA W MIELESZYNIE,2021,"polski, matematyka, angielski",7.0,,,7.0,,,7.0,,
11124,SZKOŁA PODSTAWOWA W RADOSTOWIE,2021,"polski, matematyka, angielski",2.0,,,2.0,,,2.0,,
79051,SZKOŁA PODSTAWOWA W OSTRÓWKU,2021,angielski,11.0,62.0,62.90909090909091,11.0,64.0,54.90909090909091,,,
80217,SZKOŁA PODSTAWOWA IM.H.SIENKIEWICZA W WĘGLEWICACH,2021,"polski, matematyka, angielski",7.0,,,7.0,,,,,
80215,SZKOŁA PODSTAWOWA W NIWISKACH,2021,"polski, matematyka, angielski",8.0,,,8.0,,,3.0,,
80216,SZKOŁA PODSTAWOWA W OSIEKU,2021,"polski, matematyka, angielski",9.0,,,9.0,,,5.0,,
48960,KATOLICKA SZKOŁA PODSTAWOWA STOWARZYSZENIA PRZYJACIÓŁ SZKÓŁ KATOLICKICH IM. JANA PAWŁA II W CHOJNACH,2021,"polski, matematyka, angielski",3.0,,,3.0,,,3.0,,
24393,SZKOŁA PODSTAWOWA W PICHLICACH,2021,"polski, matematyka, angielski",5.0,,,5.0,,,5.0,,
27112,SZKOŁA PODSTAWOWA W STARYM OCHĘDZYNIE,2021,"polski, matematyka, angielski",4.0,,,4.0,,,4.0,,
49737,SZKOŁA PODSTAWOWA W TEKLINOWIE,2021,"polski, matematyka, angielski",5.0,,,5.0,,,5.0,,
49738,SZKOŁA PODSTAWOWA W WYSZANOWIE,2021,"polski, matematyka, angielski",8.0,,,8.0,,,8.0,,
64001,SZKOŁA PODSTAWOWA IM.ARMII GEN. ANDERSA W ŁUBNICACH,2021,"polski, matematyka, angielski",9.0,,,9.0,,,9.0,,
63993,SZKOŁA PODSTAWOWA W WÓJCINIE,2021,"polski, matematyka, angielski",8.0,,,8.0,,,8.0,,
40636,SZKOŁA PODSTAWOWA W KROKOCICACH,2021,"polski, matematyka, angielski",2.0,,,2.0,,,2.0,,
69853,SPOŁECZNA SZKOŁA PODSTAWOWA W REMBIESZOWIE,2021,"polski, matematyka, angielski",4.0,,,4.0,,,4.0,,
269894,"SZKOŁA PODSTAWOWA DLA DOROSŁYCH ""DR PIONTEK"" W ZDUŃSKIEJ WOLI",2021,"polski, matematyka, angielski",4.0,,,4.0,,,4.0,,
263161,"PRYWATNA SZKOŁA PODSTAWOWA Z ODDZIAŁAMI INTEGRACYJNYMI ""SCHOLAR""",2021,"polski, matematyka, angielski",7.0,,,7.0,,,7.0,,
119303,SZKOŁA PODSTAWOWA IM.JÓZEFA CHEŁMOŃSKIEGO W POPOWIE GŁOWIEŃSKIM,2021,angielski,11.0,69.0,56.0,11.0,60.0,50.54545454545455,4.0,,
21893,SZKOŁA PODSTAWOWA IM. STANISŁAWA JACHOWICZA W LEŚMIERZU,2021,angielski,16.0,58.0,59.6875,16.0,52.0,46.5,8.0,,
34489,SZKOŁA PODSTAWOWA IM. HENRYKA SIENKIEWICZA W NIESUŁKOWIE,2021,"polski, matematyka, angielski",4.0,,,4.0,,,4.0,,
269491,NIEPUBLICZNA SZKOŁA PODSTAWOWA SPECJALNA Z ODDZIAŁAMI PRZYSPOSABIAJĄCYMI DO PRACY W DOBIESZKOWIE,2021,"matematyka, angielski",10.0,16.0,15.3,9.0,,,9.0,,
7505,SPOŁECZNA SZKOŁA PODSTAWOWA W RESTARZEWIE,2021,"polski, matematyka, angielski",2.0,,,2.0,,,2.0,,
5292,NIEPUBLICZNA SZKOŁA PODSTAWOWA IM. LOTNIKÓW ŁASKICH W TEODORACH,2021,"polski, matematyka, angielski",6.0,,,6.0,,,6.0,,
44611,NIEPUBLICZNA SZKOŁA PODSTAWOWA W ŁOPATKACH,2021,"polski, matematyka, angielski",5.0,,,5.0,,,5.0,,
3668,NIEPUBLICZNA SZKOŁA PODSTAWOWA WE WRZESZCZEWICACH,2021,"polski, matematyka, angielski",5.0,,,5.0,,,5.0,,
60985,SZKOŁA PODSTAWOWA IM.PREZYDENTA RP I.MOŚCICKIEGO W SOBOCIE,2021,"polski, matematyka, angielski",9.0,,,9.0,,,9.0,,
57846,SZKOŁA PODSTAWOWA W OSZKOWICACH,2021,"polski, matematyka, angielski",3.0,,,3.0,,,3.0,,
24470,SZKOŁA PODSTAWOWA IM. JÓZEFA UFY W MASTKACH,2021,"polski, matematyka, angielski",8.0,,,8.0,,,8.0,,
3892,PUBLICZNA SZKOŁA PODSTAWOWA W ŁAGUSZEWIE,2021,"polski, matematyka, angielski",5.0,,,5.0,,,2.0,,
104827,SZKOŁA PODSTAWOWA W GĄGOLINIE POŁUDNIOWYM,2021,"polski, matematyka, angielski",8.0,,,8.0,,,7.0,,
58816,SZKOŁA PODSTAWOWA IM. WŁADYSŁAWA BRONIEWSKIEGO W BEŁCHOWIE,2021,"polski, matematyka, angielski",4.0,,,4.0,,,4.0,,
60480,SZKOŁA PODSTAWOWA W NIEDŹWIADZIE,2021,"polski, matematyka, angielski",6.0,,,6.0,,,6.0,,
31038,SZKOŁA PODSTAWOWA IM.BOHATERÓW WRZEŚNIA W DĄBKOWICACH,2021,"polski, matematyka, angielski",7.0,,,7.0,,,7.0,,
60475,SZKOŁA PODSTAWOWA W JAMNIE,2021,"polski, matematyka, angielski",8.0,,,8.0,,,8.0,,
16889,SZKOŁA PODSTAWOWA W STACHLEWIE,2021,"polski, matematyka, angielski",9.0,,,9.0,,,9.0,,
16894,SZKOŁA PODSTAWOWA W KALENICACH,2021,"polski, matematyka, angielski",8.0,,,8.0,,,8.0,,
16881,SZKOŁA PODSTAWOWA W SELIGOWIE,2021,"polski, matematyka, angielski",4.0,,,4.0,,,4.0,,
10147,SZKOŁA PODSTAWOWA IM. JANA BRZECHWY W BĘDZELINIE,2021,"polski, matematyka, angielski",5.0,,,5.0,,,5.0,,
268758,PUBLICZNA SZKOŁA PODSTAWOWA OO.BERNARDYNÓW W WIĄCZYNIU DOLNYM,2021,"polski, matematyka, angielski",7.0,,,7.0,,,6.0,,
25775,FAMILY ELEMENTARY SCHOOL RODZINNA SZKOŁA PODSTAWOWA,2021,"polski, matematyka, angielski",2.0,,,2.0,,,2.0,,
41993,SZKOŁA PODSTAWOWA SPECJALNA NR 214,2021,angielski,10.0,10.0,15.9,10.0,14.0,14.8,9.0,,
276163,SZKOŁA PODSTAWOWA KORNELÓWKA-PRZYSTAŃ,2021,"polski, matematyka, angielski",7.0,,,7.0,,,7.0,,
27041,"SZKOŁA PODSTAWOWA FUNDACJI OŚWIATOWEJ ""NASZA SZKOŁA"" W ŁODZI",2021,"polski, matematyka, angielski",9.0,,,9.0,,,9.0,,
133445,"SZKOŁA PODSTAWOWA ""EDUKACJA I SPORT"" W ŁODZI",2021,"polski, matematyka, angielski",2.0,,,2.0,,,4.0,,
272796,NIEPUBLICZNA SZKOŁA PODSTAWOWA Z ASPI-RACJAMI,2021,"polski, matematyka, angielski",1.0,,,1.0,,,1.0,,
264909,NIEPUBLICZNA SZKOŁA PODSTAWOWA PRACOWNIA,2021,"polski, matematyka, angielski",6.0,,,6.0,,,6.0,,
265698,SZKOŁA PODSTAWOWA SPECJALNA NR 209,2021,"polski, matematyka, angielski",6.0,,,6.0,,,6.0,,
271588,NIEPUBLICZNA SZKOŁA PODSTAWOWA FUNDACJI PRZYSZŁOŚĆ DLA EDUKACJI,2021,"polski, matematyka, angielski",1.0,,,1.0,,,1.0,,
272802,NAZARET-SZKOŁA PODSTAWOWA,2021,"polski, matematyka, angielski",8.0,,,8.0,,,8.0,,
119365,"SZKOŁA PODSTAWOWA FUNDACJI ""SŁONECZNA KRAINA""",2021,"polski, matematyka, angielski",4.0,,,4.0,,,4.0,,
119364,"PUBLICZNA SZKOŁA PODSTAWOWA ""MILESZKI"" W ŁODZI",2021,"polski, matematyka, angielski",9.0,,,9.0,,,8.0,,
41991,SZKOŁA PODSTAWOWA SPECJALNA NR 212,2021,"polski, matematyka, angielski",9.0,,,9.0,,,9.0,,
272444,"SZKOŁA PODSTAWOWA DLA DOROSŁYCH ""DR PIONTEK""",2021,"polski, matematyka, angielski",7.0,,,5.0,,,7.0,,
28084,SZKOŁA PODSTAWOWA SPECJALNA NR 145,2021,"polski, matematyka, angielski",9.0,,,9.0,,,9.0,,
91134,SZKOŁA PODSTAWOWA IM.PROF.WACŁAWA FELCZAKA W CHORKACH,2021,"polski, matematyka, angielski",9.0,,,9.0,,,9.0,,
91135,SZKOŁA PODSTAWOWA W KADZIDŁOWEJ,2021,"polski, matematyka, angielski",9.0,,,9.0,,,9.0,,
47153,SZKOŁA PODSTAWOWA,2021,"polski, matematyka, angielski",7.0,,,7.0,,,7.0,,
10951,SZKOŁA PODSTAWOWA IM. ORŁA BIAŁEGO W SIEDLCU,2021,"polski, matematyka, angielski",8.0,,,8.0,,,8.0,,
131215,SZKOŁA PODSTAWOWA SPECJALNA NR 2 W STEMPLEWIE,2021,"polski, matematyka, angielski",6.0,,,6.0,,,6.0,,
6447,PUBLICZNA SZKOŁA PODSTAWOWA IM. KORNELA MAKUSZYŃSKIEGO W SIESŁAWICACH,2021,"polski, matematyka, angielski",6.0,,,6.0,,,4.0,,
128130,SPOŁECZNA SZKOŁA PODSTAWOWA W SŁABKOWICACH,2021,"polski, matematyka, angielski",2.0,,,2.0,,,2.0,,
22748,SZKOŁA PODSTAWOWA W RACZYCACH,2021,"polski, matematyka, angielski",8.0,,,8.0,,,8.0,,
196372,SZKOŁA PODSTAWOWA W JARZĄBKACH,2021,"polski, matematyka, angielski",8.0,,,8.0,,,8.0,,
196375,SZKOŁA PODSTAWOWA W BALICACH,2021,"polski, matematyka, angielski",4.0,,,4.0,,,4.0,,
22731,SZKOŁA PODSTAWOWA W BRZOSTKOWIE,2021,"polski, matematyka, angielski",6.0,,,6.0,,,6.0,,
22737,PUBLICZNA SZKOŁA PODSTAWOWA W STARYM KORCZYNIE,2021,"polski, matematyka, angielski",2.0,,,2.0,,,2.0,,
60790,SZKOŁA PODSTAWOWA IM. FUNDACJI ZOFII I WŁADYSŁAWA POKUSÓW WSPIERANIA EDUKACJI MŁODZIEŻY WIEJSKIEJ W OBLEKONIU,2021,"polski, matematyka, angielski",5.0,,,5.0,,,5.0,,
77451,SZKOŁA PODSTAWOWA W ZESPOLE PUBLICZNYCH PLACÓWEK OŚWIATOWYCH W WÓJCZY,2021,"polski, matematyka, angielski",7.0,,,7.0,,,7.0,,
63447,SZKOŁA PODSTAWOWA W SKOTNIKACH DOLNYCH,2021,"polski, matematyka, angielski",5.0,,,5.0,,,5.0,,
42303,SAMORZĄDOWA SZKOŁA PODSTAWOWA W MIERZWINIE,2021,"polski, matematyka, angielski",9.0,,,9.0,,,9.0,,
57101,SZKOŁA PODSTAWOWA W ŁYSAKOWIE,2021,"polski, matematyka, angielski",8.0,,,8.0,,,8.0,,
57652,SZKOŁA PODSTAWOWA IM. BŁ. WINCENTEGO KADŁUBKA W PRZĄSŁAWIU,2021,"polski, matematyka, angielski",4.0,,,4.0,,,4.0,,
263360,NIEPUBLICZNA SZKOŁA PODSTAWOWA W JĘDRZEJOWIE,2021,"polski, matematyka, angielski",8.0,,,8.0,,,8.0,,
57656,SZKOŁA PODSTAWOWA IM. ROALDA AMUNDSENA W SKRONIOWIE,2021,"polski, matematyka, angielski",8.0,,,8.0,,,8.0,,
57649,SZKOŁA PODSTAWOWA W PODCHOJNACH,2021,"polski, matematyka, angielski",6.0,,,6.0,,,6.0,,
81044,NIEPUBLICZNA SZKOŁA PODSTAWOWA W BRUSIE,2021,"polski, matematyka, angielski",5.0,,,5.0,,,5.0,,
56607,SZKOŁA PODSTAWOWA IM. KS. STANISŁAWA HIERONIMA KONARSKIEGO,2021,"polski, matematyka, angielski",3.0,,,3.0,,,3.0,,
83632,SZKOŁA PODSTAWOWA W WARZYNIE PIERWSZYM,2021,"polski, matematyka, angielski",6.0,,,6.0,,,6.0,,
19726,SZKOŁA PODSTAWOWA W WĘGLESZYNIE,2021,angielski,10.0,50.0,50.5,10.0,38.0,38.8,8.0,,
22560,SZKOŁA PODSTAWOWA W SOKOŁOWIE DOLNYM,2021,"polski, matematyka, angielski",5.0,,,5.0,,,5.0,,
105452,SZKOŁA PODSTAWOWA W KORYTNICY,2021,"polski, matematyka, angielski",5.0,,,5.0,,,5.0,,
23801,SZKOŁA PODSTAWOWA W LIPIE,2021,"polski, matematyka, angielski",4.0,,,4.0,,,4.0,,
23800,SZKOŁA PODSTAWOWA W CHOMENTOWIE,2021,"polski, matematyka, angielski",3.0,,,3.0,,,3.0,,
126697,SZKOŁA PODSTAWOWA IM. JANA PAWŁA II W KRZCIĘCICACH,2021,"polski, matematyka, angielski",5.0,,,5.0,,,5.0,,
126693,SZKOŁA PODSTAWOWA IM. BOHATERÓW ARMII KRAJOWEJ W TARNAWIE,2021,"polski, matematyka, angielski",2.0,,,2.0,,,2.0,,
272679,SZKOŁA PODSTAWOWA IM. ŚW. HUBERTA W MSTYCZOWIE,2021,"polski, matematyka, angielski",6.0,,,6.0,,,6.0,,
119259,NIEPUBLICZNA SZKOŁA PODSTAWOWA SPECJALNA W WĘGRZYNOWIE,2021,"polski, matematyka, angielski",6.0,,,6.0,,,2.0,,
7975,SZKOŁA PODSTAWOWA IM. JEDNOSTKI ZIEMI KIELECKIEJ W MIERZAWIE,2021,"polski, matematyka, angielski",6.0,,,6.0,,,6.0,,
7973,SAMORZĄDOWA SZKOŁA PODSTAWOWA IM. JANA PAWŁA II W BRZEŚCIU,2021,"polski, matematyka, angielski",7.0,,,7.0,,,7.0,,
7976,SZKOŁA PODSTAWOWA W NIEGOSŁAWICACH,2021,"polski, matematyka, angielski",7.0,,,7.0,,,7.0,,
7974,SAMORZĄDOWA SZKOŁA PODSTAWOWA IM. ADAMA MICKIEWICZA W LUBCZY,2021,"polski, matematyka, angielski",2.0,,,2.0,,,2.0,,
7977,SZKOŁA PODSTAWOWA „POMNIK TYSIĄCLECIA” IM. PARTYZANTÓW ZIEMI KIELECKIEJ W PIOTRKOWICACH,2021,"polski, matematyka, angielski",8.0,,,8.0,,,8.0,,
131517,SZKOŁA PODSTAWOWA Z ODDZIAŁAMI PRZEDSZKOLNYMI „SZKOŁA TWÓRCZA” O UPRAWNIENIACH SZKOŁY PUBLICZNEJ KSZTAŁCĄCEJ MŁODZIEŻ W CUDZYNOWICACH,2021,"polski, matematyka, angielski",9.0,,,9.0,,,9.0,,
6891,SZKOŁA PODSTAWOWA NR 4 W KIELCACH,2021,"polski, matematyka, angielski",7.0,,,7.0,,,7.0,,
83418,OGÓLNOKSZTAŁCĄCA SZKOŁA MUZYCZNA I STOPNIA W KIELCACH,2021,"polski, matematyka, angielski",5.0,,,5.0,,,4.0,,
262920,NIEPUBLICZNA SZKOŁA PODSTAWOWA W KIELCACH,2021,"polski, matematyka, angielski",8.0,,,8.0,,,8.0,,
272939,SZKOŁA PODSTAWOWA Z ODDZIAŁAMI PRZEDSZKOLNYMI „REED MONTESSORI SCHOOL”,2021,"polski, matematyka, angielski",6.0,,,6.0,,,6.0,,
10119,SZKOŁA PODSTAWOWA W MAKOSZYNIE,2021,"polski, matematyka, angielski",8.0,,,8.0,,,8.0,,
9376,SZKOŁA PODSTAWOWA W BELNIE,2021,"polski, matematyka, angielski",6.0,,,6.0,,,6.0,,
10159,SZKOŁA PODSTAWOWA W HUCIE STAREJ,2021,"polski, matematyka, angielski",3.0,,,3.0,,,3.0,,
10154,SZKOŁA PODSTAWOWA W HUCIE PODŁYSICY,2021,"polski, matematyka, angielski",6.0,,,6.0,,,6.0,,
72339,SZKOŁA PODSTAWOWA W WOLI SZCZYGIEŁKOWEJ,2021,"polski, matematyka, angielski",4.0,,,4.0,,,4.0,,
72337,SZKOŁA PODSTAWOWA IM. STEFANA ŻEROMSKIEGO W PSARACH STAREJ WSI,2021,"polski, matematyka, angielski",6.0,,,6.0,,,6.0,,
119637,SZKOŁA PODSTAWOWA W ŚNIADCE,2021,"polski, matematyka, angielski",4.0,,,4.0,,,4.0,,
265076,NIEPUBLICZNA SZKOŁA PODSTAWOWA W LEŚNEJ,2021,"polski, matematyka, angielski",7.0,,,7.0,,,7.0,,
75963,SZKOŁA PODSTAWOWA W RADKOWICACH,2021,"polski, matematyka, angielski",8.0,,,8.0,,,8.0,,
62599,SZKOŁA PODSTAWOWA IM. JANUSZA KORCZAKA W TOKARNI,2021,"polski, matematyka, angielski",8.0,,,8.0,,,8.0,,
264817,SZKOŁA PODSTAWOWA SPECJALNA W PODZAMCZU,2021,"polski, matematyka, angielski",6.0,,,6.0,,,6.0,,
3577,SZKOŁA PODSTAWOWA W BRZECHOWIE,2021,"polski, matematyka, angielski",8.0,,,8.0,,,8.0,,
53781,SZKOŁA PODSTAWOWA IM. EDMUNDA NIZIURSKIEGO W SŁOPCU,2021,"polski, matematyka, angielski",7.0,,,7.0,,,7.0,,
53731,PUBLICZNA SZKOŁA PODSTAWOWA W MARZYSZU,2021,"polski, matematyka, angielski",7.0,,,7.0,,,7.0,,
19412,PUBLICZNA SZKOŁA PODSTAWOWA W SZCZECNIE,2021,"polski, matematyka, angielski",6.0,,,6.0,,,6.0,,
3801,PUBLICZNA SZKOŁA PODSTAWOWA IM. ŚWIĘTEJ JADWIGI KRÓLOWEJ W BORKOWIE,2021,"polski, matematyka, angielski",3.0,,,3.0,,,2.0,,
20728,SZKOŁA PODSTAWOWA IM. NOBLISTÓW POLSKICH W LESZCZYNACH,2021,"polski, matematyka, angielski",9.0,,,9.0,,,9.0,,
20730,SZKOŁA PODSTAWOWA W SKORZESZYCACH IM. JANA PAWŁA II,2021,"polski, matematyka, angielski",9.0,,,9.0,,,9.0,,
20148,SZKOŁA PODSTAWOWA W CIERCHACH,2021,"polski, matematyka, angielski",5.0,,,5.0,,,5.0,,
92088,SZKOŁA PODSTAWOWA W ROGOWICACH,2021,"polski, matematyka, angielski",6.0,,,6.0,,,6.0,,
52461,PUBLICZNA SZKOŁA PODSTAWOWA W WOLI MORAWICKIEJ,2021,"polski, matematyka, angielski",2.0,,,2.0,,,2.0,,
53302,PUBLICZNA SZKOŁA PODSTAWOWA W LISOWIE,2021,"polski, matematyka, angielski",4.0,,,4.0,,,5.0,,
13815,SZKOŁA PODSTAWOWA W STAREJ SŁUPI,2021,"polski, matematyka, angielski",7.0,,,7.0,,,7.0,,
7028,SZKOŁA PODSTAWOWA W JELENIOWIE,2021,"polski, matematyka, angielski",2.0,,,2.0,,,2.0,,
73049,SZKOŁA PODSTAWOWA W PAPROCICACH,2021,"polski, matematyka, angielski",5.0,,,5.0,,,5.0,,
7192,SZKOŁA PODSTAWOWA W MIROCICACH,2021,"polski, matematyka, angielski",2.0,,,2.0,,,2.0,,
73050,SZKOŁA PODSTAWOWA IM. HENRYKA SIENKIEWICZA W ŁOSIENIU,2021,"polski, matematyka, angielski",7.0,,,7.0,,,7.0,,
42432,SZKOŁA PODSTAWOWA INTEGRACYJNA IM. 100-LECIA ODZYSKANIA NIEPODLEGŁOŚCI PRZEZ POLSKĘ W MICIGOŹDZIE,2021,"polski, matematyka, angielski",9.0,,,9.0,,,9.0,,
6702,SPOŁECZNA SZKOŁA PODSTAWOWA IM. JANA PAWŁA II W DRUGNI,2021,"polski, matematyka, angielski",9.0,,,9.0,,,9.0,,
133561,SZKOŁA PODSTAWOWA W BARDZIE,2021,"polski, matematyka, angielski",5.0,,,5.0,,,5.0,,
8909,SZKOŁA PODSTAWOWA SPECJALNA W REMBOWIE,2021,"polski, matematyka, angielski",4.0,,,4.0,,,4.0,,
16723,SZKOŁA PODSTAWOWA W RUDZIE STRAWCZYŃSKIEJ,2021,"polski, matematyka, angielski",9.0,,,9.0,,,9.0,,
14939,SZKOŁA PODSTAWOWA W NIEDŹWIEDZIU,2021,"polski, matematyka, angielski",9.0,,,9.0,,,9.0,,
47083,SZKOŁA PODSTAWOWA IM. ARMII KRAJOWEJ W KAJETANOWIE,2021,"polski, matematyka, angielski",4.0,,,4.0,,,4.0,,
7640,SZKOŁA PODSTAWOWA NR 1 IM. NAUCZYCIELI TAJNEGO NAUCZANIA W ZAGNAŃSKU,2021,"polski, matematyka, angielski",7.0,,,7.0,,,7.0,,
12836,SZKOŁA PODSTAWOWA W DOBRZESZOWIE,2021,"polski, matematyka, angielski",7.0,,,7.0,,,7.0,,
20068,SZKOŁA PODSTAWOWA W KOPANINACH,2021,"polski, matematyka, angielski",8.0,,,8.0,,,1.0,,
20590,ZESPÓŁ PLACÓWEK OŚWIATOWYCH W MODLISZEWICACH SZKOŁA PODSTAWOWA W MODLISZEWICACH,2021,"polski, matematyka, angielski",8.0,,,8.0,,,8.0,,
5199,"SZKOŁA PODSTAWOWA IM. MAJORA HENRYKA DOBRZAŃSKIEGO ""HUBALA"" W KŁUCKU",2021,"polski, matematyka, angielski",8.0,,,8.0,,,8.0,,
5198,SZKOŁA PODSTAWOWA IM. HENRYKA SIENKIEWICZA W GÓRNIKACH,2021,"polski, matematyka, angielski",8.0,,,8.0,,,8.0,,
264112,SPECJALNA SZKOŁA PODSTAWOWA W JÓŹWIKOWIE,2021,"polski, matematyka, angielski",4.0,,,4.0,,,4.0,,
66471,NIEPUBLICZNA SZKOŁA PODSTAWOWA W GOSANIU,2021,"polski, matematyka, angielski",2.0,,,2.0,,,2.0,,
7322,NIEPUBLICZNA SZKOŁA PODSTAWOWA W MNINIE,2021,"polski, matematyka, angielski",5.0,,,5.0,,,5.0,,
64552,PUBLICZNA SZKOŁA PODSTAWOWA W PIÓRKOWIE,2021,"polski, matematyka, angielski",8.0,,,8.0,,,8.0,,
64551,PUBLICZNA SZKOŁA PODSTAWOWA WE WSZACHOWIE,2021,"polski, matematyka, angielski",8.0,,,8.0,,,8.0,,
51263,PUBLICZNA SZKOŁA PODSTAWOWA W MODLIBORZYCACH,2021,"polski, matematyka, angielski",9.0,,,9.0,,,9.0,,
262583,PUBLICZNA SZKOŁA PODSTAWOWA W MYDŁOWIE,2021,"polski, matematyka, angielski",9.0,,,9.0,,,9.0,,
262584,PUBLICZNA SZKOŁA PODSTAWOWA W UJEŹDZIE,2021,"polski, matematyka, angielski",8.0,,,8.0,,,8.0,,
53181,SZKOŁA PODSTAWOWA IM. JANA PAWŁA II W KOBYLANACH,2021,"polski, matematyka, angielski",4.0,,,4.0,,,4.0,,
90218,PUBLICZNA SZKOŁA PODSTAWOWA W LASOCINIE,2021,"polski, matematyka, angielski",8.0,,,8.0,,,8.0,,
60326,SZKOŁA PODSTAWOWA W JANOWICACH,2021,"polski, matematyka, angielski",8.0,,,8.0,,,8.0,,
60324,PUBLICZNA SZKOŁA PODSTAWOWA W PISARACH,2021,"polski, matematyka, angielski",6.0,,,6.0,,,6.0,,
20558,SZKOŁA PODSTAWOWA W DURANOWIE,2021,"polski, matematyka, angielski",2.0,,,2.0,,,2.0,,
85970,PUBLICZNA SZKOŁA PODSTAWOWA W STODOŁACH,2021,"polski, matematyka, angielski",7.0,,,7.0,,,7.0,,
85881,PUBLICZNA SZKOŁA PODSTAWOWA W WOJCIECHOWICACH IM. GEN. FRANCISZKA KAMIŃSKIEGO KOMENDANTA GŁÓWNEGO BCH,2021,"polski, matematyka, angielski",6.0,,,6.0,,,6.0,,
85994,PUBLICZNA SZKOŁA PODSTAWOWA IM. OFIAR KATYNIA W GIERCZYCACH,2021,"polski, matematyka, angielski",6.0,,,6.0,,,6.0,,
48614,PUBLICZNA SZKOŁA PODSTAWOWA IM. LEGIONÓW POLSKICH W OKOLE,2021,"polski, matematyka, angielski",3.0,,,3.0,,,3.0,,
65283,PUBLICZNA SZKOŁA PODSTAWOWA W SZWARSZOWICACH,2021,"polski, matematyka, angielski",8.0,,,8.0,,,8.0,,
89981,SZKOŁA PODSTAWOWA IM. STANISŁAWA STASZICA W NIETULISKU DUŻYM,2021,"polski, matematyka, angielski",2.0,,,2.0,,,2.0,,
85087,PUBLICZNA SZKOŁA PODSTAWOWA W JANIKU,2021,"polski, matematyka, angielski",9.0,,,9.0,,,9.0,,
272863,PUBLICZNA SZKOŁA PODSTAWOWA W WYMYSŁOWIE,2021,"polski, matematyka, angielski",3.0,,,3.0,,,3.0,,
127794,SZKOŁA PODSTAWOWA W CZĘSTOCICACH IM. KAWALERÓW ORDERU UŚMIECHU,2021,"polski, matematyka, angielski",7.0,,,7.0,,,7.0,,
262986,NIEPUBLICZNA SPECJALNA SZKOŁA PODSTAWOWA W OSTROWCU ŚWIĘTOKRZYSKIM,2021,"polski, matematyka, angielski",8.0,,,8.0,,,6.0,,
124796,SZKOŁA PODSTAWOWA NR 15 W ZAKŁADZIE POPRAWCZYM W OSTROWCU ŚWIĘTOKRZYSKIM,2021,"polski, matematyka, angielski",1.0,,,1.0,,,,,
69464,PUBLICZNA SZKOŁA PODSTAWOWA W NOWYM SKOSZYNIE,2021,"polski, matematyka, angielski",7.0,,,7.0,,,7.0,,
69465,PUBLICZNA SZKOŁA PODSTAWOWA W BOLESZYNIE,2021,"polski, matematyka, angielski",9.0,,,9.0,,,9.0,,
69878,SZKOŁA PODSTAWOWA W DZIERĄŻNI,2021,"polski, matematyka, angielski",7.0,,,7.0,,,7.0,,
69956,SZKOŁA PODSTAWOWA W STĘPOCICACH,2021,"polski, matematyka, angielski",6.0,,,6.0,,,6.0,,
77888,SAMORZĄDOWA SZKOŁA PODSTAWOWA W SĘDOWICACH,2021,"polski, matematyka, angielski",8.0,,,8.0,,,8.0,,
77887,SAMORZĄDOWA SZKOŁA PODSTAWOWA W GÓRACH,2021,"polski, matematyka, angielski",9.0,,,9.0,,,9.0,,
133580,SAMORZĄDOWA SZKOŁA PODSTAWOWA W WĘCHADŁOWIE,2021,"polski, matematyka, angielski",3.0,,,3.0,,,3.0,,
262206,NIEPUBLICZNA SZKOŁA PODSTAWOWA W PIŃCZOWIE,2021,"polski, matematyka, angielski",4.0,,,4.0,,,4.0,,
17206,SZKOŁA PODSTAWOWA W ZAGOŚCI,2021,"polski, matematyka, angielski",5.0,,,5.0,,,5.0,,
17205,SZKOŁA PODSTAWOWA W MŁODZAWACH,2021,"polski, matematyka, angielski",7.0,,,7.0,,,7.0,,
17204,SZKOŁA PODSTAWOWA W BRZEŚCIU,2021,"polski, matematyka, angielski",3.0,,,3.0,,,3.0,,
124776,SZKOŁA PODSTAWOWA NR 1 W SCHRONISKU DLA NIELETNICH W GACKACH,2021,"polski, matematyka, angielski",3.0,,,3.0,,,3.0,,
43538,SZKOŁA PODSTAWOWA W CHROBRZU,2021,"polski, matematyka, angielski",7.0,,,7.0,,,6.0,,
43539,SZKOŁA PODSTAWOWA IM. J. JASIŃSKIEGO W MIERNOWIE,2021,"polski, matematyka, angielski",9.0,,,9.0,,,8.0,,
3466,SZKOŁA PODSTAWOWA IM. WINCENTEGO BURKA W GAŁKOWICACH,2021,"polski, matematyka, angielski",3.0,,,3.0,,,3.0,,
88006,SZKOŁA PODSTAWOWA IM. POWSTAŃCÓW STYCZNIOWYCH „PUŁAWIAKÓW” W GÓRACH WYSOKICH,2021,"polski, matematyka, angielski",5.0,,,5.0,,,5.0,,
48281,SZKOŁA PODSTAWOWA IM. STEFANA ŻEROMSKIEGO W WINIARACH,2021,"polski, matematyka, angielski",1.0,,,1.0,,,1.0,,
3433,SZKOŁA PODSTAWOWA IM. JANA PAWŁA II W MŚCIOWIE,2021,"polski, matematyka, angielski",2.0,,,2.0,,,2.0,,
3406,SZKOŁA PODSTAWOWA IM. ZAWISZY CZARNEGO HERBU SULIMA W STARYM GARBOWIE,2021,"polski, matematyka, angielski",4.0,,,4.0,,,4.0,,
14396,SZKOŁA PODSTAWOWA W OSSOLINIE,2021,"polski, matematyka, angielski",4.0,,,4.0,,,4.0,,
14377,SZKOŁA PODSTAWOWA W NAWODZICACH,2021,"polski, matematyka, angielski",4.0,,,4.0,,,4.0,,
14368,SZKOŁA PODSTAWOWA IM. BOHATERÓW BITWY POD KONARAMI W KONARACH,2021,"polski, matematyka, angielski",3.0,,,3.0,,,3.0,,
14386,SZKOŁA PODSTAWOWA W GOŹLICACH,2021,"polski, matematyka, angielski",3.0,,,3.0,,,3.0,,
89837,SZKOŁA PODSTAWOWA W POSTRONNEJ,2021,"polski, matematyka, angielski",4.0,,,4.0,,,4.0,,
105469,NIEPUBLICZNA SZKOŁA PODSTAWOWA IM. ŚW. JADWIGI KRÓLOWEJ W GNIESZOWICACH,2021,"polski, matematyka, angielski",1.0,,,1.0,,,1.0,,
106028,PUBLICZNA SZKOŁA PODSTAWOWA W GŁAZOWIE,2021,"polski, matematyka, angielski",6.0,,,6.0,,,6.0,,
14265,PUBLICZNA SZKOŁA PODSTAWOWA IM. BATALIONÓW CHŁOPSKICH W KLECZANOWIE,2021,"polski, matematyka, angielski",5.0,,,5.0,,,5.0,,
24787,PUBLICZNA SZKOŁA PODSTAWOWA IM. WŁADYSŁAWA REYMONTA W SKOTNIKACH,2021,"polski, matematyka, angielski",4.0,,,4.0,,,4.0,,
24786,PUBLICZNA SZKOŁA PODSTAWOWA W ŚMIECHOWICACH,2021,"polski, matematyka, angielski",2.0,,,2.0,,,2.0,,
24788,PUBLICZNA SZKOŁA PODSTAWOWA IM. ARMII KRAJOWEJ W ZAWIERZBIU,2021,"polski, matematyka, angielski",8.0,,,8.0,,,8.0,,
24785,PUBLICZNA SZKOŁA PODSTAWOWA W ZŁOTEJ,2021,"polski, matematyka, angielski",6.0,,,6.0,,,6.0,,
26352,SZKOŁA PODSTAWOWA W ŁUKAWIE,2021,"polski, matematyka, angielski",6.0,,,6.0,,,6.0,,
68016,SZKOŁA PODSTAWOWA W GRZYBOWEJ GÓRZE,2021,"polski, matematyka, angielski",8.0,,,8.0,,,8.0,,
68015,SZKOŁA PODSTAWOWA IM. ROTMISTRZA WITOLDA PILECKIEGO W KIERZU NIEDŹWIEDZIM,2021,"polski, matematyka, angielski",7.0,,,7.0,,,7.0,,
87820,SZKOŁA PODSTAWOWA SPECJALNA NR 3 W ZESPOLE PLACÓWEK RESOCJALIZACYJNO - WYCHOWAWCZYCH W SKARŻYSKU-KAMIENNEJ,2021,"polski, matematyka, angielski",3.0,,,3.0,,,3.0,,
40894,SZKOŁA PODSTAWOWA W ZALEZIANCE,2021,"polski, matematyka, angielski",3.0,,,3.0,,,3.0,,
34649,PUBLICZNA SZKOŁA PODSTAWOWA IM. JANA BARAŃSKIEGO W KRYNKACH,2021,"polski, matematyka, angielski",8.0,,,8.0,,,8.0,,
34647,SZKOŁA PODSTAWOWA IM. JANUSZA KORCZAKA W BRODACH,2021,"polski, matematyka, angielski",8.0,,,8.0,,,8.0,,
41089,PUBLICZNA SZKOŁA PODSTAWOWA W STAWIE KUNOWSKIM,2021,"polski, matematyka, angielski",8.0,,,8.0,,,8.0,,
41385,„MAŁA SZKOŁA” PUBLICZNA SZKOŁA PODSTAWOWA W RUDNIKU,2021,"polski, matematyka, angielski",2.0,,,2.0,,,2.0,,
262525,PUBLICZNA SZKOŁA PODSTAWOWA W LIPIU,2021,"polski, matematyka, angielski",3.0,,,3.0,,,3.0,,
60017,SZKOŁA PODSTAWOWA Z ODDZIAŁAMI INTEGRACYJNYMI W JAGODNEM,2021,"polski, matematyka, angielski",6.0,,,6.0,,,6.0,,
3318,SZKOŁA PODSTAWOWA IM. GUSTAWA KWIECIŃSKIEGO W OSINACH,2021,"polski, matematyka, angielski",8.0,,,8.0,,,8.0,,
79338,SZKOŁA PODSTAWOWA W TYCHOWIE NOWYM,2021,"polski, matematyka, angielski",8.0,,,8.0,,,8.0,,
40776,PUBLICZNA SZKOŁA PODSTAWOWA IM. KS. KARDYNAŁA STEFANA WYSZYŃSKIEGO W DĄBROWIE,2021,"polski, matematyka, angielski",5.0,,,5.0,,,5.0,,
29072,PUBLICZNA SZKOŁA PODSTAWOWA W ŁOMNIE,2021,"polski, matematyka, angielski",9.0,,,9.0,,,9.0,,
29071,PUBLICZNA SZKOŁA PODSTAWOWA W JADOWNIKACH,2021,"polski, matematyka, angielski",9.0,,,9.0,,,9.0,,
22760,SZKOŁA PODSTAWOWA NR 2 IM. JANA PAWŁA II W STARACHOWICACH,2021,"polski, matematyka, angielski",8.0,,,8.0,,,8.0,,
26548,SPOŁECZNA SZKOŁA PODSTAWOWA SPOŁECZNEGO TOWARZYSTWA OŚWIATOWEGO W STARACHOWICACH,2021,"polski, matematyka, angielski",9.0,,,9.0,,,9.0,,
267996,SSIL NIEPUBLICZNA SZKOŁA PODSTAWOWA DLA DOROSŁYCH W STARACHOWICACH,2021,"polski, matematyka, angielski",4.0,,,4.0,,,3.0,,
60859,SZKOŁA PODSTAWOWA IM. WOJSKA POLSKIEGO W PARSZOWIE,2021,"polski, matematyka, angielski",7.0,,,7.0,,,7.0,,
17392,PUBLICZNA SZKOŁA PODSTAWOWA W SZCZEGLICACH,2021,"polski, matematyka, angielski",9.0,,,9.0,,,9.0,,
43721,PUBLICZNA SZKOŁA PODSTAWOWA IM. ŚWIĘTEGO JANA PAWŁA II W SZWAGROWIE,2021,"polski, matematyka, angielski",7.0,,,7.0,,,7.0,,
43632,PUBLICZNA SZKOŁA PODSTAWOWA W PLISKOWOLI,2021,"polski, matematyka, angielski",6.0,,,6.0,,,6.0,,
13549,SZKOŁA PODSTAWOWA W ZRĘBINIE,2021,"polski, matematyka, angielski",5.0,,,5.0,,,5.0,,
71784,ZESPÓŁ SZKOLNO-PRZEDSZKOLNY PUBLICZNA SZKOŁA PODSTAWOWA IM. 100- LECIA ODZYSKANIA NIEPODLEGŁOŚCI W STRZEGOMIU,2021,"polski, matematyka, angielski",4.0,,,4.0,,,3.0,,
129333,PUBLICZNA SZKOŁA PODSTAWOWA IM. ODDZIAŁU PARTYZANCKIEGO AK „JĘDRUSIE” W SMERDYNIE,2021,"polski, matematyka, angielski",3.0,,,3.0,,,3.0,,
19457,PUBLICZNA SZKOŁA PODSTAWOWA IM. TADEUSZA KOŚCIUSZKI W KONIEMŁOTACH,2021,"polski, matematyka, angielski",7.0,,,7.0,,,7.0,,
19305,PUBLICZNA SZKOŁA PODSTAWOWA W WIĄZOWNICY DUŻEJ,2021,"polski, matematyka, angielski",4.0,,,4.0,,,4.0,,
40958,PUBLICZNA SZKOŁA PODSTAWOWA IM. WOJCIECHA SKUZY W ŁUBNICACH,2021,"polski, matematyka, angielski",7.0,,,7.0,,,7.0,,
40960,PUBLICZNA SZKOŁA PODSTAWOWA W BUDZISKACH,2021,"polski, matematyka, angielski",5.0,,,5.0,,,5.0,,
40962,PUBLICZNA SZKOŁA PODSTAWOWA W WILKOWEJ,2021,"polski, matematyka, angielski",6.0,,,6.0,,,6.0,,
275830,SZKOŁA PODSTAWOWA W ZESPOLE PRZEDSZKOLNO-SZKOLNYM W KOMORNIKACH,2021,"polski, matematyka, angielski",7.0,,,7.0,,,7.0,,
107458,SZKOŁA PODSTAWOWA IM. PRYMASA TYSIĄCLECIA W MIECZYNIE,2021,angielski,10.0,65.5,61.9,10.0,54.0,50.4,9.0,,
88137,PUBLICZNA SZKOŁA PODSTAWOWA W CHLEWICACH,2021,"polski, matematyka, angielski",5.0,,,5.0,,,5.0,,
16682,SZKOŁA PODSTAWOWA W ŻELISŁAWICACH,2021,"polski, matematyka, angielski",5.0,,,5.0,,,5.0,,
6909,SZKOŁA PODSTAWOWA IM. WINCENTEGO PRZYBYSZEWSKIEGO W BEBELNIE,2021,"polski, matematyka, angielski",8.0,,,8.0,,,8.0,,
69408,SZKOŁA PODSTAWOWA IM. JANA PAWŁA II W LUBCZYNIE,2021,"polski, matematyka, angielski",9.0,,,9.0,,,,,
69411,SZKOŁA PODSTAWOWA W JENIŃCU,2021,"polski, matematyka, angielski",9.0,,,9.0,,,1.0,,
9102,SZKOŁA PODSTAWOWA W LUBNIE IM. KOMBATANTÓW II WOJNY ŚWIATOWEJ,2021,"polski, matematyka, angielski",6.0,,,6.0,,,6.0,,
56167,SZKOŁA PODSTAWOWA W JANCZEWIE,2021,"polski, matematyka, angielski",9.0,,,9.0,,,5.0,,
20993,SZKOŁA PODSTAWOWA W DĄBROSZYNIE,2021,"polski, matematyka, angielski",7.0,,,7.0,,,7.0,,
18630,NIEPUBLICZNA SZKOŁA PODSTAWOWA W SOSNACH,2021,"polski, matematyka, angielski",6.0,,,6.0,,,6.0,,
264271,EDUATUT SZKOŁA PODSTAWOWA DLA DOROSŁYCH W GORZOWIE WIELKOPOLSKIM,2021,"polski, matematyka, angielski",3.0,,,3.0,,,,,
110521,SZKOŁA PODSTAWOWA IM JANA PAWŁA II,2021,angielski,19.0,49.0,43.94736842105263,19.0,28.0,38.31578947368421,7.0,,
18268,SZKOŁA PODSTAWOWA IM. KORNELA MAKUSZYŃSKIEGO W GRONOWIE,2021,angielski,15.0,58.0,54.13333333333333,16.0,32.0,38.25,7.0,,
75746,SZKOŁA PODSTAWOWA W CZARNOWICACH,2021,angielski,22.0,62.0,61.5,22.0,38.0,38.72727272727273,8.0,,
84005,SZKOŁA PODSTAWOWA W CHLEBOWIE,2021,angielski,10.0,56.0,54.9,10.0,26.0,34.0,8.0,,
25520,ZESPÓŁ SZKOLNO-PRZEDSZKOLNY SZKOŁA PODSTAWOWA NR 1 IM. MARII SKŁODOWSKIEJ - CURIE,2021,angielski,24.0,58.0,56.958333333333336,24.0,38.0,43.833333333333336,6.0,,
25524,SZKOŁA PODSTAWOWA IM KS. JERZEGO POPIEŁUSZKI W RADNICY,2021,"polski, matematyka, angielski",8.0,,,8.0,,,8.0,,
41207,ZESPÓŁ EDUKACYJNY - SZKOŁA PODSTAWOWA IM. KAWALERÓW ORDERU UŚMIECHU,2021,"polski, matematyka, angielski",6.0,,,6.0,,,6.0,,
78197,SZKOŁA PODSTAWOWA IM. JANA DEKERTA W BLEDZEWIE,2021,angielski,19.0,60.0,59.1578947368421,19.0,40.0,40.0,,,
84322,SZKOŁA PODSTAWOWA W KAŁAWIE,2021,angielski,10.0,45.5,48.3,10.0,28.0,28.0,4.0,,
84321,SZKOŁA PODSTAWOWA W BUKOWCU,2021,"polski, matematyka, angielski",7.0,,,7.0,,,5.0,,
262934,SZKOŁA PODSTAWOWA NR 1 Z ODDZIAŁAMI SPORTOWYMI W MIĘDZYRZECZU,2021,angielski,21.0,44.0,41.19047619047619,21.0,24.0,27.428571428571427,6.0,,
263589,SZKOŁA PODSTAWOWA DLA DOROSŁYCH,2021,angielski,11.0,16.0,19.636363636363637,12.0,20.0,18.333333333333332,,,
27798,SZKOŁA PODSTAWOWA W MURZYNOWIE,2021,"polski, matematyka, angielski",8.0,,,8.0,,,8.0,,
55801,"SPOŁECZNA SZKOŁA PODSTAWOWA STOWARZYSZENIA PRACOWNIKÓW SŁUŻB SPOŁECZNYCH ""KRĄG"" W GORZOWIE WLKP.",2021,"polski, matematyka, angielski",6.0,,,6.0,,,6.0,,
47664,SZKOŁA PODSTAWOWA IM. MARII SKŁODOWSKIEJ-CURIE,2021,angielski,12.0,50.0,50.083333333333336,12.0,30.0,28.666666666666668,4.0,,
12016,SZKOŁA PODSTAWOWA W MIROCINIE DOLNYM,2021,angielski,24.0,46.5,44.375,24.0,24.0,30.166666666666668,8.0,,
10025,NIEPUBLICZNA SZKOŁA PODSTAWOWA W STYPUŁOWIE,2021,"polski, matematyka, angielski",6.0,,,6.0,,,7.0,,
49844,SZKOŁA PODSTAWOWA NR 2 IM. MARII KONOPNICKIEJ Z ODDZIAŁAMI INTEGRACYJNYMI W NOWEJ SOLI,2021,angielski,15.0,49.0,50.86666666666667,15.0,28.0,45.333333333333336,5.0,,
48295,SZKOŁA PODSTAWOWA IM. ORŁA BIAŁEGO W LUBIESZOWIE,2021,angielski,14.0,55.5,55.214285714285715,14.0,26.0,28.285714285714285,8.0,,
89333,PUBLICZNA SZKOŁA PODSTAWOWA IM. JANA PAWŁA II,2021,"polski, matematyka, angielski",5.0,,,5.0,,,2.0,,
114591,SZKOŁA PODSTAWOWA IM. HENRYKA SIENKIEWICZA W NIEDORADZU,2021,"polski, matematyka, angielski",7.0,,,7.0,,,7.0,,
75399,SZKOŁA PODSTAWOWA W GOSZCZANOWIE,2021,"polski, matematyka, angielski",9.0,,,9.0,,,5.0,,
44740,SZKOŁA PODSTAWOWA IM. ŚW. JANA PAWŁA II W TRZEBICZU,2021,angielski,10.0,50.0,52.4,10.0,44.0,50.8,,,
12777,SZKOŁA PODSTAWOWA W NOWYM KUROWIE,2021,"polski, matematyka, angielski",6.0,,,6.0,,,1.0,,
50290,SZKOŁA PODSTAWOWA W TUCZNIE,2021,angielski,13.0,53.0,56.38461538461539,13.0,24.0,38.15384615384615,,,
50294,SZKOŁA PODSTAWOWA W OGARDACH,2021,angielski,13.0,58.0,54.46153846153846,13.0,32.0,29.23076923076923,,,
50295,SZKOŁA PODSTAWOWA IM. KAZIMIERZA KREMERA W BOBRÓWKU,2021,angielski,12.0,69.0,69.83333333333333,12.0,52.0,54.0,2.0,,
50287,SZKOŁA PODSTAWOWA W WIELISŁAWICACH,2021,"polski, matematyka, angielski",5.0,,,5.0,,,,,
30256,SZKOŁA PODSTAWOWA IM. PIERWSZYCH OSADNIKÓW W GÓRKACH NOTECKICH,2021,"polski, matematyka, angielski",9.0,,,9.0,,,9.0,,
17363,SZKOŁA PODSTAWOWA IM. ŚW. HUBERTA W GOŚCIMCU,2021,"polski, matematyka, angielski",4.0,,,4.0,,,4.0,,
55383,SZKOŁA PODSTAWOWA W GĄDKOWIE WIELKIM,2021,"polski, matematyka, angielski",7.0,,,7.0,,,4.0,,
35250,SZKOŁA PODSTAWOWA W BOCZOWIE IM. LEŚNIKÓW LUBUSKICH,2021,angielski,19.0,64.0,58.473684210526315,19.0,28.0,37.68421052631579,1.0,,
88388,NIEPUBLICZNA SZKOŁA PODSTAWOWA W PAMIĘCINIE - SZKOŁA FILIALNA W ŻABICACH,2021,angielski,10.0,60.0,58.1,10.0,48.0,46.4,3.0,,
84293,SZKOŁA PODSTAWOWA IM. KRESOWIAN W CZARNOWIE,2021,angielski,18.0,50.0,52.388888888888886,18.0,30.0,36.666666666666664,7.0,,
133904,SZKOŁA PODSTAWOWA SPECJALNA W MŁODZIEŻOWYM OŚRODKU SOCJOTERAPII W OŚNIE LUBUSKIM,2021,"polski, matematyka, angielski",8.0,,,8.0,,,7.0,,
41428,"PRYWATNA SZKOŁA PODSTAWOWA ""EUREGIO""",2021,"polski, matematyka, angielski",5.0,,,5.0,,,5.0,,
106443,SPOŁECZNA NIEPUBLICZNA OGÓLNOKSZTAŁCĄCA SZKOŁA MUZYCZNA I ST. W SŁUBICACH,2021,"polski, matematyka, angielski",8.0,,,8.0,,,7.0,,
62439,"SZKOŁA PODSTAWOWA IM. DANUTY SIEDZIKÓWNY ""INKI"" W STARYCH DRZEWCACH",2021,"polski, matematyka, angielski",7.0,,,7.0,,,7.0,,
62437,SZKOŁA PODSTAWOWA W JĘDRZYCHOWICACH,2021,"polski, matematyka, angielski",6.0,,,6.0,,,6.0,,
87426,SZKOŁA PODSTAWOWA W KRZEPIELOWIE,2021,angielski,14.0,51.0,48.5,14.0,36.0,36.57142857142857,,,
42268,SZKOŁA PODSTAWOWA W LGINIU,2021,"polski, matematyka, angielski",6.0,,,6.0,,,1.0,,
42267,SZKOŁA PODSTAWOWA IM. JÓZEFA WYBICKIEGO W ŁYSINACH,2021,"polski, matematyka, angielski",7.0,,,7.0,,,7.0,,
42271,SZKOŁA PODSTAWOWA W KONRADOWIE,2021,"polski, matematyka, angielski",4.0,,,4.0,,,3.0,,
42269,SZKOŁA PODSTAWOWA W SIEDLNICY,2021,"polski, matematyka, angielski",5.0,,,5.0,,,2.0,,
89742,SPOŁECZNA SZKOŁA PODSTAWOWA NR 1 SAMODZIELNEGO KOŁA TERENOWEGO NR 156 SPOŁECZNEGO TOWARZYSTWA OŚWIATOWEGO W ZIELONEJ GÓRZE,2021,"polski, matematyka, angielski",2.0,,,2.0,,,2.0,,
89746,"CHRZEŚCIJAŃSKA SZKOŁA PODSTAWOWA ""SALOMON"" W ZIELONEJ GÓRZE",2021,"polski, matematyka, angielski",6.0,,,6.0,,,8.0,,
104285,SZKOŁA PODSTAWOWA W PODMOKLACH MAŁYCH,2021,"polski, matematyka, angielski",8.0,,,8.0,,,8.0,,
104435,SZKOŁA PODSTAWOWA W NOWYM KRAMSKU,2021,angielski,13.0,53.0,52.30769230769231,13.0,24.0,31.076923076923077,,,
111687,SZKOŁA PODSTAWOWA SPECJALNA W MŁODZIEŻOWYM OŚRODKU WYCHOWAWCZYM IM. JANUSZA KORCZAKA,2021,angielski,15.0,38.0,39.666666666666664,15.0,24.0,23.2,9.0,,
69477,SZKOŁA PODSTAWOWA W BOJADŁACH IM. MIKOŁAJA KOPERNIKA,2021,angielski,12.0,60.0,54.25,12.0,32.0,36.666666666666664,5.0,,
61450,SZKOŁA PODSTAWOWA IM. KORNELA MAKUSZYŃSKIEGO W LEŚNIOWIE WIELKIM,2021,angielski,10.0,56.5,57.4,10.0,50.0,52.8,,,
104585,SZKOŁA PODSTAWOWA W NIWISKACH IM. JANA PAWŁA II,2021,angielski,14.0,44.5,42.57142857142857,14.0,26.0,36.57142857142857,8.0,,
4269,SZKOŁA PODSTAWOWA IM. MELCHIORA WAŃKOWICZA W CIGACICACH,2021,"polski, matematyka",9.0,,,9.0,,,10.0,25.0,39.5
4081,SZKOŁA PODSTAWOWA W KIJACH,2021,angielski,10.0,57.5,59.1,10.0,28.0,38.4,9.0,,
3955,SZKOŁA PODSTAWOWA W BUKOWIE,2021,"polski, matematyka, angielski",6.0,,,6.0,,,6.0,,
4750,SZKOŁA PODSTAWOWA W BRODACH,2021,"polski, matematyka, angielski",8.0,,,8.0,,,7.0,,
4074,SZKOŁA PODSTAWOWA W KALSKU,2021,"polski, matematyka, angielski",5.0,,,5.0,,,,,
72847,SZKOŁA PODSTAWOWA SPECJALNA W ZESPOLE SZKÓŁ SPECJALNYCH IM. KAWALERÓW MALTAŃSKICH W ZABORZE PRZY CENTRUM LECZENIA DZIECI I MŁODZIEŻY,2021,"polski, matematyka, angielski",5.0,,,5.0,,,5.0,,
268085,SZKOŁA PODSTAWOWA SPECJALNA W ZABORZE,2021,"polski, matematyka, angielski",5.0,,,5.0,,,5.0,,
50841,SZKOŁA PODSTAWOWA IM. BOHATERÓW POWSTANIA WARSZAWSKIEGO W OŁOBOKU,2021,"polski, matematyka, angielski",8.0,,,8.0,,,,,
50840,SZKOŁA PODSTAWOWA W RADOSZYNIE,2021,"polski, matematyka, angielski",8.0,,,8.0,,,7.0,,
58489,SAMORZĄDOWA SZKOŁA PODSTAWOWA I ODDZIAŁ PRZEDSZKOLNY IM. J. KORCZAKA W TOPOROWIE,2021,"polski, matematyka, angielski",9.0,,,9.0,,,4.0,,
72735,SZKOŁA PODSTAWOWA W WICHOWIE,2021,"polski, matematyka, angielski",9.0,,,9.0,,,8.0,,
80271,SZKOŁA PODSTAWOWA IM. JANA PAWŁA II W CHICHACH,2021,"polski, matematyka, angielski",5.0,,,5.0,,,,,
267623,SZKOŁA PODSTAWOWA W LESZNIE GÓRNYM IM. JANA BRZECHWY,2021,angielski,11.0,67.0,63.36363636363637,11.0,28.0,32.0,3.0,,
274861,NIEPUBLICZNA SZKOŁA PODSTAWOWA W WIECHLICACH,2021,"polski, matematyka, angielski",8.0,,,8.0,,,,,
74088,SZKOŁA PODSTAWOWA W WITOSZYNIE,2021,angielski,21.0,60.0,55.61904761904762,21.0,32.0,35.42857142857143,5.0,,
22107,PUBLICZNA SZKOŁA PODSTAWOWA W MIODNICY,2021,"polski, matematyka, angielski",9.0,,,9.0,,,9.0,,
22108,NIEPUBLICZNA SZKOŁA PODSTAWOWA MAŁA SZKOŁA W BUKOWINIE BOBRZAŃSKIEJ,2021,"polski, matematyka, angielski",2.0,,,2.0,,,2.0,,
13185,SZKOŁA PODSTAWOWA IM.S. ŻEROMSKIEGO,2021,angielski,15.0,49.0,47.93333333333333,15.0,32.0,36.266666666666666,1.0,,
86028,SZKOŁA PODSTAWOWA SPECJALNA,2021,"polski, matematyka, angielski",1.0,,,1.0,,,,,
13188,NIEPUBLICZNA SZKOŁA PODSTAWOWA W MIERKOWIE,2021,"polski, matematyka, angielski",4.0,,,4.0,,,4.0,,
12608,SZKOŁA PODSTAWOWA IM.ŁUKU MUŻAKOWA W NOWYCH CZAPLACH,2021,angielski,10.0,54.5,58.0,10.0,50.0,49.2,3.0,,
12647,SZKOŁA PODSTAWOWA IM JANA PAWŁA II W NIWICY,2021,"polski, matematyka, angielski",8.0,,,8.0,,,8.0,,
12662,SZKOŁA PODSTAWOWA IM. ORLĄT LWOWSKICH W ŻARKACH WIELKICH,2021,"polski, matematyka, angielski",6.0,,,6.0,,,,,
104444,SZKOŁA PODSTAWOWA IM.TADEUSZA KOŚCIUSZKI,2021,angielski,19.0,56.0,56.8421052631579,19.0,28.0,29.05263157894737,3.0,,
264101,SZKOŁA PODSTAWOWA W ŻARACH ZAKŁADU DOSKONALENIA ZAWODOWEGO W ZIELONEJ GÓRZE,2021,angielski,23.0,16.0,17.869565217391305,23.0,20.0,18.956521739130434,,,
73533,SZKOŁA PODSTAWOWA W LUBANICACH,2021,"polski, matematyka, angielski",6.0,,,6.0,,,6.0,,
79968,SZKOŁA PODSTAWOWA W BIENIOWIE,2021,angielski,11.0,51.0,47.09090909090909,11.0,24.0,27.272727272727273,8.0,,
79971,SZKOŁA PODSTAWOWA IM. JERZEGO KUKUCZKI W GRABIKU,2021,angielski,13.0,58.0,59.61538461538461,13.0,44.0,53.84615384615385,4.0,,
73534,SZKOŁA PODSTAWOWA W SIENIAWIE ŻARSKIEJ,2021,"polski, matematyka, angielski",8.0,,,8.0,,,8.0,,
3946,SZKOŁA PODSTAWOWA IM. MIKOŁAJA KOPERNIKA W WYSZYNACH,2021,angielski,20.0,63.0,59.95,20.0,44.0,47.0,,,
124006,PRYWATNA SZKOŁA PODSTAWOWA IM. ŚW. JANA BOSKO,2021,"polski, matematyka, angielski",9.0,,,9.0,,,8.0,,
263777,NIEPUBLICZNA SZKOŁA PODSTAWOWA W PRÓCHNOWIE,2021,angielski,16.0,18.0,18.875,16.0,16.0,20.25,,,
264026,NIEPUBLICZNA SZKOŁA PODSTAWOWA W SZAMOCINIE,2021,angielski,12.0,14.5,14.083333333333334,12.0,16.0,17.666666666666668,,,
133579,SZKOŁA PODSTAWOWA PRZY PRYWATNYM ZESPOLE SZKÓŁ W CZARNKOWIE,2021,"polski, matematyka, angielski",7.0,,,7.0,,,7.0,,
30499,SZKOŁA PODSTAWOWA IM. ŚWIĘTEJ URSZULI LEDÓCHOWSKIEJ W DRAWSKIM MŁYNIE,2021,"polski, matematyka, angielski",9.0,,,9.0,,,9.0,,
30515,SZKOŁA PODSTAWOWA IM. JANA PAWŁA II W PIŁCE,2021,"polski, matematyka, angielski",7.0,,,7.0,,,7.0,,
6181,PUBLICZNA SZKOŁA PODSTAWOWA IM MARII DĄBROWSKIEJ W MIŁKOWIE,2021,angielski,10.0,39.0,37.7,10.0,24.0,34.0,3.0,,
14596,SZKOŁA PODSTAWOWA IM. MIŁOŚNIKÓW PRZYRODY W SIEDLISKU,2021,angielski,14.0,54.5,45.57142857142857,13.0,28.0,34.76923076923077,6.0,,
16313,SZKOŁA PODSTAWOWA IM. PRZYJACIÓŁ LASU W RYCHLIKU,2021,"polski, matematyka, angielski",8.0,,,8.0,,,8.0,,
125557,SZKOŁA PODSTAWOWA W PRZYŁĘKACH,2021,"polski, matematyka, angielski",7.0,,,7.0,,,1.0,,
14629,SZKOŁA PODSTAWOWA IM. HENRYKA SIENKIEWICZA W ŁOMNICY,2021,"polski, matematyka, angielski",7.0,,,7.0,,,1.0,,
107395,SZKOŁA PODSTAWOWA IM. POWSTAŃCÓW WIELKOPOLSKICH W ROSKU,2021,angielski,15.0,42.0,44.0,15.0,28.0,36.53333333333333,8.0,,
4366,SZKOŁA PODSTAWOWA IM. POWSTAŃCÓW WIELKOPOLSKICH W MIAŁACH,2021,"polski, matematyka, angielski",6.0,,,6.0,,,,,
4425,SZKOŁA PODSTAWOWA IM. HENRYKA SIENKIEWICZA W DZIERŻĄŻNIE WIELKIM,2021,"polski, matematyka, angielski",5.0,,,5.0,,,5.0,,
4416,SZKOŁA PODSTAWOWA IM. POLONII AMERYKAŃSKIEJ W GULCZU,2021,angielski,11.0,31.0,38.36363636363637,11.0,20.0,33.45454545454545,4.0,,
263327,SZKOŁA PODSTAWOWA DLA DOROSŁYCH PORKOM IM. IRENY SENDLEROWEJ,2021,"polski, matematyka, angielski",3.0,,,3.0,,,3.0,,
77444,SZKOŁA PODSTAWOWA W DĘBNICY,2021,"polski, matematyka, angielski",8.0,,,8.0,,,8.0,,
264066,NIEPUBLICZNA SZKOLA PODSTAWOWA W KŁECKU,2021,"polski, matematyka, angielski",5.0,,,5.0,,,5.0,,
44526,SZKOŁA PODSTAWOWA IM.JANA PAWŁA II W JARZĄBKOWIE,2021,angielski,10.0,43.0,43.2,10.0,16.0,26.0,9.0,,
264128,NIEPUBLICZNA SZKOŁA PODSTAWOWA W NIECHANOWIE,2021,"polski, matematyka, angielski",9.0,,,9.0,,,9.0,,
124908,SZKOŁA PODSTAWOWA NR 4 W ZAKŁADZIE POPRAWCZYM W TRZEMESZNIE,2021,"polski, matematyka, angielski",1.0,,,1.0,,,1.0,,
115407,NIEPUBLICZNA SZKOŁA PODSTAWOWA W GORZYKOWIE,2021,"polski, matematyka, angielski",4.0,,,4.0,,,4.0,,
80382,SZKOŁA PODSTAWOWA W ŁUBOWIE,2021,"polski, matematyka, angielski",7.0,,,7.0,,,7.0,,
23010,SZKOŁA PODSTAWOWA IM. JANA PAWŁA II W SIEMOWIE,2021,"polski, matematyka, angielski",9.0,,,9.0,,,9.0,,
53986,SZKOŁA PODSTAWOWA SPECJALNA W ZESPOLE SZKÓŁ SPECJALNYCH W BRZEZIU,2021,"polski, matematyka, angielski",1.0,,,1.0,,,1.0,,
53416,"SZKOŁA PODSTAWOWA IM. GEN.DYW. STEFANA ROWECKIEGO ""GROTA"" W ŻYTOWIECKU",2021,angielski,20.0,60.0,57.8,20.0,34.0,37.8,7.0,,
27367,SZKOŁA PODSTAWOWA IM. POWSTAŃCÓW WIELKOPOLSKICH W SKORASZEWICACH,2021,angielski,11.0,64.0,63.18181818181818,11.0,36.0,41.45454545454545,9.0,,
11097,SZKOŁA PODSTAWOWA Z ODDZIAŁAMI PRZEDSZKOLNYMI IM. JANUSZA KORCZAKA W BIELAWACH,2021,"polski, matematyka, angielski",8.0,,,9.0,,,9.0,,
124451,SZKOŁA PODSTAWOWA NR 3 W ZAKŁADZIE POPRAWCZYM W GRODZISKU WIELKOPOLSKIM,2021,"polski, matematyka, angielski",1.0,,,1.0,,,1.0,,
12992,SZKOŁA PODSTAWOWA IM. MARII KONOPNICKIEJ W ŁĄKIEM,2021,"polski, matematyka, angielski",6.0,,,6.0,,,6.0,,
92445,NIEPUBLICZNA SZKOŁA PODSTAWOWA W ROSZKOWIE,2021,"polski, matematyka, angielski",4.0,,,4.0,,,4.0,,
43977,NIEPUBLICZNA SZKOŁA PODSTAWOWA W BACHORZEWIE,2021,"polski, matematyka, angielski",9.0,,,9.0,,,2.0,,
128180,SZKOŁA PODSTAWOWA AKADEMIA DOBREJ EDUKACJI IM. CZESŁAWA NIEMENA Z ODDZIAŁEM PRZEDSZKOLNYM W JAROCINIE,2021,angielski,10.0,57.5,56.9,10.0,44.0,42.8,9.0,,
22784,SZKOŁA PODSTAWOWA W MAGNUSZEWICACH,2021,"polski, matematyka, angielski",5.0,,,5.0,,,5.0,,
22785,SZKOŁA PODSTAWOWA IM. ARKADEGO FIEDLERA W SŁAWOSZEWIE Z SIEDZIBĄ W PARZEWIE,2021,angielski,15.0,58.0,54.13333333333333,15.0,20.0,25.866666666666667,,,
87407,SZKOŁA PODSTAWOWA IM. POWSTAŃCÓW WIELKOPOLSKICH W KOMORZU PRZYBYSŁAWSKIM,2021,"polski, matematyka, angielski",9.0,,,9.0,,,9.0,,
52713,NIEPUBLICZNA SZKOLA PODSTAWOWA IM. SZCZEPANA CEREKWICKIEGO W LUDWINOWIE,2021,"polski, matematyka, angielski",4.0,,,4.0,,,4.0,,
52709,NIEPUBLICZNA SZKOŁA PODSTAWOWA IM. ŚW. JADWIGI KRÓLOWEJ POLSKI W LUBINI MAŁEJ,2021,"polski, matematyka, angielski",8.0,,,8.0,,,8.0,,
118844,SZKOŁA PODSTAWOWA IM. POLSKI NIEPODLEGŁEJ W RYCHNOWIE,2021,"polski, matematyka, angielski",8.0,,,8.0,,,8.0,,
18432,SZKOŁA PODSTAWOWA W SOBIESĘKACH,2021,"polski, matematyka, angielski",7.0,,,7.0,,,7.0,,
18429,SZKOŁA PODSTAWOWA W ALEKSANDRII,2021,"polski, matematyka, angielski",4.0,,,4.0,,,4.0,,
104791,SZKOŁA PODSTAWOWA W KAMIENIU,2021,"polski, matematyka, angielski",8.0,,,8.0,,,8.0,,
85256,SZKOŁA PODSTAWOWA IM. KS. JANA TWARDOWSKIEGO W ŻYDOWIE,2021,"polski, matematyka, angielski",4.0,,,4.0,,,4.0,,
85095,SZKOŁA PODSTAWOWA IM. JANA PAWŁA II W STAREJ KAKAWIE,2021,"polski, matematyka, angielski",5.0,,,5.0,,,5.0,,
48290,SZKOŁA PODSTAWOWA IM. WINCENTEGO WITOSA,2021,"polski, matematyka, angielski",6.0,,,6.0,,,6.0,,
55366,SZKOŁA PODSTAWOWA W ZAKRZYNIE,2021,"polski, matematyka, angielski",6.0,,,6.0,,,6.0,,
55367,SZKOŁA PODSTAWOWA W CIEPIELEWIE,2021,"polski, matematyka, angielski",9.0,,,9.0,,,9.0,,
42346,SZKOŁA PODSTAWOWA IM. SZARYCH SZEREGÓW W DZIERZBINIE-KOLONII,2021,"polski, matematyka, angielski",7.0,,,7.0,,,7.0,,
42226,SZKOŁA PODSTAWOWA IM. STANISŁAWA ALEKSANDRZAKA W MARCHWACZU,2021,"polski, matematyka, angielski",6.0,,,6.0,,,6.0,,
133433,SZKOŁA PODSTAWOWA W KOKANINIE,2021,"polski, matematyka, angielski",9.0,,,9.0,,,9.0,,
7287,ZESPÓŁ SZKÓŁ W ŻELAZKOWIE SZKOŁA PODSTAWOWA,2021,"polski, matematyka, angielski",9.0,,,9.0,,,9.0,,
7538,SZKOŁA PODSTAWOWA IM.ŚW. JANA PAWŁA II W DĘBEM,2021,"polski, matematyka, angielski",5.0,,,5.0,,,5.0,,
7638,SZKOŁA PODSTAWOWA IM.ARMII KRAJOWEJ W SKARSZEWIE,2021,"polski, matematyka, angielski",7.0,,,7.0,,,7.0,,
10569,SZKOŁA PODSTAWOWA NR 23 IM. ELIGIUSZA KOR-WALCZAKA W KALISZU,2021,"polski, matematyka, angielski",7.0,,,7.0,,,7.0,,
262703,SZKOŁA PODSTAWOWA NR 4 IM. MARII DĄBROWSKIEJ W KALISZU,2021,"polski, matematyka",9.0,,,9.0,,,10.0,35.0,41.9
262716,SZKOŁA PODSTAWOWA NR 24 IM. JANA PAWŁA II W KALISZU,2021,angielski,10.0,83.0,79.5,10.0,70.0,65.2,9.0,,
262737,NIEPUBLICZNA SZKOŁA PODSTAWOWA SPECJALNA IM. ŚW. JÓZEFA,2021,angielski,10.0,70.0,63.2,10.0,14.0,15.6,9.0,,
89772,KATOLICKA SZKOŁA PODSTAWOWA STOWARZYSZYSZENIA PRZYJACIÓŁ SZKÓŁ KATOLICKICH IM ŚW FAUSTYNY,2021,angielski,10.0,39.0,40.0,10.0,28.0,28.8,9.0,,
104210,SZKOŁA PODSTAWOWA IM. STANISŁAWA MIKOŁAJCZYKA W KARSZEWIE,2021,"polski, matematyka, angielski",6.0,,,6.0,,,6.0,,
71787,SZKOŁA PODSTAWOWA IM.JANA PAWŁA II W BYLICACH-KOLONII,2021,"polski, matematyka, angielski",7.0,,,7.0,,,7.0,,
78031,SZKOŁA PODSTAWOWA W BORYSŁAWICACH KOŚCIELNYCH,2021,"polski, matematyka, angielski",3.0,,,3.0,,,3.0,,
131940,SZKOŁA PODSTAWOWA SOKRATES,2021,"polski, matematyka, angielski",8.0,,,8.0,,,8.0,,
60534,SZKOŁA PODSTAWOWA W KIEŁCZEWIE,2021,"polski, matematyka, angielski",8.0,,,8.0,,,8.0,,
42454,SZKOŁA PODSTAWOWA W TRZĘŚNIEWIE,2021,"polski, matematyka, angielski",7.0,,,7.0,,,7.0,,
42457,SZKOŁA PODSTAWOWA W DOBROWIE,2021,"polski, matematyka, angielski",8.0,,,8.0,,,8.0,,
42453,SZKOŁA PODSTAWOWA W RUSZKOWIE PIERWSZYM,2021,"polski, matematyka, angielski",4.0,,,4.0,,,4.0,,
3567,SZKOŁA PODSTAWOWA W LUBOŃKU,2021,"polski, matematyka, angielski",9.0,,,9.0,,,9.0,,
9460,SZKOŁA PODSTAWOWA W GÓRKACH,2021,"polski, matematyka, angielski",8.0,,,8.0,,,8.0,,
133680,SZKOŁA PODSTAWOWA IM. HENRYKA SIENKIEWICZA W PONĘTOWIE GÓRNYM DRUGIM,2021,"polski, matematyka, angielski",8.0,,,8.0,,,8.0,,
86875,SZKOŁA PODSTAWOWA W ŁUCZYWNIE,2021,"polski, matematyka, angielski",6.0,,,6.0,,,6.0,,
86872,SZKOŁA PODSTAWOWA W OSIEKU WIELKIM,2021,"polski, matematyka, angielski",7.0,,,7.0,,,7.0,,
264003,SZKOŁA PODSTAWOWA DLA DOROSŁYCH W ZESPOLE SZKÓŁ CENTRUM KSZTAŁCENIA USTAWICZNEGO IM. STEFANA BATOREGO W KONINIE,2021,"polski, matematyka, angielski",5.0,,,5.0,,,5.0,,
69967,SZKOŁA PODSTAWOWA IM. MARII SKŁODOWSKIEJ-CURIE W PRZYJMIE,2021,"polski, matematyka, angielski",8.0,,,8.0,,,8.0,,
69964,SZKOŁA PODSTAWOWA IM. MARII KONOPNICKIEJ W RADOLINIE,2021,"polski, matematyka, angielski",5.0,,,5.0,,,5.0,,
44683,SZKOŁA PODSTAWOWA IM. KORNELA MAKUSZYŃSKIEGO W KRÓLIKOWIE,2021,"polski, matematyka, angielski",7.0,,,7.0,,,7.0,,
118584,SPOŁECZNA SZKOŁA PODSTAWOWA IM. MARII KONOPNICKIEJ W LIPICACH,2021,"polski, matematyka, angielski",7.0,,,7.0,,,7.0,,
118585,SPOŁECZNA SZKOŁA PODSTAWOWA IM. GEN. EDMUNDA TACZANOWSKIEGO W BISKUPICACH,2021,"polski, matematyka, angielski",5.0,,,5.0,,,5.0,,
4956,SZKOŁA PODSTAWOWA IM.STANISŁAWA MAŃKOWSKIEGO W KOZARZEWIE,2021,"polski, matematyka, angielski",8.0,,,8.0,,,8.0,,
26440,SZKOŁA PODSTAWOWA IM.STANISŁAWA STASZICA W SŁAWOSZEWKU,2021,"polski, matematyka, angielski",6.0,,,6.0,,,6.0,,
26495,SZKOŁA PODSTAWOWA IM.JULIANA TUWIMA W ZŁOTKOWIE,2021,"polski, matematyka, angielski",7.0,,,7.0,,,7.0,,
26527,SZKOŁA PODSTAWOWA IM.JÓZEFA JÓŹWIAKA W KOZIEGŁOWACH,2021,"polski, matematyka, angielski",8.0,,,8.0,,,8.0,,
79216,"SZKOŁA PODSTAWOWA ""SZKOŁY TWÓRCZEJ INTEGRACJI"" IM. KS. JERZEGO POPIEŁUSZKI W MILINIE",2021,"polski, matematyka, angielski",7.0,,,7.0,,,7.0,,
4032,SZKOŁA POSTAWOWA IM. JÓZEFA ZYWERTA W PATRZYKOWIE,2021,"polski, matematyka, angielski",8.0,,,8.0,,,8.0,,
4091,SZKOŁA PODSTAWOWA IM. PIOTRA BĄKA W BILCZEWIE,2021,"polski, matematyka, angielski",5.0,,,5.0,,,5.0,,
11199,SZKOŁA PODSTAWOWA W SZCZEPIDLE,2021,"polski, matematyka, angielski",6.0,,,6.0,,,6.0,,
3605,NIEPUBLICZNA SZKOŁA PODSTAWOWA W GŁODNIE,2021,"polski, matematyka, angielski",4.0,,,4.0,,,4.0,,
3704,NIEPUBLICZNA SZKOŁA PODSTAWOWA W SMÓLNIKU,2021,"polski, matematyka, angielski",6.0,,,6.0,,,6.0,,
11581,SZKOŁA PODSTAWOWA IM. MARII KONOPNICKIEJ W DĄBROSZYNIE,2021,"polski, matematyka, angielski",6.0,,,6.0,,,6.0,,
11596,SZKOŁA PODSTAWOWA IM. GEN. WŁADYSŁAWA ANDERSA W JAROSZEWICACH GRODZIECKICH,2021,"polski, matematyka, angielski",8.0,,,8.0,,,8.0,,
11580,SZKOŁA PODSTAWOWA IM. KORNELA MAKUSZYŃSKIEGO W BIAŁEJ PANIEŃSKIEJ,2021,"polski, matematyka, angielski",8.0,,,8.0,,,8.0,,
11587,SZKOŁA PODSTAWOWA IM. POWSTAŃCÓW STYCZNIOWYCH W GROCHOWACH,2021,"polski, matematyka, angielski",7.0,,,7.0,,,7.0,,
4732,SZKOŁA PODSTAWOWA W OŚNIE GÓRNYM,2021,"polski, matematyka, angielski",8.0,,,8.0,,,8.0,,
74798,SZKOŁA PODSTAWOWA W MODLE KRÓLEWSKIEJ,2021,"polski, matematyka, angielski",6.0,,,6.0,,,6.0,,
74803,SZKOŁA PODSTAWOWA IM. MIRY STANISŁAWSKIEJ-MEYSZTOWICZ W ŻDŻARACH,2021,"polski, matematyka, angielski",8.0,,,8.0,,,8.0,,
74799,SZKOŁA PODSTAWOWA W BARCZYGŁOWIE,2021,"polski, matematyka, angielski",3.0,,,3.0,,,3.0,,
35279,SZKOŁA PODSTAWOWA IM. TONY HALIKA W KALISKACH Z SIEDZIBĄ W DĘBÓWCU,2021,"polski, matematyka, angielski",9.0,,,9.0,,,9.0,,
21289,SZKOŁA PODSTAWOWA IM. HENRYKA SIENKIEWICZA W WĄSOSZACH,2021,"polski, matematyka, angielski",6.0,,,6.0,,,6.0,,
79878,SZKOŁA PODSTAWOWA W GŁUCHOWIE,2021,angielski,10.0,61.0,57.4,10.0,28.0,38.4,9.0,,
48601,SZKOŁA PODSTAWOWA W SMOLICACH,2021,angielski,12.0,48.0,46.916666666666664,12.0,38.0,42.0,2.0,,
48600,SZKOŁA PODSTAWOWA W KUKLINOWIE,2021,"polski, matematyka, angielski",9.0,,,9.0,,,9.0,,
48602,SZKOŁA PODSTAWOWA W ZALESIU MAŁYM,2021,"polski, matematyka, angielski",8.0,,,8.0,,,8.0,,
74999,SZKOŁA PODSTAWOWA NR 1W BORZĘCICZKACH,2021,"polski, matematyka, angielski",8.0,,,8.0,,,8.0,,
196363,SZKOŁA PODSTAWOWA NR 2 SPECJALNA W KOŹMINIE WIELKOPOLSKIM,2021,"polski, matematyka, angielski",8.0,,,8.0,,,8.0,,
29452,SZKOŁA PODSTAWOWA IM. MIKOŁAJA KOPERNIKA W BIADKACH,2021,angielski,12.0,64.5,62.083333333333336,12.0,36.0,40.0,4.0,,
29719,SZKOŁA PODSTAWOWA IM. ANDRZEJA ZALEWSKIEGO W ŚWINKOWIE,2021,"polski, matematyka, angielski",6.0,,,6.0,,,6.0,,
29453,SZKOŁA PODSTAWOWA W GORZUPI,2021,"polski, matematyka, angielski",9.0,,,9.0,,,9.0,,
29455,SZKOŁA PODSTAWOWA W ROSZKACH,2021,"polski, matematyka, angielski",9.0,,,9.0,,,9.0,,
42388,SZKOŁA PODSTAWOWA IM. KSIĘDZA JANA TWARDOWSKIEGO W CHWALISZEWIE,2021,angielski,11.0,51.0,53.36363636363637,11.0,28.0,38.54545454545455,1.0,,
35328,SZKOŁA PODSTAWOWA IM. JANA PAWŁA II W BENICACH,2021,angielski,14.0,56.0,53.714285714285715,14.0,24.0,33.42857142857143,3.0,,
262337,SZKOŁA PODSTAWOWA Z ODDZIAŁAMI PRZYSPOSABIAJĄCYMI DO PRACY W KROTOSZYNIE,2021,"polski, matematyka, angielski",7.0,,,7.0,,,6.0,,
61647,SZKOŁA PODSTAWOWA W NOWEJ WSI,2021,angielski,12.0,50.0,48.666666666666664,12.0,32.0,35.0,5.0,,
19930,SZKOŁA PODSTAWOWA IM. JANA BRZECHWY W ŚWIBIE,2021,"polski, matematyka, angielski",8.0,,,8.0,,,8.0,,
3470,SZKOŁA PODSTAWOWA W DROŻKACH,2021,"polski, matematyka, angielski",7.0,,,7.0,,,7.0,,
18767,SZKOŁA PODSTAWOWA IM.JANA PAWŁA II W TRZEBIENIU,2021,"polski, matematyka, angielski",8.0,,,8.0,,,8.0,,
6231,PUBLICZNA SZKOŁA PODSTAWOWA IM. JÓZEFA PONIKIEWSKIEGO W NOWYM BELĘCINIE,2021,"polski, matematyka, angielski",9.0,,,9.0,,,9.0,,
30041,SZKOŁA PODSTAWOWA SPECJALNA W GÓRZNIE,2021,"polski, matematyka, angielski",2.0,,,2.0,,,2.0,,
110535,SZKOŁA PODSTAWOWA W DŁUŻYNIE,2021,"polski, matematyka, angielski",6.0,,,6.0,,,6.0,,
84910,SZKOŁA PODSTAWOWA W DŁUGIEM STAREM,2021,"polski, matematyka, angielski",9.0,,,9.0,,,9.0,,
6328,SZKOŁA PODSTAWOWA W ŁOWYNIU,2021,"polski, matematyka, angielski",6.0,,,6.0,,,6.0,,
29270,SZKOŁA PODSTAWOWA IM.GEN.STANISŁAWA TACZAKA W WĄSOWIE,2021,angielski,37.0,53.0,53.62162162162162,37.0,32.0,37.945945945945944,7.0,,
264578,NIEPUBLICZNA SZKOŁA PODSTAWOWA W CHRAPLEWIE,2021,angielski,10.0,11.0,11.9,10.0,20.0,21.2,,,
26396,SZKOŁA PODSTAWOWA IM. BRONISŁAWA MALINOWSKIEGO W CHMIELINKU,2021,"polski, matematyka, angielski",6.0,,,6.0,,,6.0,,
12369,SZKOŁA PODSTAWOWA IM. POWSTAŃCÓW WIELKOPOLSKICH W POSADOWIE,2021,"polski, matematyka, angielski",6.0,,,6.0,,,6.0,,
26529,SZKOŁA PODSTAWOWA W PAKOSŁAWIU,2021,angielski,10.0,62.0,61.7,10.0,28.0,34.0,9.0,,
276113,SZKOŁA PODSTAWOWA W JASTRZĘBSKU STARYM,2021,"polski, matematyka, angielski",6.0,,,6.0,,,6.0,,
119249,SZKOŁA PODSTAWOWA IM. POWSTAŃCÓW ZIEMI OPALENICKIEJ W URBANOWIE,2021,"polski, matematyka, angielski",3.0,,,3.0,,,,,
26683,SZKOŁA PODSTAWOWA W DAKOWACH MOKRYCH,2021,angielski,13.0,47.0,45.23076923076923,13.0,28.0,29.53846153846154,1.0,,
119218,SZKOŁA PODSTAWOWA W KOPANKACH,2021,"polski, matematyka, angielski",3.0,,,3.0,,,2.0,,
26571,SZKOŁA PODSTAWOWA W PORAŻYNIE,2021,"polski, matematyka, angielski",4.0,,,4.0,,,,,
26722,SZKOŁA PODSTAWOWA IM.ANDRZEJA I WŁADYSŁAWA NIEGOLEWSKICH W RUDNIKACH,2021,angielski,11.0,56.0,52.90909090909091,11.0,40.0,39.63636363636363,2.0,,
106889,NIEPUBLICZNA SZKOŁA PODSTAWOWA W STRZYŻEWIE,2021,"polski, matematyka, angielski",2.0,,,2.0,,,2.0,,
58451,SZKOŁA PODSTAWOWA IM. BRONISŁAWA MALINOWSKIEGO W CHRUSTOWIE,2021,angielski,17.0,40.0,41.23529411764706,17.0,24.0,25.88235294117647,,,
83182,SZKOŁA PODSTAWOWA IM. ORŁA BIAŁEGO W MANIEWIE,2021,angielski,15.0,40.0,39.6,15.0,48.0,42.13333333333333,2.0,,
58179,SZKOŁA PODSTAWOWA W PRUŚCACH IM. JANA PAWŁA II,2021,"polski, matematyka, angielski",6.0,,,6.0,,,6.0,,
58214,SZKOŁA PODSTAWOWA IM. ADAMA MICKIEWICZA W BUDZISZEWKU,2021,"polski, matematyka, angielski",7.0,,,7.0,,,7.0,,
49775,SZKOŁA PODSTAWOWA IMIENIA MARII KONOPNICKIEJ W DROSZEWIE,2021,"polski, matematyka, angielski",8.0,,,8.0,,,8.0,,
84706,SZKOŁA PODSTAWOWA IMIENIA JANUSZA KORCZAKA W KOTOWIECKU,2021,"polski, matematyka, angielski",4.0,,,4.0,,,4.0,,
12706,SZKOŁA PODSTAWOWA IM JANUSZA KORCZAKA W HUCIE,2021,"polski, matematyka, angielski",7.0,,,7.0,,,7.0,,
12654,SZKOŁA PODSTAWOWA IM. IGNACEGO ŁUKASIEWICZA W GARKACH,2021,"polski, matematyka, angielski",8.0,,,8.0,,,8.0,,
11227,SZKOŁA PODSTAWOWA W NABYSZYCACH,2021,"polski, matematyka, angielski",4.0,,,4.0,,,4.0,,
196406,SZKOŁA PODSTAWOWA W RACZYCACH,2021,"polski, matematyka, angielski",6.0,,,6.0,,,6.0,,
196398,SZKOŁA PODSTAWOWA W ŚWIECY,2021,"polski, matematyka, angielski",9.0,,,9.0,,,9.0,,
196411,SZKOŁA PODSTAWOWA W WIERZBNIE,2021,"polski, matematyka, angielski",8.0,,,8.0,,,8.0,,
273090,MONTESSORI SZKOŁA ŻYCIA NIEPUBLICZNA SZKOŁA PODSTAWOWA FUNDACJI KRÓLOWEJ ŚW. JADWIGI W OSTROWIE WIELKOPOLSKIM,2021,"polski, matematyka, angielski",2.0,,,2.0,,,2.0,,
110462,SZKOŁA PODSTAWOWA W TOPOLI MAŁEJ,2021,angielski,12.0,69.0,61.916666666666664,12.0,56.0,57.0,9.0,,
120961,NIEPUBLICZNA SZKOŁA PODSTAWOWA W ŁĄKOCINACH,2021,"polski, matematyka, angielski",3.0,,,3.0,,,3.0,,
120966,NIEPUBLICZNA SZKOŁA PODSTAWOWA WE FRANKLINOWIE,2021,"polski, matematyka, angielski",1.0,,,1.0,,,1.0,,
123570,NIEPUBLICZNA SZKOŁA PODSTAWOWA W WYSOCKU WIELKIM,2021,"polski, matematyka, angielski",4.0,,,4.0,,,4.0,,
35309,SZKOŁA PODSTAWOWA IM. POWSTANIA WIELKOPOLSKIEGO W JANKOWIE ZALEŚNYM,2021,"polski, matematyka, angielski",5.0,,,5.0,,,5.0,,
40106,SZKOŁA PODSTAWOWA W LIGOCIE,2021,"polski, matematyka, angielski",8.0,,,8.0,,,8.0,,
72765,SZKOŁA PODSTAWOWA W MASANOWIE,2021,"polski, matematyka, angielski",7.0,,,7.0,,,7.0,,
72766,SZKOŁA PODSTAWOWA W ROSOSZYCY,2021,"polski, matematyka, angielski",9.0,,,9.0,,,9.0,,
72747,SZKOŁA PODSTAWOWA W ZAMOŚCIU,2021,"polski, matematyka, angielski",5.0,,,5.0,,,5.0,,
72292,SZKOŁA PODSTAWOWA IM. MARII I LECHA KACZYŃSKICH W CIESZYNIE,2021,"polski, matematyka, angielski",5.0,,,5.0,,,5.0,,
118748,PUBLICZNA SZKOŁA PODSTAWOWASTOWARZYSZENIA PRZYJACIÓŁ SZKÓŁ KATOLICKICH,2021,"polski, matematyka, angielski",3.0,,,3.0,,,3.0,,
118750,PUBLICZNA SZKOŁA PODSTAWOWA STOWARZYSZENIA PRZYJACIÓŁ SZKÓŁ KATOLICKICH IM.ŚW. STANISŁAWA KOSTKI,2021,"polski, matematyka, angielski",5.0,,,5.0,,,5.0,,
118397,SZKOŁA PODSTAWOWA W MORAWINIE,2021,"polski, matematyka, angielski",9.0,,,9.0,,,9.0,,
35153,SZKOŁA PODSTAWOWA IM. JANA PAWŁA II W BUKOWNICY,2021,"polski, matematyka, angielski",9.0,,,9.0,,,9.0,,
35152,SZKOŁA PODSTAWOWA W MARSZAŁKACH,2021,"polski, matematyka, angielski",3.0,,,3.0,,,3.0,,
26699,SZKOŁA PODSTAWOWA IM. KARDYNAŁA KAROLA WOJTYŁY W KUŹNICY GRABOWSKIEJ,2021,"polski, matematyka, angielski",9.0,,,9.0,,,9.0,,
3034,SZKOŁA PODSTAWOWA Z ODDZIAŁEM PRZEDSZKOLNYM W KALISZKOWICACH KALISKICH,2021,"polski, matematyka, angielski",6.0,,,6.0,,,6.0,,
28228,SZKOŁA PODSTAWOWA IM. BOHATERÓW WYZWOLENIA ZIEMI WAŁECKIEJ W SKRZATUSZU,2021,"polski, matematyka, angielski",9.0,,,9.0,,,9.0,,
70104,SZKOŁA PODSTAWOWA IM. HENRYKA SIENKIEWICZA,2021,angielski,10.0,42.5,41.3,10.0,24.0,25.6,3.0,,
81148,SZKOŁA PODSTAWOWA IM.PRYMASA TYSIĄCLECIA STEFANA KARDYNAŁA WYSZYŃSKIEGO W FANIANOWIE,2021,"polski, matematyka, angielski",9.0,,,9.0,,,9.0,,
263790,SZKOŁA PODSTAWOWA SPECJALNA,2021,"polski, matematyka, angielski",6.0,,,6.0,,,5.0,,
68002,SZKOŁA PODSTAWOWA IM. KS. JANA TWARDOWSKIEGO W KWILENIU,2021,"polski, matematyka, angielski",7.0,,,7.0,,,7.0,,
69065,SZKOŁA PODSTAWOWA W KUŹNI IM. JANUSZA KORCZAKA KUŹNIA 36 63-313 CHOCZ,2021,"polski, matematyka, angielski",5.0,,,5.0,,,5.0,,
90346,SZKOŁA PODSTAWOWA W KOŹMIŃCU,2021,"polski, matematyka, angielski",4.0,,,4.0,,,4.0,,
91131,SZKOŁA PODSTAWOWA W KARMINIE,2021,"polski, matematyka, angielski",9.0,,,9.0,,,9.0,,
91157,SZKOŁA PODSTAWOWA W GALEWIE,2021,"polski, matematyka, angielski",3.0,,,3.0,,,3.0,,
129789,SZKOŁA PODSTAWOWA IM. POWSTAŃCÓW WIELKOPOLSKICH W KUCHARACH,2021,"polski, matematyka, angielski",3.0,,,3.0,,,3.0,,
17520,SZKOŁA PODSTAWOWA IM. KRÓLOWEJ JADWIGI W JEDLCU,2021,"polski, matematyka, angielski",9.0,,,9.0,,,9.0,,
131953,NIEPUBLICZNA SZKOŁA PODSTAWOWA IM. ROTMISTRZA WITOLDA PILECKIEGO W SOWINIE BŁOTNEJ,2021,angielski,12.0,64.5,63.666666666666664,12.0,42.0,44.666666666666664,7.0,,
115377,PUBLICZNA SZKOŁA PODSTAWOWA IM. TWÓRCÓW LUDOWYCH W KUCZKOWIE,2021,"polski, matematyka, angielski",5.0,,,5.0,,,5.0,,
104280,OGÓLNOKSZTAŁCĄCA SZKOŁA MUZYCZNA II ST. IM. JADWIGI KALISZEWSKIEJ W POZNANIU,2021,"polski, matematyka, angielski",4.0,,,4.0,,,3.0,,
74252,SZKOŁA PODSTAWOWA SPECJALNA NR 106,2021,angielski,11.0,24.0,25.181818181818183,11.0,16.0,14.181818181818182,7.0,,
48828,PRYWATNA SZKOŁA PODSTAWOWA ANGLOJĘZYCZNA POZNAŃ BRITISH INTERNATIONAL SCHOOL,2021,"polski, matematyka, angielski",7.0,,,7.0,,,7.0,,
72718,SPOŁECZNA WALDORFSKA SZKOŁA PODSTAWOWA,2021,"polski, matematyka, angielski",7.0,,,7.0,,,7.0,,
119388,KATOLICKA SZKOŁA PODSTAWOWA IM. JANA PAWŁA II W POZNANIU,2021,"polski, matematyka, angielski",6.0,,,6.0,,,6.0,,
132362,SZKOŁA PODSTAWOWA IM.MATKI JADWIGI BORZĘCKIEJ ZGROMADZENIA SIÓSTR ZMARTWYCHWSTANIA PAŃSKIEGO,2021,"polski, matematyka, angielski",4.0,,,4.0,,,4.0,,
262641,PRYWATNA SZKOŁA PODSTAWOWA DLA DOROSŁYCH IM. JULIUSZA KOSSAKA,2021,"polski, matematyka, angielski",5.0,,,5.0,,,5.0,,
124811,SZKOŁA PODSTAWOWA NR 98 W ZAKŁADZIE POPRAWCZYM W POZNANIU,2021,"polski, matematyka, angielski",1.0,,,1.0,,,1.0,,
129965,"NIEPUBLICZNA SZKOŁA PODSTAWOWA ""OTWARTE DRZWI""",2021,"polski, matematyka, angielski",2.0,,,2.0,,,2.0,,
131479,NIEPUBLICZNA SZKOŁA PODSTAWOWA O!MEGA,2021,"polski, matematyka, angielski",7.0,,,7.0,,,7.0,,
275585,"NIEPUBLICZNA SZKOŁA PODSTAWOWA ""SCANDYNAVIA""",2021,"polski, matematyka, angielski",3.0,,,3.0,,,3.0,,
275611,SZKOŁA PODSTAWOWA WESOŁA GÓRA,2021,"polski, matematyka, angielski",2.0,,,2.0,,,2.0,,
269223,PRYWATNA SZKOŁA PODSTAWOWA BELWARD,2021,"polski, matematyka, angielski",3.0,,,3.0,,,3.0,,
27216,SZKOŁA PODSTAWOWA IM. DR WANDY BŁEŃSKIEJ W NIEPRUSZEWIE,2021,"polski, matematyka, angielski",8.0,,,8.0,,,8.0,,
3919,SZKOŁA PODSTAWOWA IM. MARII KONOPNICKIEJ W DOPIEWCU,2021,"polski, matematyka, angielski",5.0,,,5.0,,,5.0,,
85206,SZKOŁA PODSTAWOWA W ZIMINIE,2021,"polski, matematyka, angielski",9.0,,,9.0,,,8.0,,
106433,SZKOŁA PODSTAWOWA IM.MIKOŁAJA KOPERNIKA W IWNIE,2021,angielski,15.0,51.0,52.2,15.0,24.0,25.333333333333332,8.0,,
106362,SZKOŁA PODSTAWOWA IM. JANA BRZECHWY W BRZEŹNIE,2021,"polski, matematyka, angielski",7.0,,,7.0,,,7.0,,
128236,SZKOŁA PODSTAWOWA IM.ŚW.FILIPA NERI,2021,angielski,10.0,82.0,81.4,10.0,78.0,77.2,8.0,,
275178,NIEPUBLICZNA SZKOŁA PODSTAWOWA GROMADA,2021,"polski, matematyka, angielski",6.0,,,6.0,,,6.0,,
80717,SZKOŁA PODSTAWOWA IM. LEONA MASIAKOWSKIEGO W BIAŁĘŻYNIE,2021,angielski,11.0,58.0,52.90909090909091,11.0,44.0,41.81818181818182,6.0,,
80020,SZKOŁA PODSTAWOWA IM. POWSTAŃCÓW WIELKOPOLSKICH W DŁUGIEJ GOŚLINIE,2021,"polski, matematyka, angielski",9.0,,,9.0,,,9.0,,
34540,SZKOŁA PODSTAWOWA IM. PROF. J. KOSTRZEWSKIEGO W WĘGLEWIE,2021,"polski, matematyka, angielski",9.0,,,9.0,,,9.0,,
131264,"PRYWATNA SZKOŁA PODSTAWOWA ""KUŹNIA TALENTÓW""",2021,"polski, matematyka, angielski",9.0,,,9.0,,,9.0,,
70295,SZKOŁA PODSTAWOWA IM.JANA BRZECHWY W GOŚCIEJEWICACH,2021,"polski, matematyka, angielski",7.0,,,7.0,,,7.0,,
30439,SZKOŁA PODSTAWOWA W SŁUPI KAPITULNEJ,2021,"polski, matematyka, angielski",5.0,,,5.0,,,3.0,,
49303,SZKOŁA PODSTAWOWA W CHEŁMNIE,2021,angielski,16.0,57.0,54.4375,16.0,24.0,29.25,9.0,,
49304,SZKOŁA PODSTAWOWA W NOJEWIE,2021,angielski,12.0,54.5,50.083333333333336,12.0,26.0,41.333333333333336,1.0,,
44065,SZKOŁA PODSTAWOWA W BABOROWIE,2021,"polski, matematyka, angielski",7.0,,,7.0,,,7.0,,
44149,SZKOŁA PODSTAWOWA W BRODZISZEWIE,2021,"polski, matematyka, angielski",4.0,,,4.0,,,4.0,,
15250,SZKOŁA PODSTAWOWA W PRZYBOROWIE,2021,angielski,11.0,60.0,53.81818181818182,11.0,32.0,34.18181818181818,5.0,,
262784,SZKOŁA PODSTAWOWA MISTRZOSTWA SPORTOWEGO W SZAMOTUŁACH,2021,angielski,10.0,60.0,64.4,10.0,36.0,38.4,9.0,,
73171,SZKOŁA PODSTAWOWA IM. AGNIESZKI BARTOL W CHOJNIE,2021,"polski, matematyka, angielski",8.0,,,8.0,,,8.0,,
118533,NIEPUBLICZNA SZKOŁA PODSTAWOWA W SŁOWIKOWIE,2021,"polski, matematyka, angielski",6.0,,,6.0,,,6.0,,
79320,SZKOŁA PODSTAWOWA IM. IRENY KOSMOWSKIEJ W KOTUNI,2021,"polski, matematyka, angielski",6.0,,,6.0,,,6.0,,
128282,NIEPUBLICZNA SZKOŁA PODSTAWOWA Z ODDZIAŁAMI INTEGRACYJNYMI W PIOTROWICACH,2021,"polski, matematyka, angielski",4.0,,,4.0,,,4.0,,
133805,SZKOŁA PODSTAWOWA IM. POLSKICH NOBLISTÓW W DRĄŻNEJ,2021,"polski, matematyka, angielski",9.0,,,9.0,,,9.0,,
133813,SZKOŁA PODSTAWOWA IM. POLSKICH OLIMPIJCZYKÓW W KOWALEWIE OPACTWIE,2021,"polski, matematyka, angielski",9.0,,,9.0,,,9.0,,
21089,SZKOŁA PODSTAWOWA IM. PUŁKOWNIKA PILOTA STANISŁAWA JAKUBA SKARŻYŃSKIEGO W SKARŻYNIE,2021,"polski, matematyka, angielski",8.0,,,8.0,,,8.0,,
129669,SZKOŁA PODSTAWOWA W SARBICACH,2021,"polski, matematyka, angielski",8.0,,,8.0,,,8.0,,
7340,SZKOŁA PODSTAWOWA W OGORZELCZYNIE,2021,"polski, matematyka, angielski",7.0,,,7.0,,,7.0,,
84808,SZKOŁA PODSTAWOWA IM. MARII CURIE-SKŁODOWSKIEJ W ŻUKACH,2021,"polski, matematyka, angielski",6.0,,,6.0,,,6.0,,
84800,SZKOŁA PODSTAWOWA IM. KORNELA MAKUSZYŃSKIEGO W CISEWIE,2021,"polski, matematyka, angielski",3.0,,,3.0,,,3.0,,
32038,SZKOŁA PODSTAWOWA W NATALII,2021,"polski, matematyka, angielski",3.0,,,3.0,,,2.0,,
32039,SZKOŁA PODSTAWOWA W CHYLINIE,2021,"polski, matematyka, angielski",5.0,,,5.0,,,4.0,,
119480,NIEPUBLICZNA SZKOŁA PODSTAWOWA Z ODDZIAŁAMI INTEGRACYJNYMI W RADOMIERZU,2021,"polski, matematyka, angielski",5.0,,,5.0,,,5.0,,
67768,SZKOŁA PODSTAWOWA IM. KOPANICKIEJ DRUŻYNY POWSTAŃCÓW WIELKOPOLSKICH,2021,angielski,24.0,39.0,45.416666666666664,24.0,22.0,35.5,4.0,,
67797,SZKOŁA PODSTAWOWA IM. IGNACEGO MIELŻYŃSKIEGO W CHOBIENICACH,2021,angielski,17.0,47.0,43.0,17.0,32.0,37.64705882352941,6.0,,
67793,SZKOŁA PODSTAWOWA W BELĘCINIE,2021,angielski,19.0,44.0,45.73684210526316,19.0,28.0,33.05263157894737,2.0,,
265052,NIEPUBLICZNA SZKOŁA PODSTAWOWA W WOLSZTYNIE ZAKŁADU DOSKONALENIA ZAWODOWEGO W ZIELONEJ GÓRZE,2021,"polski, matematyka, angielski",5.0,,,5.0,,,,,
18273,SZKOŁA PODSTAWOWA W SOKOLNIKACH,2021,"polski, matematyka, angielski",7.0,,,7.0,,,7.0,,
123807,SPOŁECZNA SZKOŁA PODSTAWOWA WE WSZEMBORZU,2021,"polski, matematyka, angielski",7.0,,,7.0,,,7.0,,
81776,SZKOŁA PODSTAWOWA IM. JANA PAWŁA II W ZASUTOWIE,2021,"polski, matematyka, angielski",7.0,,,7.0,,,7.0,,
15586,SAMORZĄDOWA SZKOŁA PODSTAWOWA W LISEWIE,2021,"polski, matematyka, angielski",8.0,,,8.0,,,8.0,,
23571,SPOŁECZNA SZKOŁA PODSTAWOWA IM. OLGIERDA BRZESKIEGO W GRZYBOWIE,2021,"polski, matematyka, angielski",8.0,,,8.0,,,7.0,,
22891,SZKOŁA PODSTAWOWA IM.DYREKTORA NORBERTA PRZYBYLSKIEGO,2021,"polski, matematyka, angielski",4.0,,,4.0,,,4.0,,
22887,SZKOŁA PODSTAWOWA IM.STANISŁAWA STASZICA,2021,"polski, matematyka, angielski",6.0,,,6.0,,,6.0,,
22889,SZKOŁA PODSTAWOWA IM.MIKOŁAJA KOPERNIKA,2021,"polski, matematyka, angielski",5.0,,,5.0,,,5.0,,
104751,SZKOŁA PODSTAWOWA W JABŁKOWIE,2021,"polski, matematyka, angielski",8.0,,,8.0,,,8.0,,
72684,SZKOŁA PODSTAWOWA SPECJALNA W ANTONIEWIE,2021,"polski, matematyka, angielski",6.0,,,6.0,,,6.0,,
92357,SZKOŁA PODSTAWOWA IM. STANISŁAWA STASZICA W ŻELICACH,2021,angielski,27.0,40.0,39.592592592592595,27.0,32.0,39.25925925925926,4.0,,
86153,SZKOŁA PODSTAWOWA IM. STEFANA CZARNIECKIEGO W BRZEŹNICY,2021,"polski, matematyka, angielski",8.0,,,8.0,,,8.0,,
84437,PUBLICZNA SZKOŁA PODSTAWOWA IM. KS. MAKSYMILIANA GROCHOWSKIEGO W GŁUBCZYNIE,2021,"polski, matematyka, angielski",8.0,,,8.0,,,8.0,,
264630,SZKOŁA PODSTAWOWA W KRAJENCE,2021,"polski, matematyka, angielski",8.0,,,8.0,,,4.0,,
70728,SZKOŁA PODSTAWOWA W PNIEWIE,2021,"polski, matematyka, angielski",7.0,,,7.0,,,8.0,,
61404,SZKOŁA PODSTAWOWA IM. MARII KILAR W KLESZCZYNIE,2021,angielski,12.0,45.5,42.833333333333336,12.0,22.0,26.666666666666668,,,
61412,SZKOŁA PODSTAWOWA IM. TONY'EGO HALIKA W GÓRZNEJ,2021,"polski, matematyka, angielski",9.0,,,9.0,,,3.0,,
61394,SZKOŁA PODSTAWOWA IM. JANA BRZECHWY W RADAWNICY,2021,angielski,18.0,63.0,52.888888888888886,18.0,24.0,37.55555555555556,8.0,,
61397,SZKOŁA PODSTAWOWA W SŁAWIANOWIE,2021,"polski, matematyka, angielski",9.0,,,9.0,,,9.0,,
118706,SPOŁECZNA SZKOŁA PODSTAWOWA W ZALESIU,2021,"polski, matematyka, angielski",7.0,,,7.0,,,7.0,,
118686,NIEPUBLICZNA SZKOŁA PODSTAWOWA W STAWNICY,2021,"polski, matematyka, angielski",6.0,,,6.0,,,4.0,,
29386,SZKOŁA PODSTAWOWA IM. GEN. JANA HENRYKA DĄBROWSKIEGO W STARKÓWCU PIĄTKOWSKIM,2021,angielski,13.0,62.0,58.23076923076923,13.0,48.0,41.84615384615385,2.0,,
115355,NIEPUBLICZNA SZKOŁA PODSTAWOWA W JAROSŁAWCU,2021,"polski, matematyka, angielski",5.0,,,5.0,,,5.0,,
115351,NIEPUBLICZNA SZKOŁA PODSTAWOWA W BRODOWIE,2021,"polski, matematyka, angielski",8.0,,,8.0,,,7.0,,
89066,SZKOŁA PODSTAWOWA IM. GEN. DEZYDEREGO CHŁAPOWSKIEGO W IŁÓWCU,2021,"polski, matematyka, angielski",7.0,,,7.0,,,7.0,,
90172,NIEPUBLICZNA OŚMIOLETNIA SZKOŁA PODSTAWOWA IM. KS. PRAŁATA PIOTRA WAWRZYNIAKA W CHRZĄSTOWIE POSIADAJĄCA UPRAWNIENIA SZKOŁY PUBLICZNEJ W CHRZĄSTOWIE,2021,"polski, matematyka, angielski",3.0,,,3.0,,,3.0,,
85734,SZKOŁA PODSTAWOWA IM. EMILII SCZANIECKIEJ W KONARZYCACH,2021,"polski, matematyka, angielski",7.0,,,7.0,,,7.0,,
30030,SZKOŁA PODSTAWOWA IM. WŁADYSŁAWA REYMONTA W KRZYŻANOWIE,2021,"polski, matematyka, angielski",6.0,,,6.0,,,6.0,,
133828,NIEPUBLICZNA SZKOŁA PODSTAWOWA Z KLASAMI PRZYSPOSABIAJĄCYMI DO PRACY,2021,"polski, matematyka, angielski",6.0,,,6.0,,,6.0,,
133833,"PRYWATNE CENTRUM EDUKACYJNE ""SZKOŁY SUKCES"" SZKOŁA PODSTAWOWA DLA DOROSŁYCH W BIAŁOGARDZIE",2021,"polski, matematyka, angielski",3.0,,,3.0,,,2.0,,
86309,SZKOŁA PODSTAWOWA W KARŚCINIE,2021,"polski, matematyka, angielski",9.0,,,9.0,,,9.0,,
264470,SZKOŁA PODSTAWOWA SPECJALNA W PODBORSKU,2021,angielski,11.0,18.0,19.454545454545453,11.0,20.0,24.727272727272727,1.0,,
67819,SZKOŁA PODSTAWOWA IM. DZIEDZICTWA CYSTERSÓW BIERZWNICKICH W BIERZWNIKU,2021,angielski,32.0,59.0,55.59375,33.0,28.0,35.03030303030303,9.0,,
68007,SZKOŁA PODSTAWOWA W ZIELENIEWIE,2021,"polski, matematyka, angielski",4.0,,,4.0,,,3.0,,
67817,SZKOŁA PODSTAWOWA W ŁASKU,2021,angielski,11.0,60.0,58.54545454545455,11.0,24.0,24.727272727272727,8.0,,
49521,SZKOŁA PODSTAWOWA IM. JANUSZA KORCZAKA W ZAMĘCINIE,2021,angielski,11.0,67.0,64.36363636363636,11.0,32.0,32.0,5.0,,
49518,SZKOŁA PODSTAWOWA IM. JANA PAWŁA II W KORYTOWIE,2021,"polski, matematyka, angielski",8.0,,,8.0,,,8.0,,
15299,SZKOŁA PODSTAWOWA W BĘDARGOWIE,2021,angielski,15.0,58.0,59.666666666666664,15.0,24.0,32.0,8.0,,
15283,SZKOŁA PODSTAWOWA W CHRAPOWIE,2021,"polski, matematyka, angielski",7.0,,,7.0,,,1.0,,
53063,SZKOŁA PODSTAWOWA W BROCZYNIE,2021,"polski, matematyka, angielski",5.0,,,5.0,,,5.0,,
263385,SZKOŁA PODSTAWOWA SPECJALNA,2021,"polski, matematyka, angielski",7.0,,,7.0,,,6.0,,
42060,SZKOŁA PODSTAWOWA IM. ORŁA BIAŁEGO W MIELENKU DRAWSKIM,2021,"polski, matematyka, angielski",6.0,,,6.0,,,5.0,,
42059,SZKOŁA PODSTAWOWA IM.JANA PAWŁA II W NĘTNIE,2021,"polski, matematyka, angielski",9.0,,,9.0,,,9.0,,
92340,SZKOŁA PODSTAWOWA W OSTROWICACH,2021,"polski, matematyka, angielski",7.0,,,7.0,,,7.0,,
35098,SZKOŁA PODSTAWOWA,2021,"polski, matematyka, angielski",7.0,,,7.0,,,7.0,,
65175,SZKOŁA PODSTAWOWA IM. 1 WARSZAWSKIEJ DYWIZJI KAWALERII W ŚWIERCZYNIE,2021,"polski, matematyka, angielski",8.0,,,8.0,,,8.0,,
92342,SZKOŁA PODSTAWOWA W NOWYM WOROWIE,2021,angielski,11.0,62.0,54.0,11.0,44.0,47.63636363636363,9.0,,
30477,SZKOŁA PODSTAWOWA IM. MARKA KOTAŃSKIEGO W BIAŁUNIU,2021,"polski, matematyka, angielski",9.0,,,9.0,,,9.0,,
30133,SZKOŁA PODSTAWOWA IM. JOANNY KULMOWEJ W KOMAROWIE,2021,"polski, matematyka, angielski",9.0,,,9.0,,,9.0,,
25680,SZKOŁA PODSTAWOWA IM. JANA PAWŁA II W KRĘPSKU,2021,"polski, matematyka",9.0,,,9.0,,,10.0,54.5,48.3
24454,"PRYWATNA JĘZYKOWA SZKOŁA PODSTAWOWA ""COGITO"" IM. KSIĘCIA BARNIMA I W GOLENIOWIE",2021,"polski, matematyka, angielski",9.0,,,9.0,,,9.0,,
42816,SZKOŁA PODSTAWOWA,2021,"polski, matematyka, angielski",6.0,,,6.0,,,6.0,,
55760,SZKOŁA PODSTAWOWA W ŻABOWIE,2021,"polski, matematyka, angielski",6.0,,,6.0,,,6.0,,
52386,SZKOLA PODSTAWOWA W ORZECHOWIE,2021,"polski, matematyka, angielski",9.0,,,9.0,,,9.0,,
92565,SZKOŁA PODSTAWOWA NR 4 IM. JANA PAWŁA II W NOWOGARDZIE,2021,"polski, matematyka, angielski",7.0,,,7.0,,,7.0,,
42812,SZKOŁA PODSTAWOWA IM. KONSTANTEGO MACIEJEWICZA W STEPNICY,2021,angielski,29.0,44.0,43.13793103448276,28.0,34.0,37.142857142857146,6.0,,
42813,SZKOŁA PODSTAWOWA IM. KS. JANA TWARDOWSKIEGO W RACIMIERZU,2021,angielski,21.0,58.0,54.95238095238095,21.0,28.0,35.23809523809524,6.0,,
4949,SZKOŁA PODSTAWOWA W GÓRZYCY,2021,"polski, matematyka, angielski",8.0,,,8.0,,,7.0,,
128971,SZKOŁA PODSTAWOWA SPECJALNA W MŁODZIEŻOWYM OŚRODKU SOCJOTERAPII W WANIOROWIE,2021,"polski, matematyka, angielski",9.0,,,9.0,,,7.0,,
44225,SZKOŁA PODSTAWOWA IM. ŚW. JANA PAWŁA II W MODLIMOWIE,2021,"polski, matematyka, angielski",8.0,,,8.0,,,7.0,,
69459,SZKOŁA PODSTAWOWA W MECHOWIE,2021,"polski, matematyka, angielski",9.0,,,9.0,,,9.0,,
263320,SZKOŁA PODSTAWOWA SPECJALNA W MŁODZIEŻOWYM OŚRODKU WYCHOWAWCZYM IM. JANUSZA KORCZAKA W REWALU,2021,"polski, matematyka, angielski",3.0,,,3.0,,,3.0,,
52376,SZKOŁA PODSTAWOWA IM. MIKOŁAJA KOPERNIKA W LUBANOWIE,2021,angielski,11.0,58.0,49.45454545454545,11.0,24.0,33.09090909090909,3.0,,
52377,SZKOŁA PODSTAWOWA W SWOBNICY,2021,angielski,14.0,40.0,40.42857142857143,14.0,20.0,26.285714285714285,4.0,,
20059,SZKOŁA PODSTAWOWA IM.LEŚNIKÓW POLSKICH,2021,"polski, matematyka, angielski",9.0,,,9.0,,,5.0,,
39037,SZKOŁA PODSTAWOWA W CEDYNI,2021,angielski,37.0,44.0,47.054054054054056,37.0,24.0,28.64864864864865,7.0,,
55932,SZKOŁA PODSTAWOWA IM. PRZYRODNIKÓW POLSKICH W BRWICACH,2021,"polski, matematyka, angielski",6.0,,,6.0,,,5.0,,
56139,SZKOŁA PODSTAWOWA IM. OLIMPIJCZYKÓW POLSKICH W KRZYMOWIE,2021,"polski, matematyka, angielski",9.0,,,9.0,,,8.0,,
48101,SZKOŁA PODSTAWOWA IM. JANA PAWŁA II W CHWARSTNICY,2021,angielski,18.0,52.0,48.55555555555556,18.0,32.0,31.11111111111111,2.0,,
41054,SZKOŁA PODSTAWOWA IM. MAŁYCH ZESŁAŃCÓW SYBIRU W RADZISZEWIE,2021,"polski, matematyka, angielski",8.0,,,8.0,,,8.0,,
47322,SZKOŁA PODSTAWOWA IM. WOJSKA POLSKIEGO W TROSZYNIE,2021,"polski, matematyka, angielski",4.0,,,4.0,,,1.0,,
88216,SZKOŁA PODSTAWOWA IM. JANA PAWŁA II W ZIELINIE,2021,angielski,10.0,57.0,57.3,10.0,56.0,55.2,4.0,,
42402,SZKOŁA PODSTAWOWA IM. MŁODYCH EKOLOGÓW W CZELINIE,2021,"polski, matematyka, angielski",6.0,,,6.0,,,,,
22676,SZKOŁA PODSTAWOWA IM. KAWALERÓW ORDERU UŚMIECHU W STOŁECZNEJ,2021,"polski, matematyka, angielski",9.0,,,9.0,,,9.0,,
22645,SZKOŁA PODSTAWOWA IM. HELENY GRABSKIEJ Z ORLĄT LWOWSKICH W GOGOLICACH,2021,"polski, matematyka, angielski",7.0,,,7.0,,,1.0,,
262886,SZKOŁA PODSTAWOWA IM. MARKA KOTAŃSKIEGO W GÓRALICACH,2021,"polski, matematyka, angielski",7.0,,,7.0,,,7.0,,
86368,SZKOŁA PODSTAWOWA W WYSOKIEJ KAMIEŃSKIEJ,2021,"polski, matematyka, angielski",7.0,,,7.0,,,6.0,,
12679,SZKOŁA PODSTAWOWA W JARSZEWIE,2021,"polski, matematyka, angielski",8.0,,,8.0,,,7.0,,
12678,SZKOŁA PODSTAWOWA IM. MARII KONOPNICKIEJ WE WRZOSOWIE,2021,"polski, matematyka, angielski",9.0,,,9.0,,,9.0,,
64506,SZKOŁA PODSTAWOWA NR 2 IM. PROF. DRA WŁADYSŁAWA SZAFERA W WAPNICY,2021,"polski, matematyka, angielski",8.0,,,8.0,,,8.0,,
83393,PUBLICZNA SZKOŁA PODSTAWOWA IM. ZOFII KOSSAK-SZCZUCKIEJ W DARGOBĄDZU,2021,"polski, matematyka, angielski",8.0,,,8.0,,,4.0,,
80353,PUBLICZNA SZKOŁA PODSTAWOWA W TROSZYNIE,2021,"polski, matematyka, angielski",6.0,,,6.0,,,,,
83390,PUBLICZNA SZKOŁA PODSTAWOWA W KONIEWIE,2021,"polski, matematyka, angielski",8.0,,,8.0,,,2.0,,
89598,SPOŁECZNA SZKOŁA PODSTAWOWA W ŁADZINIE,2021,"polski, matematyka, angielski",8.0,,,8.0,,,6.0,,
74984,SZKOŁA PODSTAWOWA IM. MARII KONOPNICKIEJ W STUCHOWIE,2021,"polski, matematyka, angielski",8.0,,,8.0,,,8.0,,
14965,SZKOŁA PODSTAWOWA W DRZEWIANACH,2021,"polski, matematyka, angielski",7.0,,,7.0,,,7.0,,
5968,SZKOŁA PODSTAWOWA IM. STRAŻY GRANICZNEJ W SARBINOWIE,2021,"polski, matematyka, angielski",8.0,,,8.0,,,8.0,,
39702,SZKOŁA PODSTAWOWA SPECJALNA,2021,"polski, matematyka, angielski",6.0,,,6.0,,,,,
5138,SZKOŁA PODSTAWOWA W SUCHEJ KOSZALIŃSKIEJ,2021,"polski, matematyka, angielski",9.0,,,9.0,,,9.0,,
46570,SZKOŁA PODSTAWOWA W IWIĘCINIE,2021,"polski, matematyka, angielski",9.0,,,9.0,,,9.0,,
5132,SZKOŁA PODSTAWOWA W SZCZEGLINIE,2021,"polski, matematyka, angielski",8.0,,,8.0,,,8.0,,
43512,SZKOŁA PODSTAWOWA W DUNOWIE,2021,"polski, matematyka, angielski",6.0,,,6.0,,,6.0,,
73997,SZKOŁA PODSTAWOWA IM.ARMII KRAJOWEJ W CHARZYNIE,2021,"polski, matematyka, angielski",9.0,,,9.0,,,2.0,,
88099,SZKOŁA PODSTAWOWA IM.NOBLISTÓW POLSKICH W SIEMYŚLU,2021,angielski,18.0,59.0,56.05555555555556,17.0,32.0,37.411764705882355,8.0,,
44256,SZKOŁA PODSTAWOWA IM. JANA PAWŁA II W MOSTKOWIE,2021,angielski,12.0,39.0,42.333333333333336,12.0,24.0,31.0,4.0,,
262330,SZKOŁA PODSTAWOWA DLA DOROSŁYCH W BARLINKU,2021,angielski,20.0,20.0,23.6,20.0,16.0,16.8,,,
70600,SZKOŁA PODSTAWOWA IM. MARII KONOPNICKIEJ W SARBINOWIE,2021,"polski, matematyka, angielski",8.0,,,8.0,,,8.0,,
124389,SZKOŁA PODSTWOWA SPECJALNA NR 2 W SMOLNICY,2021,"polski, matematyka, angielski",9.0,,,9.0,,,4.0,,
58578,SZKOŁA PODSTAWOWA IM. ADAMA MICKIEWICZA W GOLENICACH,2021,"polski, matematyka, angielski",7.0,,,7.0,,,1.0,,
53103,SZKOŁA PODSTAWOWA IM. JANUSZA KORCZAKA W KIERZKOWIE,2021,"polski, matematyka, angielski",8.0,,,8.0,,,3.0,,
58577,SZKOŁA PODSTAWOWA IM. JANA BRZECHWY W NAWROCKU,2021,angielski,12.0,62.0,58.416666666666664,12.0,38.0,49.333333333333336,6.0,,
113617,SZKOŁA PODSTAWOWA IM. HANSA CHRISTIANA ANDERSENA W KARSKU,2021,angielski,16.0,54.5,52.4375,16.0,24.0,24.75,7.0,,
113472,SZKOŁA PODSTAWOWA IM. UNII EUROPEJSKIEJ W NOWOGRÓDKU POMORSKIM,2021,angielski,10.0,43.5,43.3,10.0,24.0,27.2,9.0,,
90417,PUBLICZNA SZKOŁA PODSTAWOWA W DOŁUJACH,2021,"polski, matematyka",9.0,,,9.0,,,11.0,73.0,67.63636363636364
55518,PUBLICZNA SZKOŁA PODSTAWOWA W RZĘDZINACH,2021,"polski, matematyka, angielski",8.0,,,8.0,,,8.0,,
275002,NIEPUBLICZNA SZKOŁA PODSTAWOWA FUNDACJI KRÓLOWEJ ŚWIĘTEJ JADWIGI W PRZECŁAWIU,2021,"polski, matematyka, angielski",6.0,,,6.0,,,5.0,,
6796,SZKOŁA PODSTAWOWA W NOWYM WARPNIE,2021,"polski, matematyka, angielski",9.0,,,9.0,,,1.0,,
73035,SZKOŁA PODSTAWOWA SPECJALNA NR 10,2021,"polski, matematyka, angielski",6.0,,,6.0,,,6.0,,
87192,SZKOŁA PODSTAWOWA NR 6 Z ODDZIAŁAMI DWUJĘZYCZNYMI I PRZEDSZKOLNYMI,2021,angielski,12.0,61.0,56.75,12.0,30.0,38.666666666666664,7.0,,
34609,PUBLICZNA SZKOŁA PODSTAWOWA IM. KORNELA MAKUSZYŃSKIEGO W JESIONOWIE,2021,"polski, matematyka, angielski",5.0,,,5.0,,,,,
35246,PUBLICZNA SZKOŁA PODSTAWOWA W ŻUKOWIE,2021,"polski, matematyka, angielski",5.0,,,5.0,,,5.0,,
72053,SZKOŁA PODSTAWOWA W ŻABOWIE,2021,angielski,21.0,56.0,57.142857142857146,21.0,28.0,34.285714285714285,5.0,,
72052,SZKOŁA PODSTAWOWA W OKUNICY,2021,"polski, matematyka, angielski",9.0,,,9.0,,,9.0,,
72060,SZKOŁA PODSTAWOWA IM. WŁADYSŁAWA BRONIEWSKIEGO W MIELĘCINIE,2021,angielski,10.0,31.0,38.9,10.0,20.0,29.6,9.0,,
70546,SZKOŁA PODSTAWOWA W SĄDOWIE,2021,"polski, matematyka, angielski",5.0,,,5.0,,,5.0,,
87810,SZKOŁA PODSTAWOWA W DOBROPOLU,2021,"polski, matematyka, angielski",9.0,,,9.0,,,9.0,,
43847,NIEPUBLICZNA SZKOŁA PODSTAWOWA W GOGOLEWIE,2021,"polski, matematyka, angielski",7.0,,,7.0,,,1.0,,
263973,PRYWATNA SZKOŁA PODSTAWOWA DLA DOROSŁYCH MEDICA W STARGARDZIE,2021,"matematyka, angielski",10.0,20.0,21.9,9.0,,,9.0,,
26454,SZKOŁA PODSTAWOWA W STRACHOCINIE,2021,"polski, matematyka, angielski",8.0,,,8.0,,,8.0,,
26576,SZKOŁA PODSTAWOWA W SOWNIE,2021,angielski,10.0,30.0,35.0,10.0,16.0,30.0,9.0,,
64540,SZKOŁA PODSTAWOWA IM. JANUSZA KUSOCIŃSKIEGO W SUCHANIU,2021,angielski,25.0,71.0,69.52,25.0,40.0,42.4,2.0,,
13851,SZKOŁA PODSTAWOWA NR 13 IM. ORLĄT LWOWSKICH,2021,angielski,20.0,62.0,60.5,20.0,50.0,51.6,7.0,,
115470,PRYWATNA OGÓLNOKSZTAŁCĄCA SZKOŁA MUZYCZNA I ST. LEONARDA PIWONI W SZCZECINIE,2021,"polski, matematyka, angielski",3.0,,,3.0,,,2.0,,
124482,SZKOŁA PODSTAWOWA NR 75 W SCHRONISKU DLA NIELETNICH W SZCZECINIE,2021,"polski, matematyka, angielski",1.0,,,1.0,,,,,
73659,SZCZECIN INTERNATIONAL SCHOOL - SZKOŁA PODSTAWOWA,2021,"polski, matematyka, angielski",7.0,,,7.0,,,7.0,,
86624,SZKOŁA PODSTAWOWA SPECJALNA NR 17,2021,angielski,10.0,60.0,60.7,10.0,28.0,36.4,9.0,,
119267,PIERWSZA SZKOŁA PODSTAWOWA MONTESSORI W SZCZECINIE,2021,"polski, matematyka, angielski",8.0,,,8.0,,,8.0,,
17823,SZKOŁA PODSTAWOWA SPECJALNA NR 26,2021,"polski, matematyka, angielski",4.0,,,4.0,,,4.0,,
129357,SZCZECIŃSKA SZKOŁA WITRUWIAŃSKA SVS,2021,"polski, matematyka, angielski",5.0,,,5.0,,,4.0,,
262927,SZKOŁA PODSTAWOWA SZCZECIŃSKIEJ FUNDACJI TALENT-PROMOCJA-POSTĘP,2021,"polski, matematyka, angielski",6.0,,,6.0,,,6.0,,
86833,SZKOŁA PODSTAWOWA W STARYM CHWALIMIU,2021,angielski,16.0,63.0,59.875,16.0,28.0,31.0,,,
266102,SZKOŁA PODSTAWOWA NR 2 IM.TARASA SZEWCZENKI W BIAŁYM BORZE,2021,"polski, matematyka",1.0,,,1.0,,,11.0,73.0,58.81818181818182
268378,SZKOŁA PODSTAWOWA IM. JULIANA TUWIMA W DRZONOWIE,2021,"polski, matematyka, angielski",6.0,,,6.0,,,1.0,,
8393,SZKOŁA PODSTAWOWA IM.KAWALERÓW ORDERU UŚMIECHU,2021,"polski, matematyka, angielski",5.0,,,5.0,,,5.0,,
60077,SZKOŁA PODSTAWOWA IM. MARII KONOPNICKIEJ W IWINIE,2021,angielski,10.0,52.5,45.9,10.0,28.0,25.2,1.0,,
132335,SZKOŁA PODSTAWOWA PRZY PRYWATNYM LICEUM OGÓLNOKSZTAŁCĄCYM W SZCZECINKU,2021,"polski, matematyka, angielski",9.0,,,9.0,,,9.0,,
9163,SZKOŁA PODSTAWOWA W GWDZIE WIELKIEJ,2021,"polski, matematyka, angielski",9.0,,,9.0,,,4.0,,
9433,SZKOŁA PODSTAWOWA W WIERZCHOWIE,2021,angielski,24.0,56.0,48.375,24.0,26.0,31.333333333333332,,,
9518,SZKOŁA PODSTAWOWA W PARSĘCKU,2021,"polski, matematyka, angielski",6.0,,,6.0,,,,,
9456,SZKOŁA PODSTAWOWA W ŻÓŁTNICY,2021,angielski,11.0,44.0,46.09090909090909,11.0,40.0,37.09090909090909,3.0,,
125009,SPOŁECZNA SZKOŁA PODSTAWOWA W DOBIESŁAWIU,2021,"polski, matematyka, angielski",6.0,,,6.0,,,6.0,,
122001,"SPOŁECZNA SZKOŁA PODSTAWOWA IM. KPT. KAZIMIERZA FILIPOWICZA PS. ""KORD""",2021,"polski, matematyka, angielski",7.0,,,7.0,,,6.0,,
86825,SZKOŁA PODSTAWOWA IM. KAZIMIERZA GÓRSKIEGO,2021,"polski, matematyka, angielski",9.0,,,9.0,,,9.0,,
22293,SZKOŁA PODSTAWOWA W STANIEWICACH,2021,"polski, matematyka, angielski",8.0,,,8.0,,,8.0,,
44525,SZKOŁA PODSTAWOWA W PIESZCZU,2021,"polski, matematyka, angielski",8.0,,,8.0,,,8.0,,
9298,SZKOŁA PODSTAWOWA WE WRZEŚNICY,2021,"polski, matematyka, angielski",8.0,,,8.0,,,8.0,,
68340,SZKOŁA PODSTAWOWA W PIECNIKU,2021,"polski, matematyka, angielski",7.0,,,7.0,,,,,
71118,SZKOŁA PODSTAWOWA IM. MIESZKA I W MARCINKOWICACH,2021,"polski, matematyka, angielski",8.0,,,8.0,,,8.0,,
119376,NIEPUBLICZNA SZKOŁA PODSTAWOWA Z ODDZIAŁEM PRZEDSZKOLNYM IM. 4 DYWIZJI PIECHOTY W SZWECJI,2021,"polski, matematyka, angielski",5.0,,,5.0,,,5.0,,
90197,SZKOŁA PODSTAWOWA W WOJTASZYCACH,2021,"polski, matematyka, angielski",6.0,,,6.0,,,6.0,,
60451,PUBLICZNA SZKOŁA PODSTAWOWA W BEŁCZNIE,2021,"polski, matematyka, angielski",8.0,,,8.0,,,8.0,,
133330,SZKOŁA PODSTAWOWA DLA DOROSŁYCH W ŁOBZIE,2021,angielski,19.0,16.0,19.0,19.0,20.0,18.736842105263158,,,
72710,PUBLICZNA SZKOŁA PODSTAWOWA IM. ZIEMI ŚWIDWIŃSKIEJ W LEKOWIE,2021,angielski,17.0,56.0,54.470588235294116,16.0,52.0,51.0,7.0,,
267763,PUBLICZNA SZKOŁA PODSTAWOWA W OPARZNIE,2021,"polski, matematyka, angielski",7.0,,,7.0,,,3.0,,
55144,SPOŁECZNA SZKOŁA PODSTAWOWA SPOŁECZNEGO TOWARZYSTWA SZKOŁY GIMNAZJALNEJ,2021,"polski, matematyka, angielski",6.0,,,6.0,,,6.0,,
26129,PUBLICZNA SZKOŁA PODSTAWOWA IM. MARII KONOPNICKIEJ W OLKOWICACH,2021,"polski, matematyka, angielski",8.0,,,8.0,,,8.0,,
7705,PUBLICZNA SZKOŁA PODSTAWOWA IM. ARMII KRAJOWEJ W BOŻEM,2021,"polski, matematyka, angielski",7.0,,,7.0,,,7.0,,
9145,PUBLICZNA SZKOŁA PODSTAWOWA IM. ŚW JANA PAWŁA II W BOBRKU,2021,"polski, matematyka, angielski",6.0,,,6.0,,,6.0,,
9146,PUBLICZNA SZKOŁA PODSTAWOWA IM. KS. KAZIMIERZA KNIEDZIAŁOWSKIEGO W DOBIESZYNIE,2021,"polski, matematyka, angielski",7.0,,,7.0,,,7.0,,
62364,PUBLICZNA SZKOŁA PODSTAWOWA W KOSTRZYNIU,2021,"polski, matematyka, angielski",8.0,,,8.0,,,8.0,,
24396,SZKOŁA PODSTAWOWA W CHOTUMIU,2021,"polski, matematyka, angielski",7.0,,,7.0,,,7.0,,
7966,NIEPUBLICZNA SZKOŁA PODSTAWOWA W GORYSZACH,2021,"polski, matematyka, angielski",7.0,,,7.0,,,7.0,,
12051,SZKOŁA PODSTAWOWA W WOLI MŁOCKIEJ,2021,"polski, matematyka, angielski",5.0,,,5.0,,,5.0,,
44647,SZKOŁA PODSTAWOWA W HUMIĘCINIE,2021,"polski, matematyka, angielski",6.0,,,6.0,,,6.0,,
3888,SZKOŁA PODSTAWOWA IM. WACŁAWA KOZIŃSKIEGO W KRASZEWIE,2021,"polski, matematyka, angielski",6.0,,,6.0,,,6.0,,
74875,SZKOŁA PODSTAWOWA IM. MARII KONOPNICKIEJ W KOŁACZKOWIE,2021,"polski, matematyka, angielski",9.0,,,9.0,,,9.0,,
23609,SZKOŁA PODSTAWOWA IM.ZYGMUNTA PADLEWSKIEGO W ZEŃBOKU,2021,"polski, matematyka, angielski",8.0,,,8.0,,,8.0,,
83501,SPOŁECZNA SZKOŁA PODSTAWOWA W KAŁĘCZYNIE,2021,"polski, matematyka, angielski",3.0,,,3.0,,,3.0,,
263530,SZKOŁA PODSTAWOWA SPECJALNA W MŁODZIEŻOWYM OŚRODKU SOCJOTERAPII,2021,angielski,11.0,24.0,24.727272727272727,11.0,16.0,17.818181818181817,5.0,,
263535,SZKOŁA PODSTAWOWA SPECJALNA W MŁODZIEŻOWYM OŚRODKU WYCHOWAWCZYM W GOŁOTCZYŹNIE,2021,"polski, matematyka, angielski",6.0,,,6.0,,,3.0,,
27553,PUBLICZNA SZKOŁA PODSTAWOWA W IWOWEM,2021,"polski, matematyka, angielski",4.0,,,4.0,,,4.0,,
74367,SZKOŁA PODSTAWOWA SPECJALNA NR 2 W ZESPOLE SZKÓŁ SPECJALNYCH NR 2 W GARWOLINIE,2021,"polski, matematyka, angielski",3.0,,,3.0,,,3.0,,
264914,NIEPUBLICZNA SZKOŁA PODSTAWOWA Z ODDZIAŁAMI PRZYSPOSABIAJĄCYMI DO PRACY,2021,"polski, matematyka, angielski",6.0,,,4.0,,,3.0,,
49720,SZKOŁA PODSTAWOWA W WOLI WŁADYSŁAWOWSKIEJ,2021,"polski, matematyka, angielski",7.0,,,7.0,,,7.0,,
50846,PUBLICZNA SZKOŁA PODSTAWOWA IM. MARII KOWNACKIEJ W SAMORZĄDKACH,2021,"polski, matematyka, angielski",6.0,,,6.0,,,6.0,,
50844,PUBLICZNA SZKOŁA PODSTAWOWA IM. MARII KONOPNICKIEJ W ŁĄKACH,2021,"polski, matematyka, angielski",4.0,,,4.0,,,4.0,,
22670,PUBLICZNA SZKOŁA PODSTAWOWA W ORONNEM,2021,"polski, matematyka, angielski",6.0,,,6.0,,,6.0,,
23092,PUBLICZNA SZKOŁA PODSTAWOWA W ANTONIÓWCE ŚWIERŻOWSKIEJ,2021,"polski, matematyka, angielski",6.0,,,6.0,,,6.0,,
9850,PUBLICZNA SZKOŁA PODSTAWOWA IM. MARII KOWNACKIEJ W ZWOLI,2021,"polski, matematyka, angielski",4.0,,,4.0,,,4.0,,
64768,PUBLICZNA SZKOŁA PODSTAWOWA,2021,"polski, matematyka, angielski",2.0,,,2.0,,,2.0,,
64774,PUBLICZNA SZKOŁA PODSTAWOWA W SOKOLE,2021,"polski, matematyka, angielski",8.0,,,8.0,,,8.0,,
88627,PUBLICZNA SZKOŁA PODSTAWOWA W ANIELOWIE,2021,"polski, matematyka, angielski",2.0,,,2.0,,,2.0,,
124655,NIEPUBLICZNA SZKOŁA PODSTAWOWA KUŹNIA TALENTÓW W CHOTYNI,2021,"polski, matematyka, angielski",8.0,,,8.0,,,8.0,,
88520,SZKOŁA PODSTAWOWA IM. DAWNYCH SŁOWIAN W PODEBŁOCIU Z FILIĄ W WIĘCKOWIE,2021,"polski, matematyka, angielski",7.0,,,7.0,,,7.0,,
30397,PUBLICZNA SZKOŁA PODSTAWOWA W ŻABIEŃCU,2021,"polski, matematyka, angielski",4.0,,,4.0,,,4.0,,
31103,PUBLICZNA SZKOŁA PODSTAWOWA IM. O. STANISŁAWA PAPCZYŃSKIEGO W MARIAŃSKIM PORZECZU,2021,"polski, matematyka, angielski",6.0,,,6.0,,,6.0,,
60705,PUBLICZNA SZKOŁA PODSTAWOWA W KRZYWDZIE IM.ORŁA BIAŁEGO,2021,"polski, matematyka, angielski",7.0,,,7.0,,,6.0,,
82484,SZKOŁA PODSTAWOWA IM.KS.JANA TWARDOWSKIEGO W STARYM GONIWILKU,2021,"polski, matematyka, angielski",6.0,,,6.0,,,6.0,,
90601,SZKOŁA PODSTAWOWA IM. TADEUSZA KOŚCIUSZKI W STEFANOWIE,2021,"polski, matematyka, angielski",9.0,,,9.0,,,6.0,,
83315,SZKOŁA PODSTAWOWA W WOLI ŻELECHOWSKIEJ,2021,"polski, matematyka, angielski",3.0,,,3.0,,,3.0,,
60148,SZKOŁA PODSTAWOWA W TEODOROWIE,2021,"polski, matematyka, angielski",9.0,,,9.0,,,9.0,,
60374,SZKOŁA PODSTAWOWA IM. MARII KOWNACKIEJ W SOKOŁOWIE,2021,"polski, matematyka, angielski",9.0,,,9.0,,,9.0,,
121867,SZKOŁA PODSTAWOWA IM. MARII KONOPNICKIEJ W GOLACH,2021,"polski, matematyka, angielski",4.0,,,4.0,,,4.0,,
4472,SZKOŁA PODSTAWOWA IM. KLEMENTYNY Z TAŃSKICH HOFFMANOWEJ W IZDEBNIE KOŚCIELNYM,2021,"polski, matematyka, angielski",8.0,,,8.0,,,8.0,,
52721,NIEPUBLICZNA SZKOŁA PODSTAWOWA STIF,2021,"polski, matematyka, angielski",9.0,,,9.0,,,9.0,,
268509,TENISOWA SZKOŁA PODSTAWOWA,2021,"polski, matematyka, angielski",5.0,,,5.0,,,4.0,,
58207,INTEGRACYJNA SPOŁECZNA SZKOŁA PODSTAWOWA NR 18 IM. GEN. BRYG. AUGUSTA EMILA FIELDORFA,2021,polski,9.0,,,10.0,48.0,49.6,10.0,83.5,80.3
7605,SZKOŁA PODSTAWOWA IM. MARII KOWNACKIEJ W SKUŁACH,2021,"polski, matematyka, angielski",8.0,,,8.0,,,8.0,,
83954,PUBLICZNA SZKOŁA PODSTAWOWA IM. ZIEMI GRÓJECKIEJ W ZABOROWIE,2021,"polski, matematyka, angielski",7.0,,,7.0,,,6.0,,
91956,PUBLICZNA SZKOŁA PODSTAWOWA IM. UNICEF W LEWICZYNIE,2021,"polski, matematyka, angielski",5.0,,,5.0,,,5.0,,
103472,PUBLICZNA SZKOŁA PODSTAWOWA IM. ROMUALDA TRAUGUTTA W ŁĘCZESZYCACH,2021,angielski,10.0,60.0,63.4,10.0,76.0,74.4,9.0,,
105736,PUBLICZNA SZKOŁA PODSTAWOWA IM. 11 LISTOPADA 1918R. W GOŁOSZACH,2021,"polski, matematyka, angielski",8.0,,,8.0,,,5.0,,
66479,PUBLICZNA SZKOŁA PODSTAWOWA IM. POETÓW POLSKICH W ZALESIU,2021,"polski, matematyka, angielski",9.0,,,9.0,,,9.0,,
66473,PUBLICZNA SZKOŁA PODSTAWOWA IM. KAWALERÓW ORDERU UŚMIECHU W BUDZISZYNKU,2021,"polski, matematyka, angielski",6.0,,,6.0,,,6.0,,
66474,PUBLICZNA SZKOŁA PODSTAWOWA IM. JANA PAWŁA II W MACHCINIE,2021,"polski, matematyka, angielski",4.0,,,4.0,,,4.0,,
66475,PUBLICZNA SZKOŁA PODSTAWOWA IM. MARII KONOPNICKIEJ W PIECZYSKACH,2021,"polski, matematyka, angielski",5.0,,,5.0,,,5.0,,
47665,PUBLICZNA SZKOŁA PODSTAWOWA W SIELCU,2021,"polski, matematyka, angielski",9.0,,,9.0,,,8.0,,
55924,PUBLICZNA SZKOŁA PODSTAWOWA W BIKÓWKU,2021,"polski, matematyka, angielski",7.0,,,7.0,,,7.0,,
55921,PUBLICZNA SZKOŁA PODSTAWOWA W CZĘSTONIEWIE,2021,"polski, matematyka, angielski",5.0,,,5.0,,,5.0,,
272999,NIEPUBLICZNA ZAOCZNA SZKOŁA PODSTAWOWA DLA DOROSŁYCH W GRÓJCU,2021,"polski, matematyka, angielski",3.0,,,3.0,,,,,
16655,PUBLICZNA SZKOŁA PODSTAWOWA IM.KSIĘDZA CZESŁAWA SADŁOWSKIEGO W ZBROSZY DUŻEJ,2021,"polski, matematyka, angielski",9.0,,,8.0,,,9.0,,
24340,PUBLICZNA SZKOŁA PODSTAWOWA W BOROWEM,2021,"polski, matematyka, angielski",6.0,,,6.0,,,5.0,,
24642,NIEPUBLICZNA SZKOŁA PODSTAWOWA W KOZIETUŁACH,2021,"polski, matematyka, angielski",3.0,,,3.0,,,2.0,,
89385,PUBLICZNA SZKOŁA PODSTAWOWA W MICHAŁOWICACH,2021,"polski, matematyka, angielski",5.0,,,5.0,,,5.0,,
87434,PUBLICZNA SZKOŁA PODSTAWOWA W ŻDŻARACH,2021,"polski, matematyka, angielski",6.0,,,6.0,,,6.0,,
84240,PUBLICZNA SZKOŁA PODSTAWOWA IM. GENERAŁA FRANCISZKA KAMIŃSKIEGO W CIECHLINIE,2021,"polski, matematyka, angielski",8.0,,,8.0,,,8.0,,
84242,PUBLICZNA SZKOŁA PODSTAWOWA IM. O. KAZIMIERZA WYSZYŃSKIEGO W JEZIORZE,2021,"polski, matematyka, angielski",8.0,,,8.0,,,7.0,,
84244,PUBLICZNA SZKOŁA PODSTAWOWA IM. ŚW. MAKSYMILIANA MARII KOLBEGO W KAROLEWIE,2021,angielski,10.0,72.0,72.2,10.0,48.0,51.6,8.0,,
82658,PUBLICZNA SZKOŁA PODSTAWOWA IM. STEFANA CZARNIECKIEGO W OSTROŁĘCE,2021,"polski, matematyka, angielski",9.0,,,9.0,,,9.0,,
74578,PUBLICZNA SZKOŁA PODSTAWOWA W BOGUCINIE,2021,"polski, matematyka, angielski",4.0,,,4.0,,,4.0,,
85316,PUBLICZNA SZKOŁA PODSTAWOWA IM. MARII SKŁODOWSKIEJ - CURIE W WYSOKIM KOLE,2021,"polski, matematyka, angielski",7.0,,,7.0,,,7.0,,
24145,SZKOŁA PODSTAWOWA IM. 76 PUŁKU PIECHOTY,2021,"polski, matematyka, angielski",8.0,,,8.0,,,8.0,,
9284,PUBLICZNA SZKOŁA PODSTAWOWA W CECYLÓWCE-BRZÓZKIEJ,2021,"polski, matematyka, angielski",5.0,,,5.0,,,5.0,,
62361,PUBLICZNA SZKOŁA PODSTAWOWA IM. BAT.CHŁOPSKICH W URSYNOWIE,2021,"polski, matematyka, angielski",6.0,,,6.0,,,6.0,,
75774,PUBLICZNA SZKOŁA PODSTAWOWA IM CHOR.JANA SZYMAŃSKIEGO W RYCZYWOLE,2021,"polski, matematyka, angielski",8.0,,,8.0,,,8.0,,
5898,PUBLICZNA SZKOŁA PODSTAWOWA W BRZEŹNICY,2021,"polski, matematyka, angielski",6.0,,,6.0,,,6.0,,
5899,PUBLICZNA SZKOŁA PODSTAWOWA W STANISŁAWICACH,2021,"polski, matematyka, angielski",7.0,,,7.0,,,7.0,,
5896,PUBLICZNA SZKOŁA PODSTAWOWA IM. STEFANA CZARNIECKIEGO W WOLI CHODKOWSKIEJ,2021,"polski, matematyka, angielski",5.0,,,5.0,,,5.0,,
5897,PUBLICZNA SZKOŁA PODSTAWOWA W WÓLCE TYRZYŃSKIEJ,2021,"polski, matematyka, angielski",9.0,,,9.0,,,9.0,,
263884,NIEPUBLICZNA SZKOŁA PODSTAWOWA DLA DOROSŁYCH W KOZIENICACH,2021,"polski, matematyka, angielski",6.0,,,6.0,,,6.0,,
86157,SZKOŁA PODSTAWOWA W PRZYDWORZYCACH,2021,"polski, matematyka, angielski",7.0,,,7.0,,,7.0,,
17385,SZKOŁA PODSTAWOWA W CHMIELEWIE,2021,"polski, matematyka, angielski",6.0,,,6.0,,,6.0,,
262698,SZKOŁA PODSTAWOWA W MNISZEWIE,2021,"polski, matematyka, angielski",4.0,,,4.0,,,4.0,,
89381,PUBLICZNA SZKOŁA PODSTAWOWA W STARYCH SŁOWIKACH,2021,"polski, matematyka, angielski",6.0,,,6.0,,,6.0,,
131696,SZKOŁA PODSTAWOWA AKADEMIA DOBREJ EDUKACJI W JABŁONNIE,2021,"polski, matematyka, angielski",7.0,,,7.0,,,7.0,,
273797,"NIEPUBLICZNA SZKOŁA PODSTAWOWA ""MODELOWA SZKOŁA""",2021,"polski, matematyka, angielski",6.0,,,6.0,,,6.0,,
8524,SZKOŁA PODSTAWOWA IM. JÓZEFA WYBICKIEGO W JANÓWKU,2021,angielski,10.0,47.5,44.5,10.0,26.0,24.0,9.0,,
54335,PUBLICZNA SZKOŁA PODSTAWOWA W BĄKOWEJ,2021,"polski, matematyka, angielski",9.0,,,9.0,,,9.0,,
114546,PUBLICZNA SZKOŁA PODSTAWOWA IM. BATALIONÓW CHŁOPSKICH W KRĘPIE KOŚCIELNEJ,2021,"polski, matematyka, angielski",6.0,,,6.0,,,6.0,,
85798,PUBLICZNA SZKOŁA PODSTAWOWA W SOLCU NAD WISŁĄ,2021,"polski, matematyka, angielski",5.0,,,5.0,,,5.0,,
75638,NIEPUBLICZNA SZKOŁA PODSTAWOWA Z ODDZIAŁAMI PRZEDSZKOLNYMI,2021,"polski, matematyka, angielski",8.0,,,8.0,,,8.0,,
51846,SZKOŁA PODSTAWOWA IM. MARII KONOPNICKIEJ W CZERWONCE,2021,"polski, matematyka, angielski",9.0,,,9.0,,,6.0,,
12448,SZKOŁA PODSTAWOWA W SZWELICACH,2021,"polski, matematyka, angielski",3.0,,,3.0,,,3.0,,
30208,SZKOŁA PODSTAWOWA IM. ŚW. STANISŁAWA KOSTKI W AMELINIE,2021,"polski, matematyka, angielski",8.0,,,8.0,,,8.0,,
3518,PUBLICZNA SZKOŁA PODSTAWOWA IM.ŚW.STANISŁAWA KOSTKI W CHODKOWIE WIELKIM,2021,"polski, matematyka, angielski",5.0,,,5.0,,,5.0,,
111945,SZKOŁA PODSTAWOWA IM. WŁADYSŁAWA STANISŁAWA REYMONTA W GĄSEWIE PODUCHOWNYM,2021,"polski, matematyka, angielski",9.0,,,9.0,,,9.0,,
9411,SZKOŁA PODSTAWOWA IM MARII KOWNACKIEJ W MLĘCINIE,2021,"polski, matematyka, angielski",8.0,,,8.0,,,8.0,,
71506,SZKOŁA PODSTAWOWA IM. SZARYCH SZEREGÓW W GÓRKACH,2021,"polski, matematyka, angielski",9.0,,,9.0,,,9.0,,
107534,SZKOŁA PODSTAWOWA W CHOBOCIE,2021,"polski, matematyka, angielski",7.0,,,7.0,,,7.0,,
85025,SZKOŁA PODSTAWOWA IM. JANA PAWŁA II W MISTOWIE,2021,"polski, matematyka, angielski",6.0,,,6.0,,,6.0,,
121498,SZKOŁA FILIALNA W DĘBEM MAŁYM SZKOŁY PODSTAWOWEJ IM. RODZINY WYLEŻYŃSKICH W WIELGOLESIE,2021,"polski, matematyka, angielski",4.0,,,4.0,,,4.0,,
111161,SZKOŁA PODSTAWOWA IM. KAROLA WOJTYŁY W HUCIE MIŃSKIEJ Z/S W CIELECHOWIŹNIE,2021,"polski, matematyka, angielski",8.0,,,8.0,,,8.0,,
60929,SZKOŁA PODSTAWOWA W GRODZISKU IM. BOHATERÓW WRZEŚNIA 1939 R.,2021,"polski, matematyka, angielski",8.0,,,8.0,,,8.0,,
83382,PUBLICZNA SZKOŁA PODSTAWOWA IM. KORNELA MAKUSZYŃSKIEGO W STAROGRODZIE,2021,"polski, matematyka, angielski",6.0,,,6.0,,,6.0,,
83629,PUBLICZNA SZKOŁA PODSTAWOWA IM.ABSOLWENTÓW SIENNICKICH SZKÓŁ PEDAGOGICZNYCH,2021,"polski, matematyka, angielski",5.0,,,5.0,,,5.0,,
119011,PRYWATNA SZKOŁA PODSTAWOWA IM. RODZINY MORACZEWSKICH,2021,"polski, matematyka, angielski",6.0,,,6.0,,,6.0,,
8978,SZKOŁA PODSTAWOWA W ŁOMI,2021,"polski, matematyka, angielski",6.0,,,6.0,,,6.0,,
8977,SZKOŁA PODSTAWOWA W TURZY MAŁEJ,2021,"polski, matematyka, angielski",7.0,,,7.0,,,7.0,,
3494,SZKOŁA PODSTAWOWA IM.RTM. WITOLDA PILECKIEGO W WYSZYNACH KOŚCIELNYCH,2021,"polski, matematyka, angielski",6.0,,,6.0,,,6.0,,
25707,SZKOŁA PODSTAWOWA W PROSZKOWIE,2021,"polski, matematyka, angielski",4.0,,,4.0,,,4.0,,
86749,SZKOŁA PODSTAWOWA W DĘBSKU,2021,"polski, matematyka, angielski",7.0,,,7.0,,,7.0,,
92597,SZKOŁA PODSTAWOWA W WINDYKACH,2021,"polski, matematyka, angielski",8.0,,,8.0,,,8.0,,
31992,SZKOŁA PODSTAWOWA W KAZUNIU NOWYM IM. 2 BRYGADY SAPERÓW,2021,"polski, matematyka, angielski",6.0,,,6.0,,,6.0,,
90166,SZKOŁA PODSTAWOWA W ŁOMNIE,2021,"polski, matematyka, angielski",8.0,,,8.0,,,8.0,,
43939,SZKOŁA PODSTAWOWA IM. FRYDERYKA CHOPINA W WOJSZCZYCACH,2021,"polski, matematyka, angielski",9.0,,,9.0,,,9.0,,
27288,SZKOŁA PODSTAWOWA W STAREJ RUSKOŁĘCE,2021,"polski, matematyka, angielski",5.0,,,5.0,,,5.0,,
89283,SZKOŁA PODSTAWOWA W TYMIANKACH-BUCIACH,2021,"polski, matematyka, angielski",4.0,,,4.0,,,4.0,,
6629,SZKOŁA PODSTAWOWA W ORLE,2021,"polski, matematyka, angielski",9.0,,,9.0,,,9.0,,
86924,SZKOŁA PODSTAWOWA IM. MARII KONOPNICKIEJ W NURZE,2021,"polski, matematyka, angielski",7.0,,,7.0,,,7.0,,
11665,PUBLICZNA SZKOŁA PODSTAWOWA IM.MARII DĄBROWSKIEJ W DUDACH,2021,"polski, matematyka, angielski",4.0,,,4.0,,,4.0,,
275377,NIEPUBLICZNA SZKOŁA PODSTAWOWA IM> RTM>WITOLDA PILECKIEGO W KOZIKACH,2021,"polski, matematyka, angielski",5.0,,,5.0,,,5.0,,
69827,PUBLICZNA SZKOŁA PODSTAWOWA IM. MARII KONOPNICKIEJ W RZĄŚNIKU WŁOŚCIAŃSKIM,2021,"polski, matematyka, angielski",9.0,,,9.0,,,9.0,,
91573,NIEPUBLICZNA SZKOŁA PODSTAWOWA W TRYNOSACH-OSIEDLE,2021,"polski, matematyka, angielski",1.0,,,1.0,,,1.0,,
106701,SZKOŁA PODSTAWOWA W JASTRZĄBCE,2021,"polski, matematyka, angielski",3.0,,,3.0,,,3.0,,
106702,SZKOŁA PODSTAWOWA W WOLI BŁĘDOWSKIEJ,2021,"polski, matematyka, angielski",4.0,,,4.0,,,4.0,,
106699,SZKOŁA PODSTAWOWA W BAKULE-ZIOMKU,2021,"polski, matematyka, angielski",3.0,,,3.0,,,3.0,,
60887,SZKOŁA PODSTAWOWA SIGIE IM. KAROLA ADAMIECKIEGO W CZARNOTRZEWIU,2021,"polski, matematyka, angielski",2.0,,,2.0,,,2.0,,
39641,SZKOŁA PODSTAWOWA IM. JANUSZA KORCZAKA W PASIEKACH,2021,"polski, matematyka, angielski",7.0,,,7.0,,,7.0,,
43315,SZKOŁA PODSTAWOWA IM. KS.JANA TWARDOWSKIEGO W CHUDKU,2021,"polski, matematyka, angielski",9.0,,,9.0,,,9.0,,
44150,SZKOŁA PODSTAWOWA IM. KS. JERZEGO POPIEŁUSZKI W WACHU,2021,"polski, matematyka, angielski",7.0,,,7.0,,,7.0,,
30257,SZKOŁA PODSTAWOWA W ZESPOLE PLACÓWEK OŚWIATOWYCH IM. PAPIEŻA JANA PAWŁA II W DYLEWIE,2021,angielski,10.0,50.0,49.3,10.0,38.0,50.8,9.0,,
118543,SZKOŁA PODSTAWOWA IM. ŚW. STANISŁAWA KOSTKI W JAZGARCE,2021,"polski, matematyka, angielski",6.0,,,6.0,,,6.0,,
118547,SZKOŁA PODSTAWOWA W CZARNI,2021,"polski, matematyka, angielski",2.0,,,2.0,,,2.0,,
72355,SZKOŁA PODSTAWOWA W OLSZEWCE,2021,"polski, matematyka, angielski",4.0,,,4.0,,,4.0,,
91898,SZKOŁA PODSTAWOWA W OBIERWI,2021,"polski, matematyka, angielski",8.0,,,8.0,,,8.0,,
72352,SZKOŁA PODSTAWOWA W NASIADKACH,2021,"polski, matematyka, angielski",6.0,,,6.0,,,6.0,,
72351,SZKOŁA PODSTAWOWA IM. ŚW. JANA PAWŁA II W ŁĘGU STAROŚCIŃSKIM,2021,"polski, matematyka, angielski",4.0,,,4.0,,,4.0,,
56191,PUBLICZNA SZKOŁA PODSTAWOWA SIGIE IM KAROLA ADAMIECKIEGO W PEŁTACH,2021,"polski, matematyka, angielski",2.0,,,2.0,,,1.0,,
74080,PUBLICZNA SZKOŁA PODSTAWOWA W WYDMUSACH,2021,"polski, matematyka, angielski",3.0,,,3.0,,,3.0,,
74083,PUBLICZNA SZKOŁA PODSTAWOWA W ZALESIU,2021,"polski, matematyka, angielski",4.0,,,4.0,,,4.0,,
109090,PUBLICZNA SZKOŁA PODSTAWOWA W WOLKOWYCH,2021,"polski, matematyka, angielski",8.0,,,8.0,,,8.0,,
74076,PUBLICZNA SZKOŁA PODSTAWOWA IM. ARMII KRAJOWEJ W KRYSIAKACH,2021,"polski, matematyka, angielski",8.0,,,8.0,,,8.0,,
74078,PUBLICZNA SZKOŁA PODSTAWOWA W OLSZYNACH,2021,"polski, matematyka, angielski",3.0,,,3.0,,,3.0,,
119714,SZKOŁA PODSTAWOWA W BIAŁUSNYM LASKU,2021,"polski, matematyka, angielski",3.0,,,3.0,,,3.0,,
69171,SZKOŁA PODSTAWOWA W GRABÓWKU,2021,"polski, matematyka, angielski",6.0,,,6.0,,,6.0,,
68292,SZKOŁA PODSTAWOWA STOWARZYSZENIA INICJATYW GOSPODARCZYCH I EDUKACYJNYCH IM. KAROLA ADAMIECKIEGO W RŻAŃCU,2021,"polski, matematyka, angielski",4.0,,,4.0,,,4.0,,
69176,SZKOŁA PODSTAWOWA W PRZYSTANI,2021,"polski, matematyka, angielski",6.0,,,6.0,,,6.0,,
90306,SZKOŁA PODSTAWOWA IM. ARMII KRAJOWEJ,2021,"polski, matematyka, angielski",3.0,,,3.0,,,3.0,,
81389,SZKOŁA PODSTAWOWA IM. ORŁA BIAŁEGO,2021,"polski, matematyka, angielski",8.0,,,8.0,,,8.0,,
90362,SZKOŁA PODSTAWOWA IM. MIECZYSŁAWA CZYCHOWSKIEGO,2021,"polski, matematyka, angielski",8.0,,,8.0,,,8.0,,
124721,SZKOŁA PODSTAWOWA NR 2 W LASKOWCU,2021,"polski, matematyka, angielski",2.0,,,2.0,,,,,
5008,SZKOŁA PODSTAWOWA W KLECZKOWIE,2021,angielski,10.0,62.5,62.1,10.0,46.0,44.0,9.0,,
62578,SZKOŁA PODSTAWOWA IM. KAROLA ADAMIECKIEGO W PUPKOWIŹNIE,2021,"polski, matematyka, angielski",5.0,,,5.0,,,5.0,,
128732,SZKOŁA PODSTAWOWA SIGIE IM. KAROLA ADAMIECKIEGO W WARMIAKU,2021,"polski, matematyka, angielski",9.0,,,9.0,,,9.0,,
128731,SZKOŁA PODSTAWOWA IM. STACHA KONWY W DĘBACH,2021,"polski, matematyka, angielski",5.0,,,5.0,,,5.0,,
128730,SZKOŁA PODSTAWOWA IM. STANISŁAWA KRUPKI W ŁĄCZKACH,2021,"polski, matematyka, angielski",6.0,,,6.0,,,6.0,,
128728,SZKOŁA PODSTAWOWA W SZAFRANKACH,2021,"polski, matematyka, angielski",8.0,,,8.0,,,8.0,,
27983,SZKOŁA PODSTAWOWA IM. MIKOŁAJA KOPERNIKA W OSTROWIE,2021,"polski, matematyka, angielski",7.0,,,7.0,,,7.0,,
28020,SZKOŁA PODSTAWOWA W REGUCIE,2021,"polski, matematyka, angielski",4.0,,,4.0,,,4.0,,
83876,ZESPÓŁ SZKÓŁ OGÓLNOKSZTAŁCĄCYCH W MAZOWIECKIM CENTRUM NEUROPSYCHIATRII W JÓZEFOWIE - SZKOŁA PODSTAWOWA,2021,"polski, matematyka, angielski",2.0,,,2.0,,,2.0,,
262935,SZKOŁA PODSTAWOWA ŚW. TOMASZA Z AKWINU,2021,"polski, matematyka, angielski",8.0,,,8.0,,,8.0,,
272422,NIEPUBLICZNA SZKOŁA PODSTAWOWA W JÓZEFOWIE,2021,"polski, matematyka, angielski",4.0,,,4.0,,,4.0,,
15216,SZKOŁA PODSTAWOWA W OTWOCKU WIELKIM,2021,"polski, matematyka, angielski",4.0,,,4.0,,,4.0,,
11677,SZKOŁA PODSTAWOWA W KĄTACH,2021,angielski,11.0,64.0,64.36363636363636,11.0,48.0,51.63636363636363,9.0,,
11678,SZKOŁA PODSTAWOWA IM. KAWALERÓW ORDERU UŚMIECHU W RUDZIENKU,2021,"polski, matematyka, angielski",7.0,,,7.0,,,3.0,,
11679,SZKOŁA PODSTAWOWA IM. KS. JANA TWARDOWSKIEGO W CZŁEKÓWCE,2021,angielski,10.0,59.0,55.8,10.0,40.0,42.4,9.0,,
196450,SZKOŁA PODSTAWOWA NR 2 IM. IRENY SENDLEROWEJ,2021,"polski, matematyka, angielski",8.0,,,8.0,,,8.0,,
119008,NIEPUBLICZNA SZKOŁA PODSTAWOWA IM. NOBLISTÓW POLSKICH,2021,"polski, matematyka, angielski",7.0,,,7.0,,,7.0,,
123896,NIEPUBLICZNA SZKOŁA PODSTAWOWA DA VINCI,2021,"polski, matematyka, angielski",2.0,,,2.0,,,2.0,,
123934,NIEPUBLICZNA KATOLICKA SZKOŁA PODSTAWOWA IM. BŁ. KS. JERZEGO POPIEŁUSZKI,2021,"polski, matematyka, angielski",4.0,,,4.0,,,4.0,,
81027,SZKOŁA PODSTAWOWA SPECJALNA NR 7,2021,"polski, matematyka, angielski",1.0,,,1.0,,,1.0,,
122566,"PRYWATNA SZKOŁA PODSTAWOWA ""WORLD SCHOOL""",2021,"polski, matematyka, angielski",8.0,,,8.0,,,8.0,,
273522,NIEPUBLICZNA SZKOŁA PODSTAWOWA THAMES BRITISH SCHOOL,2021,"polski, matematyka, angielski",1.0,,,1.0,,,2.0,,
122935,SZKOŁA PODSTAWOWA IM. MIKOŁAJA KOPERNIKA,2021,"polski, matematyka, angielski",7.0,,,7.0,,,7.0,,
123994,SZKOŁA PODSTAWOWA SOKRATES,2021,"polski, matematyka, angielski",6.0,,,6.0,,,6.0,,
20443,SZKOŁA PODSTAWOWA IM. BŁ. KS. BRONISŁAWA MARKIEWICZA W WOLI KRAKOWIAŃSKIEJ,2021,"polski, matematyka, angielski",7.0,,,7.0,,,6.0,,
123439,NIEPUBLICZNA SZKOŁA PODSTAWOWA FUNDACJI ADYS,2021,"polski, matematyka, angielski",6.0,,,6.0,,,6.0,,
266088,NIEPUBLICZNA SZKOŁA PODSTAWOWA AZYL,2021,"polski, matematyka, angielski",5.0,,,5.0,,,5.0,,
30118,PUBLICZNA SZKOŁA PODSTAWOWA W POŚCIENIU WSI,2021,"polski, matematyka, angielski",5.0,,,5.0,,,5.0,,
86246,SZKOŁA PODSTAWOWA IM. ŚW. STANISŁAWA KOSTKI W ROSTKOWIE,2021,"polski, matematyka, angielski",8.0,,,8.0,,,8.0,,
82807,SZKOŁA PODSTAWOWA W OLSZEWCE,2021,"polski, matematyka, angielski",5.0,,,5.0,,,5.0,,
12909,PUBLICZNA SZKOŁA PODSTAWOWA IM. KSIĘDZA JERZEGO POPIEŁUSZKI W ZIELONEJ,2021,"polski, matematyka, angielski",9.0,,,9.0,,,9.0,,
4982,SZKOŁA PODSTAWOWA W ROMANACH-SEBORACH,2021,"polski, matematyka, angielski",3.0,,,3.0,,,3.0,,
4983,SZKOŁA PODSTAWOWA W ULATOWIE-ADAMACH,2021,"polski, matematyka, angielski",4.0,,,4.0,,,4.0,,
69076,PUBLICZNA SZKOŁA PODSTAWOWA W BIELINACH,2021,"polski, matematyka, angielski",6.0,,,6.0,,,6.0,,
196236,PUBLICZNA SZKOŁA PODSTAWOWA SPECJALNA,2021,"polski, matematyka, angielski",5.0,,,4.0,,,4.0,,
262733,PUBLICZNA SZKOŁA PODSTAWOWA SPECJALNA W GOŹDZIKOWIE,2021,"polski, matematyka, angielski",4.0,,,4.0,,,4.0,,
128350,SZKOŁA PODSTAWOWA SPECJALNA,2021,"polski, matematyka, angielski",5.0,,,5.0,,,5.0,,
30803,KATOLICKA SZKOŁA PODSTAWOWA IM. ŚW. KRÓLOWEJ JADWIGI W MARIÓWCE,2021,"polski, matematyka, angielski",6.0,,,6.0,,,6.0,,
123705,NIEPUBLICZNA SZKOŁA PODSTAWOWA IM. ŚW. ANDRZEJA APOSTOŁA W NIEZNAMIEROWICACH,2021,"polski, matematyka, angielski",4.0,,,4.0,,,4.0,,
196367,NIEPUBLICZNA SZKOŁA PODSTAWOWA SPECJALNA,2021,"polski, matematyka, angielski",4.0,,,4.0,,,3.0,,
3817,PUBLICZNA SZKOŁA PODSTAWOWA W SKASZEWIE WŁOŚCIAŃSKIM,2021,"polski, matematyka, angielski",8.0,,,8.0,,,8.0,,
14127,PUBLICZNA SZKOŁA PODSTAWOWA IM. BŁ. JANA PAWŁA II W PŁOCOCHOWIE,2021,"polski, matematyka, angielski",7.0,,,7.0,,,7.0,,
83816,"SZKOŁA PODSTAWOWA W STRZEGOCINIE, STRZEGOCIN 4,06-150 ŚWIERCZE",2021,"polski, matematyka, angielski",9.0,,,9.0,,,9.0,,
88882,SZKOŁA PODSTAWOWA W ZAGROBIE,2021,"polski, matematyka, angielski",8.0,,,8.0,,,8.0,,
88884,SZKOŁA PODSTAWOWA W ZĄGOTACH,2021,"polski, matematyka, angielski",9.0,,,9.0,,,8.0,,
4663,SZKOŁA PODSTAWOWA IM. MARII KONOPNICKIEJ,2021,"polski, matematyka, angielski",5.0,,,5.0,,,5.0,,
70892,SZKOŁA PODSTAWOWA IM. JANINY JÓŹWIAK W CIEŚLACH,2021,"polski, matematyka, angielski",6.0,,,6.0,,,6.0,,
91751,NIEPUBLICZNA SZKOŁA PODSTAWOWA W NOWYM KANIGOWIE,2021,"polski, matematyka, angielski",6.0,,,6.0,,,6.0,,
86453,SZKOŁA PODSTAWOWA IM. ARMII KRAJOWEJ W BLICHOWIE,2021,"polski, matematyka, angielski",7.0,,,7.0,,,7.0,,
84714,SZKOŁA PODSTAWOWA W NOWYCH ŁUBKACH,2021,"polski, matematyka, angielski",6.0,,,6.0,,,6.0,,
49256,SZKOŁA PODSTAWOWA IM. MIRY ZIMIŃSKIEJ-SYGIETYŃSKIEJ W CIESZEWIE,2021,"polski, matematyka, angielski",9.0,,,9.0,,,9.0,,
85555,SZKOŁA PODSTAWOWA IM. STANISŁAWA WŁADYSŁAWA REYMONTA W CZERMNIE,2021,"polski, matematyka, angielski",8.0,,,8.0,,,8.0,,
85554,SZKOŁA PODSTAWOWA IM. KORNELA MAKUSZYŃSKIEGO W BORKACH,2021,"polski, matematyka, angielski",6.0,,,6.0,,,6.0,,
85558,SZKOŁA PODSTAWOWA IM. MARII KOWNACKIEJ W NOWYM KAMIENIU,2021,"polski, matematyka, angielski",6.0,,,6.0,,,6.0,,
80611,SZKOŁA PODSTAWOWA W DZIERŻANOWIE,2021,"polski, matematyka, angielski",5.0,,,5.0,,,5.0,,
104690,NIEPUBLICZNA SZKOŁA PODSTAWOWA IM. MARSZAŁKA JÓZEFA PIŁSUDSKIEGO W ORSZYMOWIE,2021,"polski, matematyka, angielski",5.0,,,5.0,,,5.0,,
39888,SZKOŁA PODSTAWOWA IM. ADAMA MICKIEWICZA W PRZECISZEWIE,2021,"polski, matematyka, angielski",6.0,,,6.0,,,6.0,,
39889,SZKOŁA PODSTAWOWA W SMARDZEWIE,2021,"polski, matematyka, angielski",5.0,,,5.0,,,5.0,,
55958,SZKOŁA PODSTAWOWA IM. WŁADYSŁAWA JAGIEŁŁY W PIOTRKÓWKU,2021,"polski, matematyka, angielski",3.0,,,3.0,,,3.0,,
55956,SZKOŁA PODSTAWOWA W ŚWINIARACH,2021,"polski, matematyka, angielski",8.0,,,8.0,,,8.0,,
58494,SZKOŁA PODSTAWOWA IM. MAŁEGO POWSTAŃCA W ŚWIĘCIEŃCU,2021,"polski, matematyka, angielski",9.0,,,9.0,,,9.0,,
58493,SZKOŁA PODSTAWOWA W LISZYNIE,2021,"polski, matematyka, angielski",7.0,,,7.0,,,7.0,,
70798,SZKOŁA PODSTAWOWA,2021,"polski, matematyka, angielski",8.0,,,8.0,,,8.0,,
104813,SZKOŁA PODSTAWOWA IM. JANA BRODECKIEGO W POLESIU,2021,"polski, matematyka, angielski",4.0,,,4.0,,,4.0,,
19359,SZKOŁA PODSTAWOWA IM. JANA PAWŁA II W GRODŹCU,2021,"polski, matematyka, angielski",6.0,,,6.0,,,6.0,,
19386,SZKOŁA PODSTAWOWA IM. MARSZAŁKA JÓZEFA PIŁSUDSKIEGO W CHOCISZEWIE,2021,"polski, matematyka, angielski",9.0,,,9.0,,,7.0,,
129750,NIEPUBLICZNA SZKOŁA PODSTAWOWA IM. HENRYKA SIENKIEWICZA W NOWYM RADZIKOWIE,2021,"polski, matematyka, angielski",3.0,,,3.0,,,3.0,,
103376,SZKOŁA PODSTAWOWA W KRÓLEWIE,2021,"polski, matematyka, angielski",7.0,,,7.0,,,7.0,,
20571,SZKOŁA PODSTAWOWA W KRYSKU,2021,"polski, matematyka, angielski",7.0,,,7.0,,,8.0,,
20570,SZKOŁA PODSTAWOWA IM.Z.PADLEWSKIEGO,2021,"polski, matematyka, angielski",9.0,,,9.0,,,9.0,,
20572,SZKOŁA PODSTAWOWA W ZABOROWIE,2021,"polski, matematyka, angielski",9.0,,,9.0,,,9.0,,
13613,SZKOŁA PODSTAWOWA W SMARDZEWIE,2021,"polski, matematyka, angielski",4.0,,,4.0,,,3.0,,
13612,SZKOŁA PODSTAWOWA W KOŁOZĘBIU IM. ŚW. JANA PAWŁA II,2021,"polski, matematyka, angielski",7.0,,,7.0,,,7.0,,
13257,SZKOŁA PODSTAWOWA IM. WŁ. ST. REYMONTA W STRÓŻEWIE,2021,angielski,11.0,47.0,46.54545454545455,11.0,32.0,32.0,9.0,,
13258,SZKOŁA PODSTAWOWA IM. JANA PAWŁA II W KROCZEWIE,2021,angielski,10.0,65.5,61.5,10.0,44.0,52.8,7.0,,
86863,OGÓLNOKSZTAŁCACA SZKOŁA MUZYCZNA I STOPNIA W ZESPOLE SZKÓŁ MUZYCZNYCH IM. OSKARA KOLBERGA,2021,"polski, matematyka, angielski",8.0,,,8.0,,,8.0,,
262331,"NIEPUBLICZNA SZKOŁA PODSTAWOWA Z ODDZIAŁAMI PRZYSPOSABIAJĄCYMI DO PRACY ""PROFESJA"" OŚRODKA KSZTAŁCENIA ZAWODOWEGO W RADOMIU",2021,"polski, matematyka, angielski",9.0,,,9.0,,,9.0,,
131791,SZKOŁA PODSTAWOWA PARTNER INTERNATIONAL PRIMARY SCHOOL Z ODDZIAŁAMI DWUJĘZYCZNYMI IM. MARII MONTESSORI,2021,"polski, matematyka, angielski",7.0,,,7.0,,,5.0,,
38643,PUBLICZNA SZKOŁA PODSTAWOWA SPECJALNA,2021,"polski, matematyka, angielski",8.0,,,8.0,,,8.0,,
15790,PUBLICZNA SZKOŁA PODSTAWOWA IM. MARII KONOPNICKIEJ W PODGÓRZE,2021,"polski, matematyka, angielski",6.0,,,6.0,,,6.0,,
43573,SZKOŁA PODSTAWOWA IM. LUDWIKA KUPCZYKA W SEREDZICACH,2021,"polski, matematyka, angielski",9.0,,,9.0,,,9.0,,
80708,SZKOŁA PODSTAWOWA W PAKOSŁAWIU,2021,"polski, matematyka, angielski",8.0,,,8.0,,,8.0,,
80711,"SZKOŁA PODSTAWOWA IM. WŁADYSŁAWA DĄBKA ""BUKOWEGO"" W BŁAZINACH DOLNYCH",2021,"polski, matematyka, angielski",8.0,,,8.0,,,8.0,,
92550,SZKOŁA PODSTAWOWA STOWARZYSZENIA ROZWOJU WSI MAZIARZE STARE I OKOLIC W MAZIARZACH STARYCH,2021,"polski, matematyka, angielski",5.0,,,5.0,,,5.0,,
4392,SZKOŁA PODSTAWOWA IM. ŚWIĘTEGO JANA PAWŁA II W WOLI GORYŃSKIEJ,2021,"polski, matematyka, angielski",9.0,,,9.0,,,9.0,,
9205,NIEPUBLICZNA SZKOŁA PODSTAWOWA W OWADOWIE,2021,"polski, matematyka, angielski",2.0,,,2.0,,,2.0,,
4866,SZKOŁA PODSTAWOWA IM. POR. JANA SKRZYSZEWSKIEGO W LESIOWIE,2021,"polski, matematyka, angielski",8.0,,,8.0,,,8.0,,
21345,SZKOŁA PODSTAWOWA W BARTODZIEJACH,2021,"polski, matematyka, angielski",6.0,,,6.0,,,6.0,,
2880,PUBLICZNA SZKOŁA PODSTAWOWA IM. JANA BRZECHWY W SŁUPICY,2021,angielski,10.0,65.5,63.5,10.0,34.0,39.2,9.0,,
35229,PUBLICZNA SZKOŁA PODSTAWOWA IM. NOBLISTÓW POLSKICH W BARDZICACH,2021,"polski, matematyka, angielski",8.0,,,8.0,,,8.0,,
35233,PUBLICZNA SZKOŁA PODSTAWOWA IM. KORNELA MAKUSZYŃSKIEGO W MŁODOCINIE MNIEJSZYM,2021,"polski, matematyka, angielski",7.0,,,7.0,,,7.0,,
107181,PUBLICZNA SZKOŁA PODSTAWOWA IM. ARMII KRAJOWEJ W SUCHEJ,2021,"polski, matematyka, angielski",9.0,,,9.0,,,9.0,,
107184,PUBLICZNA SZKOŁA PODSTAWOWA IM. MARII KONOPNICKIEJ W AUGUSTOWIE,2021,"polski, matematyka, angielski",5.0,,,5.0,,,5.0,,
107179,PUBLICZNA SZKOŁA PODSTAWOWA IM. JAN KOCHANOWSKIEGO W JAROSZKACH,2021,"polski, matematyka, angielski",8.0,,,8.0,,,8.0,,
30844,PUBLICZNA SZKOŁA PODSTAWOWA IM. ORŁA BIAŁEGO W SOŁTYKOWIE,2021,"polski, matematyka, angielski",9.0,,,9.0,,,9.0,,
30841,PUBLICZNA SZKOŁA PODSTAWOWA IM WANDY CHOTOMSKIEJ W CHOMENTOWIE PUSZCZ,2021,"polski, matematyka, angielski",9.0,,,9.0,,,9.0,,
30843,PUBLICZNA SZKOŁA PODSTAWOWA W DZIERZKÓWKU STARYM,2021,"polski, matematyka, angielski",8.0,,,8.0,,,8.0,,
30845,PUBLICZNA SZKOŁA PODSTAWOWA W MODRZEJOWICACH,2021,"polski, matematyka, angielski",9.0,,,9.0,,,6.0,,
4809,PUBLICZNA SZKOŁA PODSTAWOWA W ŁĄCZANACH,2021,"polski, matematyka, angielski",7.0,,,7.0,,,7.0,,
196243,SZKOŁA PODSTAWOWA SPECJALNA W WIERZBICY,2021,"polski, matematyka, angielski",7.0,,,7.0,,,7.0,,
16798,PUBLICZNA SZKOŁA PODSTAWOWA IM. MIKOŁAJA KOPERNIKA W BIENIĘDZICACH,2021,"polski, matematyka, angielski",6.0,,,6.0,,,6.0,,
70020,SPOŁECZNA SZKOŁA PODSTAWOWA SPOŁECZNEGO TOWARZYSTWA OŚWIATOWEGO W SIEDLCACH,2021,"polski, matematyka, angielski",5.0,,,5.0,,,5.0,,
87173,PUBLICZNA SZKOŁA PODSTAWOWA W NOWYM BARTKOWIE,2021,"polski, matematyka, angielski",4.0,,,4.0,,,3.0,,
21719,SZKOŁA PODSTAWOWA IM KS KAN KAZIMIERZA DYMITROWICZA W RADZIKOWIE WIELKIM,2021,"polski, matematyka, angielski",6.0,,,6.0,,,6.0,,
6711,ZESPÓŁ SZKÓŁ W PRZESMYKACH SZKOŁA PODSTAWOWA W PRZESMYKACH,2021,"polski, matematyka, angielski",9.0,,,9.0,,,9.0,,
47179,SZKOŁA PODSTAWOWA W DĄBRÓWCE STANY,2021,"polski, matematyka, angielski",7.0,,,7.0,,,7.0,,
2970,NIEPUBLICZNA SZKOŁA PODSTAWOWA W GOŁĄBKU,2021,"polski, matematyka, angielski",7.0,,,7.0,,,7.0,,
34681,SZKOŁA PODSTAWOWA IM. MARSZAŁKA JÓZEFA PIŁSUDSKIEGO W KRZEŚLINIE,2021,"polski, matematyka, angielski",7.0,,,7.0,,,7.0,,
40629,SZKOŁA PODSTAWOWA IM. MARSZAŁKA JÓZEFA PIŁSUDSKIEGO W KRYNICY,2021,"polski, matematyka, angielski",8.0,,,8.0,,,8.0,,
69068,SZKOŁA PODSTAWOWA IM. GEN. J. DWERNICKIEGO,2021,"polski, matematyka, angielski",6.0,,,6.0,,,6.0,,
106930,NIEPUBLICZNA SZKOŁA PODSTAWOWA IM. KORNELA MAKUSZYŃSKIEGO W BORKACH-WYRKACH,2021,"polski, matematyka, angielski",8.0,,,8.0,,,8.0,,
72135,NIEPUBLICZNA SZKOŁA PODSTAWOWA W ŁUGACH WIELKICH,2021,"polski, matematyka, angielski",5.0,,,5.0,,,5.0,,
47536,SZKOŁA PODSTAWOWA IM. TADEUSZA KOŚCIUSZKI W ŁUKOMIU,2021,"polski, matematyka, angielski",9.0,,,9.0,,,9.0,,
24714,I PRYWATNA SZKOŁA PODSTAWOWA,2021,"polski, matematyka, angielski",6.0,,,6.0,,,6.0,,
65137,SZKOŁA PODSTAWOWA W SUDRAGACH,2021,"polski, matematyka, angielski",9.0,,,9.0,,,,,
84864,SZKOŁA PODSTAWOWA IM. PRYMASA KARDYNAŁA STEFANA WYSZYŃSKIEGO W SŁUPI,2021,"polski, matematyka, angielski",9.0,,,9.0,,,9.0,,
80763,SZKOŁA PODSTAWOWA IM. PAPIEŻA JANA PAWŁA II W OSIEKU,2021,"polski, matematyka, angielski",8.0,,,8.0,,,8.0,,
121754,NIEPUBLICZNA SZKOŁA PODSTAWOWA IM. TADEUSZA KOŚCIUSZKI W GRĄBCU,2021,"polski, matematyka, angielski",3.0,,,3.0,,,3.0,,
23898,SZKOŁA PODSTAWOWA IM. BOLESŁAWA CHROBREGO W KAPTURACH,2021,"polski, matematyka, angielski",7.0,,,7.0,,,7.0,,
23897,SZKOŁA PODSTAWOWA IM. WOJSKA POLSKIEGO W GIŻYCACH,2021,"polski, matematyka, angielski",6.0,,,6.0,,,6.0,,
18951,SZKOŁA PODSTAWOWA SPECJALNA W ZAŁUSKOWIE,2021,"polski, matematyka, angielski",6.0,,,6.0,,,6.0,,
92270,SZKOŁA PODSTAWOWA IM. PŁK. LUDWIKA GŁOWACKIEGO W JANOWIE,2021,"polski, matematyka, angielski",7.0,,,7.0,,,7.0,,
3688,SZKOŁA PODSTAWOWA IM. JAKUBA KOPACZA W NOWEJ SUCHEJ,2021,angielski,10.0,74.5,73.2,10.0,62.0,63.2,9.0,,
71676,SZKOŁA PODSTAWOWA W MOKASIE,2021,"polski, matematyka, angielski",9.0,,,9.0,,,9.0,,
262652,SZKOŁA PODSTAWOWA IM. KRZYSZTOFA KAMILA BACZYŃSKIEGO W WYMYSŁOWIE,2021,"polski, matematyka, angielski",3.0,,,3.0,,,3.0,,
64422,SZKOŁA PODSTAWOWA IM. FRYDERYKA CHOPINA W BUDKACH PIASECKICH,2021,"polski, matematyka, angielski",9.0,,,9.0,,,9.0,,
18262,SZKOŁA PODSTAWOWA W ROZBITYM KAMIENIU,2021,"polski, matematyka, angielski",7.0,,,7.0,,,4.0,,
91242,PUBLICZNA SZKOŁA PODSTAWOWA W BUJAŁACH MIKOSZACH,2021,"polski, matematyka, angielski",6.0,,,6.0,,,6.0,,
59058,NIEPUBLICZNA SZKOŁA PODSTAWOWA W CZEKANOWIE,2021,"polski, matematyka, angielski",2.0,,,2.0,,,2.0,,
40200,PUBLICZNA SZKOŁA PODSTAWOWA IM 19 PUŁKU UŁANÓW WOŁYŃSKICH W SKRZESZEWIE,2021,"polski, matematyka, angielski",6.0,,,6.0,,,6.0,,
8901,NIEPUBLICZNA SZKOŁA PODSTAWOWA IM. ARMII KRAJOWEJ W NIECIECZY,2021,"polski, matematyka, angielski",4.0,,,4.0,,,4.0,,
70349,SZKOŁA PODSTAWOWA W GROCHOWIE,2021,"polski, matematyka, angielski",9.0,,,9.0,,,5.0,,
4804,NIEPUBLICZNA SZKOŁA PODSTAWOWA W PRZYWÓZKACH,2021,"polski, matematyka, angielski",1.0,,,1.0,,,1.0,,
70560,SZKOŁA PODSTAWOWA W NOWEJ WSI,2021,"polski, matematyka, angielski",5.0,,,5.0,,,3.0,,
84201,SZKOŁA PODSTAWOWA IM. H. SIENKIEWICZA Z ODDZIAŁAMI PRZEDSZKOLNYMI,2021,"polski, matematyka, angielski",6.0,,,6.0,,,6.0,,
84199,SZKOŁA PODSTAWOWA IM. PŁK. DIONIZEGO CZACHOWSKIEGO Z ODDZIAŁEM PRZEDSZKOLNYM,2021,"polski, matematyka, angielski",3.0,,,3.0,,,3.0,,
40911,PUBLICZNA SZKOŁA PODSTAWOWA W WOLI LIPIENIECKIEJ,2021,"polski, matematyka, angielski",9.0,,,9.0,,,9.0,,
30653,PUBLICZNA SZKOŁA PODSTAWOWA IM.KS.BONAWENTURY STACHURY W ZBIJOWIE MAŁYM,2021,"polski, matematyka, angielski",6.0,,,6.0,,,6.0,,
57153,PUBLICZNA SZKOŁA PODSTAWOWA W WAŁSNOWIE,2021,"polski, matematyka, angielski",8.0,,,8.0,,,8.0,,
14074,"PUBLICZNA SZKOŁA PODSTAWOWA IM. GEN.STEFANA ROWECKIEGO ""GROTA"" W WYSOKIEJ",2021,"polski, matematyka, angielski",4.0,,,4.0,,,4.0,,
263810,PUBLICZNA SZKOŁA PODSTAWOWA SPECJALNA W SZYDŁOWCU,2021,"polski, matematyka, angielski",2.0,,,2.0,,,2.0,,
128714,SZKOŁA PODSTAWOWA MONTESSORI W SZYDŁOWCU,2021,"polski, matematyka, angielski",2.0,,,2.0,,,2.0,,
53028,NIEPUBLICZNA SZKOŁA PODSTAWOWA GAUDEAMUS,2021,"polski, matematyka, angielski",8.0,,,8.0,,,8.0,,
106323,SZKOŁA PODSTAWOWA SPECJALNA NR 347 W MŁODZIEŻOWYM OŚRODKU SOCJOTERAPII NR 4 W ZESPOLE PLACÓWEK OPIEKUŃCZO-WYCHOWAWCZYCH,2021,"polski, matematyka, angielski",8.0,,,8.0,,,7.0,,
128471,NIEPUBLICZNA SZKOŁA PODSTAWOWA,2021,"polski, matematyka, angielski",1.0,,,1.0,,,1.0,,
53020,SZKOŁA PODSTAWOWA CHOCIMSKA,2021,"polski, matematyka, angielski",7.0,,,7.0,,,7.0,,
105405,SZKOŁA PODSTAWOWA SPECJALNA NR 287 W SAMODZIELNYM PUBLICZNYM DZIECIĘCYM SZPITALU KLINICZNYM,2021,"polski, matematyka, angielski",1.0,,,1.0,,,1.0,,
34229,PRYWATNA SZKOŁA PODSTAWOWA NR 114,2021,"polski, matematyka, angielski",9.0,,,9.0,,,8.0,,
53015,"NIEPUBLICZNA SZKOŁA PODSTAWOWA ""INTERNATIONAL TRILINGUAL SCHOOL OF WARSAW""",2021,"polski, matematyka, angielski",2.0,,,2.0,,,1.0,,
80253,"""WONDERFUL YEARS SCHOOL"" PRYWATNA SZKOŁA PODSTAWOWA",2021,"polski, matematyka, angielski",8.0,,,8.0,,,9.0,,
268015,SZKOŁA PODSTAWOWA RONJA,2021,"polski, matematyka, angielski",9.0,,,9.0,,,9.0,,
273293,WARSZAWSKA AKADEMICKA SZKOŁA PODSTAWOWA,2021,"polski, matematyka, angielski",2.0,,,1.0,,,1.0,,
133572,NIEPUBLICZNA SZKOŁA PODSTAWOWA WYSPA JP2,2021,"polski, matematyka, angielski",6.0,,,6.0,,,6.0,,
262848,NIEPUBLICZNA SZKOŁA PODSTAWOWA NR 38 Z ODDZIAŁAMI INTEGRACYJNYMI IM. IRENY SENDLEROWEJ,2021,"polski, matematyka, angielski",8.0,,,8.0,,,8.0,,
25033,INTERNATIONAL AMERICAN SCHOOL SP. Z O.O. AMERYKAŃSKA SZKOŁA PODSTAWOWA NIEPUBLICZNA NR 44,2021,"polski, matematyka, angielski",2.0,,,2.0,,,2.0,,
121724,MIĘDZYNARODOWA SZKOŁA MONTESSORI W WARSZAWIE,2021,"polski, matematyka, angielski",9.0,,,9.0,,,9.0,,
118680,SZKOŁA PODSTAWOWA HELIANTUS,2021,"polski, matematyka, angielski",6.0,,,6.0,,,6.0,,
127832,NOWATORSKA SZKOŁA PODSTAWOWA,2021,"polski, matematyka, angielski",1.0,,,1.0,,,1.0,,
125191,SZKOŁA PODSTAWOWA NR 235 W ZAKŁADZIE POPRAWCZYM I SCHRONISKU DLA NIELETNICH W WARSZAWIE-FALENICY,2021,"polski, matematyka, angielski",4.0,,,4.0,,,4.0,,
52987,CHRZEŚCIJAŃSKA SZKOŁA PODSTAWOWA SAMUEL,2021,"polski, matematyka",9.0,,,9.0,,,11.0,91.0,82.45454545454545
105293,SZKOŁA PODSTAWOWA SPECJALNA NR 39,2021,"polski, matematyka, angielski",8.0,,,8.0,,,8.0,,
196263,"SZKOŁA PODSTAWOWA SPECJALNA NR 393 W MŁODZIEŻOWYM OŚRODKU SOCJOTERAPII NR 2 ""KĄT""",2021,angielski,11.0,31.0,38.0,10.0,22.0,29.2,9.0,,
31707,"SZKOŁA PODSTAWOWA NIEPUBLICZNA NR 90 ""SZKOŁA RODZINNA""",2021,"polski, matematyka, angielski",4.0,,,4.0,,,5.0,,
29950,SZKOŁA PODSTAWOWA NIEPUBLICZNA KOLEGIUM ŚW. STANISŁAWA KOSTKI,2021,"polski, matematyka, angielski",2.0,,,2.0,,,8.0,,
52998,POLSKO-NIEMIECKA SZKOŁA SPOTKAŃ I DIALOGU IM. WILLY'EGO BRANDTA W WARSZAWIE - SZKOŁA PODSTAWOWA,2021,angielski,13.0,69.0,68.0,13.0,48.0,48.92307692307692,5.0,,
128501,SZKOŁA PODSTAWOWA HLONDA 12,2021,"polski, matematyka, angielski",3.0,,,3.0,,,5.0,,
124012,"NIEPUBLICZNA POLSKO-ANGIELSKA SZKOŁA PODSTAWOWA ""VANCOUVER SCHOOLS""",2021,"polski, matematyka, angielski",3.0,,,3.0,,,3.0,,
129719,SZKOŁA PODSTAWOWA MIKROSZKOŁA WŁOCHY,2021,"polski, matematyka, angielski",1.0,,,1.0,,,1.0,,
131706,"SZKOŁA PODSTAWOWA ""SZKOŁA W CHMURZE""",2021,"polski, matematyka, angielski",5.0,,,5.0,,,5.0,,
272093,SZKOŁA PODSTAWOWA EDUVENTURA,2021,"polski, matematyka, angielski",5.0,,,5.0,,,5.0,,
114664,SZKOŁA PODSTAWOWA AKADEMIA DOBREJ EDUKACJI IM. GEN. JÓZEFA SOWIŃSKIEGO,2021,"polski, matematyka, angielski",7.0,,,7.0,,,7.0,,
53017,ACADEMY INTERNATIONAL KAROLKOWA 49 NIEPUBLICZNA SZKOŁA PODSTAWOWA Z ODDZIAŁAMI DWUJĘZYCZNYMI NR 81,2021,"polski, matematyka, angielski",9.0,,,9.0,,,9.0,,
104258,PAŃSTWOWA OGÓLNOKSZTAŁCĄCA SZKOŁA MUZYCZNA I ST. IM. GRAŻYNY BACEWICZ W WARSZAWIE,2021,"polski, matematyka, angielski",2.0,,,2.0,,,2.0,,
105686,SZKOŁA PODSTAWOWA SPECJALNA NR 291,2021,"polski, matematyka, angielski",6.0,,,6.0,,,6.0,,
103582,OGÓLNOKSZTAŁCĄCA SZKOŁA MUZYCZNA I ST. W WARSZAWIE,2021,"polski, matematyka, angielski",3.0,,,3.0,,,3.0,,
72105,SZKOŁA PODSTAWOWA IM. MARSZAŁKA JÓZEFA PIŁSUDSKIEGO,2021,angielski,10.0,60.0,59.3,10.0,46.0,46.4,9.0,,
128589,"""BIG BEN"" NIEPUBLICZNA POLSKO-BRYTYJSKA SZKOLA PODSTAWOWA",2021,"polski, matematyka, angielski",9.0,,,9.0,,,9.0,,
13697,"NIEPUBLICZNA SZKOŁA PODSTAWOWA ""MOJA SZKOŁA"" IM. WANDY CHOTOMSKIEJ O UPRAWNIENIACH SZKOŁY PUBLICZNEJ",2021,"polski, matematyka, angielski",7.0,,,7.0,,,6.0,,
57086,SZKOŁA PODSTAWOWA W MYSZADŁACH,2021,angielski,10.0,64.5,57.7,10.0,34.0,44.4,9.0,,
48898,SZKOŁA PODSTAWOWA IM JANA PAWŁA II W KRUSZU,2021,"polski, matematyka, angielski",9.0,,,9.0,,,8.0,,
48899,SZKOŁA PODSTAWOWA IM. JANA III SOBIESKIEGO W WOLI RASZTOWSKIEJ,2021,"polski, matematyka, angielski",9.0,,,9.0,,,9.0,,
55890,SZKOŁA PODSTAWOWA W TURZU,2021,"polski, matematyka, angielski",5.0,,,5.0,,,5.0,,
56423,"SZKOŁA PODSTAWOWA IM. MJR. HENRYKA DOBRZAŃSKIEGO ""HUBALA"" W ZABRAŃCU",2021,"polski, matematyka, angielski",5.0,,,5.0,,,5.0,,
118381,"NIEPUBLICZNA SZKOŁA PODSTAWOWA ""PRAXIS""",2021,angielski,10.0,74.5,74.1,10.0,68.0,64.4,9.0,,
19635,SZKOŁA PODSTAWOWA IM. KS. IGNACEGO SKORUPKI W OSSOWIE,2021,"polski, matematyka, angielski",6.0,,,6.0,,,6.0,,
47613,NIEPUBLICZNA SZKOŁA PODSTAWOWA PRZYSTAŃ MONTESSORI,2021,"polski, matematyka, angielski",2.0,,,2.0,,,2.0,,
13021,SZKOŁA PODSTAWOWA IM. MARII KONOPNICKIEJ W TURZYNIE,2021,"polski, matematyka, angielski",6.0,,,6.0,,,6.0,,
13019,SZKOŁA PODSTAWOWA IM. PIOTRA KULASIŃSKIEGO W TRZCIANCE,2021,"polski, matematyka, angielski",7.0,,,7.0,,,7.0,,
13020,SZKOŁA PODSTAWOWA IM. PAPIEŻA JANA PAWŁA II W NOWYCH BUDACH,2021,"polski, matematyka, angielski",6.0,,,6.0,,,6.0,,
89967,"SZKOŁA PODSTAWOWA IM. BOHATERÓW LEŚNEJ PLACÓWKI AK ""MROWISKO"" W KNUROWCU",2021,"polski, matematyka, angielski",5.0,,,5.0,,,5.0,,
103400,SZKOŁA PODSTAWOWA SPECJALNA W ZESPOLE SZKÓŁ SPECJALNYCH W BRAŃSZCZYKU,2021,"polski, matematyka, angielski",2.0,,,2.0,,,2.0,,
5947,SZKOŁA PODSTAWOWA IM.PAPIEŻA JANA PAWŁA II W BLOCHACH,2021,"polski, matematyka, angielski",9.0,,,9.0,,,9.0,,
5917,SZKOŁA PODSTAWOWA IM.JANUSZA KORCZAKA W DALEKIEM,2021,"polski, matematyka, angielski",5.0,,,5.0,,,5.0,,
123985,"SZKOŁA PODSTAWOWA IM. HM. PPOR. AK ""ZOŚKI"" T. ZAWADZKIEGO W SIECZYCHACH",2021,"polski, matematyka, angielski",6.0,,,6.0,,,6.0,,
4518,SZKOŁA PODSTAWOWA IM. ORŁA BIAŁEGO W KOMOROWIE,2021,"polski, matematyka, angielski",7.0,,,7.0,,,7.0,,
4535,SZKOŁA PODSTAWOWA IM. KS. KARDYNAŁA STEFANA WYSZYŃSKIEGO W STARYM LUBIELU,2021,"polski, matematyka, angielski",6.0,,,6.0,,,6.0,,
75458,SZKOŁA PODSTAWOWA IM. ŚW. STANISŁAWA KOSTKI W JACKOWIE GÓRNYM,2021,"polski, matematyka, angielski",9.0,,,9.0,,,9.0,,
75459,SZKOŁA PODSTAWOWA IM. POR. PIL. STEFANA OKRZEI,2021,"polski, matematyka, angielski",2.0,,,2.0,,,2.0,,
29745,SZKOŁA PODSTAWOWA IM. HENRYKA SIENKIEWICZA W RYBNIE,2021,"polski, matematyka, angielski",9.0,,,9.0,,,9.0,,
29894,SZKOŁA PODSTAWOWA W ŁOSINNIE,2021,"polski, matematyka, angielski",7.0,,,7.0,,,7.0,,
29884,SZKOŁA PODSTAWOWA W OLSZANCE,2021,"polski, matematyka, angielski",5.0,,,5.0,,,5.0,,
21899,SZKOŁA PODSTAWOWA IM. KARDYNAŁA STEFANA WYSZYŃSKIEGO W LESZCZYDOLE STARYM,2021,"polski, matematyka, angielski",9.0,,,9.0,,,9.0,,
48007,PUBLICZNA SZKOŁA PODSTAWOWA W TRZEBUCZY,2021,"polski, matematyka, angielski",6.0,,,6.0,,,2.0,,
48006,PUBLICZNA SZKOŁA PODSTAWOWA W KOPCIACH,2021,"polski, matematyka, angielski",9.0,,,9.0,,,9.0,,
75718,SZKOŁA PODSTAWOWA IM.BPA FRANCISZKA JACZEWSKIEGO W GÓRKACH GRUBAKACH,2021,"polski, matematyka, angielski",4.0,,,4.0,,,4.0,,
103969,SZKOŁA PODSTAWOWA W PNIEWNIKU,2021,"polski, matematyka, angielski",9.0,,,9.0,,,9.0,,
75668,SZKOŁA PODSTAWOWA W MAKSYMILIANOWIE,2021,"polski, matematyka, angielski",6.0,,,6.0,,,6.0,,
87532,SAMORZĄDOWA SZKOŁA PODSTAWOWA IM KORNELA MAKUSZYŃSKIEGO W WYSZKOWIE,2021,"polski, matematyka, angielski",8.0,,,8.0,,,8.0,,
86735,SAMORZĄDOWA SZKOŁA PODSTAWOWA W ZAJĄCU,2021,"polski, matematyka, angielski",6.0,,,6.0,,,6.0,,
87257,SAMORZĄDOWA SZKOŁA PODSTAWOWA W LIWIE IM. STEFANA BATOREGO,2021,"polski, matematyka, angielski",5.0,,,5.0,,,5.0,,
90086,SZKOŁA PODSTAWOWA IM. KS. JANA TWARDOWSKIEGO W GRABINACH,2021,"polski, matematyka, angielski",8.0,,,8.0,,,5.0,,
119294,NIEPUBLICZNA SZKOŁA PODSTAWOWA IM. JANUSZA KORCZAKA W KOŁODZIĄŻU,2021,"polski, matematyka, angielski",5.0,,,5.0,,,5.0,,
119295,NIEPUBLICZNA SZKOŁA PODSTAWOWA W ORZEŁKU,2021,"polski, matematyka, angielski",2.0,,,2.0,,,2.0,,
92888,SZKOŁA PODSTAWOWA W GRYGROWIE,2021,"polski, matematyka, angielski",8.0,,,8.0,,,8.0,,
92886,SZKOŁA PODSTAWOWA W TOPORZE,2021,"polski, matematyka, angielski",6.0,,,6.0,,,6.0,,
93107,SZKOŁA PODSTAWOWA W KRYPACH,2021,"polski, matematyka, angielski",8.0,,,8.0,,,8.0,,
126772,SZKOŁA PODSTAWOWA SPECJALNA W JAWORKU,2021,"polski, matematyka, angielski",4.0,,,4.0,,,4.0,,
11909,SZKOŁA PODSTAWOWA IM. WINCENTEGO WITOSA W GWIZDAŁACH,2021,"polski, matematyka, angielski",7.0,,,7.0,,,6.0,,
26614,PUBLICZNA SZKOŁA PODSTAWOWA IM. STEFANA ŻEROMSKIEGO W JANOWIE,2021,"polski, matematyka, angielski",6.0,,,6.0,,,6.0,,
52431,PUBLICZNA SZKOŁA PODSTAWOWA IM. KPT.PIL. TADEUSZA SĘDZIELOWSKIEGO W BARYCZY,2021,"polski, matematyka, angielski",8.0,,,8.0,,,8.0,,
80430,NIEPUBLICZNA SZKOŁA PODSTAWOWA W MOSTOWIE,2021,"polski, matematyka, angielski",5.0,,,5.0,,,5.0,,
67825,SZKOŁA PODSTAWOWA IM. STEFANA ŻEROMSKIEGO W HADYNOWIE,2021,"polski, matematyka, angielski",7.0,,,7.0,,,7.0,,
82539,NIEPUBLICZNA SZKOŁA PODSTAWOWA W SZYDŁÓWCE,2021,"polski, matematyka, angielski",9.0,,,9.0,,,8.0,,
82491,SZKOŁA PODSTAWOWA W OLSZANCE,2021,"polski, matematyka, angielski",7.0,,,7.0,,,,,
2985,SZKOŁA PODSTAWOWA W LIPNIE,2021,"polski, matematyka, angielski",4.0,,,4.0,,,3.0,,
42491,SZKOŁA PODSTAWOWA W RUSKOWIE,2021,"polski, matematyka, angielski",5.0,,,5.0,,,5.0,,
88421,SZKOŁA PODSTAWOWA W SERPELICACH,2021,"polski, matematyka, angielski",5.0,,,5.0,,,5.0,,
22674,SZKOŁA PODSTAWOWA IM. BŁOGOSŁAWIONEJ KAROLINY KÓZKÓWNY W STARYCH SZPAKACH,2021,"polski, matematyka, angielski",4.0,,,4.0,,,4.0,,
22762,SZKOŁA PODSTAWOWA IM. MARII KONOPNICKIEJ W KOBYLANACH,2021,"polski, matematyka, angielski",9.0,,,9.0,,,9.0,,
78206,SAMORZĄDOWA SZKOŁA PODSTAWOWA W SŁAWĘCINIE,2021,"polski, matematyka, angielski",9.0,,,9.0,,,9.0,,
92098,SZKOŁA PODSTAWOWA W GOŚCISZCE,2021,"polski, matematyka, angielski",8.0,,,8.0,,,8.0,,
106344,SZKOŁA PODSTAWOWA W MLECZÓWCE,2021,"polski, matematyka, angielski",8.0,,,8.0,,,8.0,,
111213,SAMORZĄDOWA SZKOŁA PODSTAWOWA IM. ŚW. ST. KOSTKI W SWOJECINIE,2021,"polski, matematyka, angielski",6.0,,,6.0,,,6.0,,
111216,SAMORZĄDOWA SZKOŁA PODSTAWOWA W PRZERADZU MAŁYM,2021,"polski, matematyka, angielski",6.0,,,6.0,,,6.0,,
42790,SZKOŁA PODSTAWOWA IM. JANA PAWŁA II W ŁASZEWIE,2021,"polski, matematyka, angielski",6.0,,,6.0,,,6.0,,
8848,SZKOŁA PODSTAWOWA W BĘDZYMINIE,2021,"polski, matematyka, angielski",7.0,,,7.0,,,7.0,,
8849,SZKOŁA PODSTAWOWA W PONIATOWIE,2021,"polski, matematyka, angielski",8.0,,,8.0,,,8.0,,
8851,SZKOŁA PODSTAWOWA W KLICZEWIE DUŻYM,2021,"polski, matematyka, angielski",3.0,,,3.0,,,3.0,,
5161,SZKOŁA PODSTAWOWA W WALERIANACH,2021,"polski, matematyka, angielski",6.0,,,6.0,,,6.0,,
7030,SZKOŁA PODSTAWOWA W MICHAŁOWIE,2021,"polski, matematyka, angielski",6.0,,,6.0,,,6.0,,
52528,SZKOŁA PODSTAWOWA IM.J.CHEŁMOŃSKIEGO W KUKLÓWCE RADZIEJOWICKIEJ,2021,"polski, matematyka, angielski",8.0,,,8.0,,,8.0,,
13392,SZKOŁA PODSTAWOWA IM. ALEKSANDRA KAMIŃSKIEGO W GUZOWIE,2021,"polski, matematyka, angielski",6.0,,,6.0,,,7.0,,
20645,SZKOŁA PODSTAWOWA W BOŻEJOWICACH,2021,"polski, matematyka, angielski",9.0,,,9.0,,,9.0,,
20750,SZKOŁA PODSTAWOWA W BRZEŹNIKU,2021,"polski, matematyka, angielski",9.0,,,9.0,,,9.0,,
20961,SZKOŁA PODSTAWOWA W DĄBROWIE BOLESŁAWIECKIEJ,2021,"polski, matematyka, angielski",5.0,,,5.0,,,4.0,,
20936,SZKOŁA PODSTAWOWA IM. JERZEGO KUKUCZKI W OCICACH,2021,"polski, matematyka, angielski",7.0,,,7.0,,,3.0,,
22209,SZKOŁA PODSTAWOWA W TRZEBIENIU,2021,angielski,10.0,57.0,56.4,10.0,28.0,28.4,7.0,,
20957,SZKOŁA PODSTAWOWA IM. JANA BRZECHWY W ŻELISZOWIE,2021,"polski, matematyka, angielski",7.0,,,7.0,,,5.0,,
74366,SZKOŁA PODSTAWOWA IM. JANA PAWŁA II W GIERAŁTOWIE,2021,angielski,12.0,39.0,40.833333333333336,12.0,26.0,27.666666666666668,6.0,,
72000,SZKOŁA PODSTAWOWA W PAROWEJ,2021,"polski, matematyka",9.0,,,9.0,,,10.0,53.5,56.8
30209,PUBLICZNA SZKOŁA PODSTAWOWA IM. HENRYKA SIENKIEWICZA W RACIBOROWICACH DOLNYCH,2021,angielski,16.0,45.5,44.4375,16.0,26.0,29.5,6.0,,
29457,PUBLICZNA SZKOŁA PODSTAWOWA IM. ŻOŁNIERZY II ARMII WOJSKA POLSKIEGO W TOMASZOWIE BOLESŁAWIECKIM,2021,angielski,21.0,62.0,55.19047619047619,21.0,28.0,38.285714285714285,8.0,,
29524,PUBLICZNA SZKOŁA PODSTAWOWA W SZCZYTNICY,2021,"polski, matematyka, angielski",7.0,,,7.0,,,4.0,,
262368,SZKOŁA PODSTAWOWA SPECJALNA W IWINACH W POWIATOWYM MŁODZIEŻOWYM OŚRODKU WYCHOWAWCZYM W IWINACH,2021,"polski, matematyka, angielski",9.0,,,9.0,,,8.0,,
262666,EUROPEJSKA SZKOŁA PODSTAWOWA Z ODDZIAŁAMI PRZYSPOSABIAJĄCYMI DO PRACY,2021,"polski, matematyka, angielski",7.0,,,7.0,,,,,
262677,SZKOŁA PODSTAWOWA Z ODDZIAŁAMI PRZYSPOSABIAJĄCYMI DO PRACY CECHU RZEMIOSŁ RÓŻNYCH I MAŁEJ PRZEDSIĘBIORCZOŚCI,2021,"polski, matematyka, angielski",4.0,,,4.0,,,3.0,,
121789,SZKOŁA PODSTAWOWA W ZESPOLE SZKOLNO-PRZEDSZKOLNYM W MOŚCISKU,2021,"polski, matematyka, angielski",6.0,,,6.0,,,6.0,,
118705,NIEPUBLICZNA SZKOŁA PODSTAWOWA W GILOWIE,2021,"polski, matematyka, angielski",6.0,,,6.0,,,6.0,,
118579,NIEPUBLICZNA SZKOŁA PODSTAWOWA W PRZERZECZYNIE- ZDROJU,2021,"polski, matematyka, angielski",3.0,,,3.0,,,1.0,,
23548,SZKOŁA PODSTAWOWA W IRZĄDZACH,2021,angielski,11.0,42.0,44.63636363636363,11.0,32.0,40.72727272727273,5.0,,
23547,SZKOŁA PODSTAWOWA W JEMIELNIE,2021,"polski, matematyka, angielski",9.0,,,9.0,,,9.0,,
44681,SZKOŁA PODSTAWOWA IM. HENRYKA SIENKIEWICZA,2021,angielski,18.0,60.0,58.27777777777778,18.0,32.0,36.888888888888886,9.0,,
22354,SZKOŁA PODSTAWOWA NR 13 IM. ORLĄT LWOWSKICH W GŁOGOWIE,2021,angielski,15.0,62.0,62.4,15.0,56.0,49.86666666666667,4.0,,
124982,SZKOŁA PODSTAWOWA NR 4 W ZAKŁADZIE POPRAWCZYM I SCHRONISKU DLA NIELETNICH W GŁOGOWIE,2021,"polski, matematyka, angielski",8.0,,,8.0,,,3.0,,
13153,SZKOŁA PODSTAWOWA IM. ŚW.FLORIANA W BRZEGU GŁOGOWSKIM,2021,"polski, matematyka, angielski",7.0,,,7.0,,,7.0,,
20472,SZKOŁA PODSTAWOWA W LIPIE,2021,"polski, matematyka, angielski",5.0,,,5.0,,,5.0,,
20473,SZKOŁA PODSTAWOWA W SADACH GÓRNYCH,2021,"polski, matematyka, angielski",2.0,,,2.0,,,2.0,,
91785,SZKOŁA PODSTAWOWA W SNOWIDZY,2021,"polski, matematyka, angielski",8.0,,,8.0,,,8.0,,
16254,SZKOŁA PODSTAWOWA IM. WŁADYSŁAWA BRONIEWSKIEGO W PASZOWICACH,2021,angielski,10.0,57.0,53.2,10.0,42.0,42.8,,,
263271,SZKOŁA PODSTAWOWA W WIADROWIE,2021,"polski, matematyka, angielski",3.0,,,3.0,,,3.0,,
262339,SZKOŁA PODSTAWOWA,2021,angielski,10.0,70.0,65.3,10.0,40.0,46.0,2.0,,
70805,SZKOŁA PODSTAWOWA PRZY MŁODZIEŻOWYM OŚRODKU SOCJOTERAPII W JELENIEJ GÓRZE,2021,"polski, matematyka, angielski",8.0,,,8.0,,,7.0,,
58921,SPOŁECZNA SZKOŁA PODSTAWOWA SPOŁECZNEGO TOWARZYSTWA OŚWIATOWEGO W JELENIEJ GÓRZE,2021,"polski, matematyka, angielski",6.0,,,6.0,,,6.0,,
64750,SZKOŁA PODSTAWOWA IM. ZESŁAŃCÓW SYBIRU W SZAROCINIE,2021,"polski, matematyka, angielski",9.0,,,9.0,,,4.0,,
55549,ZESPÓŁ SZKÓŁ SZKOŁA PODSTAWOWA W PISARZOWICACH,2021,angielski,14.0,60.0,56.57142857142857,14.0,58.0,52.57142857142857,7.0,,
121903,SZKOŁA PODSTAWOWA W CZERNICY,2021,angielski,10.0,35.5,35.8,10.0,34.0,32.4,9.0,,
68549,"NIEPUBLICZNA SZKOŁA PODSTAWOWA W KARPACZU, SZKOŁA 707",2021,"polski, matematyka, angielski",6.0,,,6.0,,,5.0,,
88998,SZKOŁA PODSTAWOWA IM. GEN. WŁ. SIKORSKIEGO W KOSTRZYCY,2021,angielski,20.0,60.0,58.6,20.0,46.0,48.6,6.0,,
122237,SZKOŁA PODSTAWOWA IM. STANISŁAWA MARUSARZA W MIŁKOWIE,2021,"polski, matematyka, angielski",9.0,,,9.0,,,9.0,,
83389,SZKOŁA PODSTAWOWA IM.WŁADYSŁAWA STANISŁAWA REYMONTA W ŚCIĘGNACH,2021,angielski,11.0,60.0,63.63636363636363,11.0,40.0,47.63636363636363,8.0,,
83655,SZKOŁA PODSTAWOWA IM. MARII KONOPNICKIEJ W SOSNÓWCE,2021,"polski, matematyka, angielski",8.0,,,8.0,,,3.0,,
73028,SZKOŁA PODSTAWOWA SPECJALNA W MŁODZIEŻOWYM OŚRODKU WYCHOWAWCZYM W SZKLARSKIEJ PORĘBIE,2021,"polski, matematyka, angielski",4.0,,,4.0,,,2.0,,
3532,SZKOŁA PODSTAWOWA W DŁUGOPOLU DOLNYM,2021,"polski, matematyka, angielski",4.0,,,4.0,,,4.0,,
61352,SZKOŁA PODSTAWOWA W GORZANOWIE,2021,"polski, matematyka, angielski",3.0,,,3.0,,,3.0,,
3568,"PUBLICZNA SZKOŁA PODSTAWOWA STOWARZYSZENIA ""STARA ŁOMNICA DZIECIOM""",2021,"polski, matematyka, angielski",9.0,,,9.0,,,9.0,,
50475,SZKOŁA PODSTAWOWA WALISZOWSKIEGO STOWARZYSZENIA EDUKACYJNEGO,2021,"polski, matematyka, angielski",5.0,,,5.0,,,,,
48001,SZKOŁA PODSTAWOWA NR 3 IM. 100-LECIA ODZYSKANIA NIEPODLEGŁOŚCI,2021,"polski, matematyka, angielski",9.0,,,9.0,,,3.0,,
105874,SZKOŁA PODSTAWOWA SPECJALNA NR 8 W MŁODZIEŻOWYM OŚRODKU SOCJOTERAPII W KŁODZKU,2021,angielski,23.0,22.0,30.17391304347826,23.0,16.0,18.782608695652176,,,
50241,NIEPUBLICZNA SZKOŁA PODSTAWOWA W ŻELAŹNIE,2021,"polski, matematyka, angielski",9.0,,,9.0,,,9.0,,
91130,"SZKOŁA PODSTAWOWA STOWARZYSZENIA ""EDUKATOR""",2021,"polski, matematyka, angielski",6.0,,,6.0,,,6.0,,
21194,SZKOŁA PODSTAWOWA,2021,angielski,14.0,44.5,46.92857142857143,14.0,20.0,22.857142857142858,1.0,,
21192,SZKOŁA PODSTAWOWA IM.KARDYNAŁA STEFANA WYSZYŃSKIEGO,2021,"polski, matematyka, angielski",9.0,,,9.0,,,9.0,,
21197,SZKOŁA PODSTAWOWA IM.MIKOŁAJA KOPERNIKA Z ODDZIAŁAMI INTEGRACYJNYMI,2021,"polski, matematyka, angielski",9.0,,,9.0,,,9.0,,
103610,SPOŁECZNA SZKOŁA PODSTAWOWA W CHOCIESZOWIE,2021,"polski, matematyka, angielski",2.0,,,2.0,,,,,
5285,PRYWATNA SZKOŁA PODSTAWOWA,2021,"polski, matematyka, angielski",8.0,,,8.0,,,7.0,,
272708,EDUCROSS SZKOŁA PODSTAWOWA DLA DOROSŁYCH W LEGNICY,2021,"polski, matematyka, angielski",3.0,,,3.0,,,3.0,,
87183,SZKOŁA PODSTAWOWA IM. JANA BRZECHWY W BUDZIWOJOWIE,2021,"polski, matematyka, angielski",7.0,,,7.0,,,7.0,,
87154,SZKOŁA PODSTAWOWA W NIEDŹWIEDZICACH,2021,"polski, matematyka, angielski",8.0,,,8.0,,,5.0,,
80570,SZKOŁA PODSTAWOWA W OKMIANACH,2021,"polski, matematyka, angielski",8.0,,,8.0,,,5.0,,
80849,SZKOŁA PODSTAWOWA W STARYM ŁOMIE,2021,"polski, matematyka, angielski",9.0,,,9.0,,,9.0,,
56238,SZKOŁA PODSTAWOWA IM. ŚWIĘTEJ JADWIGI ŚLĄSKIEJ W KUNICACH,2021,"polski, matematyka, angielski",5.0,,,5.0,,,5.0,,
56233,SZKOŁA PODSTAWOWA W ROSOCHATEJ,2021,"polski, matematyka, angielski",8.0,,,8.0,,,8.0,,
58222,SZKOŁA PODSTAWOWA IM. KORNELA MAKUSZYŃSKIEGO W POBIEDNEJ,2021,angielski,16.0,55.5,52.25,16.0,28.0,33.5,6.0,,
58146,SZKOŁA PODSTAWOWA IM. NOBLISTÓW POLSKICH W PISARZOWICACH,2021,angielski,16.0,58.0,58.5625,16.0,40.0,44.0,8.0,,
44439,SZKOŁA PODSTAWOWA W RADOSTOWIE,2021,angielski,15.0,47.0,44.666666666666664,15.0,20.0,29.333333333333332,9.0,,
85953,SZKOŁA PODSTAWOWA IM. JANUSZA KORCZAKA W BIEDRZYCHOWICACH,2021,"polski, matematyka, angielski",9.0,,,9.0,,,,,
16957,SZKOŁA PODSTAWOWA IM.EMILII PLATER W PLATERÓWCE,2021,angielski,13.0,47.0,47.46153846153846,13.0,28.0,29.23076923076923,5.0,,
262435,OŚMIOLETNIA SZKOŁA PODSTAWOWA SPECJALNA W ZESPOLE PLACÓWEK TERAPEUTYCZNO-WYCHOWAWCZYCH WE WŁOSIENIU,2021,"polski, matematyka, angielski",4.0,,,4.0,,,2.0,,
80118,SZKOŁA PODSTAWOWA NR 2 IM. JANA PAWŁA II W ŚWIERADOWIE-ZDROJU,2021,angielski,12.0,57.0,50.333333333333336,12.0,28.0,33.333333333333336,5.0,,
85214,SZKOŁA PODSTAWOWA IM. ORLĄT LWOWSKICH W TYMOWEJ,2021,angielski,10.0,62.0,56.4,10.0,24.0,33.6,9.0,,
3580,PUBLICZNA SZKOŁA PODSTAWOWA IM. BŁOGOSŁAWIONEGO KSIĘDZA ALOJSA ANDRICKIEGO W RZĄSINACH,2021,"polski, matematyka, angielski",6.0,,,6.0,,,6.0,,
52093,SZKOŁA PODSTAWOWA W PŁÓCZKACH GÓRNYCH,2021,angielski,10.0,46.5,44.4,10.0,22.0,27.6,8.0,,
90027,SZKOŁA PODSTAWOWA SPECJALNA PRZY MŁODZIEŻOWYM OŚRODKU SOCJOTERAPII W LWÓWKU ŚLĄSKIM,2021,"polski, matematyka, angielski",6.0,,,6.0,,,4.0,,
104377,SZKOŁA PODSTAWOWA WE WŁODZICACH WIELKICH,2021,"polski, matematyka, angielski",7.0,,,7.0,,,1.0,,
133983,SZKOŁA PODSTAWOWA PRZY MŁODZIEŻOWYM OŚRODKU WYCHOWAWCZYM W LWÓWKU ŚLĄSKIM,2021,"polski, matematyka, angielski",7.0,,,7.0,,,6.0,,
69409,SZKOŁA PODSTAWOWA IM. ŚW. FLORIANA W RĘBISZOWIE,2021,"polski, matematyka, angielski",9.0,,,9.0,,,9.0,,
71997,SZKOŁA PODSTAWOWA W KROBICY,2021,"polski, matematyka, angielski",5.0,,,5.0,,,5.0,,
7573,SZKOŁA PODSTAWOWA IM. MIKOŁAJA KOPERNIKA,2021,"polski, matematyka, angielski",7.0,,,7.0,,,4.0,,
6292,SZKOŁA PODSTAWOWA W CZATKOWICACH,2021,"polski, matematyka, angielski",9.0,,,9.0,,,9.0,,
6293,SZKOŁA PODSTAWOWA W DUNKOWEJ,2021,"polski, matematyka, angielski",8.0,,,8.0,,,8.0,,
6294,SZKOŁA PODSTAWOWA W NOWYM ZAMKU,2021,"polski, matematyka, angielski",6.0,,,6.0,,,6.0,,
262729,SZKOŁA PODSTAWOWA WE WRÓBLIŃCU,2021,"polski, matematyka, angielski",2.0,,,2.0,,,2.0,,
123537,SPOŁECZNA SZKOŁA PODSTAWOWA IM. ASTRID LINDGREN W MILICZU,2021,"polski, matematyka, angielski",2.0,,,2.0,,,2.0,,
20288,SZKOŁA PODSTAWOWA W WABIENICACH,2021,"polski, matematyka, angielski",5.0,,,5.0,,,1.0,,
21215,SZKOŁA PODSTAWOWA IM. MJR HENRYKA SUCHARSKIEGO W ZBYTOWEJ,2021,"polski, matematyka, angielski",5.0,,,5.0,,,,,
29940,KATOLICKA SZKOŁA PODSTAWOWA IM. ŚW. JANA APOSTOŁA I EWANGELISTY,2021,"polski, matematyka, angielski",7.0,,,7.0,,,6.0,,
61331,SZKOŁA PODSTAWOWA W DROŁTOWICACH,2021,angielski,14.0,38.0,43.714285714285715,14.0,36.0,39.142857142857146,7.0,,
61336,SZKOŁA PODSTAWOWA W STRADOMI WIERZCHNIEJ,2021,"polski, matematyka, angielski",8.0,,,8.0,,,5.0,,
61334,SZKOŁA PODSTAWOWA W DZIAŁOSZY,2021,"polski, matematyka, angielski",8.0,,,8.0,,,8.0,,
118973,PUBLICZNA SZKOŁA PODSTAWOWA FUNDACJI ŚWIAT DZIECI I DOROSŁYCH W GOSZCZYNIE,2021,"polski, matematyka, angielski",9.0,,,9.0,,,8.0,,
275271,PUBLICZNA SZKOŁA PODSTAWOWA IM. JANA KOCHANOWSKIEGO,2021,"polski, matematyka, angielski",5.0,,,5.0,,,5.0,,
105021,SZKOŁA PODSTAWOWA W CHWALIBOŻYCACH,2021,"polski, matematyka, angielski",7.0,,,7.0,,,7.0,,
131433,SZKOŁA PODSTAWOWA IM. WŁODZIMIERZA LUBAŃSKIEGO W GACI,2021,"polski, matematyka, angielski",5.0,,,5.0,,,5.0,,
105026,SZKOŁA PODSTAWOWA W ŚCINAWIE POLSKIEJ,2021,"polski, matematyka, angielski",4.0,,,4.0,,,1.0,,
40086,SZKOŁA PODSTAWOWA W PARCHOWIE,2021,"polski, matematyka, angielski",8.0,,,8.0,,,8.0,,
40085,SZKOŁA PODSTAWOWA IM. WŁADYSŁAWA ST.REYMONTA W TRZEBNICACH,2021,"polski, matematyka, angielski",9.0,,,9.0,,,8.0,,
90686,PUBLICZNA SZKOŁA PODSTAWOWA IM. MARII KONOPNICKIEJ W ZIELENICACH,2021,"polski, matematyka, angielski",9.0,,,9.0,,,9.0,,
6247,SZKOŁA PODSTAWOWA IM.JANA PAWŁA II W ŻELOWICACH,2021,"polski, matematyka, angielski",1.0,,,1.0,,,1.0,,
90697,SZKOŁA PODSTAWOWA IM. UNII EUROPEJSKIEJ W WAWRZYSZOWIE,2021,"polski, matematyka, angielski",9.0,,,9.0,,,9.0,,
107446,SZKOŁA PODSTAWOWA IM. UNII EUROPEJSKIEJ W URAZIE,2021,"polski, matematyka, angielski",5.0,,,5.0,,,5.0,,
68060,SZKOŁA PODSTAWOWA W MASŁOWIE,2021,"polski, matematyka, angielski",9.0,,,9.0,,,9.0,,
68000,SZKOŁA PODSTAWOWA W BOLEŚCINIE,2021,"polski, matematyka, angielski",4.0,,,4.0,,,4.0,,
68033,SZKOŁA PODSTAWOWA IM. ŚW. JADWIGI ŚLĄSKIEJ W KUŹNICZYSKU,2021,angielski,16.0,63.0,60.125,16.0,50.0,52.5,5.0,,
8899,SZKOŁA PODSTAWOWA SPECJALNA NR 41 W WAŁBRZYCHU,2021,"polski, matematyka, angielski",8.0,,,8.0,,,6.0,,
127214,SZKOŁA PODSTAWOWA SPECJALNA NR 33 W DOLNOŚLĄSKIM MŁODZIEŻOWYM OŚRODKU WYCHOWAWCZYM IM. MARII GRZEGORZEWSKIEJ W WAŁBRZYCHU,2021,angielski,11.0,29.0,27.636363636363637,11.0,20.0,22.545454545454547,8.0,,
133959,SZKOŁA PODSTAWOWA DLA DOROSŁYCH W WAŁBRZYCHU,2021,"polski, matematyka, angielski",7.0,,,7.0,,,5.0,,
103573,OGÓLNOKSZTAŁCĄCA SZKOŁA MUZYCZNA II ST. W WAŁBRZYCHU,2021,angielski,22.0,72.0,72.54545454545455,23.0,56.0,56.869565217391305,6.0,,
60116,PUBLICZNA SZKOŁA PODSTAWOWA W KOWALOWEJ,2021,"polski, matematyka, angielski",9.0,,,9.0,,,8.0,,
85209,SZKOŁA PODSTAWOWA IM. JANA MARKIEWICZA W ORZESZKOWIE,2021,angielski,10.0,64.0,60.5,10.0,44.0,43.2,5.0,,
87427,SZKOŁA PODSTAWOWA W WIŃSKU,2021,angielski,25.0,44.0,45.8,25.0,24.0,29.76,4.0,,
87196,SZKOŁA PODSTAWOWA IM. ŚWIĘTEGO MIKOŁAJA Z MIRY W KRZELOWIE,2021,angielski,12.0,50.0,49.083333333333336,12.0,26.0,33.666666666666664,6.0,,
265515,SZKOŁA PODSTAWOWA IM. JANA ADAMA DE GARNIER W GŁĘBOWICACH,2021,"polski, matematyka, angielski",1.0,,,1.0,,,1.0,,
73839,SZKOŁA PODSTAWOWA W KRZYDLINIE WIELKIEJ,2021,"polski, matematyka, angielski",7.0,,,7.0,,,6.0,,
64257,SZKOŁA PODSTAWOWA IM. KORNELA MAKUSZYŃSKIEGO W STARYM WOŁOWIE,2021,angielski,11.0,51.0,44.45454545454545,11.0,24.0,31.272727272727273,9.0,,
11315,SZKOŁA PODSTAWOWA SPECJALNA NR 2,2021,"polski, matematyka, angielski",9.0,,,9.0,,,8.0,,
124469,SZKOŁA PODSTAWOWA TIKKUN OLAM,2021,"polski, matematyka, angielski",8.0,,,8.0,,,8.0,,
124508,SZKOŁA PODSTAWOWA AMS WE WROCŁAWIU,2021,"polski, matematyka, angielski",6.0,,,6.0,,,6.0,,
131654,AUTORSKA SZKOŁA PODSTAWOWA JASKÓŁKA WE WROCŁAWIU,2021,"polski, matematyka, angielski",6.0,,,6.0,,,6.0,,
269452,"NIEPUBLICZNA SZKOŁA PODSTAWOWA ""INSPIRACJA""",2021,"polski, matematyka, angielski",5.0,,,5.0,,,5.0,,
272529,AUTORSKA SZKOŁA PODSTAWOWA GALILEO,2021,"polski, matematyka, angielski",5.0,,,5.0,,,4.0,,
275696,SZKOŁA PODSTAWOWA - WROCŁAW COSMOPOLITAN SCHOOL,2021,"polski, matematyka, angielski",2.0,,,2.0,,,3.0,,
124498,PRYWATNA SZKOŁA PODSTAWOWA AMERICAN SCHOOL OF WROCŁAW,2021,"polski, matematyka, angielski",1.0,,,1.0,,,6.0,,
118415,NIEPUBLICZNA SZKOŁA PODSTAWOWA MONTESSORI WE WROCŁAWIU,2021,"polski, matematyka, angielski",9.0,,,9.0,,,9.0,,
267916,SZKOŁA PODSTAWOWA NR 7 IM. ROTMISTRZA WITOLDA PILECKIEGO,2021,"polski, matematyka, angielski",7.0,,,7.0,,,8.0,,
81391,SZKOŁA PODSTAWOWA SPECJALNA NR 101,2021,"polski, matematyka, angielski",2.0,,,2.0,,,2.0,,
128977,PUBLICZNA SZKOŁA PODSTAWOWA SPECJALNA IM. MATKI TERESY POTOCKIEJ DLA DZIEWCZĄT NIEDOSTOSOWANYCH SPOŁECZNIE W MŁODZIEŻOWYM OŚRODKU WYCHOWAWCZYM,2021,"polski, matematyka, angielski",9.0,,,9.0,,,9.0,,
119517,NIEPUBLICZNA SZKOŁA PODSTAWOWA ENTE,2021,"polski, matematyka, angielski",4.0,,,4.0,,,4.0,,
44625,NIEPUBLICZNA SZKOŁA PODSTAWOWA W ZACHOWICACH STOWARZYSZENIE NA RZECZ ROZWOJU WSI ZACHOWICE I OKOLIC,2021,"polski, matematyka, angielski",7.0,,,7.0,,,7.0,,
126075,SZKOŁA PODSTAWOWA SPECJALNA PRZY MŁODZIEŻOWYM OŚRODKU WYCHOWAWCZYM,2021,angielski,11.0,42.0,41.09090909090909,11.0,24.0,24.363636363636363,7.0,,
92320,SZKOŁA PODSTAWOWA IM. JANUSZA KUSOCIŃSKIEGO W POLAKOWICACH,2021,"polski, matematyka, angielski",6.0,,,6.0,,,6.0,,
92933,SZKOŁA PODSTAWOWA W WĘGRACH,2021,"polski, matematyka, angielski",4.0,,,4.0,,,4.0,,
5116,SZKOŁA PODSTAWOWA NR 5 IM.BOLESŁAWA CHROBREGO W BOGATYNI,2021,angielski,14.0,48.0,45.714285714285715,14.0,26.0,32.0,5.0,,
7053,SZKOŁA PODSTAWOWA IM.ŚW JADWIGI ŚLĄSKIEJ W DZIAŁOSZYNIE,2021,"polski, matematyka, angielski",9.0,,,9.0,,,9.0,,
7094,SZKOŁA PODSTAWOWA IM.POLSKIEGO CZERWONEGO KRZYŻA W OPOLNIE ZDROJU,2021,angielski,10.0,52.0,50.1,10.0,16.0,22.8,4.0,,
262436,SZKOŁA PODSTAWOWA NR 2 W PIEŃSKU IM. O. MICHAŁA TOMASZKA,2021,angielski,30.0,59.0,56.733333333333334,30.0,28.0,30.533333333333335,8.0,,
47154,SZKOŁA PODSTAWOWA IM. ORŁA BIAŁEGO W BIERNEJ,2021,"polski, matematyka, angielski",8.0,,,8.0,,,8.0,,
262363,SZKOŁA PODSTAWOWA SPECJALNA PRZY MŁODZIEŻOWYM OŚRODKU SOCJOTERAPII IM. JANUSZA KORCZAKA W ZGORZELCU,2021,angielski,11.0,27.0,33.72727272727273,11.0,20.0,20.727272727272727,6.0,,
262424,SZKOŁA PODSTAWOWA COGITO Z ODDZIAŁAMI DWUJĘZYCZNYMI W ZGORZELCU,2021,angielski,15.0,67.0,66.06666666666666,15.0,44.0,46.666666666666664,9.0,,
3232,SZKOŁA PODSTAWOWA IM. KORNELA MAKUSZYŃSKIEGO W OSIEKU ŁUŻYCKIM,2021,angielski,12.0,52.0,51.5,12.0,26.0,35.666666666666664,6.0,,
68472,NIEPUBLICZNA SZKOŁA PODSTAWOWA STOWARZYSZENIA NA RZECZ ROZWOJU I PROMOCJI WSI LUBNÓW I OKOLIC,2021,"polski, matematyka, angielski",4.0,,,4.0,,,4.0,,
70496,SZKOŁA PODSTAWOWA W BRASZOWICACH,2021,angielski,12.0,52.5,50.25,12.0,32.0,34.666666666666664,6.0,,
124769,SZKOŁA PODSTAWOWA W STOLCU,2021,angielski,13.0,49.0,53.84615384615385,13.0,20.0,30.46153846153846,2.0,,
85131,SZKOŁA PODSTAWOWA W SPECJALNYM OŚRODKU SZKOLNO-WYCHOWAWCZYM IM. JANUSZA KORCZAKA W ZĄBKOWICACH ŚLĄSKICH,2021,"polski, matematyka, angielski",1.0,,,1.0,,,1.0,,
92849,SZKOŁA PODSTAWOWA IM. WŁODZIMIERZA PUCHALSKIEGO W PROBOSZCZOWIE,2021,angielski,10.0,68.0,60.0,10.0,22.0,36.8,3.0,,
92851,SZKOŁA PODSTAWOWA W SĘDZIMIROWIE,2021,"polski, matematyka, angielski",2.0,,,2.0,,,2.0,,
124921,SZKOŁA PODSTAWOWA W ZAKŁADZIE POPRAWCZYM W JERZMANICACH ZDROJU,2021,"polski, matematyka, angielski",1.0,,,1.0,,,1.0,,
68258,SZKOŁA PODSTAWOWA W NOWYM KOŚCIELE,2021,"polski, matematyka, angielski",7.0,,,7.0,,,7.0,,
83706,SZKOŁA PODSTAWOWA IM. ŚW. JANA BOSKOW KARCZYCACH,2021,"polski, matematyka, angielski",8.0,,,8.0,,,8.0,,
81418,SZKOŁA PODSTAWOWA W MIECZKOWIE,2021,"polski, matematyka, angielski",6.0,,,6.0,,,6.0,,
25130,PUBLICZNA SZKOŁA PODSTAWOWA IM. JANA PAWŁA II Z ODDZIAŁAMI PRZEDSZKOLNYMI W KOSTRZY,2021,"polski, matematyka, angielski",8.0,,,8.0,,,8.0,,
25989,PUBLICZNA SZKOŁA PODSTAWOWA IM. ADAMA MICKIEWICZA Z ODDZIAŁAMI PRZEDSZKOLNYMI W OLSZANACH,2021,"polski, matematyka, angielski",6.0,,,6.0,,,6.0,,
27636,SZKOŁA PODSTAWOWA W ROGOŹNICY,2021,"polski, matematyka, angielski",7.0,,,7.0,,,7.0,,
122437,PUBLICZNA SZKOŁA PODSTAWOWA IM. JANA BRZECHWY W STANOWICACH,2021,"polski, matematyka, angielski",9.0,,,9.0,,,9.0,,
124991,SZKOŁA PODSTAWOWA NR 14 W ZAKŁADZIE POPRAWCZYM I SCHRONISKU DLA NIELETNICH W ŚWIDNICY,2021,"polski, matematyka, angielski",2.0,,,2.0,,,2.0,,
262539,NIEPUBLICZNA SZKOŁA PODSTAWOWA Z ODDZIAŁAMI PRZYSPOSABIAJĄCYMI DO PRACY W ŚWIDNICY,2021,matematyka,10.0,14.5,14.8,9.0,,,10.0,22.0,24.0
52967,SZKOŁA PODSTAWOWA IM. JANA PAWŁA II W GRODZISZCZU,2021,"polski, matematyka, angielski",7.0,,,7.0,,,7.0,,
82520,SZKOŁA PODSTAWOWA SPECJALNA NR 3 W BYSTRZYCY GÓRNEJ,2021,angielski,11.0,24.0,23.272727272727273,11.0,8.0,13.090909090909092,4.0,,
20652,SZKOŁA PODSTAWOWA SPECJALNA NR 2 W MROWINACH,2021,"polski, matematyka, angielski",5.0,,,5.0,,,,,
9255,PUBLICZNA SZKOŁA PODSTAWOWA W KOPICACH,2021,"polski, matematyka, angielski",8.0,,,8.0,,,8.0,,
9254,PUBLICZNA SZKOŁA PODSTAWOWA IM. GUSTAWA MORCINKA W GNOJNEJ,2021,"polski, matematyka, angielski",6.0,,,6.0,,,6.0,,
30105,SZKOŁA PODSTAWOWA W GAŁĄZCZYCACH,2021,"polski, matematyka, angielski",9.0,,,9.0,,,9.0,,
10571,PUBLICZNA SZKOŁA PODSTAWOWA STOWARZYSZENIA PRZYJACIÓŁ SZKÓŁ KATOLICKICH IM.ŚW. JANA PAWŁA II W MICHAŁOWICACH,2021,"polski, matematyka",9.0,,,9.0,,,10.0,74.5,63.0
13578,PUBLICZNA SZKOŁA PODSTAWOWA STOWARZYSZENIA PRZYJACIÓŁ SZKÓŁ KATOLICKICH W MICHAŁOWIE,2021,"polski, matematyka, angielski",2.0,,,2.0,,,2.0,,
129856,SZKOŁA FILIALNA W LIPKACH,2021,"polski, matematyka, angielski",6.0,,,6.0,,,6.0,,
34826,PUBLICZNA SZKOŁA PODSTAWOWA W GOŁUSZOWICACH,2021,"polski, matematyka, angielski",8.0,,,8.0,,,8.0,,
107585,ZESPÓL SZKÓŁ W PIETROWICACH SZKOŁA PODSTAWOWA IM JANA PAWŁA II W PIETROWICACH,2021,"polski, matematyka, angielski",9.0,,,9.0,,,9.0,,
74502,"SZKOŁA PODSTAWOWA Z ODDZIAŁEM PRZEDSZKOLNYM PRZY STOWARZYSZENIU PRZYJACIÓŁ ŚCIBORZYC WIELKICH ""ŚCIBOR"" W ŚCIBORZYCACH WIELKICH",2021,"polski, matematyka, angielski",3.0,,,3.0,,,3.0,,
109316,PUBLICZNA SZKOŁA PODSTAWOWA W NOWEJ CEREKWI,2021,"polski, matematyka, angielski",7.0,,,7.0,,,7.0,,
28524,PUBLICZNA SZKOŁA PODSTAWOWA Z ODDZIAŁEM PRZEDSZKOLNYM IM.MARII KONOPNICKIEJ STOWARZYSZENIA PRZYJACIÓŁ SZKOŁY PODSTAWOWEJ W NASIEDLU,2021,"polski, matematyka, angielski",8.0,,,8.0,,,8.0,,
26762,PUBLICZNA SZKOŁA PODSTAWOWA Z ODDZIAŁEM PRZEDSZKOLNYM STOWARZYSZENIA AKTYWNA SPOŁECZNOŚĆ DZIERŻYSŁAWIA,2021,"polski, matematyka, angielski",9.0,,,9.0,,,9.0,,
30879,PUBLICZNA SZKOŁA PODSTAWOWA Z ODDZIAŁEM PRZEDSZKOLNYM IM. JANA III SOBIESKIEGO W PILSZCZU STOWARZYSZENIA NA RZECZ EDUKACJI I KULTURY W PILSZCZU,2021,"polski, matematyka, angielski",9.0,,,9.0,,,9.0,,
40186,PUBLICZNA SZKOŁA PODSTAWOWA IM. BOHATERÓW POWSTAŃ ŚLĄSKICH W KOSTOWIE,2021,"polski, matematyka, angielski",9.0,,,9.0,,,9.0,,
40183,PUBLICZNA SZKOŁA PODSTAWOWA W BISKUPICACH,2021,"polski, matematyka, angielski",8.0,,,8.0,,,8.0,,
40185,PUBLICZNA SZKOŁA PODSTAWOWA W ROSZKOWICACH,2021,"polski, matematyka, angielski",6.0,,,6.0,,,6.0,,
17643,PUBLICZNA SZKOŁA PODSTAWOWA Z ODDZIAŁAMI PRZEDSZKOLNYMI IM. M. KOPERNIKA W KUJAKOWICACH DOLNYCH,2021,"polski, matematyka, angielski",9.0,,,9.0,,,9.0,,
17644,PUBLICZNA SZKOŁA PODSTAWOWA Z ODDZIAŁAMI PRZEDSZKOLNYMI IM. BŁ. JANA PAWŁA II W KUNIOWIE,2021,"polski, matematyka, angielski",7.0,,,7.0,,,7.0,,
268898,KATOLICKA NIEPUBLICZNA SZKOŁA PODSTAWOWA W BIADACZU,2021,"polski, matematyka, angielski",2.0,,,2.0,,,2.0,,
13210,ZESPÓŁ SZKOLNO - PRZEDSZKOLNY W CHOCIANOWICACH SZKOŁA PODSTAWOWA W CHOCIANOWICACH,2021,angielski,15.0,58.0,58.2,15.0,36.0,40.266666666666666,8.0,,
13212,ZESPÓŁ SZKOLNO - PRZEDSZKOLNY W CHOCIANOWICACH SZKOŁA PODSTAWOWA W GRONOWICACH,2021,angielski,14.0,49.0,45.857142857142854,14.0,34.0,39.714285714285715,5.0,,
20425,ZESPÓŁ SZKOLNO – PRZEDSZKOLNY W LASOWICACH WIELKICH SZKOŁA PODSTAWOWA IM. MIKOŁAJA KOPERNIKA W LASOWICACH WIELKICH,2021,angielski,14.0,67.0,65.42857142857143,14.0,30.0,39.714285714285715,7.0,,
12353,SZKOŁA PODSTAWOWA W SZYMONKOWIE,2021,"polski, matematyka, angielski",4.0,,,4.0,,,4.0,,
60829,STOWARZYSZENIOWA PUBLICZNA SZKOŁA PODSTAWOWA IM. HENRYKA SIENKIEWICZA W GÓRAŻDŻACH,2021,"polski, matematyka, angielski",9.0,,,9.0,,,9.0,,
64343,PUBLICZNA SZKOŁA PODSTAWOWA IM. MIKOŁAJA KOPERNIKA W MALNI,2021,angielski,11.0,56.0,56.90909090909091,11.0,48.0,46.54545454545455,5.0,,
110001,ZESPÓŁ SZKOLNO-PRZEDSZKOLNY W KÓRNICY PUBLICZNA SZKOŁA PODSTAWOWA W KÓRNICY,2021,angielski,10.0,54.5,51.4,10.0,36.0,37.2,6.0,,
85036,STOWARZYSZENIOWA PUBLICZNA SZKOŁA PODSTAWOWA W STEBLOWIE,2021,"polski, matematyka, angielski",6.0,,,6.0,,,6.0,,
22298,SZKOŁA PODSTAWOWA W STRADUNI,2021,"polski, matematyka, angielski",7.0,,,7.0,,,7.0,,
60974,PUBLICZNA SZKOŁA PODSTAWOWA IM. STANISŁAWA ROSPONDA W ŻYROWEJ,2021,angielski,10.0,54.5,54.8,10.0,56.0,56.4,8.0,,
57719,SZKOŁA PODSTAWOWA Z NAUCZANIEM JĘZYKA MNIEJSZOŚCI NARODOWEJ - JĘZYKA NIEMIECKIEGO IM. JOSEPHA FREIHERRA VON EICHENDORFFA W SOLARNI,2021,angielski,17.0,64.0,58.705882352941174,17.0,32.0,35.05882352941177,8.0,,
73314,PUBLICZNA SZKOŁA PODSTAWOWA W ŁANACH,2021,angielski,16.0,59.0,60.3125,16.0,32.0,34.25,4.0,,
47257,PUBLICZNA SZKOŁA PODSTAWOWA W KĘDZIERZYNIE-KOŹLU,2021,"polski, matematyka, angielski",6.0,,,6.0,,,6.0,,
68185,PUBLICZNA SZKOŁA PODSTAWOWA NR 18,2021,angielski,11.0,51.0,44.18181818181818,11.0,28.0,42.18181818181818,6.0,,
38556,PUBLICZNA SZKOŁA PODSTAWOWA W OSTROŻNICY,2021,"polski, matematyka, angielski",6.0,,,6.0,,,6.0,,
18205,PUBLICZNA SZKOŁA PODSTAWOWA W NACZĘSŁAWICACH,2021,"polski, matematyka, angielski",9.0,,,9.0,,,4.0,,
35171,PUBLICZNA SZKOŁA PODSTAWOWA W GOŚCIĘCINIE,2021,"polski, matematyka, angielski",9.0,,,9.0,,,5.0,,
60848,PUBLICZNA SZKOŁA PODSTAWOWA IM. MIKOŁAJA KOPERNIKA WE WRONINIE,2021,"polski, matematyka, angielski",7.0,,,7.0,,,6.0,,
81348,ZESPÓŁ SZKOLNO-PRZEDSZKOLNY W REŃSKIEJ WSI PUBLICZNA SZKOŁA PODSTAWOWA W REŃSKIEJ WSI,2021,angielski,14.0,59.0,50.57142857142857,14.0,44.0,43.714285714285715,9.0,,
81718,ZESPÓŁ SZKOLNO-PRZEDSZKOLNY W WIĘKSZYCACH PUBLICZNA SZKOŁA PODSTAWOWA W WIĘKSZYCACH,2021,angielski,10.0,57.5,57.2,10.0,44.0,44.4,7.0,,
81752,PUBLICZNA SZKOŁA PODSTAWOWA W POKRZYWNICY,2021,"polski, matematyka, angielski",8.0,,,8.0,,,2.0,,
56422,SPOŁECZNA SZKOŁA PODSTAWOWA IM. KS. JANA TWARDOWSKIEGO W MECHNICY,2021,angielski,14.0,57.0,57.642857142857146,14.0,56.0,54.285714285714285,8.0,,
22420,SZKOŁA PODSTAWOWA IM. TADEUSZA KOŚCIUSZKI W SMARCHOWICACH WIELKICH,2021,angielski,14.0,52.5,52.214285714285715,14.0,46.0,47.42857142857143,7.0,,
19817,SZKOŁA PODSTAWOWA W JASTRZĘBIU,2021,"polski, matematyka, angielski",5.0,,,5.0,,,5.0,,
6101,PUBLICZNA SZKOŁA PODSTAWOWA W BUKOWIU,2021,"polski, matematyka, angielski",9.0,,,9.0,,,9.0,,
6106,PUBLICZNA SZKOŁA PODSTAWOWA STOWARZYSZENIA PRZYJACIÓŁ SZKÓŁ KATOLICKICH IM. POWSTAŃCÓW ŚLĄSKICH W DĘBNIKU,2021,"polski, matematyka, angielski",5.0,,,5.0,,,5.0,,
17347,PUBLICZNA SZKOŁA PODSTAWOWA IM. TADEUSZA KOŚCIUSZKI W BODZANOWIE,2021,"polski, matematyka, angielski",9.0,,,9.0,,,9.0,,
20905,PUBLICZNA SZKOŁA PODSTAWOWA STOWARZYSZENIA ROZWOJU WSI BURGRABICE,2021,"polski, matematyka, angielski",4.0,,,4.0,,,4.0,,
25910,"PUBLICZNA SZKOŁA PODSTAWOWA STOWARZYSZENIA EDUKACYJNEGO ""PRZYJAZNA SZKOŁA"" W GIERAŁCICACH",2021,"polski, matematyka, angielski",4.0,,,4.0,,,4.0,,
20953,PUBLICZNA SZKOŁA PODSTAWOWA STOWARZYSZENIA ROZWOJU WSI JARNOŁTÓWEK,2021,"polski, matematyka, angielski",6.0,,,6.0,,,6.0,,
17373,PUBLICZNA SZKOŁA PODSTAWOWA IM. JANUSZA KORCZAKA W NOWYM ŚWIĘTOWIE,2021,"polski, matematyka, angielski",5.0,,,5.0,,,5.0,,
21228,"PUBLICZNA SZKOŁA PODSTAWOWA STOWARZYSZENIA ROZWOJU WSI MARKOWICE, POLSKI ŚWIĘTÓW, SUCHA KAMIENICA",2021,"polski, matematyka, angielski",7.0,,,7.0,,,7.0,,
21226,PUBLICZNA SZKOŁA PODSTAWOWA STOWARZYSZENIA ROZWOJU WSI STARY LAS,2021,"polski, matematyka, angielski",7.0,,,7.0,,,7.0,,
39057,"PUBLICZNA SZKOŁA PODSTAWOWA STOWARZYSZENIA EDUKACYJNEGO ""UŚMIECH DZIECKA"" W CHARBIELINIE",2021,"polski, matematyka, angielski",4.0,,,4.0,,,4.0,,
39046,PUBLICZNA SZKOŁA PODSTAWOWA STOWARZYSZENIA PRZYJACIÓŁ SZKOŁY W BISKUPOWIE,2021,"polski, matematyka, angielski",4.0,,,4.0,,,4.0,,
39015,"PUBLICZNA SZKOŁA PODSTAWOWA STOWARZYSZENIA ROZWOJU I EDUKACJI ""NASZA SZKOŁA"" W SŁAWNIOWICACH",2021,"polski, matematyka, angielski",2.0,,,2.0,,,2.0,,
109825,ZESPÓŁ SZKOLNO-PRZEDSZKOLNY W KARŁOWICACH WIELKICH SZKOŁA PODSTAWOWA W KARŁOWICACH WIELKICH,2021,"polski, matematyka, angielski",8.0,,,8.0,,,7.0,,
113979,PUBLICZNA SZKOŁA PODSTAWOWA ZESPOŁU SZKOLNO-PRZEDSZKOLNEGO STOWARZYSZENIA NA RZECZ ROZWOJU WSI LIPNIKI,2021,"polski, matematyka, angielski",2.0,,,2.0,,,2.0,,
107158,SZKOŁA PODSTAWOWA W KAMIENNIKU,2021,"polski, matematyka, angielski",8.0,,,8.0,,,8.0,,
129459,SZKOŁA PODSTAWOWA WE WŁODARACH,2021,"polski, matematyka, angielski",3.0,,,3.0,,,3.0,,
34259,SZKOŁA PODSTAWOWA IM. BOJOWNIKÓW O WOLNOŚĆ W NIWNICY,2021,"polski, matematyka, angielski",8.0,,,8.0,,,8.0,,
34257,SZKOŁA PODSTAWOWA IM. MIKOŁAJA KOPERNIKA W KOPERNIKACH,2021,"polski, matematyka, angielski",5.0,,,5.0,,,5.0,,
41821,SZKOŁA PODSTAWOWA W PRZEŁĘKU,2021,"polski, matematyka, angielski",9.0,,,9.0,,,9.0,,
111756,PUBLICZNA SZKOŁA PODSTAWOWA STOWARZYSZENIA PRZYJACIÓŁ SZKÓŁ KATOLICKICH IM. ŚW. URSZULI LEDÓCHOWSKIEJ W DOMASZKOWICACH,2021,"polski, matematyka, angielski",7.0,,,7.0,,,7.0,,
86725,SZKOŁA PODSTAWOWA IM. MACIEJA PŁAŻYŃSKIEGO W LIGOCIE WIELKIEJ,2021,"polski, matematyka, angielski",2.0,,,2.0,,,1.0,,
89444,SZKOŁA PODSTAWOWA NR 2 W OTMUCHOWIE,2021,"polski, matematyka, angielski",5.0,,,5.0,,,5.0,,
81515,SZKOŁA PODSTAWOWA W GRĄDACH,2021,"polski, matematyka, angielski",3.0,,,3.0,,,3.0,,
78995,SZKOŁA PODSTAWOWA IM. BOHATERÓW POWSTAŃ ŚLĄSKICH W KAŁKOWIE,2021,angielski,15.0,51.0,51.0,15.0,24.0,31.2,4.0,,
81429,SZKOŁA PODSTAWOWA W JARNOŁTOWIE,2021,"polski, matematyka, angielski",6.0,,,6.0,,,,,
20315,PUBLICZNA SZKOŁA PODSTAWOWA W KAMIENICY,2021,"polski, matematyka, angielski",8.0,,,8.0,,,8.0,,
5654,ZESPÓŁ SZKOLNO-PRZEDSZKOLNY W GOSZOWICACH SZKOŁA PODSTAWOWA IM. JANA BRZECHWY W GOSZOWICACH,2021,"polski, matematyka, angielski",9.0,,,9.0,,,9.0,,
6438,PUBLICZNA SZKOŁA PODSTAWOWA STOWARZYSZENIA PRZYJACIÓŁ SZKÓŁ KATOLICKICH W NOWAKACH,2021,"polski, matematyka, angielski",6.0,,,6.0,,,5.0,,
59069,PUBLICZNA SZKOŁA PODSTAWOWA IM. TADEUSZA KOŚCIUSZKI W BIELICACH,2021,"polski, matematyka, angielski",6.0,,,6.0,,,6.0,,
275121,NIEPUBLICZNA SZKOŁA PODSTAWOWA STOWARZYSZENIA ROZWOJU WSI MAŃKOWICE W MAŃKOWICACH,2021,"polski, matematyka, angielski",5.0,,,5.0,,,4.0,,
275339,SZKOŁA PODSTAWOWA W LASOCICACH,2021,"polski, matematyka, angielski",8.0,,,8.0,,,8.0,,
67856,PUBLICZNA SZKOŁA PODSTAWOWA W TURZY,2021,"polski, matematyka, angielski",9.0,,,9.0,,,9.0,,
81381,ZESPÓŁ SZKOLNO-PRZEDSZKOLNY IM.MARII KONOPNICKIEJ PUBLICZNA SZKOŁA PODSTAWOWA W PLUDRACH,2021,"polski, matematyka, angielski",9.0,,,9.0,,,8.0,,
67854,NIEPUBLICZNA SZKOŁA PODSTAWOWA W BZINICY STAREJ,2021,"polski, matematyka, angielski",5.0,,,5.0,,,1.0,,
131781,SZKOŁA PODSTAWOWA SPECJALNA,2021,"polski, matematyka, angielski",3.0,,,3.0,,,3.0,,
119774,ZESPÓŁ SZKOLNO-PRZEDSZKOLNY SZKOŁA PODSTAWOWA W GOSŁAWICACH,2021,"polski, matematyka, angielski",9.0,,,9.0,,,7.0,,
47672,PUBLICZNA SZKOŁA PODSTAWOWA W USZYCACH,2021,angielski,10.0,44.0,43.2,10.0,34.0,38.0,9.0,,
72319,PUBLICZNA SZKOŁA PODSTAWOWA W BODZANOWICACH,2021,"polski, matematyka, angielski",9.0,,,9.0,,,9.0,,
68442,PUBLICZNA SZKOŁA PODSTAWOWA STOWARZYSZENIA PRZYJACIÓŁ SZKÓŁ KATOLICKICH IM. ŚW. JADWIGI KRÓLOWEJ W WIERZBIU,2021,"polski, matematyka, angielski",7.0,,,7.0,,,7.0,,
51860,SZKOŁA PODSTAWOWA IM.WINCENTEGO WITOSA W KOWALACH,2021,"polski, matematyka, angielski",7.0,,,7.0,,,7.0,,
263734,SZKOŁA PODSTAWOWA SPECJALNA PRZY MŁODZIEŻOWYM OŚRODKU WYCHOWAWCZYM W JULIANPOLU,2021,"polski, matematyka, angielski",5.0,,,5.0,,,5.0,,
10160,PUBLICZNA SZKOŁA PODSTAWOWA W CHRZĄSTOWICACH,2021,angielski,13.0,62.0,59.53846153846154,13.0,40.0,47.07692307692308,9.0,,
10237,PUBLICZNA SZKOŁA PODSTAWOWA Z PUNKTEM PRZEDSZKOLNYM W DAŃCU,2021,angielski,10.0,65.5,60.7,10.0,42.0,47.2,2.0,,
11232,PUBLICZNA SZKOŁA PODSTAWOWA Z ODDZIAŁEM PRZEDSZKOLNYM W DĘBIU,2021,"polski, matematyka, angielski",5.0,,,5.0,,,5.0,,
12412,PUBLICZNA SZKOŁA PODSTAWOWA IM. JANUSZA KORCZAKA W POLSKIEJ NOWEJ WSI,2021,angielski,12.0,53.5,55.416666666666664,12.0,40.0,37.666666666666664,6.0,,
12397,PUBLICZNA SZKOŁA PODSTAWOWA W DOMECKU,2021,"polski, matematyka, angielski",4.0,,,4.0,,,4.0,,
12395,PUBLICZNA SZKOŁA PODSTAWOWA W WAWELNIE,2021,"polski, matematyka, angielski",3.0,,,3.0,,,3.0,,
79099,PUBLICZNA SZKOŁA PODSTAWOWA W STARYCH BUDKOWICACH,2021,angielski,10.0,64.5,61.7,10.0,36.0,40.4,9.0,,
196390,PUBLICZNA SZKOŁA PODSTAWOWA W ZAGWIŹDZIU,2021,"polski, matematyka, angielski",3.0,,,3.0,,,2.0,,
55553,SZKOŁA PODSTAWOWA IM. TADEUSZA KOŚCIUSZKI W ROGACH,2021,"polski, matematyka, angielski",8.0,,,8.0,,,8.0,,
115430,SZKOŁA PODSTAWOWA Z ODDZIAŁAMI PRZEDSZKOLNYMI STOWARZYSZENIA PRZYJACIÓŁ SZKÓŁ KATOLICKICH IM. ŚW. JANA PAWŁA II Z SIEDZIBĄ W GRABINIE,2021,"polski, matematyka, angielski",5.0,,,5.0,,,5.0,,
62430,SZKOŁA PODSTAWOWA W ANTONIOWIE,2021,"polski, matematyka, angielski",8.0,,,8.0,,,3.0,,
62429,PUBLICZNA SZKOŁA PODSTAWOWA IM. MIKOŁAJA KOPERNIKA W GRODŹCU,2021,"polski, matematyka, angielski",9.0,,,9.0,,,8.0,,
27147,SZKOŁA PODSTAWOWA IM. WŁADYSŁAWA BRONIEWSKIEGO W KRASIEJOWIE,2021,angielski,11.0,60.0,60.0,11.0,36.0,39.27272727272727,4.0,,
27146,PUBLICZNA SZKOŁA PODSTAWOWA IM KAROLA MIARKI W DYLAKACH,2021,"polski, matematyka, angielski",8.0,,,8.0,,,1.0,,
62431,SZKOŁA PODSTAWOWA NR 2 IM. MARII KONOPNICKIEJ W OZIMKU,2021,"polski, matematyka, angielski",9.0,,,9.0,,,8.0,,
27957,PUBLICZNA SZKOŁA PODSTAWOWA W BOGUSZYCACH,2021,angielski,13.0,53.0,53.76923076923077,13.0,32.0,43.07692307692308,9.0,,
26942,PUBLICZNA SZKOŁA PODSTAWOWA IM. KS. KAROLA BROMMERA W ZIMNICACH WIELKICH,2021,"polski, matematyka, angielski",6.0,,,6.0,,,4.0,,
73478,PUBLICZNA SZKOŁA PODSTAWOWA W NAKLE,2021,angielski,10.0,56.0,58.3,10.0,50.0,53.2,3.0,,
81063,ZESPÓŁ SZKOLNO-PRZEDSZKOLNY STOWARZYSZENIA PRO-LIBERIS SILESIAE SZKOŁA PODSTAWOWA W RASZOWEJ,2021,"polski, matematyka, angielski",8.0,,,8.0,,,5.0,,
84614,PUBLICZNA SZKOŁA PODSTAWOWA W BIERDZANACH,2021,"polski, matematyka, angielski",5.0,,,5.0,,,3.0,,
84616,PUBLICZNA SZKOŁA PODSTAWOWA W ZAWADZIE,2021,angielski,13.0,62.0,57.53846153846154,13.0,44.0,48.92307692307692,6.0,,
48993,PUBLICZNA SZKOŁA PODSTAWOWA W BRYNICY,2021,"polski, matematyka, angielski",6.0,,,6.0,,,2.0,,
19446,SZKOŁA PODSTAWOWA W BIEDRZYCHOWICACH,2021,angielski,11.0,64.0,59.72727272727273,11.0,68.0,61.81818181818182,8.0,,
19516,SZKOŁA PODSTAWOWA IM.ADAMA MICKIEWICZA Z ODDZIAŁEM PRZEDSZKOLNYM W SZONOWIE W SZONOWIE,2021,"polski, matematyka, angielski",7.0,,,7.0,,,5.0,,
17487,"SZKOŁA PODSTAWOWA STOWARZYSZENIA ""ZŁOTY POTOK"" W ŁĄCE PRUDNICKIEJ",2021,"polski, matematyka, angielski",7.0,,,7.0,,,7.0,,
111001,SZKOŁA PODSTAWOWA IM. JOSEPHA VON EICHENDORFFA W KROŚNICY,2021,"polski, matematyka, angielski",8.0,,,8.0,,,7.0,,
64400,PUBLICZNA SZKOŁA PODSTAWOWA IM. KORNELA MAKUSZYŃSKIEGO W PIOTRÓWCE,2021,"polski, matematyka, angielski",7.0,,,7.0,,,7.0,,
58114,PUBLICZNA SZKOŁA PODSTAWOWA STANISZCZE WIELKIE-KOLONOWSKIE 3 IM. JANA PAWŁA II,2021,"polski, matematyka, angielski",9.0,,,9.0,,,9.0,,
104884,SZKOŁA PODSTAWOWA IM. J. WILKOWSKIEGO W ZALESIU ŚLĄSKIM,2021,angielski,10.0,64.5,65.8,10.0,56.0,62.0,3.0,,
263338,SZKOŁA PODSTAWOWA SPECJALNA NR 2 W LEŚNICY,2021,angielski,10.0,40.0,36.8,10.0,12.0,13.6,7.0,,
6185,PUBLICZNA SZKOŁA PODSTAWOWA W BŁOTNICY STRZELECKIEJ,2021,angielski,14.0,63.0,60.714285714285715,14.0,38.0,46.285714285714285,9.0,,
5739,NIEPUBLICZNA SZKOŁA PODSTAWOWA W GRODZISKU,2021,"polski, matematyka, angielski",8.0,,,8.0,,,8.0,,
13109,PUBLICZNA SZKOŁA PODSTAWOWA W KADŁUBIE,2021,angielski,12.0,54.5,55.5,12.0,34.0,38.333333333333336,9.0,,
13583,PUBLICZNA SZKOŁA PODSTAWOWA W ROZMIERCE,2021,"polski, matematyka, angielski",6.0,,,6.0,,,6.0,,
12870,PUBLICZNA SZKOŁA PODSTAWOWA W SUCHEJ,2021,"polski, matematyka, angielski",7.0,,,7.0,,,4.0,,
7726,PUBLICZNA SZKOŁA PODSTAWOWA W SZYMISZOWIE,2021,angielski,15.0,44.0,44.06666666666667,15.0,44.0,44.8,9.0,,
13036,PUBLICZNA SZKOŁA PODSTAWOWA W KALINOWICACH,2021,"polski, matematyka, angielski",7.0,,,7.0,,,7.0,,
13251,PUBLICZNA SZKOŁA PODSTAWOWA W DZIEWKOWICACH,2021,"polski, matematyka, angielski",8.0,,,8.0,,,3.0,,
84036,PUBLICZNA SZKOŁA PODSTAWOWA IM. WINCENTEGO Z KIELCZY W KIELCZY,2021,"polski, matematyka, angielski",9.0,,,9.0,,,9.0,,
125684,SZKOŁA PODSTAWOWA NR 4 W ZAKŁADZIE POPRAWCZYM I SCHRONISKU DLA NIELETNICH W KORONOWIE,2022,"polski, matematyka, angielski",2.0,,,2.0,,,,,
58518,SZKOŁA PODSTAWOWA SPECJALNA NR 53 DLA DZIECI I MŁODZIEŻY SŁABO WIDZĄCEJ I NIEWIDOMEJ W BYDGOSZCZY,2022,"polski, matematyka, angielski",1.0,,,1.0,,,1.0,,
12452,SZKOŁA PODSTAWOWA NR 55 SPECJALNA DLA UCZNIÓW NIEDOSTOSOWANYCH SPOŁECZNIE ORAZ Z ZABURZENIAMI ZACHOWANIA W BYDGOSZCZY,2022,"polski, matematyka, angielski",3.0,,,3.0,,,3.0,,
124465,NIEPUBLICZNA SZKOŁA PODSTAWOWA PERPETUUM MOBILE FUNDACJI KREATYWNEJ EDUKACJI,2022,"polski, matematyka, angielski",4.0,,,4.0,,,4.0,,
123854,NIEPUBLICZNA SZKOŁA PODSTAWOWA UNIVERSUM W BYDGOSZCZY,2022,"polski, matematyka, angielski",4.0,,,4.0,,,4.0,,
40130,SZKOŁA PODSTAWOWA IM. ZIEMI DOBRZYŃSKIEJ W RUŻU,2022,"polski, matematyka, angielski",4.0,,,4.0,,,4.0,,
28683,SZKOŁA PODSTAWOWA W WYDRZNIE,2022,angielski,10.0,42.5,42.3,10.0,22.0,28.8,2.0,,
28685,SZKOŁA PODSTAWOWA W SZONOWIE,2022,angielski,12.0,54.5,50.666666666666664,12.0,38.0,41.333333333333336,1.0,,
28681,SZKOŁA PODSTAWOWA W ZAWDZIE,2022,angielski,17.0,62.0,65.05882352941177,17.0,68.0,68.0,4.0,,
8626,SZKOŁA PODSTAWOWA W NOWEJ WSI,2022,"polski, matematyka, angielski",2.0,,,2.0,,,2.0,,
87622,SZKOŁA PODSTAWOWA IM. JANA KOCHANOWSKIEGO W DYBLINIE,2022,"polski, matematyka, angielski",4.0,,,4.0,,,4.0,,
42520,SZKOŁA PODSTAWOWA W PÓŁWIESKU MAŁYM,2022,"polski, matematyka, angielski",4.0,,,4.0,,,4.0,,
25823,PRYWATNA SZKOŁA PODSTAWOWA NOWOCZESNYCH TECHNOLOGII I JĘZYKÓW OBCYCH - MODERN ACADEMY,2022,angielski,5.0,78.0,81.8,5.0,92.0,92.0,3.0,,
263965,"SZKOŁA PODSTAWOWA ""BLOK"" W TORUNIU",2022,angielski,18.0,18.0,16.72222222222222,18.0,16.0,16.444444444444443,,,
267180,SZKOŁA PODSTAWOWA CAMBRIDGE ACADEMY W TORUNIU,2022,"polski, matematyka, angielski",4.0,,,4.0,,,4.0,,
263289,"SZKOŁA PODSTAWOWA NR 24 W ZESPOLE SZKÓŁ WŁOCŁAWSKIEGO STOWARZYSZENIA OŚWIATOWEGO ""COGITO"" WE WŁOCŁAWKU",2022,angielski,17.0,13.0,13.0,18.0,18.0,16.0,,,
268505,SZKOŁA PODSTAWOWA Z ODDZIAŁAMI DWUJĘZYCZNYMI MONTESSORI - SCHULE,2022,"polski, matematyka, angielski",4.0,,,4.0,,,4.0,,
4174,SZKOŁA PODSTAWOWA IM. ZIEMI KUJAWSKIEJ W PRZYWIECZERZYNIE,2022,"polski, matematyka, angielski",4.0,,,4.0,,,4.0,,
34379,SZKOŁA PODSTAWOWA W KANIBRODZIE,2022,"polski, matematyka, angielski",4.0,,,4.0,,,4.0,,
125726,SZKOŁA PODSTAWOWA NR 3 W ZAKŁADZIE POPRAWCZYMW NOWEM,2022,"polski, matematyka, angielski",2.0,,,2.0,,,,,
132815,SZKOŁA PODSTAWOWA IM. KAWALERÓW ORDERU UŚMIECHU W WAŁDOWIE,2022,"polski, matematyka, angielski",4.0,,,4.0,,,4.0,,
275629,NIEPUBLICZNA SZKOŁA PODSTAWOWA Z ODDZIAŁAMI PRZEDSZKOLNYMI I INTEGRACYJNYMI,2022,"polski, matematyka, angielski",4.0,,,4.0,,,3.0,,
56122,SZKOŁA PODSTAWOWA IM. MARII KONOPNICKIEJ W SUCHORZU,2022,angielski,8.0,38.5,42.75,8.0,34.0,44.5,2.0,,
125687,SZKOŁA PODSTAWOWA NR 6 W SCHRONISKU DLA NIELETNICH W CHOJNICACH,2022,"polski, matematyka, angielski",4.0,,,4.0,,,4.0,,
15404,SZKOŁA PODSTAWOWA W SWORNEGACIACH,2022,angielski,9.0,44.0,50.111111111111114,9.0,36.0,44.44444444444444,3.0,,
9117,CENTRUM KSZTAŁCENIA ZAWODOWEGO I USTAWICZNEGO NR 1 SZKOŁA PODSTAWOWA DLA DOROSŁYCH W GDAŃSKU,2022,"polski, matematyka, angielski",1.0,,,1.0,,,1.0,,
268014,SZKOŁA PODSTAWOWA AKADEMIA DOBREJ EDUKACJI W PRUSZCZU GDAŃSKIM,2022,"polski, matematyka, angielski",3.0,,,3.0,,,4.0,,
110041,SZKOŁA PODSTAWOWA W POMLEWIE IM.BŁ.KSIĘDZA JERZEGO POPIEŁUSZKI,2022,"polski, matematyka, angielski",4.0,,,4.0,,,4.0,,
196351,SZKOŁA PODSTAWOWA DLA DOROSŁYCH W GDYNI,2022,"polski, matematyka, angielski",4.0,,,4.0,,,4.0,,
8124,SZKOŁA PODSTAWOWA W NIEDAMOWIE,2022,"polski, matematyka, angielski",2.0,,,2.0,,,2.0,,
24412,SZKOŁA PODSTAWOWA W TUSZKOWACH,2022,"polski, matematyka, angielski",3.0,,,3.0,,,3.0,,
105825,SZKOŁA PODSTAWOWA IM. STEFANA ŻEROMSKIEGO W TRUMIEJACH,2022,angielski,13.0,60.0,54.46153846153846,13.0,36.0,40.61538461538461,4.0,,
124172,"NIEPUBLICZNA SZKOŁA PODSTAWOWA ""SOPOCKA SZKOŁA MONTESSORI"" W SOPOCIE",2022,"polski, matematyka, angielski",3.0,,,3.0,,,3.0,,
272957,NIEPUBLICZNA OGÓLNOKSZTAŁCĄCA SZKOŁA MUZYCZNA I STOPNIA LAS ACADEMY W SOPOCIE,2022,"polski, matematyka, angielski",2.0,,,2.0,,,2.0,,
20172,SZKOŁA PODSTAWOWA DLA DOROSŁYCH,2022,"polski, matematyka, angielski",1.0,,,1.0,,,1.0,,
276530,"SZKOŁA PODSTAWOWA ""TOKARNIA""",2022,"polski, matematyka, angielski",3.0,,,3.0,,,3.0,,
132081,NIEPUBLICZNA SZKOŁA PODSTAWOWA MONTESSORI,2022,"polski, matematyka, angielski",4.0,,,4.0,,,4.0,,
13892,OŚRODEK EDUKACJI KASZUBSKIEJ - SZKOŁA PODSTAWOWA NA GŁODNICY,2022,"polski, matematyka, angielski",3.0,,,3.0,,,3.0,,
272816,NIEPUBLICZNA SZKOŁA PODSTAWOWA JONATAN NR 2,2022,"polski, matematyka, angielski",1.0,,,1.0,,,1.0,,
89546,SZKOŁA PODSTAWOWA SPECJALNA NR 8,2022,"polski, matematyka, angielski",2.0,,,2.0,,,2.0,,
46604,KATOLICKA SZKOŁA PODSTAWOWA SPECJALNA STOWARZYSZENIA PRZYJACIÓŁ SZKÓŁ KATOLICKICH IM. ŚW. ANTONIEGO Z PADWY,2022,"polski, matematyka, angielski",1.0,,,1.0,,,1.0,,
9521,SZKOŁA PODSTAWOWA W ŚLĘZANACH,2022,"polski, matematyka, angielski",4.0,,,4.0,,,4.0,,
130569,"SZKOŁA PODSTAWOWA SPECJALNA NR 1 IM. ZOFII KSIĄŻEK-BREGUŁOWEJ W SPECJALNYM OŚRODKU SZKOLNO-WYCHOWAWCZYM DLA DZIECI I MŁODZIEŻY NIEPEŁNOSPRAWNEJ W DĄBROWIE GÓRNICZEJ, UL. SWOBODNA 59",2022,"polski, matematyka, angielski",1.0,,,1.0,,,1.0,,
133528,SZKOŁA PODSTAWOWA SPECJALNA NR 22 W GLIWICACH,2022,"polski, matematyka, angielski",2.0,,,2.0,,,2.0,,
29918,SZKOŁA PODSTAWOWA SPECJALNA W PYSKOWICACH W ZESPOLE SZKÓŁ SPECJALNYCH Z SIEDZIBĄ W PYSKOWICACH PRZY UL. PONIATOWSKIEGO 2,2022,"polski, matematyka, angielski",3.0,,,3.0,,,3.0,,
28172,SZKOŁA PODSTAWOWA W PACZYNIE,2022,"polski, matematyka, angielski",1.0,,,1.0,,,1.0,,
10958,SZKOŁA PODSTAWOWA NR 55 SPECJALNA,2022,"polski, matematyka, angielski",3.0,,,3.0,,,3.0,,
124121,"DWUJĘZYCZNA SZKOŁA PODSTAWOWA ""ENGLISH MONTESSORI SCHOOL""",2022,"polski, matematyka, angielski",4.0,,,4.0,,,4.0,,
278117,NIEPUBLICZNA SZKOŁA PODSTAWOWA EDUHUB W KATOWICACH,2022,"polski, matematyka, angielski",3.0,,,3.0,,,3.0,,
263605,SZKOŁA PODSTAWOWA SPECJALNA W MŁODZIEŻOWYM OŚRODKU WYCHOWAWCZYM W KRZEPICACH,2022,angielski,5.0,18.0,23.6,5.0,28.0,30.4,4.0,,
61543,NIEPUBLICZNA SZKOŁA PODSTAWOWA W KAMIEŃSKICH MŁYNACH,2022,"polski, matematyka, angielski",1.0,,,1.0,,,1.0,,
90353,"SZKOŁA PODSTAWOWA FUNDACJI ,,ELEMENTARZ""",2022,"polski, matematyka, angielski",3.0,,,3.0,,,3.0,,
132028,SZKOŁA PODSTAWOWA IM.DYWIZJI J.H.DĄBROWSKIEGO W KUŹNICY STAREJ,2022,"polski, matematyka, angielski",4.0,,,3.0,,,3.0,,
9756,SZKOŁA PODSTAWOWA IM JANA PAWŁA II W JAWORZNIKU,2022,"polski, matematyka, angielski",1.0,,,1.0,,,1.0,,
268574,PRYWATNA SZKOŁA PODSTAWOWA MISTRZOSTWA SPORTOWEGO W PIEKARACH ŚLĄSKICH,2022,"polski, matematyka, angielski",1.0,,,1.0,,,1.0,,
19144,MIEJSKA SZKOŁA PODSTAWOWA SPECJALNA IM. MARII GRZEGORZEWSKIEJ W PIEKARACH ŚLĄSKICH,2022,"polski, matematyka, angielski",2.0,,,2.0,,,,,
124980,SZKOŁA PODSTAWOWA W ZAKŁADZIE POPRAWCZYM I SCHRONISKU DLA NIELETNICH W PSZCZYNIE ŁĄCE,2022,"polski, matematyka, angielski",2.0,,,2.0,,,2.0,,
263544,SZKOŁA PODSTAWOWA SPECJALNA,2022,angielski,5.0,36.0,34.0,5.0,16.0,15.2,2.0,,
124764,SZKOŁA PODSTAWOWA NR 16 W ZAKŁADZIE POPRAWCZYM I SCHRONISKU DLA NIELETNICH W RACIBORZU,2022,"polski, matematyka, angielski",1.0,,,1.0,,,1.0,,
133416,SZKOŁA PODSTAWOWA NR 48 MISTRZOSTWA SPORTOWEGO W SOSNOWCU,2022,"polski, matematyka, angielski",2.0,,,2.0,,,2.0,,
124920,"NIEPUBLICZNA SZKOŁA PODSTAWOWA ""OTWARTE OKNO"" Z ODDZIAŁAMI INTEGRACYJNYMI I SPECJALNYMI W TYCHACH",2022,"polski, matematyka, angielski",2.0,,,2.0,,,2.0,,
264538,"NIEPUBLICZNA SZKOŁA PODSTAWOWA ""POD SKRZYDŁAMI"" IM. MICHAŁA ARCHANIOŁA W ZABRZU Z ODDZIAŁEM PRZEDSZKOLNYM",2022,"polski, matematyka, angielski",3.0,,,3.0,,,3.0,,
124754,SZKOŁA PODSTAWOWA NR 12 W ZAKŁADZIE POPRAWCZYM I SCHRONISKU DLA NIELETNICH W ZAWIERCIU,2022,"polski, matematyka, angielski",1.0,,,1.0,,,1.0,,
104418,SZKOŁA PODSTAWOWA NR 12,2022,"polski, matematyka, angielski",4.0,,,4.0,,,4.0,,
5362,SZKOŁA PODSTAWOWA NR 2 IM. TADEUSZA KOŚCIUSZKI W MIĘDZYBRODZIU BIALSKIM,2022,"polski, matematyka, angielski",4.0,,,4.0,,,4.0,,
14024,SZKOŁA PODSTAWOWA IM.KS.STANISŁAWA BRZÓSKI W DOKUDOWIE,2022,"polski, matematyka, angielski",4.0,,,4.0,,,3.0,,
14016,SZKOŁA PODSTAWOWA IM.JANINY PORAZIŃSKIEJ W STYRZYŃCU,2022,"polski, matematyka, angielski",3.0,,,3.0,,,3.0,,
10885,SZKOŁA PODSTAWOWA W HORODYSZCZU,2022,angielski,6.0,52.5,51.5,6.0,44.0,41.333333333333336,4.0,,
4352,SZKOŁA PODSTAWOWA IM. TADEUSZA KOŚCIUSZKI W DOŁHOLISCE,2022,"polski, matematyka, angielski",1.0,,,1.0,,,1.0,,
121584,NIEPUBLICZNA SZKOŁA PODSTAWOWA,2022,angielski,5.0,76.0,71.2,5.0,88.0,72.8,4.0,,
9947,SZKOŁA PODSTAWOWA W BEREZÓWCE,2022,"polski, matematyka, angielski",2.0,,,2.0,,,2.0,,
61477,SZKOŁA PODSTAWOWA W HUSZCZY,2022,angielski,7.0,49.0,51.142857142857146,7.0,28.0,34.857142857142854,4.0,,
43701,SAMORZĄDOWA SZKOŁA PODSTAWOWA IM. JANA PAWŁA II W GOŹDZIE LIPIŃSKIM,2022,"polski, matematyka, angielski",4.0,,,4.0,,,4.0,,
118573,PUBLICZNA SZKOŁA PODSTAWOWA W PRZEWODOWIE,2022,"polski, matematyka, angielski",4.0,,,4.0,,,4.0,,
91999,PUBLICZNA SZKOŁA PODSTAWOWA W DĄBROWIE,2022,"polski, matematyka, angielski",4.0,,,4.0,,,4.0,,
89873,SZKOŁA PODSTAWOWA STOWARZYSZENIA ROZWOJU WSI SZYCHOWICE,2022,"polski, matematyka, angielski",1.0,,,1.0,,,1.0,,
130065,SZKOŁA PODSTAWOWA IM. MARII KONOPNICKIEJ W MOŁODIATYCZACH,2022,"polski, matematyka, angielski",4.0,,,4.0,,,4.0,,
38582,PUBLICZNA SZKOŁA PODSTAWOWA IM. PAPIEŻA JANA PAWŁA II W PODHORCACH,2022,"polski, matematyka, angielski",3.0,,,3.0,,,3.0,,
38575,PUBLICZNA SZKOŁA PODSTAWOWA IM. KOLEJARZY OFIAR II WOJNY ŚWIATOWEJ W GOZDOWIE,2022,"polski, matematyka, angielski",2.0,,,2.0,,,2.0,,
32108,PUBLICZNA SZKOŁA PODSTAWOWA W GODZISZOWIE DRUGIM,2022,"polski, matematyka, angielski",4.0,,,4.0,,,4.0,,
104107,PUBLICZNA SZKOŁA PODSTAWOWA W KOSINIE,2022,"polski, matematyka, angielski",4.0,,,4.0,,,4.0,,
84148,PUBLICZNA SZKOŁA PODSTAWOWA IM. MARII KONOPNICKIEJ W MNISZKU,2022,"polski, matematyka, angielski",4.0,,,4.0,,,4.0,,
90006,PUBLICZNA SZKOŁA PODSTAWOWA IM.ŚW.FAUSTYNY KOWALSKIEJ W WOJCIECHOWIE,2022,"polski, matematyka, angielski",4.0,,,4.0,,,4.0,,
82528,SZKOŁA PODSTAWOWA W RZECZYCY KSIĘŻEJ,2022,"polski, matematyka, angielski",3.0,,,3.0,,,3.0,,
84724,SZKOŁA PODSTAWOWA W MARIANÓWCE,2022,"polski, matematyka, angielski",3.0,,,3.0,,,3.0,,
126573,SZKOŁA PODSTAWOWA W NOWEJ JEDLANCE,2022,"polski, matematyka, angielski",4.0,,,4.0,,,4.0,,
124791,SZKOŁA PODSTAWOWA W SCHRONISKU DLA NIELETNICH DOMINOWIE,2022,"polski, matematyka, angielski",2.0,,,2.0,,,2.0,,
128630,NIEPUBLICZNA SZKOŁA PODSTAWOWA MONTESSORI W LUBLINIE,2022,"polski, matematyka, angielski",4.0,,,4.0,,,4.0,,
269104,NIEPUBLICZNA SZKOŁA PODSTAWOWA DOMOWA SZKOŁA IM. DZIECI Z FATIMY W LUBLINIE,2022,"polski, matematyka, angielski",2.0,,,2.0,,,2.0,,
22431,PUBLICZNA SZKOŁA PODSTAWOWA W ZAKRZOWIE,2022,"polski, matematyka, angielski",1.0,,,1.0,,,1.0,,
120268,SZKOŁA PODSTAWOWA SIW W PASZENKACH,2022,"polski, matematyka, angielski",4.0,,,4.0,,,4.0,,
130372,SZKOŁA PODSTAWOWA W DAWIDACH,2022,"polski, matematyka, angielski",1.0,,,1.0,,,1.0,,
19781,PUBLICZNA SZKOŁA PODSTAWOWA W TYŚMIENICY,2022,"polski, matematyka, angielski",1.0,,,1.0,,,1.0,,
66311,SZKOŁA PODSTAWOWA W GRÓDKU SZLACHECKIM,2022,"polski, matematyka, angielski",4.0,,,4.0,,,4.0,,
103519,PUBLICZNA SZKOŁA PODSTAWOWA W JEZIORZE,2022,"polski, matematyka, angielski",1.0,,,1.0,,,1.0,,
88707,SZKOŁA PODSTAWOWA IM.MARII KUNCEWICZOWEJ W RZECZYCY,2022,"polski, matematyka, angielski",4.0,,,4.0,,,4.0,,
71102,SZKOŁA PODSTAWOWA W LISIOWÓLCE,2022,"polski, matematyka, angielski",3.0,,,3.0,,,3.0,,
268348,NIEPUBLICZNA SZKOŁA PODSTAWOWA W ZWIARTOWIE,2022,"polski, matematyka, angielski",4.0,,,4.0,,,4.0,,
8751,SZKOŁA PODSTAWOWA W PASIEKACH,2022,"polski, matematyka, angielski",3.0,,,3.0,,,3.0,,
10592,NIEPUBLICZNA SZKOŁA PODSTAWOWA W JUSTYNÓWCE,2022,"polski, matematyka, angielski",1.0,,,1.0,,,1.0,,
10604,NIEPUBLICZNA SZKOŁA PODSTAWOWA W JEZIERNI,2022,"polski, matematyka, angielski",4.0,,,4.0,,,4.0,,
22385,NIEPUBLICZNA SZKOŁA PODSTAWOWA W DOŁHOBRODACH,2022,"polski, matematyka, angielski",3.0,,,3.0,,,3.0,,
23327,SZKOŁA PODSTAWOWA W NIEWIRKOWIE,2022,"polski, matematyka, angielski",4.0,,,4.0,,,,,
119285,SZKOŁA PODSTAWOWA W ZAWALOWIE,2022,"polski, matematyka, angielski",4.0,,,4.0,,,3.0,,
113523,SZKOŁA PODSTAWOWA W KORNELÓWCE,2022,"polski, matematyka, angielski",4.0,,,4.0,,,4.0,,
67813,SZKOŁA PODSTAWOWA IM. JULIANA TUWIMA W WIELĄCZY KOLONII,2022,"polski, matematyka, angielski",4.0,,,4.0,,,4.0,,
104109,"NIEPUBLICZNA SZKOŁA PODSTAWOWA SPECJALNA DLA UCZNIÓW Z NIEPEŁNOSPRAWNOŚCIĄ RUCHOWĄ, W TYM Z AFAZJĄ ORAZ DLA UCZNIÓW ZE SPRZĘŻONYMI NIEPEŁNOSPRAWNOŚCIAMI ""KROK ZA KROKIEM"" W ZAMOŚCIU",2022,"polski, matematyka, angielski",3.0,,,3.0,,,3.0,,
41179,SZKOŁA PODSTAWOWA W KAMIONCE,2022,"polski, matematyka, angielski",4.0,,,4.0,,,4.0,,
13837,SZKOŁA PODSTAWOWA W HERMANOWIE,2022,"polski, matematyka, angielski",2.0,,,2.0,,,2.0,,
8819,SZKOŁA PODSTAWOWA IM. JANA PAWŁA II W DOROHUCZY,2022,"polski, matematyka, angielski",4.0,,,4.0,,,4.0,,
59760,SZKOŁA PODSTAWOWA W WÓJTOWEJ,2022,angielski,16.0,69.0,66.5625,16.0,46.0,46.75,4.0,,
41113,SZKOŁA PODSTAWOWA W SMARDZOWICACH,2022,"polski, matematyka, angielski",2.0,,,2.0,,,2.0,,
44097,SZKOŁA PODSTAWOWA IM. WŁADYSŁAWA SZAFERA W WOLI KALINOWSKIEJ,2022,"polski, matematyka, angielski",3.0,,,3.0,,,3.0,,
115666,"NIEPUBLICZNA SZKOŁA PODSTAWOWA EDUKACJI MATEMATYCZNEJ ""EDU&MATH""",2022,"polski, matematyka, angielski",3.0,,,3.0,,,3.0,,
130970,NIEPUBLICZNA DWUJĘZYCZNA SZKOŁA PODSTAWOWA DA VINCI'S INTERNATIONAL PRIMARY SCHOOL,2022,"polski, matematyka",4.0,,,4.0,,,10.0,95.5,91.4
127649,SZKOŁA PODSTAWOWA AMS W KRAKOWIE,2022,"polski, matematyka, angielski",2.0,,,2.0,,,2.0,,
262285,EDUVISION SZKOŁA PODSTAWOWA DLA DOROSŁYCH W KRAKOWIE,2022,"polski, matematyka, angielski",1.0,,,1.0,,,1.0,,
43462,"SZKOŁA PODSTAWOWA, IM. ŚW. FLORIANA W GLISNEM",2022,"polski, matematyka, angielski",4.0,,,4.0,,,4.0,,
128527,SZKOŁA PODSTAWOWA IM.MIKOŁAJA KOPERNIKA W SWOJCZANACH,2022,"polski, matematyka, angielski",3.0,,,3.0,,,3.0,,
68838,SPOŁECZNA SZKOŁA PODSTAWOWA W PRZYBYSŁAWICACH,2022,"polski, matematyka, angielski",4.0,,,4.0,,,4.0,,
59044,SZKOŁA PODSTAWOWA W BOGDANÓWCE,2022,angielski,12.0,72.0,69.5,12.0,70.0,67.0,,,
53046,SZKOŁA PODSTAWOWA IMIENIA ŚWIĘTEJ KINGI W JANCZOWEJ,2022,"polski, matematyka, angielski",4.0,,,4.0,,,4.0,,
17181,SZKOŁA PODSTAWOWA W MORAWCZYNIE,2022,"polski, matematyka, angielski",4.0,,,4.0,,,4.0,,
131156,SZKOŁA PODSTAWOWA IM. ŚWIĘTEJ ELŻBIETY WĘGIERSKIEJ W TRYBSZU,2022,"polski, matematyka, angielski",3.0,,,3.0,,,3.0,,
39715,SZKOŁA PODSTAWOWA W CHEŁMIE,2022,"polski, matematyka, angielski",4.0,,,4.0,,,4.0,,
6347,NIEPUBLICZNA SZKOŁA PODSTAWOWA W PORĘBIE GÓRNEJ,2022,"polski, matematyka, angielski",3.0,,,3.0,,,3.0,,
85216,PUBLICZNA SZKOŁA PODSTAWOWA STOWARZYSZENIA PRZYJACIÓŁ SZKÓŁ KATOLICKICH IM. ŚW. JÓZEFA W HUCISKU-PEWELCE,2022,"polski, matematyka, angielski",4.0,,,4.0,,,4.0,,
272207,SZKOŁA PODSTAWOWA IM. JANA PAWŁA II W JONINACH,2022,"polski, matematyka, angielski",2.0,,,2.0,,,2.0,,
120263,KATOLICKA SZKOŁA PODSTAWOWA W TARNOWIE,2022,"polski, matematyka, angielski",4.0,,,4.0,,,4.0,,
5277,SZKOŁA PODSTAWOWA W RZEPISKACH,2022,"polski, matematyka, angielski",4.0,,,4.0,,,4.0,,
5240,SZKOŁA PODSTAWOWA NR 2 W CZARNEJ GÓRZE,2022,"polski, matematyka, angielski",2.0,,,2.0,,,2.0,,
31436,SZKOŁA PODSTAWOWA SPECJALNA W ZAKOPANEM,2022,"polski, matematyka, angielski",2.0,,,2.0,,,2.0,,
278219,SZKOŁA PODSTAWOWA NR 2 W WESOŁEJ,2022,"polski, matematyka, angielski",4.0,,,4.0,,,4.0,,
24567,SZKOŁA PODSTAWOWA IM. KS. BRONISŁAWA MARKIEWICZA W TULIGŁOWACH,2022,"polski, matematyka, angielski",4.0,,,4.0,,,4.0,,
21519,SZKOŁA PODSTAWOWA W DOBRYNI,2022,"polski, matematyka, angielski",4.0,,,4.0,,,4.0,,
5454,NIEPUBLICZNA SZKOŁA PODSTAWOWA W FOLUSZU,2022,"polski, matematyka, angielski",1.0,,,1.0,,,1.0,,
88941,NIEPUBLICZNA SZKOŁA PODSTAWOWA WE WROCANCE,2022,"polski, matematyka, angielski",4.0,,,4.0,,,4.0,,
88915,NIEPUBLICZNA SZKOŁA PODSTAWOWA W GLINIKU POLSKIM,2022,"polski, matematyka, angielski",4.0,,,4.0,,,4.0,,
88762,NIEPUBLICZNA SZKOŁA PODSTAWOWA Z ODDZIAŁEM PRZEDSZKOLNYM W ŁUBIENKU,2022,"polski, matematyka, angielski",3.0,,,3.0,,,3.0,,
35026,SZKOŁA PODSTAWOWA IM. KS. JERZEGO POPIEŁUSZKI W KOSOWACH,2022,"polski, matematyka, angielski",2.0,,,2.0,,,2.0,,
277660,SZKOŁA PODSTAWOWA W MANASTERCU,2022,"polski, matematyka, angielski",4.0,,,4.0,,,4.0,,
84588,NIEPUBLICZNA SZKOŁA PODSTAWOWA W DULCZY MAŁEJ,2022,"polski, matematyka, angielski",4.0,,,4.0,,,4.0,,
23782,SZKOŁA PODSTAWOWA W WAMPIERZOWIE,2022,"polski, matematyka, angielski",3.0,,,3.0,,,3.0,,
118849,PUBLICZNA SZKOŁA PODSTAWOWA W GOŹDZIE,2022,"polski, matematyka, angielski",2.0,,,2.0,,,2.0,,
3693,PUBLICZNA SZKOŁA PODSTAWOWA W MOSTKACH-SOKALACH,2022,"polski, matematyka, angielski",2.0,,,2.0,,,2.0,,
61628,NIEPUBLICZNA SZKOŁA PODSTAWOWA W ŻOHATYNIE,2022,"polski, matematyka, angielski",4.0,,,4.0,,,4.0,,
41868,SZKOŁA PODSTAWOWA IM. PIOTRA MICHAŁOWSKIEGO W BOLESTRASZYCACH,2022,angielski,6.0,72.5,72.83333333333333,6.0,80.0,70.0,3.0,,
48854,SZKOŁA PODSTAWOWA W ULANICY,2022,angielski,5.0,31.0,41.8,5.0,32.0,45.6,4.0,,
17129,SZKOŁA PODSTAWOWA IM. 21 BRYGADY STRZELCÓW PODHALAŃSKICH W BRZEZÓWCE,2022,"polski, matematyka, angielski",4.0,,,4.0,,,4.0,,
133268,SZKOŁA PODSTAWOWA SPECJALNA NR 32 W RZESZOWIE,2022,"polski, matematyka, angielski",3.0,,,3.0,,,3.0,,
41414,PUBLICZNA SZKOŁA PODSTAWOWA STOWARZYSZENIA PRZYJACIÓŁ SZKÓŁ KATOLICKICH IM. ŚW. BRATA ALBERTA CHMIELOWSKIEGO W WISŁOKU WIELKIM,2022,"polski, matematyka, angielski",4.0,,,4.0,,,4.0,,
53108,PUBLICZNA SZKOŁA PODSTAWOWA W NOWYM ŁUPKOWIE,2022,"polski, matematyka, angielski",2.0,,,2.0,,,2.0,,
85371,SZKOŁA PODSTAWOWA W ZAŁUŻU,2022,"polski, matematyka, angielski",4.0,,,4.0,,,4.0,,
88453,SZKOŁA PODSTAWOWA IM. MARII KONOPNICKIEJ W PISAROWCACH,2022,"polski, matematyka, angielski",4.0,,,4.0,,,4.0,,
31932,PUBLICZNA SZKOŁA PODSTAWOWA IM. ŚW. JANA PAWŁA II W SKOWIERZYNIE,2022,"polski, matematyka, angielski",3.0,,,3.0,,,3.0,,
18958,SZKOŁA PODSTAWOWA NR 2 IM. BŁ. JERZEGO POPIEŁUSZKI W LUTCZY,2022,"polski, matematyka, angielski",3.0,,,3.0,,,3.0,,
18956,SZKOŁA PODSTAWOWA W GWOŹNICY DOLNEJ,2022,"polski, matematyka, angielski",3.0,,,3.0,,,3.0,,
34848,SZKOŁA PODSTAWOWA W JASZCZUROWEJ,2022,"polski, matematyka, angielski",4.0,,,4.0,,,4.0,,
42110,SZKOŁA PODSTAWOWA W WYDRZU,2022,"polski, matematyka, angielski",4.0,,,4.0,,,4.0,,
128764,SZKOŁA PODSTAWOWA NR 9 SPECJALNA W AUGUSTOWIE,2022,"polski, matematyka, angielski",4.0,,,4.0,,,4.0,,
263681,SZKOŁA PODSTAWOWA NR 10 SPECJALNA W AUGUSTOWIE,2022,"polski, matematyka, angielski",4.0,,,4.0,,,3.0,,
263690,SZKOŁA PODSTAWOWA SPECJALNA IMIENIA ŚWIĘTEGO JANA BOSKO W AUGUSTOWIE,2022,angielski,5.0,40.0,36.8,5.0,28.0,28.0,4.0,,
273531,SZKOŁA PODSTAWOWA MONTESSORI W AUGUSTOWIE,2022,"polski, matematyka, angielski",4.0,,,4.0,,,4.0,,
22376,SZKOŁA PODSTAWOWA W BARTNIKACH,2022,"polski, matematyka, angielski",2.0,,,2.0,,,,,
111561,SZKOŁA PODSTAWOWA W KONOPKACH POKRZYWNICY,2022,"polski, matematyka, angielski",4.0,,,4.0,,,4.0,,
70976,"ZESPÓŁ SZKÓŁ NR 15 PRZY UNIWERSYTECKIM DZIECIĘCYM SZPITALU KLINICZNYM IM. LUDWIKA ZAMENHOFA W BIAŁYMSTOKU, SZKOŁA PODSTAWOWA NR 40 PRZY UNIWERSYTECKIM DZIECIĘCYM SZPITALU KLINICZNYM IM. LUDWIKA ZAMENHOFA W BIAŁYMSTOKU",2022,"polski, matematyka, angielski",3.0,,,3.0,,,3.0,,
124752,SZKOŁA PODSTAWOWA NR 41 W ZAKŁADZIE POPRAWCZYM W BIAŁYMSTOKU,2022,"polski, matematyka, angielski",2.0,,,2.0,,,2.0,,
132238,SZKOŁA PODSTAWOWA IM. PREZYDENTA RYSZARDA KACZOROWSKIEGO W STRABLI,2022,"polski, matematyka, angielski",1.0,,,1.0,,,1.0,,
6973,SZKOŁA PODSTAWOWA W SULEWIE-KOWNATY,2022,angielski,11.0,47.0,38.81818181818182,11.0,64.0,62.54545454545455,2.0,,
18871,SZKOŁA PODSTAWOWA W DUBICZACH CERKIEWNYCH,2022,angielski,7.0,64.0,58.42857142857143,7.0,36.0,45.142857142857146,3.0,,
119481,"STOWARZYSZENIE ""EDUKATOR"" W ŁOMŻY, SZKOŁA PODSTAWOWA W ORZESZKOWIE",2022,"polski, matematyka, angielski",1.0,,,1.0,,,,,
34714,SZKOŁA PODSTAWOWA W SURAŁACH,2022,"polski, matematyka, angielski",3.0,,,3.0,,,3.0,,
27629,SZKOŁA PODSTAWOWA W KONOPKACH MONETACH,2022,"polski, matematyka, angielski",4.0,,,4.0,,,4.0,,
49513,SZKOŁA PODSTAWOWA W ZASKRODZIU,2022,angielski,5.0,47.0,47.6,5.0,76.0,65.6,4.0,,
129257,SZKOŁA PODSTAWOWA W DOWNARACH,2022,"polski, matematyka, angielski",3.0,,,3.0,,,3.0,,
16092,SZKOŁA PODSTAWOWA W BOGUSZEWIE,2022,"polski, matematyka, angielski",2.0,,,2.0,,,2.0,,
86667,SZKOŁA PODSTAWOWA W STARYCH BAJKACH,2022,"polski, matematyka, angielski",4.0,,,4.0,,,4.0,,
41796,PUBLICZNA SZKOŁA PODSTAWOWA W BAGNACH,2022,"polski, matematyka, angielski",3.0,,,3.0,,,3.0,,
74831,SZKOŁA PODSTAWOWA IM. BOHATERÓW BITWY NIEMEŃSKIEJ W STAREJ KAMIONCE,2022,"polski, matematyka, angielski",4.0,,,4.0,,,4.0,,
15147,SZKOŁA PODSTAWOWA Z ODDZIAŁAMI INTEGRACYJNYMI W JANOWSZCZYŹNIE,2022,angielski,7.0,49.0,52.285714285714285,7.0,64.0,63.42857142857143,2.0,,
68718,SZKOŁA PODSTAWOWA IM.ADAMA MICKIEWICZA W BABIKACH,2022,angielski,6.0,56.0,50.166666666666664,6.0,52.0,54.0,3.0,,
27969,PUBLICZNA SZKOŁA PODSTAWOWA W JASIONOWIE,2022,"polski, matematyka, angielski",4.0,,,4.0,,,4.0,,
88698,SZKOŁA PODSTAWOWA W KOWALEWSZCZYŹNIE,2022,"polski, matematyka, angielski",4.0,,,4.0,,,4.0,,
48589,PUBLICZNA SZKOŁA PODSTAWOWA W SZCZODRUCHACH,2022,"polski, matematyka, angielski",3.0,,,3.0,,,3.0,,
90282,PUBLICZNA SZKOŁA PODSTAWOWA W PAPROCI DUŻEJ,2022,"polski, matematyka, angielski",3.0,,,3.0,,,3.0,,
29759,SZKOŁA PODSTAWOWA W NADBORACH,2022,"polski, matematyka, angielski",2.0,,,2.0,,,2.0,,
90329,SZKOŁA PODSTAWOWA W LUTOSTANI,2022,"polski, matematyka, angielski",3.0,,,3.0,,,3.0,,
128067,NIEPUBLICZNA SZKOŁA PODSTAWOWA W RODNOWIE,2022,angielski,5.0,47.0,48.0,5.0,52.0,48.0,4.0,,
133832,SZKOŁA PODSTAWOWA Z UKRAIŃSKIM JĘZYKIEM NAUCZANIA W GÓROWIE IŁAWECKIM,2022,"polski, matematyka",1.0,,,1.0,,,7.0,22.0,32.42857142857143
59106,SZKOŁA PODSTAWOWA W DZIETRZYCHOWIE,2022,angielski,12.0,51.0,48.833333333333336,12.0,24.0,31.666666666666668,2.0,,
26707,SZKOŁA PODSTAWOWA IM.ŚWIĘTEGO JANA PAWŁA II W LECHOWIE,2022,angielski,7.0,67.0,67.85714285714286,7.0,72.0,76.57142857142857,,,
128867,SZKOŁA PODSTAWOWA MONTESSORI ELBLĄG,2022,"polski, matematyka, angielski",2.0,,,2.0,,,2.0,,
31800,SZKOŁA PODSTAWOWA W SYPITKACH,2022,"polski, matematyka, angielski",3.0,,,3.0,,,3.0,,
20301,SZKOŁA PODSTAWOWA W WOŹNICACH,2022,angielski,6.0,61.0,59.833333333333336,6.0,48.0,57.333333333333336,,,
75375,SZKOŁA PODSTAWOWA W NAWIADACH,2022,angielski,20.0,47.0,53.05,20.0,32.0,39.0,4.0,,
5061,STOWARZYSZENIE EDUKATOR W ŁOMŻY SZKOŁA PODSTAWOWA W KOZŁOWIE,2022,"polski, matematyka, angielski",4.0,,,4.0,,,4.0,,
12635,SZKOŁA PODSTWOWA W BOLESZYNIE,2022,"polski, matematyka, angielski",3.0,,,3.0,,,3.0,,
52553,SZKOLA PODSTAWOWA W MAZURACH,2022,"polski, matematyka, angielski",4.0,,,4.0,,,4.0,,
263559,SZKOŁA PODSTAWOWA DLA DOROSŁYCH W OLSZTYNIE,2022,"polski, matematyka, angielski",3.0,,,3.0,,,3.0,,
124725,SZKOŁA PODSTAWOWA NR 2 W ZAKLADZIE POPRAWCZYM W BARCZEWIE,2022,"polski, matematyka, angielski",2.0,,,2.0,,,2.0,,
120450,NIEPUBLICZNA SZKOŁA PODSTAWOWA W NOWEJ WSI,2022,angielski,5.0,53.0,43.4,5.0,24.0,23.2,4.0,,
30753,NIEPUBLICZNA SZKOŁA PODSTAWOWA Z ODDZIAŁAMI PRZEDSZKOLNYMI W BOGACZEWIE,2022,"polski, matematyka, angielski",3.0,,,3.0,,,3.0,,
29152,SZKOŁA PODSTAWOWA W ZWIERZEWIE,2022,angielski,12.0,58.5,52.583333333333336,12.0,36.0,35.0,2.0,,
74946,SZKOŁA PODSTAWOWA IM. MICHAŁA KAJKI W DĄBRÓWCE,2022,"polski, matematyka, angielski",4.0,,,4.0,,,4.0,,
59596,SZKOŁA PODSTAWOWA W HEJDYKU,2022,angielski,7.0,78.0,74.85714285714286,7.0,80.0,66.85714285714286,1.0,,
59590,SZKOŁA PODSTAWOWA W JEŻACH,2022,"polski, matematyka, angielski",4.0,,,4.0,,,4.0,,
60206,SZKOŁA PODSTAWOWA W KOTLE DUŻYM,2022,angielski,5.0,58.0,61.4,5.0,48.0,51.2,,,
66135,SZKOŁA PODSTAWOWA W UŚCIANACH STARYCH,2022,"polski, matematyka, angielski",4.0,,,4.0,,,4.0,,
8639,SZKOŁA PODSTAWOWA W RUMACH,2022,angielski,5.0,51.0,46.4,5.0,24.0,21.6,4.0,,
88209,NIEPUBLICZNA SZKOŁA PODSTAWOWA W GAWRZYJAŁKACH,2022,"polski, matematyka, angielski",2.0,,,2.0,,,2.0,,
91150,SZKOŁA PODSTAWOWA IM. ORŁA BIAŁEGO W ZABIELACH,2022,"polski, matematyka, angielski",4.0,,,4.0,,,4.0,,
19080,SZKOŁA PODSTAWOWA W OSINACH,2022,"polski, matematyka, angielski",4.0,,,4.0,,,4.0,,
74790,SZKOŁA PODSTAWOWA IM. MARII KONOPNICKIEJ W BYSZEWIE,2022,angielski,15.0,53.0,44.4,15.0,36.0,41.6,4.0,,
103876,SZKOŁA PODSTAWOWA IM. MARII KONOPNICKIEJ W STOKU,2022,"polski, matematyka, angielski",2.0,,,2.0,,,1.0,,
124931,SZKOŁA PODSTAWOWA NR 6 W ZAKŁADZIE POPRAWCZYM I SCHRONISKU DLA NIELETNICH W KONSTANTYNOWIE ŁÓDZKIM,2022,"polski, matematyka, angielski",1.0,,,1.0,,,1.0,,
8267,SZKOŁA PODSTAWOWA IM. MARII KONOPNICKIEJ W KRZEMIENIEWICACH,2022,"polski, matematyka, angielski",3.0,,,3.0,,,3.0,,
83636,PUBLICZNA SZKOŁA PODSTAWOWA W PORCZYNACH,2022,"polski, matematyka, angielski",3.0,,,3.0,,,3.0,,
53640,SZKOŁA PODSTAWOWA IM. KS. JERZEGO POPIEŁUSZKI W CHODNOWIE,2022,"polski, matematyka, angielski",4.0,,,4.0,,,4.0,,
66522,PUBLICZNA SZKOŁA PODSTAWOWA STOWARZYSZENIA PRZYJACIÓŁ SZKÓŁ KATOLICKICH IM. ŚW. BERNADETTY SOUBIROUS W TRZCINCE,2022,"polski, matematyka",4.0,,,4.0,,,5.0,60.0,57.4
90013,SZKOŁA PODSTAWOWA W SZYNKIELOWIE,2022,"polski, matematyka, angielski",4.0,,,4.0,,,4.0,,
105761,ZESPÓŁ SZKOLNO-PRZEDSZKOLNY W CHRÓŚCINIE PUBLICZNA SZKOŁA PODSTAWOWA W CHRÓŚCINIE,2022,"polski, matematyka, angielski",3.0,,,3.0,,,3.0,,
11124,SZKOŁA PODSTAWOWA W RADOSTOWIE,2022,"polski, matematyka, angielski",2.0,,,2.0,,,2.0,,
80215,SZKOŁA PODSTAWOWA W NIWISKACH,2022,angielski,15.0,40.0,40.86666666666667,15.0,32.0,34.4,1.0,,
80216,SZKOŁA PODSTAWOWA W OSIEKU,2022,angielski,21.0,49.0,47.76190476190476,21.0,56.0,54.666666666666664,4.0,,
48960,KATOLICKA SZKOŁA PODSTAWOWA STOWARZYSZENIA PRZYJACIÓŁ SZKÓŁ KATOLICKICH IM. JANA PAWŁA II W CHOJNACH,2022,"polski, matematyka, angielski",2.0,,,2.0,,,2.0,,
16881,SZKOŁA PODSTAWOWA W SELIGOWIE,2022,"polski, matematyka, angielski",4.0,,,4.0,,,4.0,,
27058,SZKOŁA PODSTAWOWA SPECJALNA NR 201,2022,"polski, matematyka, angielski",3.0,,,3.0,,,2.0,,
272796,NIEPUBLICZNA SZKOŁA PODSTAWOWA Z ASPI-RACJAMI,2022,"polski, matematyka, angielski",4.0,,,4.0,,,4.0,,
271588,NIEPUBLICZNA SZKOŁA PODSTAWOWA FUNDACJI PRZYSZŁOŚĆ DLA EDUKACJI,2022,"polski, matematyka, angielski",1.0,,,1.0,,,1.0,,
272444,"SZKOŁA PODSTAWOWA DLA DOROSŁYCH ""DR PIONTEK""",2022,"polski, matematyka, angielski",4.0,,,4.0,,,4.0,,
9897,SZKOŁA PODSTAWOWA W BŁONIU,2022,"polski, matematyka, angielski",4.0,,,4.0,,,4.0,,
131215,SZKOŁA PODSTAWOWA SPECJALNA NR 2 W STEMPLEWIE,2022,"polski, matematyka, angielski",4.0,,,4.0,,,3.0,,
22737,PUBLICZNA SZKOŁA PODSTAWOWA W STARYM KORCZYNIE,2022,"polski, matematyka, angielski",2.0,,,2.0,,,2.0,,
23801,SZKOŁA PODSTAWOWA W LIPIE,2022,"polski, matematyka, angielski",3.0,,,3.0,,,3.0,,
119259,NIEPUBLICZNA SZKOŁA PODSTAWOWA SPECJALNA W WĘGRZYNOWIE,2022,"polski, matematyka, angielski",3.0,,,3.0,,,3.0,,
132428,SZKOŁA PODSTAWOWA SPECJALNA „AKADEMIA ŻYCIA”,2022,"polski, matematyka, angielski",1.0,,,1.0,,,1.0,,
274281,START EDUKACJA SZKOŁA PODSTAWOWA DLA DOROSŁYCH,2022,"polski, matematyka, angielski",3.0,,,3.0,,,3.0,,
265076,NIEPUBLICZNA SZKOŁA PODSTAWOWA W LEŚNEJ,2022,"polski, matematyka, angielski",3.0,,,3.0,,,3.0,,
62595,SZKOŁA PODSTAWOWA W STAROCHĘCINACH,2022,"polski, matematyka, angielski",1.0,,,1.0,,,1.0,,
53731,PUBLICZNA SZKOŁA PODSTAWOWA IM. MARII MICHALCZYK PS. WYRWICZ W MARZYSZU,2022,"polski, matematyka, angielski",1.0,,,1.0,,,1.0,,
73049,SZKOŁA PODSTAWOWA W PAPROCICACH,2022,"polski, matematyka, angielski",3.0,,,3.0,,,3.0,,
7233,SZKOŁA PODSTAWOWA W POKRZYWIANCE,2022,"polski, matematyka, angielski",4.0,,,4.0,,,4.0,,
133561,SZKOŁA PODSTAWOWA W BARDZIE,2022,"polski, matematyka, angielski",4.0,,,4.0,,,4.0,,
20068,SZKOŁA PODSTAWOWA W BEDLNIE,2022,angielski,6.0,71.0,73.33333333333333,6.0,80.0,68.0,,,
264112,SPECJALNA SZKOŁA PODSTAWOWA W JÓŹWIKOWIE,2022,"polski, matematyka, angielski",2.0,,,2.0,,,2.0,,
262986,NIEPUBLICZNA SPECJALNA SZKOŁA PODSTAWOWA W OSTROWCU ŚWIĘTOKRZYSKIM,2022,"polski, matematyka, angielski",4.0,,,4.0,,,4.0,,
133580,SAMORZĄDOWA SZKOŁA PODSTAWOWA W WĘCHADŁOWIE,2022,"polski, matematyka, angielski",3.0,,,3.0,,,3.0,,
124776,SZKOŁA PODSTAWOWA NR 1 W SCHRONISKU DLA NIELETNICH W GACKACH,2022,"polski, matematyka, angielski",1.0,,,1.0,,,1.0,,
3466,SZKOŁA PODSTAWOWA IM. WINCENTEGO BURKA W GAŁKOWICACH,2022,"polski, matematyka, angielski",3.0,,,3.0,,,3.0,,
14396,SZKOŁA PODSTAWOWA W OSSOLINIE,2022,"polski, matematyka, angielski",3.0,,,3.0,,,3.0,,
89837,SZKOŁA PODSTAWOWA W POSTRONNEJ,2022,"polski, matematyka, angielski",3.0,,,3.0,,,3.0,,
105469,NIEPUBLICZNA SZKOŁA PODSTAWOWA IM. ŚW. JADWIGI KRÓLOWEJ W GNIESZOWICACH,2022,"polski, matematyka, angielski",2.0,,,2.0,,,2.0,,
24786,PUBLICZNA SZKOŁA PODSTAWOWA W ŚMIECHOWICACH,2022,"polski, matematyka, angielski",3.0,,,3.0,,,3.0,,
41385,„MAŁA SZKOŁA” PUBLICZNA SZKOŁA PODSTAWOWA W RUDNIKU,2022,"polski, matematyka, angielski",4.0,,,4.0,,,4.0,,
69411,SZKOŁA PODSTAWOWA W JENIŃCU,2022,angielski,23.0,38.0,37.78260869565217,23.0,32.0,42.95652173913044,4.0,,
264271,EDUATUT SZKOŁA PODSTAWOWA DLA DOROSŁYCH W GORZOWIE WIELKOPOLSKIM,2022,"polski, matematyka, angielski",3.0,,,3.0,,,,,
25520,ZESPÓŁ SZKOLNO-PRZEDSZKOLNY SZKOŁA PODSTAWOWA NR 1 IM. MARII SKŁODOWSKIEJ - CURIE,2022,angielski,21.0,58.0,57.857142857142854,21.0,48.0,55.42857142857143,3.0,,
78197,SZKOŁA PODSTAWOWA IM. JANA DEKERTA W BLEDZEWIE,2022,angielski,18.0,61.0,60.22222222222222,18.0,62.0,58.22222222222222,3.0,,
49844,SZKOŁA PODSTAWOWA NR 2 IM. MARII KONOPNICKIEJ Z ODDZIAŁAMI INTEGRACYJNYMI W NOWEJ SOLI,2022,angielski,28.0,56.0,53.464285714285715,27.0,44.0,52.74074074074074,3.0,,
75399,SZKOŁA PODSTAWOWA W GOSZCZANOWIE,2022,angielski,8.0,65.5,66.125,8.0,58.0,63.0,2.0,,
12777,SZKOŁA PODSTAWOWA W NOWYM KUROWIE,2022,angielski,11.0,53.0,51.90909090909091,11.0,52.0,51.27272727272727,4.0,,
50290,SZKOŁA PODSTAWOWA W TUCZNIE,2022,angielski,6.0,47.5,44.666666666666664,6.0,50.0,48.666666666666664,1.0,,
50294,SZKOŁA PODSTAWOWA W OGARDACH,2022,angielski,15.0,51.0,51.8,15.0,32.0,41.333333333333336,,,
50295,SZKOŁA PODSTAWOWA IM. KAZIMIERZA KREMERA W BOBRÓWKU,2022,angielski,17.0,58.0,58.588235294117645,17.0,28.0,36.94117647058823,2.0,,
50287,SZKOŁA PODSTAWOWA W WIELISŁAWICACH,2022,angielski,9.0,64.0,64.77777777777777,9.0,60.0,54.22222222222222,2.0,,
55383,SZKOŁA PODSTAWOWA W GĄDKOWIE WIELKIM,2022,angielski,14.0,57.0,54.857142857142854,14.0,54.0,48.0,4.0,,
35250,SZKOŁA PODSTAWOWA W BOCZOWIE IM. LEŚNIKÓW LUBUSKICH,2022,angielski,21.0,58.0,59.523809523809526,21.0,32.0,41.904761904761905,,,
34203,SZKOŁA PODSTAWOWA IM. JANA PAWŁA II W BIAŁKOWIE,2022,angielski,32.0,62.0,62.3125,32.0,64.0,56.0,4.0,,
85201,NIEPUBLICZNA SZKOŁA PODSTAWOWA W ŻABICACH,2022,angielski,7.0,58.0,56.714285714285715,7.0,28.0,34.285714285714285,2.0,,
41428,"PRYWATNA SZKOŁA PODSTAWOWA ""EUREGIO""",2022,"polski, matematyka",4.0,,,4.0,,,6.0,79.5,65.33333333333333
104435,SZKOŁA PODSTAWOWA W NOWYM KRAMSKU,2022,angielski,9.0,51.0,49.55555555555556,9.0,40.0,36.0,,,
61319,NIEPUBLICZNA SZKOŁA PODSTAWOWA W PŁOTACH,2022,"polski, matematyka, angielski",3.0,,,3.0,,,3.0,,
58489,SAMORZĄDOWA SZKOŁA PODSTAWOWA I ODDZIAŁ PRZEDSZKOLNY IM. J. KORCZAKA W TOPOROWIE,2022,angielski,14.0,53.5,53.0,14.0,32.0,32.857142857142854,2.0,,
80271,SZKOŁA PODSTAWOWA IM. JANA PAWŁA II W CHICHACH,2022,angielski,18.0,39.0,42.05555555555556,18.0,20.0,29.555555555555557,1.0,,
274861,NIEPUBLICZNA SZKOŁA PODSTAWOWA W WIECHLICACH,2022,angielski,15.0,31.0,30.666666666666668,15.0,60.0,59.2,,,
263848,SZKOŁA PODSTAWOWA IM. ALEKSANDRA FREDRY W WICINIE,2022,angielski,13.0,47.0,51.0,13.0,32.0,40.30769230769231,2.0,,
12662,SZKOŁA PODSTAWOWA IM. ORLĄT LWOWSKICH W ŻARKACH WIELKICH,2022,angielski,7.0,56.0,59.857142857142854,7.0,40.0,45.714285714285715,,,
264101,SZKOŁA PODSTAWOWA W ŻARACH ZAKŁADU DOSKONALENIA ZAWODOWEGO W ZIELONEJ GÓRZE,2022,angielski,8.0,23.0,22.25,8.0,12.0,13.5,2.0,,
3946,SZKOŁA PODSTAWOWA IM. MIKOŁAJA KOPERNIKA W WYSZYNACH,2022,angielski,27.0,80.0,77.55555555555556,27.0,68.0,69.33333333333333,4.0,,
263777,NIEPUBLICZNA SZKOŁA PODSTAWOWA W PRÓCHNOWIE,2022,angielski,12.0,20.0,21.833333333333332,12.0,20.0,19.666666666666668,,,
264026,NIEPUBLICZNA SZKOŁA PODSTAWOWA W SZAMOCINIE,2022,angielski,14.0,13.0,16.357142857142858,14.0,14.0,15.142857142857142,,,
14596,SZKOŁA PODSTAWOWA IM. MIŁOŚNIKÓW PRZYRODY W SIEDLISKU,2022,angielski,18.0,55.5,51.888888888888886,18.0,34.0,40.666666666666664,4.0,,
125557,SZKOŁA PODSTAWOWA W PRZYŁĘKACH,2022,angielski,7.0,38.0,40.142857142857146,7.0,24.0,34.857142857142854,3.0,,
4366,SZKOŁA PODSTAWOWA IM. POWSTAŃCÓW WIELKOPOLSKICH W MIAŁACH,2022,angielski,13.0,51.0,49.53846153846154,13.0,76.0,65.23076923076923,,,
263327,SZKOŁA PODSTAWOWA DLA DOROSŁYCH PORKOM IM. IRENY SENDLEROWEJ,2022,"polski, matematyka, angielski",1.0,,,1.0,,,1.0,,
124908,SZKOŁA PODSTAWOWA NR 4 W ZAKŁADZIE POPRAWCZYM W TRZEMESZNIE,2022,"polski, matematyka, angielski",1.0,,,1.0,,,1.0,,
124451,SZKOŁA PODSTAWOWA NR 3 W ZAKŁADZIE POPRAWCZYM W GRODZISKU WIELKOPOLSKIM,2022,"polski, matematyka, angielski",1.0,,,1.0,,,1.0,,
90636,NIEPUBLICZNA SZKOŁA PODSTAWOWA W ŁUSZCZANOWIE,2022,angielski,23.0,51.0,52.391304347826086,23.0,24.0,37.56521739130435,,,
22785,SZKOŁA PODSTAWOWA IM. ARKADEGO FIEDLERA W SŁAWOSZEWIE Z SIEDZIBĄ W PARZEWIE,2022,angielski,14.0,63.0,62.142857142857146,14.0,52.0,53.42857142857143,,,
18429,SZKOŁA PODSTAWOWA W ALEKSANDRII,2022,"polski, matematyka, angielski",4.0,,,4.0,,,4.0,,
21585,PUBLICZNA SZKOŁA PODSTAWOWA STOWARZYSZENIA PRZYJACIÓŁ SZKÓŁ KATOLICKICHH,2022,"polski, matematyka, angielski",4.0,,,4.0,,,4.0,,
7538,SZKOŁA PODSTAWOWA IM.ŚW. JANA PAWŁA II W DĘBEM,2022,"polski, matematyka, angielski",3.0,,,3.0,,,3.0,,
78031,SZKOŁA PODSTAWOWA W BORYSŁAWICACH KOŚCIELNYCH,2022,"polski, matematyka, angielski",4.0,,,4.0,,,4.0,,
264003,SZKOŁA PODSTAWOWA DLA DOROSŁYCH W ZESPOLE SZKÓŁ CENTRUM KSZTAŁCENIA USTAWICZNEGO IM. STEFANA BATOREGO W KONINIE,2022,"polski, matematyka, angielski",3.0,,,3.0,,,3.0,,
275186,NIEPUBLICZNA SZKOŁA MONTESSORI ODKRYWCY ŚWIATA W KONINIE,2022,"polski, matematyka, angielski",2.0,,,2.0,,,2.0,,
3728,NIEPUBLICZNA SZKOŁA PODSTAWOWA W BOROWIE,2022,"polski, matematyka, angielski",3.0,,,3.0,,,3.0,,
262337,SZKOŁA PODSTAWOWA Z ODDZIAŁAMI PRZYSPOSABIAJĄCYMI DO PRACY W KROTOSZYNIE,2022,"polski, matematyka, angielski",2.0,,,2.0,,,2.0,,
61647,SZKOŁA PODSTAWOWA W NOWEJ WSI,2022,angielski,17.0,58.0,56.76470588235294,18.0,62.0,63.55555555555556,4.0,,
30041,SZKOŁA PODSTAWOWA SPECJALNA W GÓRZNIE,2022,"polski, matematyka, angielski",1.0,,,1.0,,,1.0,,
264578,NIEPUBLICZNA SZKOŁA PODSTAWOWA W CHRAPLEWIE,2022,angielski,13.0,16.0,19.076923076923077,13.0,12.0,15.692307692307692,,,
127651,I AKADEMICKA SZKOLA PODSTAWOWA W NOWYM TOMYŚLU,2022,"polski, matematyka, angielski",1.0,,,1.0,,,1.0,,
119249,SZKOŁA PODSTAWOWA IM. POWSTAŃCÓW ZIEMI OPALENICKIEJ W URBANOWIE,2022,angielski,11.0,49.0,45.18181818181818,11.0,36.0,51.63636363636363,4.0,,
58451,SZKOŁA PODSTAWOWA IM. BRONISŁAWA MALINOWSKIEGO W CHRUSTOWIE,2022,angielski,17.0,58.0,55.11764705882353,17.0,48.0,54.35294117647059,1.0,,
118748,PUBLICZNA SZKOŁA PODSTAWOWASTOWARZYSZENIA PRZYJACIÓŁ SZKÓŁ KATOLICKICH,2022,"polski, matematyka, angielski",2.0,,,2.0,,,2.0,,
69065,SZKOŁA PODSTAWOWA W KUŹNI IM. JANUSZA KORCZAKA KUŹNIA 36 63-313 CHOCZ,2022,"polski, matematyka, angielski",3.0,,,3.0,,,3.0,,
124175,SZKOŁA PODSTAWOWA MONTESSORI INTERNATIONAL SCHOOL,2022,"polski, matematyka, angielski",2.0,,,2.0,,,2.0,,
262641,PRYWATNA SZKOŁA PODSTAWOWA DLA DOROSŁYCH IM. JULIUSZA KOSSAKA,2022,"polski, matematyka, angielski",1.0,,,1.0,,,1.0,,
124811,SZKOŁA PODSTAWOWA NR 98 W ZAKŁADZIE POPRAWCZYM W POZNANIU,2022,"polski, matematyka, angielski",1.0,,,1.0,,,1.0,,
275585,"NIEPUBLICZNA SZKOŁA PODSTAWOWA ""SCANDYNAVIA""",2022,"polski, matematyka, angielski",2.0,,,2.0,,,2.0,,
277113,"NIEPUBLICZNA SZKOŁA PODSTAWOWA ""OTWARTE DRZWI - PREMIUM""",2022,"polski, matematyka, angielski",3.0,,,3.0,,,2.0,,
133844,SZKOŁA PODSTAWOWA IM.BŁ.E. BOJANOWSKIEGO,2022,"polski, matematyka, angielski",1.0,,,1.0,,,1.0,,
80717,SZKOŁA PODSTAWOWA IM. LEONA MASIAKOWSKIEGO W BIAŁĘŻYNIE,2022,angielski,5.0,62.0,61.4,5.0,32.0,43.2,,,
8696,SZKOŁA PODSTAWOWA MONTESSORI,2022,"polski, matematyka, angielski",1.0,,,1.0,,,1.0,,
265052,NIEPUBLICZNA SZKOŁA PODSTAWOWA W WOLSZTYNIE ZAKŁADU DOSKONALENIA ZAWODOWEGO W ZIELONEJ GÓRZE,2022,angielski,13.0,11.0,13.692307692307692,14.0,12.0,16.0,,,
72684,SZKOŁA PODSTAWOWA SPECJALNA W ANTONIEWIE,2022,"polski, matematyka, angielski",1.0,,,1.0,,,1.0,,
61404,SZKOŁA PODSTAWOWA IM. MARII KILAR W KLESZCZYNIE,2022,angielski,12.0,41.0,41.333333333333336,12.0,30.0,38.666666666666664,1.0,,
30030,SZKOŁA PODSTAWOWA IM. WŁADYSŁAWA REYMONTA W KRZYŻANOWIE,2022,"polski, matematyka, angielski",3.0,,,3.0,,,3.0,,
133828,NIEPUBLICZNA SZKOŁA PODSTAWOWA Z KLASAMI PRZYSPOSABIAJĄCYMI DO PRACY,2022,"polski, matematyka, angielski",2.0,,,2.0,,,2.0,,
133833,"PRYWATNE CENTRUM EDUKACYJNE ""SZKOŁY SUKCES"" SZKOŁA PODSTAWOWA DLA DOROSŁYCH W BIAŁOGARDZIE",2022,"polski, matematyka, angielski",4.0,,,4.0,,,4.0,,
264470,SZKOŁA PODSTAWOWA SPECJALNA W PODBORSKU,2022,angielski,14.0,17.0,18.714285714285715,14.0,12.0,14.0,,,
68007,SZKOŁA PODSTAWOWA W ZIELENIEWIE,2022,angielski,6.0,65.5,65.5,6.0,70.0,66.0,2.0,,
15283,SZKOŁA PODSTAWOWA W CHRAPOWIE,2022,angielski,17.0,71.0,68.70588235294117,17.0,80.0,75.29411764705883,4.0,,
52376,SZKOŁA PODSTAWOWA IM. MIKOŁAJA KOPERNIKA W LUBANOWIE,2022,angielski,16.0,42.0,41.375,16.0,36.0,38.5,4.0,,
48101,SZKOŁA PODSTAWOWA IM. JANA PAWŁA II W CHWARSTNICY,2022,angielski,29.0,51.0,49.62068965517241,29.0,32.0,36.13793103448276,4.0,,
47322,SZKOŁA PODSTAWOWA IM. WOJSKA POLSKIEGO W TROSZYNIE,2022,"polski, matematyka, angielski",4.0,,,4.0,,,1.0,,
42402,SZKOŁA PODSTAWOWA IM. MŁODYCH EKOLOGÓW W CZELINIE,2022,angielski,12.0,58.0,56.666666666666664,12.0,56.0,60.0,2.0,,
83393,PUBLICZNA SZKOŁA PODSTAWOWA IM. ZOFII KOSSAK-SZCZUCKIEJ W DARGOBĄDZU,2022,angielski,8.0,47.5,47.375,8.0,48.0,52.5,2.0,,
80353,PUBLICZNA SZKOŁA PODSTAWOWA W TROSZYNIE,2022,angielski,12.0,51.0,51.416666666666664,12.0,38.0,38.333333333333336,4.0,,
83390,PUBLICZNA SZKOŁA PODSTAWOWA W KONIEWIE,2022,angielski,11.0,60.0,62.0,11.0,44.0,50.18181818181818,2.0,,
39702,SZKOŁA PODSTAWOWA SPECJALNA,2022,"polski, matematyka, angielski",4.0,,,4.0,,,1.0,,
54245,SZKOŁA PODSTAWOWA SPECJALNA,2022,"polski, matematyka, angielski",3.0,,,3.0,,,3.0,,
262330,SZKOŁA PODSTAWOWA DLA DOROSŁYCH W BARLINKU,2022,angielski,25.0,31.0,32.08,25.0,12.0,15.36,,,
84208,ZESPÓŁ PLACÓWEK OŚWIATOWYCH IM. KS. ANDRZEJA PRZYBYŁY SDB-NIEPUBLICZNA SZKOŁA PODSTAWOWA,2022,"polski, matematyka, angielski",4.0,,,4.0,,,4.0,,
53103,SZKOŁA PODSTAWOWA IM. JANUSZA KORCZAKA W KIERZKOWIE,2022,angielski,6.0,56.5,57.0,6.0,42.0,46.666666666666664,2.0,,
58577,SZKOŁA PODSTAWOWA IM. JANA BRZECHWY W NAWROCKU,2022,angielski,12.0,62.0,58.916666666666664,12.0,54.0,51.0,4.0,,
113472,SZKOŁA PODSTAWOWA IM. UNII EUROPEJSKIEJ W NOWOGRÓDKU POMORSKIM,2022,angielski,10.0,45.5,41.2,10.0,22.0,24.4,,,
275002,NIEPUBLICZNA SZKOŁA PODSTAWOWA FUNDACJI KRÓLOWEJ ŚWIĘTEJ JADWIGI W PRZECŁAWIU,2022,angielski,5.0,53.0,52.4,5.0,24.0,28.8,4.0,,
6796,SZKOŁA PODSTAWOWA W NOWYM WARPNIE,2022,angielski,10.0,47.0,46.1,10.0,26.0,32.8,4.0,,
73035,SZKOŁA PODSTAWOWA SPECJALNA NR 10,2022,"polski, matematyka, angielski",2.0,,,2.0,,,2.0,,
126199,ÉLAN VITAL,2022,"polski, matematyka, angielski",2.0,,,2.0,,,1.0,,
34609,PUBLICZNA SZKOŁA PODSTAWOWA IM. KORNELA MAKUSZYŃSKIEGO W JESIONOWIE,2022,angielski,7.0,62.0,58.857142857142854,7.0,56.0,54.285714285714285,,,
72053,SZKOŁA PODSTAWOWA W ŻABOWIE,2022,angielski,23.0,62.0,59.30434782608695,23.0,64.0,62.26086956521739,3.0,,
125675,POLSKO-ANGIELSKA SZKOŁA PODSTAWOWA TĘCZOWE ABECADŁO,2022,"polski, matematyka, angielski",2.0,,,2.0,,,2.0,,
115470,PRYWATNA OGÓLNOKSZTAŁCĄCA SZKOŁA MUZYCZNA I ST. LEONARDA PIWONI W SZCZECINIE,2022,"polski, matematyka, angielski",1.0,,,1.0,,,1.0,,
124482,SZKOŁA PODSTAWOWA NR 75 W SCHRONISKU DLA NIELETNICH W SZCZECINIE,2022,"polski, matematyka, angielski",2.0,,,2.0,,,,,
13410,SZKOŁA PODSTAWOWA DLA DOROSŁYCH NR 4 IM. EDUKACJI NARODOWEJ,2022,"polski, matematyka, angielski",4.0,,,3.0,,,4.0,,
277730,SZKOŁA PODSTAWOWA DLA DOROSŁYCH MENTOR,2022,"polski, matematyka, angielski",2.0,,,2.0,,,2.0,,
278305,SZKOŁA PODSTAWOWA SAIL INTERNATIONAL SCHOOL,2022,"polski, matematyka, angielski",3.0,,,3.0,,,2.0,,
266102,SZKOŁA PODSTAWOWA NR 2 IM.TARASA SZEWCZENKI W BIAŁYM BORZE,2022,"polski, matematyka",3.0,,,3.0,,,14.0,81.0,74.42857142857143
268378,SZKOŁA PODSTAWOWA IM. JULIANA TUWIMA W DRZONOWIE,2022,angielski,10.0,49.0,48.9,10.0,30.0,36.8,1.0,,
9433,SZKOŁA PODSTAWOWA W WIERZCHOWIE,2022,angielski,15.0,38.0,41.46666666666667,15.0,32.0,42.13333333333333,1.0,,
9518,SZKOŁA PODSTAWOWA W PARSĘCKU,2022,angielski,6.0,64.0,65.33333333333333,6.0,62.0,51.333333333333336,,,
42912,SPOŁECZNA SZKOŁA PODSTAWOWA W KORLINIE,2022,"polski, matematyka, angielski",3.0,,,3.0,,,3.0,,
68340,SZKOŁA PODSTAWOWA W PIECNIKU,2022,angielski,13.0,51.0,49.61538461538461,13.0,44.0,49.53846153846154,2.0,,
133330,SZKOŁA PODSTAWOWA DLA DOROSŁYCH W ŁOBZIE,2022,angielski,9.0,16.0,21.555555555555557,9.0,12.0,14.666666666666666,,,
267763,PUBLICZNA SZKOŁA PODSTAWOWA W OPARZNIE,2022,angielski,13.0,47.0,47.53846153846154,13.0,32.0,42.46153846153846,3.0,,
24396,SZKOŁA PODSTAWOWA W CHOTUMIU,2022,"polski, matematyka, angielski",4.0,,,4.0,,,4.0,,
7966,NIEPUBLICZNA SZKOŁA PODSTAWOWA W GORYSZACH,2022,"polski, matematyka, angielski",4.0,,,4.0,,,4.0,,
83501,SPOŁECZNA SZKOŁA PODSTAWOWA W KAŁĘCZYNIE,2022,"polski, matematyka, angielski",4.0,,,4.0,,,4.0,,
263535,SZKOŁA PODSTAWOWA SPECJALNA W MŁODZIEŻOWYM OŚRODKU WYCHOWAWCZYM W GOŁOTCZYŹNIE,2022,angielski,5.0,20.0,22.0,5.0,24.0,21.6,3.0,,
264914,NIEPUBLICZNA SZKOŁA PODSTAWOWA Z ODDZIAŁAMI PRZYSPOSABIAJĄCYMI DO PRACY,2022,"polski, matematyka, angielski",2.0,,,2.0,,,2.0,,
6325,NIEPUBLICZNA SZKOŁA PODSTAWOWA IM. JANA PAWŁA II W BRZEGACH,2022,"polski, matematyka, angielski",3.0,,,3.0,,,3.0,,
82486,SZKOŁA PODSTAWOWA IM. HENRYKA SIENKIEWICZA W STARYM KĘBŁOWIE,2022,"polski, matematyka, angielski",4.0,,,4.0,,,4.0,,
83315,SZKOŁA PODSTAWOWA IM. GEN.FRANCISZKA KLEEBERGA W WOLI ŻELECHOWSKIEJ,2022,"polski, matematyka, angielski",4.0,,,4.0,,,4.0,,
123964,NIEPUBLICZNA SZKOŁA PODSTAWOWA IM. LEONARDA DA VINCI,2022,"polski, matematyka, angielski",4.0,,,4.0,,,4.0,,
83954,PUBLICZNA SZKOŁA PODSTAWOWA IM. ZIEMI GRÓJECKIEJ W ZABOROWIE,2022,"polski, matematyka, angielski",3.0,,,3.0,,,3.0,,
103472,PUBLICZNA SZKOŁA PODSTAWOWA IM. ROMUALDA TRAUGUTTA W ŁĘCZESZYCACH,2022,angielski,5.0,58.0,60.2,5.0,80.0,77.6,3.0,,
66475,PUBLICZNA SZKOŁA PODSTAWOWA IM. MARII KONOPNICKIEJ W PIECZYSKACH,2022,"polski, matematyka, angielski",3.0,,,3.0,,,3.0,,
75774,PUBLICZNA SZKOŁA PODSTAWOWA IM CHOR.JANA SZYMAŃSKIEGO W RYCZYWOLE,2022,"polski, matematyka, angielski",4.0,,,4.0,,,4.0,,
5896,PUBLICZNA SZKOŁA PODSTAWOWA IM. STEFANA CZARNIECKIEGO W WOLI CHODKOWSKIEJ,2022,"polski, matematyka, angielski",3.0,,,3.0,,,3.0,,
3518,PUBLICZNA SZKOŁA PODSTAWOWA IM.ŚW.STANISŁAWA KOSTKI W CHODKOWIE WIELKIM,2022,"polski, matematyka, angielski",4.0,,,4.0,,,4.0,,
269889,SZKOŁA PODSTAWOWA W JACIĄŻKU,2022,"polski, matematyka, angielski",2.0,,,2.0,,,2.0,,
86749,SZKOŁA PODSTAWOWA W DĘBSKU,2022,"polski, matematyka, angielski",4.0,,,4.0,,,4.0,,
89623,SZKOŁA PODSTAWOWA W ZAWISTACH-DWORAKACH,2022,"polski, matematyka, angielski",1.0,,,1.0,,,1.0,,
275377,NIEPUBLICZNA SZKOŁA PODSTAWOWA IM> RTM>WITOLDA PILECKIEGO W KOZIKACH,2022,"polski, matematyka, angielski",4.0,,,4.0,,,4.0,,
91573,NIEPUBLICZNA SZKOŁA PODSTAWOWA W TRYNOSACH-OSIEDLE,2022,"polski, matematyka, angielski",4.0,,,4.0,,,4.0,,
106702,SZKOŁA PODSTAWOWA W WOLI BŁĘDOWSKIEJ,2022,"polski, matematyka, angielski",2.0,,,2.0,,,1.0,,
60887,SZKOŁA PODSTAWOWA SIGIE IM. KAROLA ADAMIECKIEGO W CZARNOTRZEWIU,2022,"polski, matematyka, angielski",2.0,,,2.0,,,2.0,,
118547,SZKOŁA PODSTAWOWA W CZARNI,2022,"polski, matematyka, angielski",3.0,,,3.0,,,3.0,,
72352,SZKOŁA PODSTAWOWA W NASIADKACH,2022,"polski, matematyka, angielski",3.0,,,3.0,,,3.0,,
56191,PUBLICZNA SZKOŁA PODSTAWOWA SIGIE IM KAROLA ADAMIECKIEGO W PEŁTACH,2022,"polski, matematyka, angielski",4.0,,,4.0,,,4.0,,
74083,PUBLICZNA SZKOŁA PODSTAWOWA W ZALESIU,2022,"polski, matematyka, angielski",3.0,,,3.0,,,3.0,,
74076,PUBLICZNA SZKOŁA PODSTAWOWA IM. ARMII KRAJOWEJ W KRYSIAKACH,2022,"polski, matematyka, angielski",4.0,,,4.0,,,4.0,,
119714,SZKOŁA PODSTAWOWA W BIAŁUSNYM LASKU,2022,"polski, matematyka, angielski",4.0,,,4.0,,,4.0,,
68292,SZKOŁA PODSTAWOWA STOWARZYSZENIA INICJATYW GOSPODARCZYCH I EDUKACYJNYCH IM. KAROLA ADAMIECKIEGO W RŻAŃCU,2022,"polski, matematyka, angielski",1.0,,,1.0,,,1.0,,
124721,SZKOŁA PODSTAWOWA NR 2 W LASKOWCU,2022,"polski, matematyka, angielski",1.0,,,1.0,,,,,
62578,SZKOŁA PODSTAWOWA IM. KAROLA ADAMIECKIEGO W PUPKOWIŹNIE,2022,"polski, matematyka, angielski",2.0,,,2.0,,,2.0,,
128729,SZKOŁA PODSTAWOWA W WEJDZIE,2022,"polski, matematyka, angielski",2.0,,,2.0,,,2.0,,
276083,SZKOŁA PODSTAWOWA SOKRATES,2022,"polski, matematyka, angielski",1.0,,,1.0,,,1.0,,
273522,NIEPUBLICZNA SZKOŁA PODSTAWOWA THAMES BRITISH SCHOOL,2022,"polski, matematyka, angielski",1.0,,,1.0,,,3.0,,
266088,NIEPUBLICZNA SZKOŁA PODSTAWOWA AZYL,2022,"polski, matematyka, angielski",1.0,,,1.0,,,1.0,,
4982,SZKOŁA PODSTAWOWA W ROMANACH-SEBORACH,2022,"polski, matematyka, angielski",4.0,,,4.0,,,4.0,,
196367,NIEPUBLICZNA SZKOŁA PODSTAWOWA SPECJALNA,2022,"polski, matematyka, angielski",1.0,,,1.0,,,1.0,,
263526,ATUT LIDER KSZTAŁCENIA SZKOŁA PODSTAWOWA DLA DOROSŁYCH W PŁOCKU,2022,"polski, matematyka, angielski",3.0,,,3.0,,,3.0,,
85555,SZKOŁA PODSTAWOWA IM. STANISŁAWA WŁADYSŁAWA REYMONTA W CZERMNIE,2022,"polski, matematyka, angielski",4.0,,,4.0,,,4.0,,
104690,NIEPUBLICZNA SZKOŁA PODSTAWOWA IM. MARSZAŁKA JÓZEFA PIŁSUDSKIEGO W ORSZYMOWIE,2022,"polski, matematyka, angielski",4.0,,,4.0,,,4.0,,
80709,SZKOŁA PODSTAWOWA STOWARZYSZENIA ROZWOJU WSI KRZYŻANOWICE I OKOLIC W KRZYZANOWICACH,2022,"polski, matematyka, angielski",4.0,,,4.0,,,4.0,,
21345,SZKOŁA PODSTAWOWA W BARTODZIEJACH,2022,"polski, matematyka, angielski",4.0,,,4.0,,,4.0,,
107184,PUBLICZNA SZKOŁA PODSTAWOWA IM. MARII KONOPNICKIEJ W AUGUSTOWIE,2022,"polski, matematyka, angielski",4.0,,,4.0,,,4.0,,
72135,NIEPUBLICZNA SZKOŁA PODSTAWOWA W ŁUGACH WIELKICH,2022,"polski, matematyka, angielski",4.0,,,4.0,,,4.0,,
27735,SZKOŁA PODSTAWOWA SPECJALNA NR 4 IM. MARII KONOPNICKIEJ W SPECJALNYM OŚRODKU SZKOLNO-WYCHOWAWCZYM W SIERPCU,2022,"polski, matematyka, angielski",1.0,,,1.0,,,,,
65137,SZKOŁA PODSTAWOWA W SUDRAGACH,2022,angielski,8.0,38.0,43.75,8.0,22.0,30.5,,,
30653,PUBLICZNA SZKOŁA PODSTAWOWA IM.KS.BONAWENTURY STACHURY W ZBIJOWIE MAŁYM,2022,"polski, matematyka, angielski",2.0,,,2.0,,,2.0,,
263810,PUBLICZNA SZKOŁA PODSTAWOWA SPECJALNA W SZYDŁOWCU,2022,"polski, matematyka, angielski",1.0,,,1.0,,,1.0,,
128714,SZKOŁA PODSTAWOWA MONTESSORI W SZYDŁOWCU,2022,"polski, matematyka, angielski",2.0,,,2.0,,,2.0,,
20171,SZKOŁA PODSTAWOWA DLA DOROSŁYCH,2022,"polski, matematyka, angielski",1.0,,,1.0,,,1.0,,
128471,NIEPUBLICZNA SZKOŁA PODSTAWOWA,2022,"polski, matematyka, angielski",1.0,,,1.0,,,1.0,,
80397,SZKOŁA PODSTAWOWA NR 3 IM. DZIECI POWSTANIA WARSZAWSKIEGO,2022,"polski, matematyka, angielski",2.0,,,2.0,,,3.0,,
90364,PAŃSTWOWA OGÓLNOKSZTAŁCĄCA SZKOŁA MUZYCZNA I ST. IM. EMILA MŁYNARSKIEGO W WARSZAWIE,2022,"polski, matematyka, angielski",3.0,,,3.0,,,3.0,,
133534,SZKOŁA PODSTAWOWA DLA DOROSŁYCH NR 372 W WARSZAWIE,2022,"polski, matematyka, angielski",3.0,,,3.0,,,3.0,,
25033,INTERNATIONAL AMERICAN SCHOOL SP. Z O.O. AMERYKAŃSKA SZKOŁA PODSTAWOWA NIEPUBLICZNA NR 44,2022,"polski, matematyka, angielski",2.0,,,2.0,,,2.0,,
105662,SZKOŁA PODSTAWOWA SPECJALNA NR 244,2022,"polski, matematyka, angielski",1.0,,,1.0,,,1.0,,
125191,SZKOŁA PODSTAWOWA NR 235 W ZAKŁADZIE POPRAWCZYM I SCHRONISKU DLA NIELETNICH W WARSZAWIE-FALENICY,2022,"polski, matematyka, angielski",3.0,,,3.0,,,3.0,,
53008,NIEPUBLICZNA WALDORFSKA SZKOŁA PODSTAWOWA IM. AUGUSTA CIESZKOWSKIEGO,2022,"polski, matematyka, angielski",4.0,,,4.0,,,4.0,,
29950,SZKOŁA PODSTAWOWA NIEPUBLICZNA KOLEGIUM ŚW. STANISŁAWA KOSTKI,2022,"polski, matematyka",2.0,,,2.0,,,7.0,56.0,55.42857142857143
128501,SZKOŁA PODSTAWOWA HLONDA 12,2022,"polski, matematyka, angielski",2.0,,,2.0,,,4.0,,
53027,INTEGRACYJNA PODSTAWOWA SZKOŁA MONTESSORI ELIPSOIDA,2022,"polski, matematyka, angielski",1.0,,,1.0,,,1.0,,
105686,SZKOŁA PODSTAWOWA SPECJALNA NR 291,2022,"polski, matematyka, angielski",3.0,,,3.0,,,1.0,,
278442,NIEPUBLICZNA SZKOŁA PODSTAWOWA FUNDACJI ADYS,2022,"polski, matematyka, angielski",4.0,,,4.0,,,4.0,,
132105,NIEPUBLICZNA PODSTAWOWA SZKOŁA MONTESSORI,2022,"polski, matematyka, angielski",2.0,,,2.0,,,2.0,,
106832,"PRYWATNA SZKOŁA PODSTAWOWA NR 1 ""...AD ASTRA""",2022,"polski, matematyka, angielski",3.0,,,3.0,,,3.0,,
13020,SZKOŁA PODSTAWOWA IM. PAPIEŻA JANA PAWŁA II W NOWYCH BUDACH,2022,"polski, matematyka, angielski",4.0,,,4.0,,,4.0,,
103400,SZKOŁA PODSTAWOWA SPECJALNA W ZESPOLE SZKÓŁ SPECJALNYCH W BRAŃSZCZYKU,2022,"polski, matematyka, angielski",1.0,,,1.0,,,1.0,,
119294,NIEPUBLICZNA SZKOŁA PODSTAWOWA IM. JANUSZA KORCZAKA W KOŁODZIĄŻU,2022,"polski, matematyka, angielski",2.0,,,2.0,,,2.0,,
119295,NIEPUBLICZNA SZKOŁA PODSTAWOWA W ORZEŁKU,2022,"polski, matematyka, angielski",4.0,,,4.0,,,4.0,,
126772,SZKOŁA PODSTAWOWA SPECJALNA W JAWORKU,2022,"polski, matematyka, angielski",3.0,,,3.0,,,2.0,,
124924,SZKOŁA PODSTAWOWA W ZAKŁADZIE POPRAWCZYM-MŁODZIEŻOWYM OŚRODKU ADAPTACJI SAPOŁECZNEJ W STUDZIEŃCU,2022,"polski, matematyka, angielski",2.0,,,2.0,,,2.0,,
262666,EUROPEJSKA SZKOŁA PODSTAWOWA Z ODDZIAŁAMI PRZYSPOSABIAJĄCYMI DO PRACY,2022,"polski, matematyka, angielski",4.0,,,4.0,,,,,
131306,NIEPUBLICZNA SZKOŁA PODSTAWOWA IM. JANUSZA KORCZAKA W DZIERŻONIOWIE,2022,"polski, matematyka, angielski",4.0,,,4.0,,,4.0,,
124982,SZKOŁA PODSTAWOWA NR 4 W ZAKŁADZIE POPRAWCZYM I SCHRONISKU DLA NIELETNICH W GŁOGOWIE,2022,angielski,5.0,11.0,14.6,5.0,16.0,20.0,,,
16254,SZKOŁA PODSTAWOWA IM. WŁADYSŁAWA BRONIEWSKIEGO W PASZOWICACH,2022,angielski,16.0,51.0,52.875,16.0,46.0,50.75,2.0,,
64750,SZKOŁA PODSTAWOWA IM. ZESŁAŃCÓW SYBIRU W SZAROCINIE,2022,angielski,10.0,51.0,48.2,10.0,38.0,41.6,3.0,,
73028,SZKOŁA PODSTAWOWA SPECJALNA W MŁODZIEŻOWYM OŚRODKU WYCHOWAWCZYM W SZKLARSKIEJ PORĘBIE,2022,angielski,5.0,31.0,28.2,5.0,12.0,20.0,4.0,,
61352,SZKOŁA PODSTAWOWA W GORZANOWIE,2022,"polski, matematyka, angielski",4.0,,,4.0,,,4.0,,
50475,SZKOŁA PODSTAWOWA WALISZOWSKIEGO STOWARZYSZENIA EDUKACYJNEGO,2022,angielski,14.0,36.5,34.5,14.0,16.0,29.142857142857142,1.0,,
103610,SPOŁECZNA SZKOŁA PODSTAWOWA W CHOCIESZOWIE,2022,angielski,7.0,58.0,53.0,7.0,24.0,33.714285714285715,3.0,,
272708,EDUCROSS SZKOŁA PODSTAWOWA DLA DOROSŁYCH W LEGNICY,2022,"polski, matematyka, angielski",3.0,,,3.0,,,3.0,,
58222,SZKOŁA PODSTAWOWA IM. KORNELA MAKUSZYŃSKIEGO W POBIEDNEJ,2022,angielski,12.0,47.0,47.583333333333336,12.0,22.0,43.333333333333336,3.0,,
85953,SZKOŁA PODSTAWOWA IM. JANUSZA KORCZAKA W BIEDRZYCHOWICACH,2022,angielski,11.0,44.0,44.90909090909091,11.0,36.0,34.18181818181818,3.0,,
133983,SZKOŁA PODSTAWOWA PRZY MŁODZIEŻOWYM OŚRODKU WYCHOWAWCZYM W LWÓWKU ŚLĄSKIM,2022,angielski,5.0,11.0,10.6,5.0,12.0,12.0,3.0,,
7573,SZKOŁA PODSTAWOWA IM. MIKOŁAJA KOPERNIKA,2022,angielski,6.0,59.0,60.833333333333336,6.0,50.0,53.333333333333336,4.0,,
21215,SZKOŁA PODSTAWOWA IM. MJR HENRYKA SUCHARSKIEGO W ZBYTOWEJ,2022,angielski,5.0,58.0,51.6,5.0,64.0,56.8,2.0,,
61336,SZKOŁA PODSTAWOWA W STRADOMI WIERZCHNIEJ,2022,"polski, matematyka, angielski",4.0,,,4.0,,,3.0,,
275271,PUBLICZNA SZKOŁA PODSTAWOWA IM. JANA KOCHANOWSKIEGO,2022,"polski, matematyka, angielski",4.0,,,4.0,,,4.0,,
105026,SZKOŁA PODSTAWOWA W ŚCINAWIE POLSKIEJ,2022,angielski,8.0,52.0,51.625,8.0,30.0,40.5,2.0,,
6247,SZKOŁA PODSTAWOWA IM.JANA PAWŁA II W ŻELOWICACH,2022,"polski, matematyka, angielski",1.0,,,1.0,,,,,
133959,SZKOŁA PODSTAWOWA DLA DOROSŁYCH W WAŁBRZYCHU,2022,angielski,5.0,18.0,18.6,5.0,16.0,15.2,4.0,,
265515,SZKOŁA PODSTAWOWA IM. JANA ADAMA DE GARNIER W GŁĘBOWICACH,2022,angielski,5.0,67.0,60.2,5.0,68.0,57.6,3.0,,
272529,AUTORSKA SZKOŁA PODSTAWOWA GALILEO,2022,"polski, matematyka, angielski",2.0,,,2.0,,,3.0,,
14271,POLSKO-BRYTYJSKA DWUJĘZYCZNA SZKOŁA PODSTAWOWA,2022,"polski, matematyka, angielski",2.0,,,2.0,,,2.0,,
124498,PRYWATNA SZKOŁA PODSTAWOWA AMERICAN SCHOOL OF WROCŁAW,2022,"polski, matematyka",3.0,,,3.0,,,9.0,85.0,85.55555555555556
119517,NIEPUBLICZNA SZKOŁA PODSTAWOWA ENTE,2022,"polski, matematyka, angielski",4.0,,,4.0,,,4.0,,
278660,NIEPUBLICZNA SZKOŁA PODSTAWOWA MONTESSORI DCEM,2022,"polski, matematyka, angielski",4.0,,,4.0,,,4.0,,
92320,SZKOŁA PODSTAWOWA IM. JANUSZA KUSOCIŃSKIEGO W POLAKOWICACH,2022,"polski, matematyka",4.0,,,4.0,,,6.0,68.5,61.5
72899,SZKOŁA PODSTAWOWA IM. JANA BRZECHWY W DŁUŻYNIE DOLNEJ,2022,angielski,11.0,49.0,47.45454545454545,11.0,24.0,34.90909090909091,1.0,,
3232,SZKOŁA PODSTAWOWA IM. KORNELA MAKUSZYŃSKIEGO W OSIEKU ŁUŻYCKIM,2022,angielski,15.0,47.0,46.6,15.0,32.0,35.46666666666667,4.0,,
92851,SZKOŁA PODSTAWOWA W SĘDZIMIROWIE,2022,"polski, matematyka, angielski",1.0,,,1.0,,,,,
124921,SZKOŁA PODSTAWOWA W ZAKŁADZIE POPRAWCZYM W JERZMANICACH ZDROJU,2022,"polski, matematyka, angielski",2.0,,,2.0,,,2.0,,
82520,SZKOŁA PODSTAWOWA SPECJALNA NR 3 W BYSTRZYCY GÓRNEJ,2022,angielski,7.0,47.0,44.0,7.0,24.0,39.42857142857143,4.0,,
20652,SZKOŁA PODSTAWOWA SPECJALNA NR 2 W MROWINACH,2022,"polski, matematyka, angielski",2.0,,,2.0,,,,,
13578,PUBLICZNA SZKOŁA PODSTAWOWA STOWARZYSZENIA PRZYJACIÓŁ SZKÓŁ KATOLICKICH W MICHAŁOWIE,2022,"polski, matematyka, angielski",1.0,,,1.0,,,1.0,,
20426,ZESPÓŁ SZKOLNO – PRZEDSZKOLNY W LASOWICACH WIELKICH SZKOŁA PODSTAWOWA W LASKOWICACH,2022,angielski,8.0,58.0,56.125,8.0,54.0,57.0,1.0,,
38562,PUBLICZNA SZKOŁA PODSTAWOWA W JAKUBOWICACH,2022,angielski,5.0,51.0,48.0,5.0,80.0,60.0,4.0,,
18167,PUBLICZNA SZKOŁA PODSTAWOWA W MACIOWAKRZU,2022,angielski,8.0,44.5,44.75,8.0,26.0,45.0,3.0,,
39015,"PUBLICZNA SZKOŁA PODSTAWOWA STOWARZYSZENIA ROZWOJU I EDUKACJI ""NASZA SZKOŁA"" W SŁAWNIOWICACH",2022,"polski, matematyka, angielski",3.0,,,3.0,,,3.0,,
34257,SZKOŁA PODSTAWOWA IM. MIKOŁAJA KOPERNIKA W KOPERNIKACH,2022,"polski, matematyka, angielski",4.0,,,4.0,,,4.0,,
81429,SZKOŁA PODSTAWOWA W JARNOŁTOWIE,2022,angielski,14.0,47.5,47.285714285714285,14.0,64.0,61.142857142857146,3.0,,
275339,SZKOŁA PODSTAWOWA W LASOCICACH,2022,"polski, matematyka, angielski",4.0,,,4.0,,,4.0,,
67854,NIEPUBLICZNA SZKOŁA PODSTAWOWA W BZINICY STAREJ,2022,"polski, matematyka, angielski",3.0,,,3.0,,,3.0,,
131781,SZKOŁA PODSTAWOWA SPECJALNA,2022,"polski, matematyka, angielski",2.0,,,2.0,,,2.0,,
119774,ZESPÓŁ SZKOLNO-PRZEDSZKOLNY SZKOŁA PODSTAWOWA W GOSŁAWICACH,2022,"polski, matematyka, angielski",3.0,,,3.0,,,1.0,,
263734,SZKOŁA PODSTAWOWA SPECJALNA PRZY MŁODZIEŻOWYM OŚRODKU WYCHOWAWCZYM W JULIANPOLU,2022,"polski, matematyka, angielski",4.0,,,4.0,,,4.0,,
123662,SZKOŁA PODSTAWOWA STOWARZYSZENIA PRO LIBERIS SILESIAE W OPOLU,2022,angielski,6.0,73.5,70.0,6.0,74.0,71.33333333333333,2.0,,
269571,ATUT LIDER KSZTAŁCENIA SZKOŁA PODSTAWOWA DLA DOROSŁYCH,2022,"polski, matematyka, angielski",3.0,,,3.0,,,3.0,,
26942,PUBLICZNA SZKOŁA PODSTAWOWA IM. KS. KAROLA BROMMERA W ZIMNICACH WIELKICH,2022,angielski,9.0,64.0,60.666666666666664,9.0,24.0,36.888888888888886,4.0,,
11758,PUBLICZNA SZKOŁA PODSTAWOWA W LIGOCIE PRÓSZKOWSKIEJ,2022,angielski,6.0,44.5,48.166666666666664,6.0,60.0,58.666666666666664,1.0,,
73478,PUBLICZNA SZKOŁA PODSTAWOWA W NAKLE,2022,angielski,11.0,64.0,62.54545454545455,11.0,64.0,57.45454545454545,4.0,,
263338,SZKOŁA PODSTAWOWA SPECJALNA NR 2 W LEŚNICY,2022,"polski, matematyka, angielski",4.0,,,4.0,,,4.0,,
115614,NIEPUBLICZNA SZKOŁA PODSTAWOWA SPECJALNA W STRZELCACH OPOLSKICH,2022,"polski, matematyka, angielski",1.0,,,1.0,,,,,
125684,SZKOŁA PODSTAWOWA NR 4 W OKRĘGOWYM OŚRODKU WYCHOWAWCZYM W KORONOWIE,2023,angielski,7.0,49.0,42.42857142857143,7.0,16.0,15.428571428571429,4.0,,
12943,SZKOŁA PODSTAWOWA DLA DOROSŁYCH W BYDGOSZCZY,2023,"polski, matematyka, angielski",2.0,,,2.0,,,2.0,,
28683,SZKOŁA PODSTAWOWA W WYDRZNIE,2023,angielski,11.0,62.0,65.72727272727273,11.0,40.0,36.0,3.0,,
28685,SZKOŁA PODSTAWOWA W SZONOWIE,2023,angielski,11.0,60.0,61.36363636363637,11.0,32.0,45.81818181818182,,,
28681,SZKOŁA PODSTAWOWA W ZAWDZIE,2023,angielski,11.0,64.0,62.18181818181818,11.0,44.0,48.0,1.0,,
68296,SZKOŁA PODSTAWOWA W WÓLCE,2023,"polski, matematyka, angielski",2.0,,,2.0,,,2.0,,
125643,SZKOŁA PODSTAWOWA NR 3 W ZAKŁADZIE POPRAWCZYM W KCYNI,2023,"polski, matematyka, angielski",1.0,,,1.0,,,1.0,,
125690,SZKOŁA PODSTAWOWA NR 3 W OKRĘGOWYM OŚRODKU WYCHOWAWCZYM W SZUBINIE,2023,"polski, matematyka, angielski",3.0,,,3.0,,,3.0,,
5529,NIEPUBLICZNA SZKOŁA PODSTAWOWA IM. ŚW. JANA PAWŁA II W POCIERZYNIE I W KOŚCIELNEJ WSI,2023,angielski,7.0,78.0,70.14285714285714,7.0,24.0,32.0,4.0,,
8157,SZKOŁA PODSTAWOWA W OKALEWIE,2023,angielski,16.0,67.5,64.4375,16.0,28.0,37.75,4.0,,
42520,SZKOŁA PODSTAWOWA W PÓŁWIESKU MAŁYM,2023,"polski, matematyka, angielski",4.0,,,4.0,,,4.0,,
28741,SZKOŁA PODSTAWOWA W ZAKRZEWKU,2023,"polski, matematyka, angielski",4.0,,,4.0,,,4.0,,
263965,"SZKOŁA PODSTAWOWA ""BLOK"" W TORUNIU",2023,angielski,20.0,14.5,16.35,19.0,12.0,13.052631578947368,,,
268505,SZKOŁA PODSTAWOWA Z ODDZIAŁAMI DWUJĘZYCZNYMI MONTESSORI - SCHULE,2023,"polski, matematyka, angielski",1.0,,,1.0,,,,,
4174,SZKOŁA PODSTAWOWA IM. ZIEMI KUJAWSKIEJ W PRZYWIECZERZYNIE,2023,"polski, matematyka, angielski",3.0,,,3.0,,,3.0,,
38799,SZKOŁA PODSTAWOWA STOWARZYSZENIA PRZYJACIÓŁ SZKÓŁ KATOLICKICH IM. BŁ.KS.FRANCISZKA DRZEWIECKIEGO,2023,"polski, matematyka, angielski",4.0,,,4.0,,,4.0,,
125726,SZKOŁA PODSTAWOWA NR 3 W ZAKŁADZIE POPRAWCZYMW NOWEM,2023,"polski, matematyka, angielski",1.0,,,1.0,,,,,
132815,SZKOŁA PODSTAWOWA IM. KAWALERÓW ORDERU UŚMIECHU W WAŁDOWIE,2023,"polski, matematyka, angielski",4.0,,,4.0,,,4.0,,
40920,SZKOŁA PODSTAWOWA NR 10 W GDAŃSKU,2023,"polski, matematyka, angielski",3.0,,,3.0,,,3.0,,
9117,CENTRUM KSZTAŁCENIA ZAWODOWEGO I USTAWICZNEGO NR 1 SZKOŁA PODSTAWOWA DLA DOROSŁYCH W GDAŃSKU,2023,"polski, matematyka, angielski",4.0,,,3.0,,,4.0,,
125723,SZKOŁA PODSTAWOWA NR 25 W ZAKŁADZIE POPRAWCZYM W GDAŃSKU OLIWIE,2023,"polski, matematyka, angielski",1.0,,,1.0,,,1.0,,
70775,OŚRODEK EDUKACJI KASZUBSKIEJ - SZKOŁA PODSTAWOWA W STAREJ HUCIE,2023,"polski, matematyka, angielski",3.0,,,3.0,,,3.0,,
53128,SZKOŁA PODSTAWOWA W SZARŁACIE,2023,"polski, matematyka, angielski",4.0,,,4.0,,,4.0,,
8124,SZKOŁA PODSTAWOWA W NIEDAMOWIE,2023,"polski, matematyka, angielski",3.0,,,3.0,,,3.0,,
8126,SZKOŁA PODSTAWOWA W KORNEM,2023,"polski, matematyka, angielski",3.0,,,3.0,,,3.0,,
105825,SZKOŁA PODSTAWOWA IM. STEFANA ŻEROMSKIEGO W TRUMIEJACH,2023,angielski,10.0,60.0,60.5,10.0,44.0,43.6,1.0,,
26751,NIEPUBLICZNA SZKOŁA PODSTAWOWA W POPOWIE,2023,"polski, matematyka, angielski",1.0,,,1.0,,,1.0,,
265811,NIEPUBLICZNA SZKOŁA PODSTAWOWA MONTESSORI LATAWIEC,2023,"polski, matematyka, angielski",2.0,,,2.0,,,2.0,,
272957,NIEPUBLICZNA OGÓLNOKSZTAŁCĄCA SZKOŁA MUZYCZNA I STOPNIA LAS ACADEMY W SOPOCIE,2023,"polski, matematyka, angielski",2.0,,,2.0,,,2.0,,
10052,SZKOŁA PODSTAWOWA W SKÓROWIE IM. LUCJANA KOWALSKIEGO,2023,"polski, matematyka, angielski",4.0,,,4.0,,,4.0,,
263697,SZKOŁA PODSTAWOWA W TCZEWIE,2023,angielski,23.0,16.0,20.652173913043477,23.0,16.0,14.956521739130435,,,
13892,OŚRODEK EDUKACJI KASZUBSKIEJ - SZKOŁA PODSTAWOWA NA GŁODNICY,2023,"polski, matematyka, angielski",3.0,,,3.0,,,3.0,,
272816,NIEPUBLICZNA SZKOŁA PODSTAWOWA JONATAN NR 2,2023,"polski, matematyka, angielski",1.0,,,1.0,,,1.0,,
196410,"NIEPUBLICZNA SZKOŁA PODSTAWOWA "" NIEBIESKI ZAKĄTEK"" Z ODDZIAŁAMI INTEGRACYJNYMI I SPECJALNYMI W CHORZOWIE",2023,"polski, matematyka, angielski",1.0,,,1.0,,,1.0,,
46604,KATOLICKA SZKOŁA PODSTAWOWA SPECJALNA STOWARZYSZENIA PRZYJACIÓŁ SZKÓŁ KATOLICKICH IM. ŚW. ANTONIEGO Z PADWY,2023,"polski, matematyka, angielski",2.0,,,2.0,,,2.0,,
64644,SZKOŁA PODSTAWOWA W MOKRZESZY,2023,"polski, matematyka, angielski",1.0,,,,,,,,
133528,SZKOŁA PODSTAWOWA SPECJALNA NR 22 W GLIWICACH,2023,"polski, matematyka, angielski",2.0,,,2.0,,,2.0,,
29918,SZKOŁA PODSTAWOWA SPECJALNA W PYSKOWICACH W ZESPOLE SZKÓŁ SPECJALNYCH Z SIEDZIBĄ W PYSKOWICACH PRZY UL. PONIATOWSKIEGO 2,2023,"polski, matematyka, angielski",4.0,,,4.0,,,4.0,,
108725,SZKOŁA PODSTAWOWA NR 22 SPECJALNA,2023,"polski, matematyka, angielski",1.0,,,1.0,,,1.0,,
10958,SZKOŁA PODSTAWOWA NR 55 SPECJALNA,2023,"polski, matematyka, angielski",2.0,,,2.0,,,2.0,,
30177,SPOŁECZNA SZKOŁA PODSTAWOWA STOWARZYSZENIA RODZICÓW I NAUCZYCIELI,2023,"polski, matematyka, angielski",3.0,,,3.0,,,1.0,,
92733,PAŃSTWOWA OGÓLNOKSZTAŁCĄCA SZKOŁA MUZYCZNA I ST. IM. STANISŁAWA MONIUSZKI W KATOWICACH,2023,"polski, matematyka, angielski",3.0,,,3.0,,,3.0,,
124121,"DWUJĘZYCZNA SZKOŁA PODSTAWOWA ""ENGLISH MONTESSORI SCHOOL""",2023,"polski, matematyka, angielski",4.0,,,4.0,,,4.0,,
272768,NIEPUBLICZNA SZKOŁA PODSTAWOWA ELEMENTARZ W KATOWICACH,2023,"polski, matematyka, angielski",2.0,,,2.0,,,2.0,,
263605,SZKOŁA PODSTAWOWA SPECJALNA W MŁODZIEŻOWYM OŚRODKU WYCHOWAWCZYM W KRZEPICACH,2023,"polski, matematyka, angielski",2.0,,,2.0,,,2.0,,
25494,"SZKOŁA PODSTAWOWA, 42-152 IWANOWICE DUŻE, UL. CZĘSTOCHOWSKA 63",2023,"polski, matematyka, angielski",1.0,,,1.0,,,1.0,,
90353,"SZKOŁA PODSTAWOWA FUNDACJI ,,ELEMENTARZ""",2023,"polski, matematyka, angielski",3.0,,,3.0,,,3.0,,
268574,PRYWATNA SZKOŁA PODSTAWOWA MISTRZOSTWA SPORTOWEGO W PIEKARACH ŚLĄSKICH,2023,"polski, matematyka, angielski",3.0,,,3.0,,,3.0,,
19144,MIEJSKA SZKOŁA PODSTAWOWA SPECJALNA IM. MARII GRZEGORZEWSKIEJ W PIEKARACH ŚLĄSKICH,2023,angielski,5.0,36.0,27.2,5.0,8.0,11.2,,,
124980,SZKOŁA PODSTAWOWA W OKRĘGOWYM OŚRODKU WYCHOWAWCZYM W PSZCZYNIE- ŁĄCE,2023,"polski, matematyka, angielski",3.0,,,3.0,,,3.0,,
124764,SZKOŁA PODSTAWOWA NR 16 W ZAKŁADZIE POPRAWCZYM I SCHRONISKU DLA NIELETNICH W RACIBORZU,2023,"polski, matematyka, angielski",3.0,,,3.0,,,3.0,,
23630,SZKOŁA PODSTAWOWA SPECJALNA NR 9 W KAMIEŃCU,2023,"polski, matematyka, angielski",2.0,,,2.0,,,2.0,,
124920,"NIEPUBLICZNA SZKOŁA PODSTAWOWA ""OTWARTE OKNO"" Z ODDZIAŁAMI INTEGRACYJNYMI I SPECJALNYMI W TYCHACH",2023,"polski, matematyka, angielski",1.0,,,1.0,,,1.0,,
3197,NIEPUBLICZNA SZKOŁA PODSTAWOWA IM. STANISŁAWA BĘDKOWSKIEGO W GRABOWEJ,2023,"polski, matematyka, angielski",2.0,,,2.0,,,2.0,,
80505,SZKOŁA PODSTAWOWA W SZAREM,2023,"polski, matematyka, angielski",4.0,,,4.0,,,4.0,,
7267,NIEPUBLICZNA SZKOŁA PODSTAWOWA FUNDACJI KRÓLOWEJ ŚWIĘTEJ JADWIGI W PRZYŁĘKOWIE,2023,angielski,5.0,67.0,68.2,5.0,36.0,48.0,4.0,,
268885,NIEPUBLICZNA SZKOŁA PODSTAWOWA MISTRZOSTWA SPORTOWEGO IM. JANA PAWŁA II WRAZ Z INTERNATEM W ŻYWCU,2023,"polski, matematyka",4.0,,,4.0,,,25.0,22.0,29.2
14014,SZKOŁA PODSTAWOWA IM.JANA BRZECHWY W SITNIKU,2023,"polski, matematyka, angielski",4.0,,,4.0,,,4.0,,
24453,SZKOŁA PODSTAWOWA IM. LEGIONÓW POLSKICH W ŻEROCINIE,2023,"polski, matematyka, angielski",3.0,,,3.0,,,3.0,,
4352,SZKOŁA PODSTAWOWA IM. TADEUSZA KOŚCIUSZKI W DOŁHOLISCE,2023,"polski, matematyka, angielski",4.0,,,4.0,,,4.0,,
4367,SZKOŁA PODSTAWOWA W POLUBICZACH,2023,"polski, matematyka, angielski",4.0,,,3.0,,,4.0,,
9947,SZKOŁA PODSTAWOWA W BEREZÓWCE,2023,"polski, matematyka, angielski",4.0,,,4.0,,,3.0,,
478973,SZKOŁA PODSTAWOWA W HUSZCZY,2023,angielski,5.0,76.0,74.6,5.0,56.0,72.8,3.0,,
111682,SZKOŁA PODSTAWOWA W SMÓLSKU,2023,"polski, matematyka, angielski",1.0,,,1.0,,,1.0,,
111681,SZKOŁA PODSTAWOWA W STARYM BIDACZOWIE,2023,"polski, matematyka, angielski",2.0,,,2.0,,,2.0,,
41647,SZKOŁA PODSTAWOWA W RADZIĘCINIE,2023,"polski, matematyka, angielski",3.0,,,3.0,,,3.0,,
84403,SZKOŁA PODSTAWOWA IM. KARDYNAŁA STEFANA WYSZYŃSKIEGO W RÓŻAŃCU DRUGIM,2023,"polski, matematyka, angielski",2.0,,,2.0,,,2.0,,
60132,SZKOŁA PODSTAWOWA W WOLI RÓŻANIECKIEJ,2023,"polski, matematyka, angielski",4.0,,,4.0,,,4.0,,
61516,SZKOŁA PODSTAWOWA IM. 4 BRYGADY PANCERNEJ WOJSKA POLSKIEGO W ZAWADÓWCE,2023,"polski, matematyka, angielski",2.0,,,2.0,,,2.0,,
275562,SZKOŁA PODSTAWOWA W WÓLCE PETRYŁOWSKIEJ,2023,"polski, matematyka, angielski",3.0,,,3.0,,,3.0,,
52719,SZKOŁA PODSTAWOWA W ŚWIĘCICY,2023,"polski, matematyka, angielski",2.0,,,2.0,,,2.0,,
89873,SZKOŁA PODSTAWOWA STOWARZYSZENIA ROZWOJU WSI SZYCHOWICE,2023,"polski, matematyka, angielski",2.0,,,2.0,,,2.0,,
38575,PUBLICZNA SZKOŁA PODSTAWOWA IM. KOLEJARZY OFIAR II WOJNY ŚWIATOWEJ W GOZDOWIE,2023,"polski, matematyka, angielski",4.0,,,4.0,,,4.0,,
19285,PUBLICZNA SZKOŁA PODSTAWOWA W OTROCZU,2023,"polski, matematyka, angielski",4.0,,,4.0,,,4.0,,
50331,PUBLICZNA SZKOŁA PODSTAWOWA IM. OFIAR PACYFIKACJI 2 LUTEGO 1944 W BOROWIE,2023,"polski, matematyka, angielski",4.0,,,4.0,,,4.0,,
104107,PUBLICZNA SZKOŁA PODSTAWOWA W KOSINIE,2023,"polski, matematyka, angielski",4.0,,,4.0,,,4.0,,
7820,PUBLICZNA SZKOŁA PODSTAWOWA W OPOCE DUŻEJ,2023,"polski, matematyka, angielski",1.0,,,1.0,,,1.0,,
82528,SZKOŁA PODSTAWOWA W RZECZYCY KSIĘŻEJ,2023,"polski, matematyka, angielski",4.0,,,4.0,,,4.0,,
84724,SZKOŁA PODSTAWOWA W MARIANÓWCE,2023,"polski, matematyka, angielski",1.0,,,1.0,,,1.0,,
19341,SZKOŁA PODSTAWOWA W ANNOBORZE,2023,"polski, matematyka, angielski",3.0,,,3.0,,,3.0,,
75236,PUBLICZNA SZKOŁA PODSTAWOWA W NOWEJ WSI,2023,"polski, matematyka, angielski",4.0,,,4.0,,,4.0,,
124791,SZKOŁA PODSTAWOWA W SCHRONISKU DLA NIELETNICH DOMINOWIE,2023,"polski, matematyka, angielski",4.0,,,4.0,,,4.0,,
62371,PUBLICZNA SZKOŁA PODSTAWOWA W WARSZAWIAKACH,2023,"polski, matematyka, angielski",3.0,,,3.0,,,3.0,,
104137,SZKOŁA PODSTAWOWA IM.FRANCISZKA KAMIŃSKIEGO W MACIEJOWIE STARYM,2023,"polski, matematyka, angielski",4.0,,,4.0,,,4.0,,
128630,NIEPUBLICZNA SZKOŁA PODSTAWOWA MONTESSORI W LUBLINIE,2023,"polski, matematyka, angielski",4.0,,,4.0,,,4.0,,
478518,NIEPUBLICZNA SZKOŁA PODSTAWOWA DZIECI MONTESSORI W LUBLINIE,2023,"polski, matematyka, angielski",4.0,,,4.0,,,4.0,,
13175,SZKOŁA PODSTAWOWA IM. JANA KOCHANOWSKIEGO W PONIATOWEJ KOLONII,2023,"polski, matematyka, angielski",3.0,,,3.0,,,3.0,,
114832,ZESPÓŁ PLACÓWEK OŚWIATOWYCH W PODEDWÓRZU - SZKOŁA PODSTAWOWA,2023,"polski, matematyka, angielski",3.0,,,3.0,,,2.0,,
103519,PUBLICZNA SZKOŁA PODSTAWOWA W JEZIORZE,2023,"polski, matematyka, angielski",3.0,,,3.0,,,3.0,,
478847,SZKOŁA PODSTAWOWA W GRÓDKU SZLACHECKIM,2023,"polski, matematyka, angielski",4.0,,,4.0,,,4.0,,
88707,SZKOŁA PODSTAWOWA IM.MARII KUNCEWICZOWEJ W RZECZYCY,2023,"polski, matematyka, angielski",3.0,,,3.0,,,3.0,,
268420,SZKOŁA PODSTAWOWA SPECJALNA W MŁODZIEŻOWYM OŚRODKU SOCJOTERAPII W ALBRECHTÓWCE,2023,"polski, matematyka, angielski",4.0,,,4.0,,,4.0,,
263710,NIEPUBLICZNA SZKOŁA PODSTAWOWA W ZESPOLE SZKÓŁ AGROBIZNESU IM. MACIEJA RATAJA W KLEMENTOWICACH,2023,"polski, matematyka",1.0,,,1.0,,,7.0,51.0,50.857142857142854
129140,"NIEPUBLICZNA INTEGRACYJNA SZKOŁA PODSTAWOWA ""EDU TERAPEUTICA""",2023,"polski, matematyka, angielski",4.0,,,4.0,,,4.0,,
83832,SZKOŁA PODSTAWOWA W OPATKOWICACH,2023,"polski, matematyka, angielski",2.0,,,2.0,,,2.0,,
263248,SZKOŁA PODSTAWOWA W KRASEWIE IM. ŻOŁNIERZY WYKLĘTYCH,2023,"polski, matematyka, angielski",2.0,,,2.0,,,2.0,,
30644,SZKOŁA PODSTAWOWA W OSTRÓWKACH,2023,"polski, matematyka, angielski",2.0,,,2.0,,,2.0,,
106638,SZKOŁA PODSTAWOWA W JAKUBÓWCE,2023,"polski, matematyka, angielski",3.0,,,3.0,,,3.0,,
14191,PUBLICZNA SZKOŁA PODSTAWOWA W STAREJ DĄBI,2023,"polski, matematyka, angielski",3.0,,,3.0,,,3.0,,
82776,PUBLICZNA SZKOŁA PODSTAWOWA W STARYM BAZANOWIE,2023,"polski, matematyka, angielski",2.0,,,2.0,,,2.0,,
268348,NIEPUBLICZNA SZKOŁA PODSTAWOWA W ZWIARTOWIE,2023,"polski, matematyka, angielski",4.0,,,4.0,,,3.0,,
31552,NIEPUBLICZNA SZKOŁA PODSTAWOWA W ŁUSZCZACZU,2023,"polski, matematyka, angielski",3.0,,,3.0,,,3.0,,
18106,SZKOŁA PODSTAWOWA IM.PAPIEŻA JANA PAWŁA II W SZAROWOLI,2023,"polski, matematyka, angielski",3.0,,,3.0,,,3.0,,
10592,NIEPUBLICZNA SZKOŁA PODSTAWOWA W JUSTYNÓWCE,2023,"polski, matematyka, angielski",4.0,,,4.0,,,4.0,,
22833,SZKOŁA PODSTAWOWA IM. WYDARZEŃ WRZEŚNIA W CZARTOWCZYKU,2023,"polski, matematyka, angielski",3.0,,,3.0,,,3.0,,
23242,SZKOŁA PODSTAWOWA W PRZEWALU,2023,"polski, matematyka, angielski",4.0,,,4.0,,,4.0,,
119495,"PUBLICZNA SZKOŁA PODSTAWOWA PROWADZONA PRZEZ STOWARZYSZENIE ,,PRZYJAZNA SZKOŁA""",2023,"polski, matematyka, angielski",4.0,,,4.0,,,4.0,,
22385,NIEPUBLICZNA SZKOŁA PODSTAWOWA W DOŁHOBRODACH,2023,"polski, matematyka, angielski",4.0,,,4.0,,,3.0,,
132039,"STOWARZYSZENIE EDUKATOR W ŁOMŻY, SZKOŁA PODSTAWOWA W UHRUSKU",2023,"polski, matematyka, angielski",3.0,,,3.0,,,3.0,,
119285,SZKOŁA PODSTAWOWA W ZAWALOWIE,2023,"polski, matematyka, angielski",3.0,,,3.0,,,3.0,,
105003,SZKOŁA PODSTAWOWA W KOLONII SITNO,2023,"polski, matematyka, angielski",2.0,,,2.0,,,2.0,,
113523,SZKOŁA PODSTAWOWA W KORNELÓWCE,2023,"polski, matematyka, angielski",3.0,,,3.0,,,3.0,,
34497,SZKOŁA PODSTAWOWA W MOKREM,2023,"polski, matematyka, angielski",2.0,,,2.0,,,2.0,,
11393,SZKOŁA PODSTAWOWA W BIAŁOWOLI,2023,"polski, matematyka, angielski",4.0,,,4.0,,,4.0,,
11391,SZKOŁA PODSTAWOWA W LIPSKU,2023,"polski, matematyka, angielski",3.0,,,3.0,,,3.0,,
10474,NIEPUBLICZNA SZKOŁA PODSTAWOWA Z ODDZIAŁEM PRZEDSZKOLNYM WE WNĘTRZNEM,2023,"polski, matematyka, angielski",2.0,,,2.0,,,2.0,,
13835,SZKOŁA PODSTAWOWA W SIEDLISKACH,2023,"polski, matematyka, angielski",4.0,,,4.0,,,4.0,,
13837,SZKOŁA PODSTAWOWA W HERMANOWIE,2023,"polski, matematyka, angielski",3.0,,,3.0,,,3.0,,
275309,SZKOŁA PODSTAWOWA W ŚWIERSZCZOWIE,2023,"polski, matematyka, angielski",2.0,,,2.0,,,2.0,,
53401,SZKOŁA PODSTAWOWA IM. HANSA CHRISTIANA ANDERSENA W JAWIDZU,2023,"polski, matematyka, angielski",4.0,,,4.0,,,4.0,,
87535,PUBLICZNA SZKOŁA PODSTAWOWA W ŁĘKACH,2023,"polski, matematyka, angielski",3.0,,,3.0,,,3.0,,
5988,SZKOŁA PODSTAWOWA IM.TADEUSZA KOŚCIUSZKI W LIPINACH,2023,"polski, matematyka, angielski",2.0,,,2.0,,,2.0,,
48277,SZKOŁA PODSTAWOWA W BIESNEJ,2023,"polski, matematyka, angielski",3.0,,,3.0,,,3.0,,
48276,SZKOŁA PODSTAWOWA W BIEŚNIKU,2023,"polski, matematyka, angielski",3.0,,,3.0,,,3.0,,
269437,"PRYWATNA SZKOŁA PODSTAWOWA ""ROYAL SCHOOL""",2023,"polski, matematyka, angielski",4.0,,,4.0,,,4.0,,
264587,"NIEPUBLICZNA CHRZEŚCIJAŃSKA SZKOŁA PODSTAWOWA Z ODDZIAŁAMI INTEGRACYJNYMI NR 1 ""UCZEŃ""",2023,"polski, matematyka",4.0,,,4.0,,,5.0,93.0,80.0
130970,NIEPUBLICZNA DWUJĘZYCZNA SZKOŁA PODSTAWOWA DA VINCI'S INTERNATIONAL PRIMARY SCHOOL,2023,"polski, matematyka",3.0,,,3.0,,,13.0,87.0,83.07692307692308
132463,"NIEPUBLICZNA CHRZEŚCIJAŃSKA SZKOŁA PODSTAWOWA NR 2 Z ODDZIAŁAMI INTEGRACYJNYMI ""UCZEŃ""",2023,"polski, matematyka, angielski",3.0,,,3.0,,,4.0,,
60020,SZKOŁA PODSTAWOWA IM. JULIANA TUWIMA W KANINIE,2023,"polski, matematyka, angielski",4.0,,,4.0,,,4.0,,
43461,"SZKOŁA PODSTAWOWA NR 3, IM. JANA PAWŁA II W KASINCE MAŁEJ",2023,"polski, matematyka, angielski",4.0,,,4.0,,,4.0,,
50346,SZKOŁA PODSTAWOWA IM.KAZIMIERZA PUŁASKIEGO W JADAMWOLI,2023,"polski, matematyka, angielski",3.0,,,3.0,,,3.0,,
59044,SZKOŁA PODSTAWOWA W BOGDANÓWCE,2023,angielski,14.0,81.0,78.57142857142857,14.0,58.0,54.57142857142857,,,
119438,SZKOŁA PODSTAWOWA IM. MARII KONOPNICKIEJ W GLICHOWIE,2023,"polski, matematyka, angielski",4.0,,,4.0,,,4.0,,
64484,SZKOŁA PODSTAWOWA IM. JANUSZA KORCZAKA W ROZTOCE-BRZEZINACH,2023,angielski,5.0,76.0,74.8,5.0,36.0,42.4,4.0,,
70306,SZKOŁA PODSTAWOWA JABŁONKA - BORY,2023,"polski, matematyka",3.0,,,3.0,,,5.0,35.0,38.0
129061,ORAWSKA SZKOŁA PODSTAWOWA,2023,"polski, matematyka, angielski",1.0,,,1.0,,,1.0,,
131154,SZKOŁA PODSTAWOWA W ŁAPSZANCE,2023,"polski, matematyka, angielski",2.0,,,2.0,,,2.0,,
131156,SZKOŁA PODSTAWOWA IM. ŚWIĘTEJ ELŻBIETY WĘGIERSKIEJ W TRYBSZU,2023,"polski, matematyka, angielski",4.0,,,4.0,,,4.0,,
68545,KATOLICKA NIEPUBLICZNA OGÓLNOKSZTAŁCĄCA SZKOŁA MUZYCZNA I ST. W NOWYM SĄCZU,2023,"polski, matematyka, angielski",2.0,,,2.0,,,2.0,,
64464,SZKOŁA PODSTAWOWA IM. WOJSKA POLSKIEGO W ZAWADZIE,2023,"polski, matematyka, angielski",4.0,,,4.0,,,4.0,,
274977,SZKOŁA PODSTAWOWA IM. KOSTKA JAGIEŁŁY W ZASOLU,2023,"polski, matematyka, angielski",2.0,,,2.0,,,2.0,,
106318,SZKOŁA PODSTAWOWA IM. ALEKSANDRA KAMIŃSKIEGO W SMOLICACH,2023,"polski, matematyka, angielski",4.0,,,4.0,,,4.0,,
88867,SZKOŁA PODSTAWOWA IM.MIECZYSŁAWA KARŁOWICZA W WIEPRZCU,2023,"polski, matematyka, angielski",3.0,,,3.0,,,3.0,,
85216,PUBLICZNA SZKOŁA PODSTAWOWA STOWARZYSZENIA PRZYJACIÓŁ SZKÓŁ KATOLICKICH IM. ŚW. JÓZEFA W HUCISKU-PEWELCE,2023,"polski, matematyka, angielski",3.0,,,3.0,,,3.0,,
104905,SZKOŁA PODSTAWOWA W KOBIERZYNIE,2023,"polski, matematyka, angielski",2.0,,,2.0,,,2.0,,
3683,PUBLICZNA SZKOŁA PODSTAWOWA W RYCHWAŁDZIE,2023,"polski, matematyka, angielski",1.0,,,1.0,,,1.0,,
59948,NIEPUBLICZNA SZKOŁA PODSTAWOWA W PRZYBYSŁAWICACH,2023,"polski, matematyka, angielski",4.0,,,4.0,,,4.0,,
71402,PUBLICZNA SZKOŁA PODSTAWOWA W MESZNEJ OPACKIEJ,2023,"polski, matematyka, angielski",4.0,,,4.0,,,4.0,,
120263,KATOLICKA SZKOŁA PODSTAWOWA W TARNOWIE,2023,"polski, matematyka, angielski",4.0,,,4.0,,,4.0,,
128759,"PRYWATNA SZKOŁA PODSTAWOWA ""MACIERZANKA"" W WIELICZCE",2023,"polski, matematyka, angielski",4.0,,,4.0,,,4.0,,
268119,SZKOŁA PODSTAWOWA W POLANIE,2023,"polski, matematyka, angielski",3.0,,,3.0,,,3.0,,
59701,PUBLICZNA SZKOŁA PODSTAWOWA W ZWIERNIKU,2023,"polski, matematyka, angielski",4.0,,,4.0,,,4.0,,
69418,PUBLICZNA SZKOŁA PODSTAWOWA W JAWORZU GÓRNYM,2023,"polski, matematyka, angielski",4.0,,,4.0,,,4.0,,
21318,SZKOŁA PODSTAWOWA IM. KRÓLOWEJ JADWIGI W TAPINIE,2023,"polski, matematyka, angielski",3.0,,,3.0,,,3.0,,
24567,SZKOŁA PODSTAWOWA IM. KS. BRONISŁAWA MARKIEWICZA W TULIGŁOWACH,2023,"polski, matematyka, angielski",4.0,,,4.0,,,4.0,,
80133,SZKOŁA PODSTAWOWA W WOLI WĘGIERSKIEJ,2023,"polski, matematyka, angielski",3.0,,,3.0,,,3.0,,
20651,SZKOŁA PODSTAWOWA IM JANA PAWŁA II W NIEPLI,2023,"polski, matematyka, angielski",4.0,,,4.0,,,4.0,,
106373,SZKOŁA PODSTAWOWA W ŁYSEJ GÓRZE,2023,"polski, matematyka, angielski",4.0,,,4.0,,,4.0,,
7680,SZKOŁA PODSTAWOWA W LISOWIE,2023,"polski, matematyka, angielski",4.0,,,4.0,,,4.0,,
88944,NIEPUBLICZNA SZKOŁA PODSTAWOWA W ROZTOKACH,2023,"polski, matematyka, angielski",3.0,,,3.0,,,3.0,,
88762,NIEPUBLICZNA SZKOŁA PODSTAWOWA Z ODDZIAŁEM PRZEDSZKOLNYM W ŁUBIENKU,2023,"polski, matematyka, angielski",1.0,,,1.0,,,1.0,,
103451,SZKOŁA PODSTAWOWA W TRZĘSÓWCE IM. ZYGMUNTA NOWAKOWSKIEGO,2023,"polski, matematyka, angielski",4.0,,,4.0,,,4.0,,
269686,SZKOŁA PODSTAWOWA W SPIACH,2023,angielski,5.0,78.0,73.8,5.0,40.0,48.8,4.0,,
89393,SZKOŁA PODSTAWOWA IM.GENERAŁA BRONISŁAWA KWIATKOWSKIEGO W MAZURACH,2023,"polski, matematyka, angielski",4.0,,,4.0,,,4.0,,
269054,NIEPUBLICZNA SZKOŁA PODSTAWOWA NIEBIESKA 21,2023,"polski, matematyka, angielski",1.0,,,1.0,,,,,
28261,SZKOŁA PODSTAWOWA IM. IGNACEGO ŁUKASIEWICZA W BÓBRCE,2023,"polski, matematyka, angielski",4.0,,,4.0,,,4.0,,
42778,SZKOŁA PODSTAWOWA W KRASNEJ,2023,"polski, matematyka, angielski",1.0,,,1.0,,,1.0,,
16102,SZKOŁA PODSTAWOWA W BRNIU OSUCHOWSKIM,2023,"polski, matematyka, angielski",4.0,,,4.0,,,3.0,,
80844,SZKOŁA PODSTAWOWA IM. MARII KONOPNICKIEJ W KIEŁKOWIE,2023,angielski,5.0,76.0,76.6,5.0,44.0,56.0,4.0,,
60245,SZKOŁA PODSTAWOWA W PODBORZU,2023,"polski, matematyka, angielski",4.0,,,4.0,,,4.0,,
118849,PUBLICZNA SZKOŁA PODSTAWOWA W GOŹDZIE,2023,"polski, matematyka, angielski",3.0,,,3.0,,,2.0,,
75649,SZKOŁA PODSTAWOWA IM.KS.JANA TWARDOWSKIEGO W LIPIE,2023,"polski, matematyka, angielski",3.0,,,3.0,,,3.0,,
61628,NIEPUBLICZNA SZKOŁA PODSTAWOWA W ŻOHATYNIE,2023,"polski, matematyka, angielski",3.0,,,3.0,,,3.0,,
28268,PUBLICZNA SZKOŁA PODSTAWOWA IM. MARII KONOPNICKIEJ W KNIAŻYCACH,2023,"polski, matematyka, angielski",4.0,,,4.0,,,4.0,,
130188,SZKOŁA PODSTAWOWA IM. SYBIRAKÓW W BACHOWIE,2023,"polski, matematyka, angielski",4.0,,,4.0,,,4.0,,
20368,SZKOŁA PODSTAWOWA W RUDCE IM. IGNACEGO KRASICKIEGO RUDKA 79 37-530 SIENIAWA,2023,"polski, matematyka, angielski",3.0,,,3.0,,,3.0,,
105723,SZKOŁA PODSTAWOWA W JAGIELLE,2023,"polski, matematyka, angielski",3.0,,,3.0,,,3.0,,
478877,SZKOŁA PODSTAWOWA W ULANICY,2023,"polski, matematyka, angielski",3.0,,,3.0,,,3.0,,
262932,NIEPUBLICZNA SZKOŁA PODSTAWOWA W BŁĘDOWEJ ZGŁOBIEŃSKIEJ,2023,"polski, matematyka, angielski",4.0,,,4.0,,,4.0,,
104866,SZKOŁA PODSTAWOWA IMIENIA BŁ. O. ANASTAZEGO PANKIEWICZA W ZESPOLE SZKÓŁ W NOWOTAŃCU,2023,angielski,12.0,71.0,68.33333333333333,12.0,60.0,56.0,3.0,,
41414,PUBLICZNA SZKOŁA PODSTAWOWA STOWARZYSZENIA PRZYJACIÓŁ SZKÓŁ KATOLICKICH IM. ŚW. BRATA ALBERTA CHMIELOWSKIEGO W WISŁOKU WIELKIM,2023,"polski, matematyka, angielski",3.0,,,3.0,,,3.0,,
87586,SZKOŁA PODSTAWOWA W FALEJÓWCE,2023,"polski, matematyka, angielski",4.0,,,4.0,,,4.0,,
103640,SZKOŁA PODSTAWOWA IM. JANA PAWŁA II W DOBREJ,2023,angielski,6.0,46.5,51.0,6.0,28.0,33.333333333333336,4.0,,
18954,SZKOŁA PODSTAWOWA IM. K.K. BACZYŃSKIEGO W BLIZIANCE,2023,"polski, matematyka, angielski",3.0,,,3.0,,,3.0,,
18958,SZKOŁA PODSTAWOWA NR 2 IM. BŁ. JERZEGO POPIEŁUSZKI W LUTCZY,2023,"polski, matematyka, angielski",3.0,,,3.0,,,3.0,,
18956,SZKOŁA PODSTAWOWA W GWOŹNICY DOLNEJ,2023,"polski, matematyka, angielski",3.0,,,3.0,,,3.0,,
121217,SZKOŁA PODSTAWOWA NR 1 IM. ŚW. JANA KANTEGO W WYSOKIEJ STRZYŻOWSKIEJ,2023,"polski, matematyka, angielski",3.0,,,3.0,,,3.0,,
41964,SZKOŁA PODSTAWOWA W WĘGLISKACH,2023,"polski, matematyka, angielski",4.0,,,4.0,,,4.0,,
263690,SZKOŁA PODSTAWOWA SPECJALNA IMIENIA ŚWIĘTEGO JANA BOSKO W AUGUSTOWIE,2023,"polski, matematyka, angielski",4.0,,,4.0,,,4.0,,
86685,SZKOŁA PODSTAWOWA IM. ZYGMUNTA AUGUSTA W TAJNIE STARYM,2023,"polski, matematyka, angielski",4.0,,,4.0,,,4.0,,
62077,NIEPUBLICZNA SZKOŁA PODSTAWOWA W ZAŁUKACH,2023,"polski, matematyka, angielski",3.0,,,3.0,,,3.0,,
111561,SZKOŁA PODSTAWOWA W KONOPKACH POKRZYWNICY,2023,"polski, matematyka, angielski",3.0,,,3.0,,,3.0,,
70976,"ZESPÓŁ SZKÓŁ NR 15 PRZY UNIWERSYTECKIM DZIECIĘCYM SZPITALU KLINICZNYM IM. LUDWIKA ZAMENHOFA W BIAŁYMSTOKU, SZKOŁA PODSTAWOWA NR 40 PRZY UNIWERSYTECKIM DZIECIĘCYM SZPITALU KLINICZNYM IM. LUDWIKA ZAMENHOFA W BIAŁYMSTOKU",2023,"polski, matematyka, angielski",1.0,,,1.0,,,1.0,,
124752,SZKOŁA PODSTAWOWA NR 41 W ZAKŁADZIE POPRAWCZYM W BIAŁYMSTOKU,2023,"polski, matematyka, angielski",2.0,,,2.0,,,2.0,,
263208,NIEPUBLICZNA SZKOŁA PODSTAWOWA MOZAIKA W BIAŁYMSTOKU,2023,"polski, matematyka, angielski",1.0,,,1.0,,,1.0,,
268644,LEŚNA SZKOŁA PUSZCZYK W BIAŁYMSTOKU,2023,"polski, matematyka, angielski",1.0,,,1.0,,,1.0,,
125245,NIEPUBLICZNA SZKOŁA PODSTAWOWA NR 1 ŚW. ABP. ŁUKASZA WOJNO - JASIENIECKIEGO W BIELSKU PODLASKIM,2023,angielski,7.0,58.0,52.714285714285715,7.0,72.0,64.57142857142857,4.0,,
268294,SZKOŁA PODSTAWOWA IM. KS. STEFANA KARDYNAŁA WYSZYŃSKIEGO W CHOJEWIE,2023,"polski, matematyka, angielski",3.0,,,3.0,,,3.0,,
132238,SZKOŁA PODSTAWOWA IM. PREZYDENTA RYSZARDA KACZOROWSKIEGO W STRABLI,2023,"polski, matematyka, angielski",2.0,,,2.0,,,2.0,,
11216,SZKOŁA PODSTAWOWA W KLIMASZEWNICY,2023,"polski, matematyka, angielski",4.0,,,4.0,,,4.0,,
6975,SZKOŁA PODSTAWOWA W ŁAWSKU,2023,"polski, matematyka, angielski",4.0,,,4.0,,,4.0,,
6691,SZKOŁA PODSTAWOWA W NIECIKACH,2023,"polski, matematyka, angielski",4.0,,,4.0,,,4.0,,
57599,SZKOŁA PODSTAWOWA W CZYŻACH,2023,angielski,11.0,56.0,53.54545454545455,11.0,24.0,30.545454545454547,4.0,,
18871,SZKOŁA PODSTAWOWA W DUBICZACH CERKIEWNYCH,2023,angielski,7.0,53.0,50.142857142857146,7.0,20.0,22.285714285714285,1.0,,
119481,"STOWARZYSZENIE ""EDUKATOR"" W ŁOMŻY, SZKOŁA PODSTAWOWA W ORZESZKOWIE",2023,angielski,5.0,51.0,44.2,5.0,20.0,21.6,2.0,,
34714,SZKOŁA PODSTAWOWA W SURAŁACH,2023,"polski, matematyka, angielski",4.0,,,4.0,,,4.0,,
27629,SZKOŁA PODSTAWOWA W KONOPKACH MONETACH,2023,"polski, matematyka, angielski",2.0,,,2.0,,,2.0,,
49513,SZKOŁA PODSTAWOWA W ZASKRODZIU,2023,"polski, matematyka, angielski",3.0,,,3.0,,,3.0,,
479809,SZKOŁA PODSTAWOWA W DOWNARACH,2023,"polski, matematyka, angielski",2.0,,,2.0,,,2.0,,
16092,SZKOŁA PODSTAWOWA W BOGUSZEWIE,2023,"polski, matematyka, angielski",4.0,,,4.0,,,4.0,,
90293,SZKOŁA PODSTAWOWA Z LITEWSKIM JĘZYKIEM NAUCZANIA W WIDUGIERACH,2023,"polski, matematyka, angielski",2.0,,,2.0,,,2.0,,
41796,PUBLICZNA SZKOŁA PODSTAWOWA W BAGNACH,2023,"polski, matematyka, angielski",4.0,,,4.0,,,4.0,,
81019,SZKOŁA PODSTAWOWA IM.KPT. JÓZEFA KŁOPOTOWSKIEGO W JACOWLANACH,2023,angielski,8.0,53.5,53.0,8.0,38.0,52.5,4.0,,
74824,SZKOŁA PODSTAWOWA W GENIUSZACH,2023,"polski, matematyka, angielski",2.0,,,2.0,,,2.0,,
69080,SZKOŁA PODSTAWOWA W PAWŁÓWCE,2023,"polski, matematyka, angielski",3.0,,,3.0,,,3.0,,
7021,SZKOŁA PODSTAWOWA WE WRONOWIE,2023,"polski, matematyka, angielski",2.0,,,2.0,,,2.0,,
132109,SZKOŁA PODSTAWOWA W PODDUBÓWKU,2023,"polski, matematyka, angielski",1.0,,,1.0,,,1.0,,
3902,SZKOŁA PODSTAWOWA W DĄBROWIE WIELKIEJ,2023,"polski, matematyka, angielski",4.0,,,4.0,,,4.0,,
83766,SZKOŁA PODSTAWOWA W WOJNACH-KRUPACH,2023,"polski, matematyka, angielski",4.0,,,4.0,,,4.0,,
48589,PUBLICZNA SZKOŁA PODSTAWOWA W SZCZODRUCHACH,2023,"polski, matematyka, angielski",2.0,,,2.0,,,2.0,,
10264,SZKOŁA PODSTAWOWA W KOŁOMYI,2023,"polski, matematyka, angielski",3.0,,,3.0,,,3.0,,
10263,SZKOŁA PODSTAWOWA IM. KPT. WŁADYSŁAWA RAGINISA W GRĄDACH WONIECKO,2023,"polski, matematyka, angielski",3.0,,,3.0,,,3.0,,
34262,SZKOŁA PODSTAWOWA IM. ORŁA BIAŁEGO W PORYTEM - JABŁONI,2023,"polski, matematyka, angielski",4.0,,,4.0,,,3.0,,
31494,SZKOŁA PODSTAWOWA W WIŚNIEWIE,2023,"polski, matematyka, angielski",4.0,,,4.0,,,4.0,,
47765,SZKOŁA PODSTAWOWA IM. ZESŁAŃCÓW SYBIRU W OLSZYNACH,2023,angielski,5.0,58.0,59.6,5.0,36.0,35.2,4.0,,
7930,PUBLICZNA SZKOŁA PODSTAWOWA W STARYM BOŻEJEWIE,2023,"polski, matematyka, angielski",1.0,,,1.0,,,1.0,,
60861,SZKOŁA PODSTAWOWA W DOBRYM LESIE,2023,"polski, matematyka, angielski",4.0,,,4.0,,,4.0,,
90329,SZKOŁA PODSTAWOWA W LUTOSTANI,2023,"polski, matematyka, angielski",2.0,,,2.0,,,2.0,,
90349,SZKOŁA PODSTAWOWA W PUCHAŁACH,2023,"polski, matematyka, angielski",3.0,,,3.0,,,3.0,,
59106,SZKOŁA PODSTAWOWA W DZIETRZYCHOWIE,2023,angielski,8.0,58.0,58.875,8.0,24.0,29.5,2.0,,
26707,SZKOŁA PODSTAWOWA IM.ŚWIĘTEGO JANA PAWŁA II W LECHOWIE,2023,angielski,5.0,42.0,44.0,5.0,52.0,60.8,,,
478804,SZKOŁA PODSTAWOWA SPECJALNA POD ŻAGLAMI,2023,"polski, matematyka, angielski",2.0,,,2.0,,,2.0,,
124413,SZKOŁA PODSTAWOWA W GALWIECIACH,2023,"polski, matematyka, angielski",4.0,,,4.0,,,4.0,,
6115,SZKOŁA PODSTAWOWA W PIOTRKOWIE,2023,"polski, matematyka, angielski",3.0,,,3.0,,,3.0,,
104434,SZKOŁA PODSTAWOWA W BORECZNIE,2023,angielski,14.0,71.0,70.64285714285714,14.0,34.0,44.57142857142857,,,
75375,SZKOŁA PODSTAWOWA W NAWIADACH,2023,angielski,15.0,60.0,57.86666666666667,15.0,32.0,36.0,,,
31844,SZKOŁA PODSTAWOWA IM. KRÓLA WŁADYSŁAWA JAGIEŁŁY W ROGOŻU,2023,angielski,10.0,66.5,65.9,10.0,42.0,46.4,3.0,,
115249,SZKOŁA PODSTAWOWA NR 16 SPECJALNA W OLSZTYNIE,2023,"polski, matematyka, angielski",4.0,,,4.0,,,4.0,,
128814,"NIEPUBLICZNA SZKOŁA PODSTAWOWA Z ODDZIAŁAMI INTEGRACYJNYMI ""RAZEM"" W OLSZTYNIE",2023,"polski, matematyka, angielski",3.0,,,3.0,,,3.0,,
124725,SZKOŁA PODSTAWOWA NR 2 W ZAKLADZIE POPRAWCZYM W BARCZEWIE,2023,"polski, matematyka, angielski",1.0,,,1.0,,,1.0,,
104361,SZKOŁA PODSTAWOWA W RADOSTOWIE,2023,angielski,7.0,78.0,74.28571428571429,7.0,48.0,50.857142857142854,3.0,,
30753,NIEPUBLICZNA SZKOŁA PODSTAWOWA Z ODDZIAŁAMI PRZEDSZKOLNYMI W BOGACZEWIE,2023,"polski, matematyka, angielski",2.0,,,2.0,,,2.0,,
12945,SZKOŁA PODSTAWOWA W KOŻUCHACH,2023,"polski, matematyka, angielski",4.0,,,4.0,,,4.0,,
60206,SZKOŁA PODSTAWOWA IM. ŚW. MAKSYMILIANA MARII KOLBEGO W KOTLE DUŻYM,2023,angielski,8.0,61.0,60.0,8.0,30.0,39.0,2.0,,
4775,SZKOŁA PODSTAWOWA IM. IRENY KOSMOWSKIEJ W KASZEWACH DWORNYCH,2023,"polski, matematyka, angielski",4.0,,,4.0,,,4.0,,
83694,SPOŁECZNA SZKOŁA PODSTAWOWA W ORĄTKACH,2023,"polski, matematyka, angielski",1.0,,,1.0,,,1.0,,
12141,SZKOŁA PODSTAWOWA W ZIELĘCINIE,2023,"polski, matematyka, angielski",3.0,,,3.0,,,1.0,,
132054,SZKOŁA PODSTAWOWA IM. MIRY I TADEUSZA SYGIETYŃSKICH W PROSZENIU,2023,"polski, matematyka, angielski",2.0,,,2.0,,,2.0,,
83636,PUBLICZNA SZKOŁA PODSTAWOWA W PORCZYNACH,2023,"polski, matematyka, angielski",4.0,,,4.0,,,4.0,,
58154,PUBLICZNA SZKOŁA PODSTAWOWA W BRUDZICACH,2023,"polski, matematyka, angielski",3.0,,,3.0,,,3.0,,
80744,SZKOŁA PODSTAWOWA IM. JANA PAWŁA II Z ODDZIAŁAMI INTEGRACYJNYMI W LESIEWIE,2023,angielski,7.0,67.0,68.42857142857143,7.0,60.0,52.57142857142857,3.0,,
53640,SZKOŁA PODSTAWOWA IM. KS. JERZEGO POPIEŁUSZKI W CHODNOWIE,2023,"polski, matematyka, angielski",2.0,,,2.0,,,2.0,,
58563,PUBLICZNA SZKOŁA PODSTAWOWA W JANISŁAWICACH,2023,"polski, matematyka, angielski",4.0,,,4.0,,,4.0,,
121704,SZKOŁA PODSTAWOWA W WINNEJ GÓRZE,2023,"polski, matematyka, angielski",4.0,,,4.0,,,4.0,,
120312,KATOLICKA SZKOŁA PODSTAWOWA IM. NIEPOKALANEGO SERCA NAJŚWIĘTSZEJ MARYI PANNY KRÓLOWEJ POLSKI I ŚW. OJCA PIO W TOMASZOWIE MAZOWIECKIM,2023,"polski, matematyka, angielski",4.0,,,4.0,,,4.0,,
43904,SZKOŁA PODSTAWOWA IM. ŚW. HUBERTA W KOMOROWIE,2023,angielski,25.0,60.0,62.28,25.0,48.0,46.72,4.0,,
105761,ZESPÓŁ SZKOLNO-PRZEDSZKOLNY W CHRÓŚCINIE PUBLICZNA SZKOŁA PODSTAWOWA W CHRÓŚCINIE,2023,"polski, matematyka, angielski",3.0,,,3.0,,,3.0,,
269894,"SZKOŁA PODSTAWOWA DLA DOROSŁYCH ""DR PIONTEK"" W ZDUŃSKIEJ WOLI",2023,"polski, matematyka, angielski",3.0,,,2.0,,,3.0,,
7505,SPOŁECZNA SZKOŁA PODSTAWOWA W RESTARZEWIE,2023,"polski, matematyka, angielski",4.0,,,4.0,,,4.0,,
3892,PUBLICZNA SZKOŁA PODSTAWOWA W ŁAGUSZEWIE,2023,"polski, matematyka, angielski",4.0,,,4.0,,,4.0,,
60580,SZKOŁA PODSTAWOWA W WYGODZIE,2023,"polski, matematyka, angielski",2.0,,,2.0,,,2.0,,
16881,SZKOŁA PODSTAWOWA W SELIGOWIE,2023,"polski, matematyka, angielski",4.0,,,4.0,,,4.0,,
272796,NIEPUBLICZNA SZKOŁA PODSTAWOWA Z ASPI-RACJAMI,2023,"polski, matematyka, angielski",3.0,,,3.0,,,3.0,,
119365,"SZKOŁA PODSTAWOWA FUNDACJI ""SŁONECZNA KRAINA""",2023,"polski, matematyka, angielski",4.0,,,4.0,,,4.0,,
272444,"SZKOŁA PODSTAWOWA DLA DOROSŁYCH ""DR PIONTEK""",2023,"polski, matematyka, angielski",3.0,,,3.0,,,3.0,,
131215,SZKOŁA PODSTAWOWA SPECJALNA NR 2 W STEMPLEWIE,2023,"polski, matematyka, angielski",2.0,,,2.0,,,2.0,,
22737,PUBLICZNA SZKOŁA PODSTAWOWA W STARYM KORCZYNIE,2023,"polski, matematyka, angielski",1.0,,,1.0,,,1.0,,
126697,SZKOŁA PODSTAWOWA IM. JANA PAWŁA II W KRZCIĘCICACH,2023,"polski, matematyka, angielski",4.0,,,4.0,,,4.0,,
119259,NIEPUBLICZNA SZKOŁA PODSTAWOWA SPECJALNA W WĘGRZYNOWIE,2023,"polski, matematyka, angielski",3.0,,,3.0,,,2.0,,
6550,SZKOŁA PODSTAWOWA NR 14 SPECJALNA IM. KAROLA WOJTYŁY-PAPIEŻA POLAKA W KIELCACH,2023,"polski, matematyka, angielski",1.0,,,1.0,,,1.0,,
119637,SZKOŁA PODSTAWOWA W ŚNIADCE,2023,"polski, matematyka, angielski",3.0,,,3.0,,,3.0,,
62595,SZKOŁA PODSTAWOWA W STAROCHĘCINACH,2023,"polski, matematyka, angielski",4.0,,,4.0,,,4.0,,
105794,PUBLICZNA SZKOŁA PODSTAWOWA IM. 100. ROCZNICY ODZYSKANIA NIEPODLEGŁOŚCI PRZEZ POLSKĘ W KORZECKU,2023,"polski, matematyka, angielski",3.0,,,3.0,,,3.0,,
278046,SZKOŁA PODSTAWOWA SPECJALNA W PODZAMCZU,2023,"polski, matematyka, angielski",4.0,,,4.0,,,4.0,,
73049,SZKOŁA PODSTAWOWA W PAPROCICACH,2023,"polski, matematyka, angielski",2.0,,,2.0,,,2.0,,
133561,SZKOŁA PODSTAWOWA W BARDZIE,2023,"polski, matematyka, angielski",4.0,,,4.0,,,4.0,,
20068,ZESPÓŁ PLACÓWEK OŚWIATOWYCH W BEDLNIE SZKOŁA PODSTAWOWA W BEDLNIE,2023,angielski,13.0,69.0,62.61538461538461,13.0,44.0,47.38461538461539,2.0,,
264112,SPECJALNA SZKOŁA PODSTAWOWA W JÓŹWIKOWIE,2023,angielski,7.0,31.0,27.142857142857142,7.0,40.0,33.714285714285715,4.0,,
11894,KATOLICKA SZKOŁA PODSTAWOWA MATKI BOŻEJ WYCHOWAWCZYNI W ODROWĄŻU,2023,"polski, matematyka, angielski",3.0,,,3.0,,,3.0,,
85881,PUBLICZNA SZKOŁA PODSTAWOWA W WOJCIECHOWICACH IM. GEN. FRANCISZKA KAMIŃSKIEGO KOMENDANTA GŁÓWNEGO BCH,2023,"polski, matematyka, angielski",4.0,,,4.0,,,4.0,,
69956,SZKOŁA PODSTAWOWA W STĘPOCICACH,2023,"polski, matematyka, angielski",4.0,,,4.0,,,4.0,,
124776,SZKOŁA PODSTAWOWA NR 1 W OKRĘGOWYM OŚRODKU WYCHOWAWCZYM W GACKACH,2023,"polski, matematyka, angielski",4.0,,,4.0,,,3.0,,
14368,SZKOŁA PODSTAWOWA IM. BOHATERÓW BITWY POD KONARAMI W KONARACH,2023,"polski, matematyka, angielski",4.0,,,4.0,,,4.0,,
14386,SZKOŁA PODSTAWOWA W GOŹLICACH,2023,"polski, matematyka, angielski",4.0,,,4.0,,,4.0,,
89837,SZKOŁA PODSTAWOWA W POSTRONNEJ,2023,"polski, matematyka, angielski",2.0,,,2.0,,,2.0,,
105469,NIEPUBLICZNA SZKOŁA PODSTAWOWA IM. ŚW. JADWIGI KRÓLOWEJ W GNIESZOWICACH,2023,"polski, matematyka, angielski",3.0,,,3.0,,,3.0,,
106028,PUBLICZNA SZKOŁA PODSTAWOWA W GŁAZOWIE,2023,"polski, matematyka, angielski",3.0,,,3.0,,,3.0,,
24786,PUBLICZNA SZKOŁA PODSTAWOWA W ŚMIECHOWICACH,2023,"polski, matematyka, angielski",2.0,,,2.0,,,2.0,,
11962,SZKOŁA PODSTAWOWA IM. 3 PUŁKU PIECHOTY LEGIONÓW ARMII KRAJOWEJ W SORBINIE,2023,"polski, matematyka, angielski",2.0,,,2.0,,,2.0,,
103421,SZKOŁA PODSTAWOWA LIPOWE POLE SKARBOWE,2023,"polski, matematyka, angielski",3.0,,,3.0,,,3.0,,
479746,SZKOŁA PODSTAWOWA W ZALEZIANCE,2023,"polski, matematyka, angielski",3.0,,,3.0,,,3.0,,
41385,„MAŁA SZKOŁA” PUBLICZNA SZKOŁA PODSTAWOWA W RUDNIKU,2023,"polski, matematyka, angielski",2.0,,,2.0,,,2.0,,
262525,PUBLICZNA SZKOŁA PODSTAWOWA W LIPIU,2023,"polski, matematyka, angielski",3.0,,,3.0,,,3.0,,
12876,PUBLICZNA SZKOŁA PODSTAWOWA W NIEDŹWIEDZIU,2023,"polski, matematyka, angielski",3.0,,,3.0,,,3.0,,
43551,PUBLICZNA SZKOŁA PODSTAWOWA IM. MARII KONOPNICKIEJ W SUCHOWOLI,2023,"polski, matematyka, angielski",4.0,,,4.0,,,4.0,,
69408,SZKOŁA PODSTAWOWA IM. JANA PAWŁA II W LUBCZYNIE,2023,angielski,14.0,59.0,55.357142857142854,14.0,28.0,38.57142857142857,3.0,,
69411,SZKOŁA PODSTAWOWA W JENIŃCU,2023,angielski,9.0,76.0,76.66666666666667,9.0,60.0,54.666666666666664,4.0,,
84005,SZKOŁA PODSTAWOWA W CHLEBOWIE,2023,angielski,14.0,61.0,57.5,14.0,36.0,39.714285714285715,3.0,,
75399,SZKOŁA PODSTAWOWA W GOSZCZANOWIE,2023,angielski,8.0,72.0,61.75,8.0,42.0,43.5,4.0,,
50290,SZKOŁA PODSTAWOWA W TUCZNIE,2023,angielski,12.0,59.0,55.25,12.0,58.0,55.0,1.0,,
50294,SZKOŁA PODSTAWOWA W OGARDACH,2023,angielski,12.0,62.0,60.666666666666664,12.0,50.0,47.0,1.0,,
50295,SZKOŁA PODSTAWOWA IM. KAZIMIERZA KREMERA W BOBRÓWKU,2023,angielski,15.0,64.0,66.86666666666666,15.0,48.0,51.2,4.0,,
55383,SZKOŁA PODSTAWOWA W GĄDKOWIE WIELKIM,2023,"polski, matematyka, angielski",3.0,,,3.0,,,,,
35250,SZKOŁA PODSTAWOWA W BOCZOWIE IM. LEŚNIKÓW LUBUSKICH,2023,angielski,27.0,62.0,56.851851851851855,27.0,24.0,36.0,,,
85201,NIEPUBLICZNA SZKOŁA PODSTAWOWA W ŻABICACH,2023,angielski,6.0,54.0,53.5,6.0,26.0,32.0,3.0,,
196412,CENTRUM KSZTAŁCENIA USTAWICZNEGO SZKOŁA PODSTAWOWA DLA DOROSŁYCH W ZIELONEJ GÓRZE,2023,"polski, matematyka, angielski",4.0,,,4.0,,,4.0,,
104435,SZKOŁA PODSTAWOWA W NOWYM KRAMSKU,2023,angielski,10.0,61.0,59.6,10.0,40.0,40.8,,,
80271,SZKOŁA PODSTAWOWA IM. JANA PAWŁA II W CHICHACH,2023,angielski,7.0,60.0,59.57142857142857,7.0,76.0,64.0,,,
274861,NIEPUBLICZNA SZKOŁA PODSTAWOWA W WIECHLICACH,2023,angielski,15.0,11.0,12.266666666666667,15.0,28.0,24.8,,,
12647,SZKOŁA PODSTAWOWA IM JANA PAWŁA II W NIWICY,2023,angielski,5.0,73.0,67.4,5.0,44.0,40.8,4.0,,
12662,SZKOŁA PODSTAWOWA IM. ORLĄT LWOWSKICH W ŻARKACH WIELKICH,2023,angielski,9.0,69.0,64.0,9.0,36.0,40.888888888888886,,,
264101,SZKOŁA PODSTAWOWA W ŻARACH ZAKŁADU DOSKONALENIA ZAWODOWEGO W ZIELONEJ GÓRZE,2023,angielski,20.0,13.0,22.4,19.0,16.0,15.578947368421053,,,
3946,SZKOŁA PODSTAWOWA IM. MIKOŁAJA KOPERNIKA W WYSZYNACH,2023,angielski,28.0,68.0,65.71428571428571,28.0,46.0,49.57142857142857,3.0,,
263777,NIEPUBLICZNA SZKOŁA PODSTAWOWA W PRÓCHNOWIE,2023,angielski,7.0,11.0,13.857142857142858,7.0,20.0,18.285714285714285,,,
264026,NIEPUBLICZNA SZKOŁA PODSTAWOWA W SZAMOCINIE,2023,angielski,21.0,20.0,19.80952380952381,21.0,16.0,14.857142857142858,,,
125557,SZKOŁA PODSTAWOWA W PRZYŁĘKACH,2023,angielski,5.0,78.0,77.8,5.0,44.0,40.8,2.0,,
4366,SZKOŁA PODSTAWOWA IM. POWSTAŃCÓW WIELKOPOLSKICH W MIAŁACH,2023,angielski,10.0,58.0,53.4,10.0,54.0,48.4,1.0,,
4416,SZKOŁA PODSTAWOWA IM. POLONII AMERYKAŃSKIEJ W GULCZU,2023,angielski,11.0,64.0,55.72727272727273,11.0,40.0,46.54545454545455,4.0,,
124908,SZKOŁA PODSTAWOWA NR 4 W ZAKŁADZIE POPRAWCZYM W TRZEMESZNIE,2023,"polski, matematyka, angielski",3.0,,,3.0,,,3.0,,
115407,NIEPUBLICZNA SZKOŁA PODSTAWOWA W GORZYKOWIE,2023,"polski, matematyka, angielski",4.0,,,4.0,,,4.0,,
124451,SZKOŁA PODSTAWOWA NR 3 W ZAKŁADZIE POPRAWCZYM W GRODZISKU WIELKOPOLSKIM,2023,"polski, matematyka, angielski",1.0,,,1.0,,,1.0,,
43977,NIEPUBLICZNA SZKOŁA PODSTAWOWA W BACHORZEWIE,2023,angielski,9.0,56.0,52.666666666666664,9.0,36.0,44.0,3.0,,
90636,NIEPUBLICZNA SZKOŁA PODSTAWOWA W ŁUSZCZANOWIE,2023,angielski,14.0,57.5,54.0,14.0,26.0,30.285714285714285,,,
22785,SZKOŁA PODSTAWOWA IM. ARKADEGO FIEDLERA W SŁAWOSZEWIE Z SIEDZIBĄ W PARZEWIE,2023,angielski,11.0,62.0,56.09090909090909,11.0,36.0,34.90909090909091,,,
21585,PUBLICZNA SZKOŁA PODSTAWOWA STOWARZYSZENIA PRZYJACIÓŁ SZKÓŁ KATOLICKICHH,2023,"polski, matematyka, angielski",3.0,,,3.0,,,3.0,,
85256,SZKOŁA PODSTAWOWA IM. KS. JANA TWARDOWSKIEGO W ŻYDOWIE,2023,"polski, matematyka, angielski",2.0,,,2.0,,,2.0,,
55367,SZKOŁA PODSTAWOWA W CIEPIELEWIE,2023,"polski, matematyka, angielski",2.0,,,2.0,,,2.0,,
18226,SZKOŁA PODSTAWOWA SPECJALNA NR 20 PRZY WOJEWÓDZKIM SZPITALU ZESPOLONYM IM. LUDWIKA PERZYNY W KALISZU,2023,"polski, matematyka, angielski",1.0,,,1.0,,,1.0,,
3470,SZKOŁA PODSTAWOWA W DROŻKACH,2023,"polski, matematyka, angielski",4.0,,,4.0,,,4.0,,
264578,NIEPUBLICZNA SZKOŁA PODSTAWOWA W CHRAPLEWIE,2023,angielski,16.0,24.5,29.125,16.0,14.0,18.0,,,
58451,SZKOŁA PODSTAWOWA IM. BRONISŁAWA MALINOWSKIEGO W CHRUSTOWIE,2023,angielski,16.0,58.0,58.1875,16.0,40.0,39.5,4.0,,
11227,SZKOŁA PODSTAWOWA W NABYSZYCACH,2023,"polski, matematyka, angielski",1.0,,,1.0,,,1.0,,
120966,NIEPUBLICZNA SZKOŁA PODSTAWOWA WE FRANKLINOWIE,2023,"polski, matematyka, angielski",4.0,,,4.0,,,4.0,,
123570,NIEPUBLICZNA SZKOŁA PODSTAWOWA W WYSOCKU WIELKIM,2023,"polski, matematyka, angielski",4.0,,,4.0,,,4.0,,
72747,SZKOŁA PODSTAWOWA W ZAMOŚCIU,2023,"polski, matematyka, angielski",4.0,,,4.0,,,4.0,,
118748,PUBLICZNA SZKOŁA PODSTAWOWASTOWARZYSZENIA PRZYJACIÓŁ SZKÓŁ KATOLICKICH,2023,"polski, matematyka, angielski",3.0,,,3.0,,,3.0,,
263790,SZKOŁA PODSTAWOWA SPECJALNA,2023,"polski, matematyka, angielski",4.0,,,4.0,,,4.0,,
124175,SZKOŁA PODSTAWOWA MONTESSORI INTERNATIONAL SCHOOL,2023,"polski, matematyka, angielski",2.0,,,2.0,,,2.0,,
262641,PRYWATNA SZKOŁA PODSTAWOWA DLA DOROSŁYCH IM. JULIUSZA KOSSAKA,2023,angielski,5.0,16.0,21.6,5.0,20.0,28.0,4.0,,
124811,SZKOŁA PODSTAWOWA NR 98 W ZAKŁADZIE POPRAWCZYM W POZNANIU,2023,"polski, matematyka, angielski",1.0,,,1.0,,,1.0,,
131479,NIEPUBLICZNA SZKOŁA PODSTAWOWA O!MEGA,2023,"polski, matematyka, angielski",4.0,,,4.0,,,4.0,,
277113,"NIEPUBLICZNA SZKOŁA PODSTAWOWA ""OTWARTE DRZWI - PREMIUM""",2023,"polski, matematyka, angielski",2.0,,,2.0,,,2.0,,
262803,SZKOŁA PODSTAWOWA UNI-TERRA,2023,"polski, matematyka, angielski",2.0,,,2.0,,,2.0,,
8696,SZKOŁA PODSTAWOWA MONTESSORI,2023,"polski, matematyka, angielski",2.0,,,2.0,,,2.0,,
67768,SZKOŁA PODSTAWOWA IM. KOPANICKIEJ DRUŻYNY POWSTAŃCÓW WIELKOPOLSKICH,2023,angielski,16.0,63.0,55.75,16.0,22.0,35.25,4.0,,
265052,NIEPUBLICZNA SZKOŁA PODSTAWOWA W WOLSZTYNIE ZAKŁADU DOSKONALENIA ZAWODOWEGO W ZIELONEJ GÓRZE,2023,angielski,15.0,16.0,19.466666666666665,15.0,16.0,13.866666666666667,,,
123807,SPOŁECZNA SZKOŁA PODSTAWOWA WE WSZEMBORZU,2023,"polski, matematyka, angielski",3.0,,,3.0,,,3.0,,
61404,SZKOŁA PODSTAWOWA IM. MARII KILAR W KLESZCZYNIE,2023,angielski,10.0,61.0,60.9,10.0,48.0,56.0,,,
264470,SZKOŁA PODSTAWOWA SPECJALNA W PODBORSKU,2023,angielski,9.0,13.0,15.0,9.0,20.0,17.77777777777778,,,
68007,SZKOŁA PODSTAWOWA W ZIELENIEWIE,2023,angielski,11.0,64.0,61.81818181818182,11.0,32.0,39.27272727272727,1.0,,
42402,SZKOŁA PODSTAWOWA IM. MŁODYCH EKOLOGÓW W CZELINIE,2023,angielski,8.0,53.5,53.125,8.0,38.0,43.0,1.0,,
80353,PUBLICZNA SZKOŁA PODSTAWOWA W TROSZYNIE,2023,angielski,11.0,67.0,63.54545454545455,11.0,24.0,29.818181818181817,1.0,,
124457,SZKOŁA PODSTAWOWA NR 20 W ZAKŁADZIE POPRAWCZYM W KOSZALINIE,2023,"polski, matematyka, angielski",3.0,,,3.0,,,,,
19312,SZKOŁA PODSTAWOWA IM. JANA BRZECHWY W KŁANINIE,2023,"polski, matematyka, angielski",4.0,,,4.0,,,4.0,,
14965,SZKOŁA PODSTAWOWA W DRZEWIANACH,2023,"polski, matematyka, angielski",3.0,,,3.0,,,3.0,,
39702,SZKOŁA PODSTAWOWA SPECJALNA,2023,angielski,5.0,36.0,33.8,5.0,36.0,37.6,1.0,,
44256,SZKOŁA PODSTAWOWA IM. JANA PAWŁA II W MOSTKOWIE,2023,angielski,9.0,67.0,61.333333333333336,9.0,24.0,40.888888888888886,,,
262330,SZKOŁA PODSTAWOWA DLA DOROSŁYCH W BARLINKU,2023,angielski,22.0,38.0,36.86363636363637,22.0,16.0,15.818181818181818,,,
58578,SZKOŁA PODSTAWOWA IM. ADAMA MICKIEWICZA W GOLENICACH,2023,angielski,8.0,58.5,54.75,8.0,28.0,33.5,4.0,,
34609,PUBLICZNA SZKOŁA PODSTAWOWA IM. KORNELA MAKUSZYŃSKIEGO W JESIONOWIE,2023,angielski,5.0,76.0,70.6,5.0,80.0,60.0,1.0,,
115470,PRYWATNA OGÓLNOKSZTAŁCĄCA SZKOŁA MUZYCZNA I ST. LEONARDA PIWONI W SZCZECINIE,2023,"polski, matematyka, angielski",3.0,,,3.0,,,3.0,,
124482,SZKOŁA PODSTAWOWA NR 75 W OKRĘGOWYM OŚRODKU WYCHOWAWCZYM W SZCZECINIE,2023,"polski, matematyka, angielski",3.0,,,3.0,,,,,
86624,SZKOŁA PODSTAWOWA SPECJALNA NR 17,2023,angielski,5.0,38.0,43.2,5.0,24.0,32.0,4.0,,
264084,NIEPUBLICZNA OGÓLNOKSZTAŁCĄCA SZKOŁA MUZYCZNA I STOPNIA PROMYK IM. IGNACEGO JANA PADEREWSKIEGO W SZCZECINIE,2023,"polski, matematyka, angielski",1.0,,,1.0,,,1.0,,
278305,SZKOŁA PODSTAWOWA SAIL INTERNATIONAL SCHOOL,2023,"polski, matematyka, angielski",4.0,,,4.0,,,4.0,,
268378,SZKOŁA PODSTAWOWA IM. JULIANA TUWIMA W DRZONOWIE,2023,angielski,6.0,67.0,65.66666666666667,6.0,24.0,28.0,2.0,,
9433,SZKOŁA PODSTAWOWA W WIERZCHOWIE,2023,angielski,18.0,53.0,53.333333333333336,18.0,42.0,46.44444444444444,,,
9518,SZKOŁA PODSTAWOWA W PARSĘCKU,2023,angielski,8.0,61.0,63.625,8.0,32.0,37.5,4.0,,
272551,SZKOŁA PODSTAWOWA DLA DOROSŁYCH W WAŁCZU,2023,angielski,10.0,11.0,14.1,10.0,14.0,15.2,,,
267763,PUBLICZNA SZKOŁA PODSTAWOWA W OPARZNIE,2023,angielski,13.0,58.0,57.61538461538461,13.0,24.0,28.923076923076923,4.0,,
24396,SZKOŁA PODSTAWOWA W CHOTUMIU,2023,"polski, matematyka, angielski",3.0,,,3.0,,,3.0,,
12051,SZKOŁA PODSTAWOWA W WOLI MŁOCKIEJ,2023,"polski, matematyka, angielski",4.0,,,4.0,,,4.0,,
263535,SZKOŁA PODSTAWOWA SPECJALNA W MŁODZIEŻOWYM OŚRODKU WYCHOWAWCZYM W GOŁOTCZYŹNIE,2023,"polski, matematyka, angielski",4.0,,,4.0,,,3.0,,
74367,SZKOŁA PODSTAWOWA SPECJALNA NR 2 W ZESPOLE SZKÓŁ SPECJALNYCH NR 2 W GARWOLINIE,2023,"polski, matematyka, angielski",3.0,,,3.0,,,2.0,,
6325,NIEPUBLICZNA SZKOŁA PODSTAWOWA IM. JANA PAWŁA II W BRZEGACH,2023,"polski, matematyka, angielski",3.0,,,3.0,,,3.0,,
129776,INTEGRACYJNA SZKOŁA MONTESSORI DRUGIE PIĘTRO,2023,"polski, matematyka, angielski",4.0,,,4.0,,,4.0,,
66475,PUBLICZNA SZKOŁA PODSTAWOWA IM. MARII KONOPNICKIEJ W PIECZYSKACH,2023,"polski, matematyka, angielski",3.0,,,3.0,,,3.0,,
272999,NIEPUBLICZNA ZAOCZNA SZKOŁA PODSTAWOWA DLA DOROSŁYCH W GRÓJCU,2023,angielski,12.0,19.0,24.166666666666668,12.0,16.0,16.0,,,
3518,PUBLICZNA SZKOŁA PODSTAWOWA IM.ŚW.STANISŁAWA KOSTKI W CHODKOWIE WIELKIM,2023,"polski, matematyka, angielski",4.0,,,4.0,,,4.0,,
125097,SZKOŁA PODSTAWOWA NR 2 W ZAKŁADZIE POPRAWCZYM I W SCHRONISKU DLA NIELETNICH W MROZACH,2023,"polski, matematyka, angielski",2.0,,,2.0,,,2.0,,
119011,PRYWATNA SZKOŁA PODSTAWOWA IM. RODZINY MORACZEWSKICH,2023,"polski, matematyka, angielski",1.0,,,1.0,,,2.0,,
276102,PRYWATNA SZKOŁA PODSTAWOWA INSYGNIA,2023,polski,3.0,,,5.0,16.0,18.4,5.0,51.0,50.8
25707,SZKOŁA PODSTAWOWA W PROSZKOWIE,2023,"polski, matematyka, angielski",4.0,,,4.0,,,4.0,,
91573,NIEPUBLICZNA SZKOŁA PODSTAWOWA W TRYNOSACH-OSIEDLE,2023,"polski, matematyka, angielski",3.0,,,3.0,,,3.0,,
106701,SZKOŁA PODSTAWOWA W JASTRZĄBCE,2023,"polski, matematyka, angielski",4.0,,,4.0,,,4.0,,
38804,SZKOŁA PODSTAWOWA IM. ŚW. STANISŁAWA KOSTKI W KUNINIE,2023,"polski, matematyka, angielski",4.0,,,4.0,,,4.0,,
39641,SZKOŁA PODSTAWOWA IM. JANUSZA KORCZAKA W PASIEKACH,2023,"polski, matematyka, angielski",4.0,,,4.0,,,4.0,,
56191,PUBLICZNA SZKOŁA PODSTAWOWA SIGIE IM KAROLA ADAMIECKIEGO W PEŁTACH,2023,"polski, matematyka, angielski",1.0,,,1.0,,,1.0,,
119714,SZKOŁA PODSTAWOWA W BIAŁUSNYM LASKU,2023,"polski, matematyka, angielski",4.0,,,4.0,,,4.0,,
124721,SZKOŁA PODSTAWOWA NR 2 W LASKOWCU,2023,angielski,7.0,20.0,22.285714285714285,7.0,16.0,20.0,2.0,,
62578,SZKOŁA PODSTAWOWA IM. KAROLA ADAMIECKIEGO W PUPKOWIŹNIE,2023,"polski, matematyka, angielski",4.0,,,4.0,,,4.0,,
478547,AKADEMIA ŚWIĘTEGO STANISŁAWA PAPCZYŃSKIEGO - SZKOŁA PODSTAWOWA,2023,"polski, matematyka, angielski",3.0,,,3.0,,,3.0,,
273522,NIEPUBLICZNA SZKOŁA PODSTAWOWA THAMES BRITISH SCHOOL,2023,"polski, matematyka",3.0,,,3.0,,,9.0,89.0,79.77777777777777
4983,SZKOŁA PODSTAWOWA W ULATOWIE-ADAMACH,2023,"polski, matematyka, angielski",4.0,,,4.0,,,3.0,,
104690,NIEPUBLICZNA SZKOŁA PODSTAWOWA IM. MARSZAŁKA JÓZEFA PIŁSUDSKIEGO W ORSZYMOWIE,2023,"polski, matematyka, angielski",2.0,,,2.0,,,2.0,,
70798,SZKOŁA PODSTAWOWA,2023,"polski, matematyka, angielski",4.0,,,4.0,,,4.0,,
129750,NIEPUBLICZNA SZKOŁA PODSTAWOWA IM. HENRYKA SIENKIEWICZA W NOWYM RADZIKOWIE,2023,"polski, matematyka, angielski",2.0,,,2.0,,,2.0,,
13613,SZKOŁA PODSTAWOWA IM. POWSTAŃCÓW STYCZNIOWYCH 1863 R. W SMARDZEWIE,2023,angielski,6.0,74.5,74.83333333333333,6.0,64.0,60.666666666666664,4.0,,
123498,NIEPUBLICZNA SZKOŁA PODSTAWOWA INTERNATIONAL ELEMENTARY SCHOOL,2023,"polski, matematyka, angielski",4.0,,,4.0,,,4.0,,
86863,OGÓLNOKSZTAŁCACA SZKOŁA MUZYCZNA I STOPNIA W ZESPOLE SZKÓŁ MUZYCZNYCH IM. OSKARA KOLBERGA,2023,"polski, matematyka, angielski",4.0,,,4.0,,,4.0,,
9205,"NIEPUBLICZNA SZKOŁA PODSTAWOWA W OWADOWIE IM. DANUTY SIEDZIKÓWNY PS. ""INKA""",2023,"polski, matematyka, angielski",4.0,,,4.0,,,4.0,,
107181,PUBLICZNA SZKOŁA PODSTAWOWA IM. ARMII KRAJOWEJ W SUCHEJ,2023,"polski, matematyka, angielski",4.0,,,4.0,,,4.0,,
2970,NIEPUBLICZNA SZKOŁA PODSTAWOWA W GOŁĄBKU,2023,"polski, matematyka, angielski",2.0,,,2.0,,,2.0,,
65137,SZKOŁA PODSTAWOWA W SUDRAGACH,2023,angielski,11.0,71.0,66.81818181818181,11.0,52.0,58.90909090909091,1.0,,
121754,NIEPUBLICZNA SZKOŁA PODSTAWOWA IM. TADEUSZA KOŚCIUSZKI W GRĄBCU,2023,"polski, matematyka, angielski",4.0,,,4.0,,,4.0,,
91242,PUBLICZNA SZKOŁA PODSTAWOWA W BUJAŁACH MIKOSZACH,2023,"polski, matematyka, angielski",4.0,,,4.0,,,4.0,,
70560,SZKOŁA PODSTAWOWA W NOWEJ WSI,2023,angielski,8.0,78.0,75.625,8.0,58.0,54.5,4.0,,
84204,SZKOŁA PODSTAWOWA IM. M. KONOPNICKIEJ Z ODDZIAŁEM PRZEDSZKOLNYM,2023,angielski,5.0,67.0,60.0,5.0,28.0,35.2,4.0,,
84199,SZKOŁA PODSTAWOWA IM. PŁK. DIONIZEGO CZACHOWSKIEGO Z ODDZIAŁEM PRZEDSZKOLNYM,2023,"polski, matematyka, angielski",1.0,,,1.0,,,1.0,,
128371,PUBLICZNA SZKOŁA PODSTAWOWA W NOWYM DWORZE,2023,"polski, matematyka, angielski",2.0,,,2.0,,,2.0,,
263810,PUBLICZNA SZKOŁA PODSTAWOWA SPECJALNA W SZYDŁOWCU,2023,"polski, matematyka, angielski",2.0,,,2.0,,,2.0,,
105308,SZKOŁA PODSTAWOWA SPECJALNA NR 201,2023,angielski,6.0,41.0,40.0,6.0,22.0,20.0,4.0,,
90364,PAŃSTWOWA OGÓLNOKSZTAŁCĄCA SZKOŁA MUZYCZNA I ST. IM. EMILA MŁYNARSKIEGO W WARSZAWIE,2023,"polski, matematyka, angielski",2.0,,,2.0,,,2.0,,
53015,"NIEPUBLICZNA SZKOŁA PODSTAWOWA ""INTERNATIONAL TRILINGUAL SCHOOL OF WARSAW""",2023,"polski, matematyka, angielski",3.0,,,3.0,,,3.0,,
262848,NIEPUBLICZNA SZKOŁA PODSTAWOWA NR 38 Z ODDZIAŁAMI INTEGRACYJNYMI IM. IRENY SENDLEROWEJ,2023,polski,4.0,,,5.0,68.0,67.2,5.0,87.0,78.0
25033,INTERNATIONAL AMERICAN SCHOOL SP. Z O.O. AMERYKAŃSKA SZKOŁA PODSTAWOWA NIEPUBLICZNA NR 44,2023,"polski, matematyka, angielski",3.0,,,3.0,,,3.0,,
125191,SZKOŁA PODSTAWOWA NR 235 W OKRĘGOWYM OŚRODKU WYCHOWAWCZYM W WARSZAWIE-FALENICY,2023,"polski, matematyka, angielski",4.0,,,4.0,,,4.0,,
105302,SZKOŁA PODSTAWOWA SPECJALNA NR 349 W MŁODZIEŻOWYM OŚRODKU SOCJOTERAPII NR 8,2023,"polski, matematyka, angielski",4.0,,,4.0,,,4.0,,
29950,SZKOŁA PODSTAWOWA NIEPUBLICZNA KOLEGIUM ŚW. STANISŁAWA KOSTKI,2023,"polski, matematyka",3.0,,,3.0,,,9.0,80.0,63.0
114664,SZKOŁA PODSTAWOWA AKADEMIA DOBREJ EDUKACJI IM. GEN. JÓZEFA SOWIŃSKIEGO,2023,"polski, matematyka, angielski",2.0,,,2.0,,,2.0,,
272680,NIEPUBLICZNA SZKOŁA PODSTAWOWA POD WIELKIM DACHEM NIEBA,2023,"polski, matematyka, angielski",1.0,,,1.0,,,1.0,,
278456,NIEPUBLICZNA SZKOŁA PODSTAWOWA EDUART IM. LEONARDA DA VINCI,2023,"polski, matematyka, angielski",1.0,,,1.0,,,1.0,,
278442,NIEPUBLICZNA SZKOŁA PODSTAWOWA FUNDACJI ADYS,2023,"polski, matematyka, angielski",3.0,,,3.0,,,3.0,,
103400,SZKOŁA PODSTAWOWA SPECJALNA W ZESPOLE SZKÓŁ SPECJALNYCH W BRAŃSZCZYKU,2023,"polski, matematyka, angielski",4.0,,,4.0,,,4.0,,
123985,"SZKOŁA PODSTAWOWA IM. HM. PPOR. AK ""ZOŚKI"" T. ZAWADZKIEGO W SIECZYCHACH",2023,angielski,5.0,58.0,57.0,5.0,32.0,28.8,4.0,,
29894,SZKOŁA PODSTAWOWA W ŁOSINNIE,2023,"polski, matematyka, angielski",4.0,,,4.0,,,4.0,,
119294,NIEPUBLICZNA SZKOŁA PODSTAWOWA IM. JANUSZA KORCZAKA W KOŁODZIĄŻU,2023,"polski, matematyka, angielski",4.0,,,4.0,,,4.0,,
119295,NIEPUBLICZNA SZKOŁA PODSTAWOWA W ORZEŁKU,2023,"polski, matematyka, angielski",1.0,,,1.0,,,1.0,,
82491,SZKOŁA PODSTAWOWA W OLSZANCE,2023,angielski,6.0,63.0,56.333333333333336,6.0,30.0,40.0,4.0,,
42491,SZKOŁA PODSTAWOWA W RUSKOWIE,2023,"polski, matematyka, angielski",3.0,,,3.0,,,2.0,,
111213,SAMORZĄDOWA SZKOŁA PODSTAWOWA IM. ŚW. ST. KOSTKI W SWOJECINIE,2023,"polski, matematyka, angielski",3.0,,,3.0,,,3.0,,
8851,SZKOŁA PODSTAWOWA W KLICZEWIE DUŻYM,2023,"polski, matematyka, angielski",4.0,,,4.0,,,4.0,,
124924,SZKOŁA PODSTAWOWA W OKRĘGOWYM OŚRODKU WYCHOWAWCZYM W STUDZIEŃCU,2023,"polski, matematyka, angielski",2.0,,,2.0,,,2.0,,
262666,EUROPEJSKA SZKOŁA PODSTAWOWA Z ODDZIAŁAMI PRZYSPOSABIAJĄCYMI DO PRACY,2023,angielski,12.0,19.0,18.75,12.0,12.0,12.333333333333334,2.0,,
131306,NIEPUBLICZNA SZKOŁA PODSTAWOWA IM. JANUSZA KORCZAKA W DZIERŻONIOWIE,2023,"polski, matematyka, angielski",1.0,,,1.0,,,1.0,,
263508,SZKOŁA PODSTAWOWA DLA DOROSŁYCH W GŁOGOWIE,2023,"polski, matematyka, angielski",3.0,,,3.0,,,3.0,,
124982,SZKOŁA PODSTAWOWA NR 4 W ZAKŁADZIE POPRAWCZYM I SCHRONISKU DLA NIELETNICH W GŁOGOWIE,2023,angielski,14.0,17.0,20.571428571428573,14.0,20.0,22.571428571428573,,,
16254,SZKOŁA PODSTAWOWA IM. WŁADYSŁAWA BRONIEWSKIEGO W PASZOWICACH,2023,angielski,13.0,51.0,52.69230769230769,13.0,32.0,41.53846153846154,,,
50475,SZKOŁA PODSTAWOWA WALISZOWSKIEGO STOWARZYSZENIA EDUKACYJNEGO,2023,angielski,8.0,55.5,55.0,8.0,24.0,35.5,1.0,,
105874,SZKOŁA PODSTAWOWA SPECJALNA NR 8 W MŁODZIEŻOWYM OŚRODKU SOCJOTERAPII W KŁODZKU,2023,angielski,27.0,36.0,34.888888888888886,26.0,12.0,15.076923076923077,,,
133562,SZKOŁA PODSTAWOWA NR 5 W LEGNICY,2023,"polski, matematyka",1.0,,,1.0,,,15.0,29.0,39.93333333333333
272708,EDUCROSS SZKOŁA PODSTAWOWA DLA DOROSŁYCH W LEGNICY,2023,"polski, matematyka, angielski",3.0,,,3.0,,,3.0,,
87183,SZKOŁA PODSTAWOWA IM. JANA BRZECHWY W BUDZIWOJOWIE,2023,"polski, matematyka, angielski",4.0,,,4.0,,,4.0,,
104377,SZKOŁA PODSTAWOWA WE WŁODZICACH WIELKICH,2023,angielski,7.0,58.0,60.714285714285715,7.0,24.0,30.857142857142858,3.0,,
61336,SZKOŁA PODSTAWOWA W STRADOMI WIERZCHNIEJ,2023,angielski,7.0,71.0,69.42857142857143,7.0,48.0,59.42857142857143,4.0,,
105026,SZKOŁA PODSTAWOWA W ŚCINAWIE POLSKIEJ,2023,"polski, matematyka, angielski",3.0,,,3.0,,,,,
6247,SZKOŁA PODSTAWOWA IM.JANA PAWŁA II W ŻELOWICACH,2023,"matematyka, angielski",5.0,62.0,51.0,4.0,,,,,
133959,SZKOŁA PODSTAWOWA DLA DOROSŁYCH W WAŁBRZYCHU,2023,"polski, matematyka, angielski",3.0,,,3.0,,,3.0,,
265515,SZKOŁA PODSTAWOWA IM. JANA ADAMA DE GARNIER W GŁĘBOWICACH,2023,"polski, matematyka, angielski",4.0,,,4.0,,,3.0,,
11315,SZKOŁA PODSTAWOWA SPECJALNA NR 2,2023,"polski, matematyka, angielski",4.0,,,4.0,,,4.0,,
14271,POLSKO-BRYTYJSKA DWUJĘZYCZNA SZKOŁA PODSTAWOWA,2023,"polski, matematyka, angielski",2.0,,,2.0,,,2.0,,
133948,SZKOŁA PODSTAWOWA UNISPORT,2023,"polski, matematyka",4.0,,,4.0,,,5.0,93.0,88.0
3232,SZKOŁA PODSTAWOWA IM. KORNELA MAKUSZYŃSKIEGO W OSIEKU ŁUŻYCKIM,2023,angielski,18.0,73.5,71.83333333333333,18.0,28.0,36.0,3.0,,
92849,SZKOŁA PODSTAWOWA IM. WŁODZIMIERZA PUCHALSKIEGO W PROBOSZCZOWIE,2023,angielski,10.0,54.5,52.3,10.0,22.0,25.2,2.0,,
92851,SZKOŁA PODSTAWOWA W SĘDZIMIROWIE,2023,"polski, matematyka, angielski",2.0,,,2.0,,,2.0,,
20426,ZESPÓŁ SZKOLNO – PRZEDSZKOLNY W LASOWICACH WIELKICH SZKOŁA PODSTAWOWA W LASKOWICACH,2023,angielski,7.0,64.0,57.857142857142854,7.0,56.0,58.285714285714285,4.0,,
22420,SZKOŁA PODSTAWOWA IM. TADEUSZA KOŚCIUSZKI W SMARCHOWICACH WIELKICH,2023,angielski,8.0,53.5,53.625,8.0,38.0,48.0,4.0,,
39057,"PUBLICZNA SZKOŁA PODSTAWOWA STOWARZYSZENIA EDUKACYJNEGO ""UŚMIECH DZIECKA"" W CHARBIELINIE",2023,"polski, matematyka, angielski",4.0,,,4.0,,,4.0,,
39015,"PUBLICZNA SZKOŁA PODSTAWOWA STOWARZYSZENIA ROZWOJU I EDUKACJI ""NASZA SZKOŁA"" W SŁAWNIOWICACH",2023,"polski, matematyka, angielski",2.0,,,2.0,,,2.0,,
81429,SZKOŁA PODSTAWOWA W JARNOŁTOWIE,2023,angielski,11.0,60.0,47.36363636363637,11.0,32.0,37.45454545454545,1.0,,
6438,PUBLICZNA SZKOŁA PODSTAWOWA STOWARZYSZENIA PRZYJACIÓŁ SZKÓŁ KATOLICKICH W NOWAKACH,2023,"polski, matematyka, angielski",4.0,,,4.0,,,4.0,,
119774,ZESPÓŁ SZKOLNO-PRZEDSZKOLNY SZKOŁA PODSTAWOWA W GOSŁAWICACH,2023,"polski, matematyka, angielski",4.0,,,4.0,,,3.0,,
72319,PUBLICZNA SZKOŁA PODSTAWOWA W BODZANOWICACH,2023,"polski, matematyka, angielski",4.0,,,4.0,,,4.0,,
263734,SZKOŁA PODSTAWOWA SPECJALNA PRZY MŁODZIEŻOWYM OŚRODKU WYCHOWAWCZYM W JULIANPOLU,2023,"polski, matematyka, angielski",3.0,,,3.0,,,3.0,,
11758,PUBLICZNA SZKOŁA PODSTAWOWA W LIGOCIE PRÓSZKOWSKIEJ,2023,angielski,7.0,64.0,62.0,7.0,44.0,48.57142857142857,2.0,,
88691,SZKOŁA PODSTAWOWA IM. KS. KAN. JANA MATUSIAKA W OSTROWĄSIE,2024,"polski, matematyka, angielski",4.0,,,4.0,,,4.0,,
88692,"SZKOŁA PODSTAWOWA IM.MJR HENRYKA DOBRZAŃSKIEGO ""HUBALA"" W PRZYBRANOWIE",2024,"polski, matematyka, angielski",3.0,,,3.0,,,3.0,,
86316,SZKOŁA PODSTAWOWA W ŚWIĘTEM,2024,"polski, matematyka, angielski",4.0,,,4.0,,,4.0,,
110150,SZKOŁA PODSTAWOWA W NISZCZEWACH,2024,"polski, matematyka, angielski",3.0,,,3.0,,,3.0,,
119049,SZKOŁA PODSTAWOWA STOWARZYSZENIA PRZYJACIÓŁ SZKÓŁ KATOLICKICH IM. ŚW. JÓZEFA SANCHEZA DEL RIOW SINIARZEWIE,2024,"polski, matematyka, angielski",3.0,,,3.0,,,3.0,,
264143,SZKOŁA PODSTAWOWA DLA DOROSŁYCH W BRODNICY,2024,angielski,11.0,13.0,11.818181818181818,11.0,16.0,14.909090909090908,,,
9371,SZKOŁA PODSTAWOWA SPSK,2024,"polski, matematyka, angielski",2.0,,,2.0,,,1.0,,
14356,SZKOŁA PODSTAWOWA W JANOWIE,2024,"polski, matematyka, angielski",4.0,,,4.0,,,4.0,,
125684,SZKOŁA PODSTAWOWA NR 4 W OKRĘGOWYM OŚRODKU WYCHOWAWCZYM W KORONOWIE,2024,angielski,8.0,33.5,43.25,8.0,14.0,14.0,3.0,,
12943,SZKOŁA PODSTAWOWA DLA DOROSŁYCH W BYDGOSZCZY,2024,"polski, matematyka, angielski",2.0,,,2.0,,,2.0,,
56042,SZKOŁA PODSTAWOWA SPECJALNA NR 68 DLA DZIECI I MŁODZIEŻY SŁABO SŁYSZĄCEJ I NIESŁYSZĄCEJ W BYDGOSZCZY,2024,"polski, matematyka, angielski",1.0,,,1.0,,,1.0,,
263368,SZKOŁA PODSTAWOWA CENTRUM EDUKACJI MONTESSORI W BYDGOSZCZY,2024,"polski, matematyka, angielski",3.0,,,3.0,,,3.0,,
275648,SZKOŁA PODSTAWOWA IM. ŚW. STANISŁAWA KOSTKI W BYDGOSZCZY,2024,"polski, matematyka, angielski",2.0,,,2.0,,,2.0,,
122564,SZKOŁA PODSTAWOWA W TRZEBCZYKU,2024,"polski, matematyka, angielski",1.0,,,1.0,,,1.0,,
5374,NIEPUBLICZNA SZKOŁA PODSTAWOWA W BRUKACH UNISŁAWSKICH,2024,"polski, matematyka, angielski",2.0,,,2.0,,,2.0,,
82413,SZKOŁA PODSTAWOWA W LISEWIE,2024,"polski, matematyka, angielski",4.0,,,4.0,,,4.0,,
196369,SZKOŁA PODSTAWOWA W GAŁCZEWIE IM.MIKOŁAJA KOPERNIKA,2024,"polski, matematyka, angielski",4.0,,,4.0,,,4.0,,
40814,SZKOŁA PODSTAWOWA IM. POWSTAŃCÓW STYCZNIOWYCH W KLONOWIE,2024,"polski, matematyka, angielski",4.0,,,4.0,,,4.0,,
53643,SZKOŁA PODSTAWOWA IM. 16. PUŁKU ARTYLERII LEKKIEJ W PLEMIĘTACH,2024,"polski, matematyka, angielski",3.0,,,3.0,,,3.0,,
28685,SZKOŁA PODSTAWOWA W SZONOWIE,2024,angielski,8.0,68.0,71.125,8.0,44.0,49.0,,,
28681,SZKOŁA PODSTAWOWA W ZAWDZIE,2024,angielski,6.0,70.0,65.16666666666667,6.0,22.0,23.333333333333332,,,
53421,SZKOŁA PODSTAWOWA IM. GEN. WŁADYSŁAWA SIKORSKIEGO W PARCHANIU,2024,"polski, matematyka, angielski",4.0,,,4.0,,,4.0,,
68296,SZKOŁA PODSTAWOWA IM. SEJMU RP W WÓLCE,2024,"polski, matematyka, angielski",2.0,,,2.0,,,2.0,,
84631,SZKOŁA PODSTAWOWA IM. KAZIMIERZA WOŹNIECKIEGO W JEZIORACH WIELKICH Z FILIĄ W RZESZYNKU,2024,"polski, matematyka, angielski",2.0,,,2.0,,,2.0,,
266073,SZKOŁA PODSTAWOWA SPECJALNA NR 2 W STRZELNIE,2024,"polski, matematyka, angielski",2.0,,,2.0,,,2.0,,
125643,SZKOŁA PODSTAWOWA NR 3 W ZAKŁADZIE POPRAWCZYM W KCYNI,2024,"polski, matematyka, angielski",1.0,,,1.0,,,1.0,,
69425,SZKOŁA PODSTAWOWA IM. ORŁA BIAŁEGO W PALMIEROWIE,2024,"polski, matematyka, angielski",4.0,,,4.0,,,4.0,,
103512,"NIEPUBLICZNA SZKOŁA PODSTAWOWA STOWARZYSZENIA ""ŻAKUS"" W ANIELINACH",2024,"polski, matematyka, angielski",3.0,,,3.0,,,3.0,,
73000,PUBLICZNA SZKOŁA PODSTAWOWA W BYCZYNIE,2024,"polski, matematyka, angielski",2.0,,,2.0,,,2.0,,
5529,NIEPUBLICZNA SZKOŁA PODSTAWOWA IM. ŚW. JANA PAWŁA II W POCIERZYNIE I W KOŚCIELNEJ WSI,2024,"polski, matematyka, angielski",4.0,,,4.0,,,4.0,,
11307,PUBLICZNA SZKOŁA PODSTAWOWA IM. WŁADYSŁAWA BRONIEWSKIEGO W BYCZU,2024,"polski, matematyka, angielski",3.0,,,3.0,,,3.0,,
88222,SZKOŁA PODSTAWOWA IM. ZYGMUNTA PADLEWSKIEGO W NADROŻU,2024,"polski, matematyka, angielski",4.0,,,4.0,,,4.0,,
79926,SZKOŁA PODSTAWOWA W RYPINIE W ZESPOLE SZKÓŁ NR 5 IM. KS. JANA TWARDOWSKIEGO W RYPINIE,2024,"polski, matematyka, angielski",1.0,,,1.0,,,,,
6584,SZKOŁA PODSTAWOWA W ZAKROCZU,2024,"polski, matematyka, angielski",4.0,,,4.0,,,4.0,,
8157,SZKOŁA PODSTAWOWA IM. ZIEMI DOBRZYŃSKIEJ W OKALEWIE,2024,angielski,12.0,66.0,61.416666666666664,12.0,44.0,48.0,2.0,,
128773,SZKOŁA PODSTAWOWA MONTESSORI,2024,"polski, matematyka, angielski",4.0,,,4.0,,,4.0,,
263965,"SZKOŁA PODSTAWOWA ""BLOK"" W TORUNIU",2024,angielski,20.0,11.0,18.6,20.0,16.0,15.6,,,
267180,SZKOŁA PODSTAWOWA CAMBRIDGE ACADEMY W TORUNIU,2024,angielski,5.0,69.0,55.2,5.0,52.0,53.6,4.0,,
60488,SZKOŁA PODSTAWOWA W RACIĄŻU,2024,"polski, matematyka, angielski",4.0,,,4.0,,,4.0,,
268505,SZKOŁA PODSTAWOWA Z ODDZIAŁAMI DWUJĘZYCZNYMI MONTESSORI - SCHULE,2024,"polski, matematyka, angielski",1.0,,,1.0,,,1.0,,
74343,NIEPUBLICZNA SZKOŁA PODSTAWOWA W KĄKOWEJ WOLI,2024,"polski, matematyka, angielski",4.0,,,4.0,,,4.0,,
53035,SZKOŁA PODSTAWOWA IM. LEOPOLDA JULIANA KRONENBERGA W BRZEZIU,2024,"polski, matematyka, angielski",3.0,,,3.0,,,3.0,,
81521,SZKOŁA PODSTAWOWA IM. KONRADA JAŻDŻEWSKIEGO W BŁENNIE,2024,"polski, matematyka, angielski",4.0,,,4.0,,,4.0,,
34379,SZKOŁA PODSTAWOWA W KANIBRODZIE,2024,"polski, matematyka, angielski",3.0,,,3.0,,,3.0,,
34378,SZKOŁA PODSTAWOWA W KALISKACH,2024,"polski, matematyka, angielski",4.0,,,4.0,,,4.0,,
38799,SZKOŁA PODSTAWOWA STOWARZYSZENIA PRZYJACIÓŁ SZKÓŁ KATOLICKICH IM. BŁ.KS.FRANCISZKA DRZEWIECKIEGO,2024,"polski, matematyka, angielski",2.0,,,2.0,,,2.0,,
125726,SZKOŁA PODSTAWOWA NR 3 W ZAKŁADZIE POPRAWCZYMW NOWEM,2024,"polski, matematyka, angielski",2.0,,,2.0,,,,,
8329,SZKOŁA PODSTAWOWA NR 1 W TRYLU,2024,"polski, matematyka, angielski",4.0,,,4.0,,,4.0,,
7666,PUBLICZNA SZKOŁA PODSTAWOWA STOWARZYSZENIA PRZYJACIÓŁ SZKÓŁ KATOLICKICH IM. ŚW. JANA PAWŁA II W RYCHŁAWIE,2024,"polski, matematyka, angielski",2.0,,,2.0,,,2.0,,
58987,SZKOŁA PODSTAWOWA SPECJALNA NR 2 W WARLUBIU W SPECJALNYM OŚRODKU SZKOLNO-WYCHOWAWCZYM IM. POLSKICH OLIMPIJCZYKÓW,2024,"polski, matematyka, angielski",1.0,,,1.0,,,1.0,,
59798,SZKOŁA PODSTAWOWA IM. ADMIRAŁA FLOTY JÓZEFA UNRUGA W LASKACH WIELKICH,2024,"matematyka, angielski",5.0,78.0,64.0,4.0,,,4.0,,
40139,SZKOŁA PODSTAWOWA STOWARZYSZENIA PRZYJACIÓŁ SZKÓŁ KATOLICKICH IM.ŚWIĘTEGO WOJCIECHA,2024,"polski, matematyka, angielski",4.0,,,4.0,,,4.0,,
57079,SZKOŁA PODSTAWOWA Z ODDZIAŁAMI INTEGRACYJNYMI IM JANA PAWŁA II W GOŚCIESZYNIE,2024,angielski,8.0,18.0,33.25,8.0,32.0,35.0,3.0,,
132815,SZKOŁA PODSTAWOWA IM. KAWALERÓW ORDERU UŚMIECHU W WAŁDOWIE,2024,"polski, matematyka, angielski",4.0,,,4.0,,,3.0,,
5130,SZKOŁA PODSTAWOWA W KRZEMIENIEWIE,2024,"polski, matematyka, angielski",4.0,,,4.0,,,4.0,,
34753,SZKOŁA PODSTAWOWA W STARYM GRONOWIE,2024,polski,4.0,,,5.0,36.0,35.2,5.0,36.0,45.0
15253,SZKOŁA PODSTAWOWA NR 60 W GDAŃSKU,2024,"polski, matematyka",4.0,,,4.0,,,12.0,63.5,60.5
9117,CENTRUM KSZTAŁCENIA ZAWODOWEGO I USTAWICZNEGO NR 1 SZKOŁA PODSTAWOWA DLA DOROSŁYCH W GDAŃSKU,2024,"polski, matematyka, angielski",3.0,,,3.0,,,3.0,,
133139,ZESPÓŁ SZKÓŁ OGÓLNOKSZTAŁCĄCYCH NR 6 SZKOŁA PODSTAWOWA MISTRZOSTWA SPORTOWEGO NR 94 IM. HANZY W GDAŃSKU,2024,"polski, matematyka, angielski",2.0,,,2.0,,,2.0,,
272459,NIEPUBLICZNA SZKOŁA PODSTAWOWA ŻYRAFIA OSADA,2024,"polski, matematyka, angielski",4.0,,,4.0,,,4.0,,
21126,SPORTOWA SZKOŁA PODSTAWOWA NR 14 IM. JÓZEFA WYBICKIEGO,2024,"polski, matematyka, angielski",3.0,,,3.0,,,3.0,,
196351,SZKOŁA PODSTAWOWA DLA DOROSŁYCH W GDYNI,2024,"polski, matematyka, angielski",2.0,,,2.0,,,2.0,,
56558,SZKOŁA PODSTAWOWA IMIENIA FRANCISZKA TREDERA W BORZESTOWIE,2024,"polski, matematyka, angielski",4.0,,,4.0,,,4.0,,
70773,PUBLICZNA SZKOŁA PODSTAWOWA W POMIECZYŃSKIEJ HUCIE,2024,"polski, matematyka, angielski",3.0,,,3.0,,,3.0,,
43655,SZKOŁA PODSTAWOWA W ŁYŚNIEWIE SIERAKOWICKIM,2024,"polski, matematyka, angielski",1.0,,,1.0,,,1.0,,
23693,PARAFIALNA SZKOŁA PODSTAWOWA IM. ŚW. FRANCISZKA Z ASYŻU,2024,"polski, matematyka, angielski",4.0,,,4.0,,,4.0,,
8126,SZKOŁA PODSTAWOWA W KORNEM,2024,"polski, matematyka, angielski",4.0,,,4.0,,,4.0,,
26276,SZKOŁA PODSTAWOWA Z ODDZIAŁAMI INTEGRACYJNYMI IM. LEŚNIKÓW POLSKICH W PRZERYTEM,2024,"polski, matematyka, angielski",3.0,,,3.0,,,3.0,,
272496,"NIEPUBLICZNA SPECJALNA SZKOŁA PODSTAWOWA ""SZCZĘŚLIWA PRZYSTAŃ""",2024,"polski, matematyka, angielski",1.0,,,1.0,,,1.0,,
112022,SZKOŁA PODSTAWOWA IM. JANUSZA KORCZAKA,2024,"polski, matematyka, angielski",3.0,,,3.0,,,3.0,,
59128,SZKOŁA PODSTAWOWA IM. MORSKIEGO ODDZIAŁU STRAŻY GRANICZNEJ W JANTARZE,2024,"polski, matematyka, angielski",2.0,,,2.0,,,2.0,,
124172,"NIEPUBLICZNA SZKOŁA PODSTAWOWA ""SOPOCKA SZKOŁA MONTESSORI"" W SOPOCIE",2024,"polski, matematyka, angielski",3.0,,,3.0,,,3.0,,
272957,NIEPUBLICZNA OGÓLNOKSZTAŁCĄCA SZKOŁA MUZYCZNA I STOPNIA LAS ACADEMY W SOPOCIE,2024,"polski, matematyka, angielski",4.0,,,4.0,,,4.0,,
107064,SZKOŁA PODSTAWOWA IM.LOTNIKÓW WOJSKA POLSKIEGO W OSIECZNEJ,2024,"polski, matematyka, angielski",4.0,,,4.0,,,4.0,,
62352,SZKOŁA PODSTAWOWA W KORZYBIU,2024,"polski, matematyka, angielski",3.0,,,3.0,,,3.0,,
124316,NIEPUBLICZNA SZKOŁA PODSTAWOWA ADVENTURE W USTCE,2024,"polski, matematyka, angielski",4.0,,,4.0,,,4.0,,
5459,PUBLICZNA SZKOŁA PODSTAWOWA STOWARZYSZENIA PRZYJACIÓŁ SZKÓŁ KATOLICKICH,2024,"polski, matematyka, angielski",3.0,,,3.0,,,3.0,,
5486,PUBLICZNA SZKOŁA PODSTAWOWA STOWARZYSZENIA PRZYJACIÓŁ SZKÓŁ KATOLICKICH,2024,"polski, matematyka, angielski",1.0,,,1.0,,,1.0,,
19646,SZKOŁA PODSTAWOWA IM. KORNELA MAKUSZYŃSKIEGO W POLSKIM GRONOWIE,2024,"polski, matematyka, angielski",4.0,,,4.0,,,4.0,,
132081,NIEPUBLICZNA SZKOŁA PODSTAWOWA MONTESSORI,2024,"polski, matematyka, angielski",3.0,,,3.0,,,3.0,,
13892,OŚRODEK EDUKACJI KASZUBSKIEJ - SZKOŁA PODSTAWOWA NA GŁODNICY,2024,"polski, matematyka, angielski",2.0,,,2.0,,,2.0,,
113772,SPOŁECZNA SZKOŁA PODSTAWOWA SPOŁECZNEGO TOWARZYSTWA OŚWIATOWEGO,2024,"polski, matematyka, angielski",4.0,,,4.0,,,4.0,,
43357,SZKOŁA PODSTAWOWA IM. TADEUSZA KOŚCIUSZKI W BOBROWNIKACH,2024,"polski, matematyka, angielski",4.0,,,4.0,,,4.0,,
196399,SZKOŁA PODSTAWOWA NR 10 IM.JANA KOCHANOWSKIEGO,2024,"polski, matematyka, angielski",2.0,,,2.0,,,2.0,,
266234,ATUT - SZKOŁA PODSTAWOWA DLA DOROSŁYCH W CHORZOWIE,2024,"polski, matematyka, angielski",1.0,,,2.0,,,2.0,,
89546,SZKOŁA PODSTAWOWA SPECJALNA NR 8,2024,"polski, matematyka, angielski",1.0,,,1.0,,,1.0,,
57809,SZKOŁA PODSTAWOWA NR 2 IM. GAJDOSZA JANA SIKORY W KONIAKOWIE,2024,"polski, matematyka, angielski",3.0,,,3.0,,,3.0,,
53480,SZKOŁA PODSTAWOWA IM.ŚW. JANA DE LA SALLE W CZĘSTOCHOWIE,2024,"polski, matematyka",4.0,,,4.0,,,5.0,89.0,89.4
46604,KATOLICKA SZKOŁA PODSTAWOWA SPECJALNA STOWARZYSZENIA PRZYJACIÓŁ SZKÓŁ KATOLICKICH IM. ŚW. ANTONIEGO Z PADWY,2024,"polski, matematyka, angielski",1.0,,,1.0,,,1.0,,
126189,NIEPUBLICZNA SZKOŁA PODSTAWOWA SPECJALNA IM. O. AUGUSTYNA KORDECKIEGO W CZĘSTOCHOWIE,2024,"polski, matematyka, angielski",1.0,,,1.0,,,,,
5584,SZKOŁA PODSTAWOWA W RUDNIKACH IM. POWSTAŃCÓW STYCZNIOWYCH,2024,"polski, matematyka, angielski",4.0,,,4.0,,,4.0,,
111512,SZKOŁA PODSTAWOWA IM. MIECZYSŁAWA WIERZBY W MAŁUSACH WIELKICH,2024,"polski, matematyka, angielski",3.0,,,3.0,,,3.0,,
104945,PUBLICZNA SZKOŁA PODSTAWOWA STOWARZYSZENIA PRZYJACIÓŁ SZKÓŁ KATOLICKICH IM. ŚW. DZIECI Z FATIMY W RYBNEJ,2024,"polski, matematyka, angielski",2.0,,,2.0,,,2.0,,
91104,SZKOŁA PODSTAWOWA IM.SZLAKU ORLICH GNIAZD W KUSIĘTACH,2024,"polski, matematyka, angielski",4.0,,,4.0,,,4.0,,
29126,SZKOŁA PODSTAWOWA IM. ORŁA BIAŁEGO W SŁOWIKU W ZESPOLE SZKOLNO-PRZEDSZKOLNYM W SŁOWIKU,2024,"polski, matematyka, angielski",4.0,,,4.0,,,4.0,,
31039,NIEPUBLICZNA SZKOŁA PODSTAWOWA W WOLI MOKRZESKIEJ,2024,"polski, matematyka, angielski",2.0,,,2.0,,,2.0,,
133528,SZKOŁA PODSTAWOWA SPECJALNA NR 22 W GLIWICACH,2024,"polski, matematyka, angielski",3.0,,,3.0,,,3.0,,
275757,NIEPUBLICZNA SZKOŁA PODSTAWOWA WOLNO MI,2024,"polski, matematyka, angielski",2.0,,,2.0,,,2.0,,
29918,SZKOŁA PODSTAWOWA SPECJALNA W PYSKOWICACH W ZESPOLE SZKÓŁ SPECJALNYCH Z SIEDZIBĄ W PYSKOWICACH PRZY UL. PONIATOWSKIEGO 2,2024,"polski, matematyka, angielski",4.0,,,4.0,,,4.0,,
480438,SZKOŁA PODSTAWOWA IM. BOLESŁAWA CHROBREGO W CHECHLE,2024,"polski, matematyka, angielski",2.0,,,2.0,,,3.0,,
59893,SZKOŁA PODSTAWOWA W KOZŁOWIE,2024,angielski,7.0,51.0,53.57142857142857,7.0,44.0,44.57142857142857,4.0,,
28173,SZKOŁA PODSTAWOWA W PNIOWIE IM. KRÓLOWEJ JADWIGI,2024,angielski,6.0,59.0,61.5,6.0,64.0,63.333333333333336,4.0,,
28171,SZKOŁA PODSTAWOWA W KOTULINIE,2024,angielski,5.0,56.0,50.0,5.0,48.0,41.6,4.0,,
69949,UNIWERSYTECKA KATOLICKA SZKOŁA PODSTAWOWA,2024,"polski, matematyka, angielski",4.0,,,4.0,,,3.0,,
10958,SZKOŁA PODSTAWOWA NR 55 SPECJALNA,2024,"polski, matematyka, angielski",4.0,,,4.0,,,4.0,,
10962,SZKOŁA PODSTAWOWA NR 61 IM. POLSKICH KAWALERÓW MALTAŃSKICH SPECJALNA,2024,"polski, matematyka, angielski",1.0,,,1.0,,,1.0,,
30177,SPOŁECZNA SZKOŁA PODSTAWOWA STOWARZYSZENIA RODZICÓW I NAUCZYCIELI,2024,"polski, matematyka, angielski",3.0,,,3.0,,,3.0,,
29790,NIEPUBLICZNA KATOLICKA SZKOŁA PODSTAWOWA IM. ŚW. RODZINY W KATOWICACH,2024,"polski, matematyka",4.0,,,4.0,,,5.0,98.0,94.4
129034,NIEPUBLICZNA SZKOŁA PODSTAWOWA WESOŁE SŁONECZKA,2024,"polski, matematyka, angielski",1.0,,,1.0,,,1.0,,
130585,NIEPUBLICZNA OGÓLNOKSZTAŁCĄCA SZKOŁA MUZYCZNA I ST. ELEMENTARZ W KATOWICACH,2024,"polski, matematyka, angielski",1.0,,,1.0,,,1.0,,
25565,PUBLICZNA SZKOŁA PODSTAWOWA STOWARZYSZENIA PRZYJACIÓŁ SZKÓŁ KATOLICKICH IM. ŚW. DOMINIKA SAVIO,2024,"polski, matematyka, angielski",4.0,,,4.0,,,4.0,,
111833,SZKOŁA PODSTAWOWA IM. STEFANII SEMPOŁOWSKIEJ W WIĘCKACH,2024,"polski, matematyka, angielski",4.0,,,4.0,,,4.0,,
111317,SZKOŁA PODSTAWOWA IM. WŁ.ST. REYMONTA,2024,"polski, matematyka, angielski",1.0,,,1.0,,,1.0,,
262383,SZKOŁA PODSTAWOWA IM. ŚW. JANA PAWŁA II W ZAWADACH,2024,"polski, matematyka, angielski",1.0,,,1.0,,,1.0,,
31688,SZKOŁA PODSTAWOWA IM. MARII KONOPNICKIEJ W BOROWEM,2024,"polski, matematyka, angielski",4.0,,,4.0,,,4.0,,
57724,PUBLICZNA SZKOŁA PODSTAWOWA W KOCHCICACH,2024,"polski, matematyka, angielski",3.0,,,3.0,,,3.0,,
61543,NIEPUBLICZNA SZKOŁA PODSTAWOWA W KAMIEŃSKICH MŁYNACH,2024,"polski, matematyka, angielski",1.0,,,1.0,,,1.0,,
49623,SZKOŁA PODSTAWOWA STOWARZYSZENIA PRZYJACIÓŁ SZKÓŁ KATOLICKICH IM. ŚW. ANTONIEGO Z PADWY W MYSŁOWIE,2024,"polski, matematyka, angielski",2.0,,,2.0,,,2.0,,
49635,SZKOŁA PODSTAWOWA STOWARZYSZENIA PRZYJACIÓŁ SZKÓŁ KATOLICKICH IM. ŚW. OJCA PIO W WINOWNIE,2024,"polski, matematyka, angielski",1.0,,,1.0,,,1.0,,
84730,SZKOŁA PODSTAWOWA W LUDWINOWIE,2024,"polski, matematyka, angielski",1.0,,,1.0,,,1.0,,
72400,SZKOŁA PODSTAWOWA IM.MARII KONOPNICKIEJ W CHORONIU,2024,"polski, matematyka, angielski",4.0,,,4.0,,,4.0,,
19144,MIEJSKA SZKOŁA PODSTAWOWA SPECJALNA IM. MARII GRZEGORZEWSKIEJ W PIEKARACH ŚLĄSKICH,2024,"polski, matematyka, angielski",2.0,,,2.0,,,,,
29326,SZKOŁA PODSTAWOWA IM. KORNELA MAKUSZYŃSKIEGO W CZARKOWIE W ZESPOLE SZKOLNO-PRZEDSZKOLNYM W CZARKOWIE,2024,"polski, matematyka, angielski",2.0,,,2.0,,,2.0,,
480711,NIEPUBLICZNA SZKOŁA PODSTAWOWA NR 2 W PSZCZYNIE,2024,"polski, matematyka, angielski",1.0,,,1.0,,,1.0,,
29642,SPOŁECZNA SZKOŁA PODSTAWOWA W BUDZISKACH,2024,angielski,5.0,47.0,47.2,5.0,24.0,33.6,3.0,,
124764,SZKOŁA PODSTAWOWA NR 16 W ZAKŁADZIE POPRAWCZYM I SCHRONISKU DLA NIELETNICH W RACIBORZU,2024,"polski, matematyka, angielski",3.0,,,3.0,,,3.0,,
23580,KATOLICKA NIEPUBLICZNA SZKOŁA PODSTAWOWA IM. BŁ. JANA PAWŁA II,2024,"polski, matematyka, angielski",3.0,,,3.0,,,3.0,,
115049,SZKOŁA PODSTAWOWA W RUDNIKU,2024,"polski, matematyka, angielski",3.0,,,3.0,,,2.0,,
115051,SZKOŁA PODSTAWOWA W GRZEGORZOWICACH,2024,angielski,12.0,55.5,49.5,12.0,34.0,33.666666666666664,4.0,,
114224,PUBLICZNA SZKOŁA PODSTAWOWA W GAMOWIE,2024,"polski, matematyka, angielski",3.0,,,3.0,,,3.0,,
114226,SZKOŁA PODSTAWOWA W SZONOWICACH,2024,"polski, matematyka, angielski",3.0,,,3.0,,,3.0,,
17503,ZESPÓŁ SZKOLNO -PRZEDSZKOLNY W LYSKACH - SZKOŁA IM. JANA III SOBIESKIEGO W LYSKACH,2024,"polski, matematyka, angielski",3.0,,,3.0,,,3.0,,
262354,SZKOŁA PODSTAWOWA Z ODDZIAŁAMI MISTRZOSTWA SPORTOWEGO NR 9 IM. ADAMA MICKIEWICZA W RYBNIKU,2024,"polski, matematyka, angielski",1.0,,,1.0,,,1.0,,
123265,"SZKOŁA PODSTAWOWA ""ATENA""",2024,"polski, matematyka, angielski",3.0,,,3.0,,,3.0,,
24103,SZKOŁA PODSTAWOWA NR 2 SPECJALNA W KRUPSKIM MŁYNIE,2024,"polski, matematyka, angielski",4.0,,,4.0,,,4.0,,
109145,SZKOŁA PODSTAWOWA SPECJALNA NR 41 W RADZIONKOWIE,2024,angielski,21.0,29.0,32.04761904761905,21.0,16.0,17.904761904761905,,,
35139,SZKOŁA PODSTAWOWA W MIEDARACH,2024,"polski, matematyka, angielski",4.0,,,4.0,,,4.0,,
23630,SZKOŁA PODSTAWOWA SPECJALNA NR 9 W KAMIEŃCU,2024,"polski, matematyka, angielski",2.0,,,2.0,,,2.0,,
124920,"NIEPUBLICZNA SZKOŁA PODSTAWOWA ""OTWARTE OKNO"" Z ODDZIAŁAMI INTEGRACYJNYMI I SPECJALNYMI W TYCHACH",2024,"polski, matematyka, angielski",4.0,,,4.0,,,4.0,,
29716,SZKOŁA PODSTAWOWA NR 32 IM. ROBERTA BEDNORZA W ZABRZU W ZESPOLE SZKOLNO-PRZEDSZKOLNYM NR 8 W ZABRZU,2024,"polski, matematyka, angielski",3.0,,,3.0,,,3.0,,
86218,"SZKOŁA PODSTAWOWA FUNDACJI ""ELEMENTARZ"" Z ODDZIAŁEM PRZEDSZKOLNYM W SIAMOSZYCACH",2024,"polski, matematyka, angielski",3.0,,,3.0,,,3.0,,
21871,SZKOŁA PODSTAWOWA W GIEBLE,2024,"polski, matematyka, angielski",4.0,,,4.0,,,4.0,,
21957,"SZKOŁA PODSTAWOWA FUNDACJI ""ELEMENTARZ"" W PODZAMCZU",2024,"polski, matematyka, angielski",3.0,,,3.0,,,3.0,,
31722,SZKOŁA PODSTAWOWA NR 3 W DZWONO-SIERBOWICACH,2024,"polski, matematyka, angielski",4.0,,,4.0,,,4.0,,
124754,SZKOŁA PODSTAWOWA NR 12 W ZAKŁADZIE POPRAWCZYM I SCHRONISKU DLA NIELETNICH W ZAWIERCIU,2024,"polski, matematyka, angielski",4.0,,,4.0,,,4.0,,
8413,SZKOŁA PODSTAWOWA NR 1 IM. ŚW. JANA KANTEGO W MIĘDZYBRODZIU BIALSKIM,2024,"polski, matematyka, angielski",3.0,,,3.0,,,3.0,,
12352,SZKOŁA PODSTAWOWA IM. ŚW. KRÓLOWEJ JADWIGI W MIĘDZYBRODZIU ŻYWIECKIM,2024,"polski, matematyka, angielski",1.0,,,1.0,,,1.0,,
122201,ZESPÓŁ SZKOLNO-PRZEDSZKOLNY -SZKOŁA PODSTAWOWA NR2 W PEWLI WIELKIEJ,2024,"polski, matematyka, angielski",1.0,,,1.0,,,1.0,,
56502,SZKOŁA PODSTAWOWA NR 1 W PEWLI WIELKIEJ,2024,"polski, matematyka, angielski",2.0,,,2.0,,,2.0,,
14024,SZKOŁA PODSTAWOWA IM.KS.STANISŁAWA BRZÓSKI W DOKUDOWIE,2024,"polski, matematyka, angielski",3.0,,,3.0,,,3.0,,
14026,SZKOŁA PODSTAWOWA IM.WANDY CHOTOMSKIEJ W ORTELU KSIĄŻĘCYM DRUGIM,2024,"polski, matematyka, angielski",3.0,,,3.0,,,3.0,,
24411,SZKOŁA PODSTAWOWA IM. KS. KARD. STEFANA WYSZYŃSKIEGO W SZÓSTCE,2024,"polski, matematyka, angielski",3.0,,,3.0,,,3.0,,
24752,PUBLICZNA SZKOŁA PODSTAWOWA W WITOROŻU,2024,"polski, matematyka, angielski",1.0,,,1.0,,,1.0,,
22048,SZKOŁA PODSTAWOWA IM. JANA PAWŁA II W POŁOSKACH,2024,"polski, matematyka, angielski",2.0,,,2.0,,,2.0,,
7218,SZKOŁA PODSTAWOWA W MOTWICY,2024,"polski, matematyka, angielski",4.0,,,4.0,,,3.0,,
59698,SZKOŁA PODSTAWOWA IM.JULIANA URSYNA NIEMCEWICZA W NEPLACH,2024,angielski,6.0,72.0,66.16666666666667,6.0,74.0,60.666666666666664,4.0,,
121584,NIEPUBLICZNA SZKOŁA PODSTAWOWA,2024,"polski, matematyka, angielski",4.0,,,4.0,,,3.0,,
478973,SZKOŁA PODSTAWOWA W HUSZCZY,2024,"polski, matematyka, angielski",3.0,,,3.0,,,2.0,,
43700,SZKOŁA PODSTAWOWA IM. HETMANA JANA ZAMOYSKIEGO W BUKOWINIE,2024,"polski, matematyka, angielski",3.0,,,3.0,,,4.0,,
43701,SAMORZĄDOWA SZKOŁA PODSTAWOWA IM. JANA PAWŁA II W GOŹDZIE LIPIŃSKIM,2024,"polski, matematyka, angielski",2.0,,,2.0,,,2.0,,
111684,SZKOŁA PODSTAWOWA W WOLI DEREŹNIAŃSKIEJ,2024,"polski, matematyka, angielski",3.0,,,3.0,,,3.0,,
12864,SZKOŁA PODSTAWOWA IM. MARII KONOPNICKIEJ W STANISŁAWOWIE,2024,"polski, matematyka, angielski",2.0,,,2.0,,,2.0,,
68843,PUBLICZNA SZKOŁA PODSTAWOWA IM. T. KOŚCIUSZKI W LIPINACH GÓRNYCH,2024,"polski, matematyka, angielski",4.0,,,4.0,,,4.0,,
21057,SZKOŁA PODSTAWOWA W STOŁPIU IMIENIA MARII SKŁODOWSKIEJ-CURIE,2024,"polski, matematyka, angielski",2.0,,,2.0,,,2.0,,
61516,SZKOŁA PODSTAWOWA IM. 4 BRYGADY PANCERNEJ WOJSKA POLSKIEGO W ZAWADÓWCE,2024,"polski, matematyka, angielski",1.0,,,1.0,,,1.0,,
103853,SZKOŁA PODSTAWOWA IM. JANA KOCHANOWSKIEGO W PAWŁOWIE,2024,"polski, matematyka, angielski",4.0,,,4.0,,,4.0,,
275604,SZKOŁA PODSTAWOWA Z ODDZIAŁAMI INTEGRACYJNYMI IM. MARII KONOPNICKIEJ W BUKOWIE WIELKIEJ,2024,"polski, matematyka, angielski",1.0,,,1.0,,,1.0,,
122407,SZKOŁA PODSTAWOWA IM. JANA PAWŁA II W MIENIANACH,2024,"polski, matematyka, angielski",3.0,,,3.0,,,3.0,,
89873,SZKOŁA PODSTAWOWA STOWARZYSZENIA ROZWOJU WSI SZYCHOWICE,2024,"polski, matematyka, angielski",2.0,,,2.0,,,2.0,,
130065,SZKOŁA PODSTAWOWA IM. MARII KONOPNICKIEJ W MOŁODIATYCZACH,2024,"polski, matematyka, angielski",3.0,,,3.0,,,3.0,,
29846,PUBLICZNA SZKOŁA PODSTAWOWA W BŁAŻKU,2024,"polski, matematyka, angielski",3.0,,,3.0,,,3.0,,
31405,PUBLICZNA SZKOŁA PODSTAWOWA W BRANWI,2024,"polski, matematyka, angielski",4.0,,,4.0,,,4.0,,
123078,PUBLICZNA SZKOŁA PODSTAWOWA W MOMOTACH GÓRNYCH,2024,"polski, matematyka, angielski",4.0,,,4.0,,,4.0,,
21927,PUBLICZNA SZKOŁA PODSTAWOWA W STOJESZYNIE PIERWSZYM,2024,"polski, matematyka, angielski",4.0,,,4.0,,,3.0,,
89876,SZKOŁA PODSTAWOWA NR 3,2024,"polski, matematyka, angielski",4.0,,,4.0,,,4.0,,
50331,PUBLICZNA SZKOŁA PODSTAWOWA IM. OFIAR PACYFIKACJI 2 LUTEGO 1944 W BOROWIE,2024,"polski, matematyka, angielski",2.0,,,2.0,,,2.0,,
7763,PUBLICZNA SZKOŁA PODSTAWOWA W JANISZOWIE,2024,"polski, matematyka, angielski",4.0,,,4.0,,,4.0,,
115622,SZKOŁA PODSTAWOWA W WYŻNICY,2024,"polski, matematyka, angielski",3.0,,,3.0,,,3.0,,
84148,PUBLICZNA SZKOŁA PODSTAWOWA IM. MARII KONOPNICKIEJ W MNISZKU,2024,"polski, matematyka, angielski",3.0,,,3.0,,,3.0,,
82528,SZKOŁA PODSTAWOWA W RZECZYCY KSIĘŻEJ,2024,"polski, matematyka, angielski",3.0,,,3.0,,,3.0,,
478618,SZKOŁA PODSTAWOWA IM. KS. JANA TWARDOWSKIEGO W KAZNOWIE,2024,"polski, matematyka, angielski",1.0,,,1.0,,,1.0,,
75236,PUBLICZNA SZKOŁA PODSTAWOWA W NOWEJ WSI,2024,"polski, matematyka, angielski",4.0,,,4.0,,,4.0,,
44554,SZKOŁA PODSTAWOWA W SERNIKACH,2024,"polski, matematyka, angielski",4.0,,,4.0,,,4.0,,
55883,SZKOŁA PODSTAWOWA IM. MARII KONOPNICKIEJ W KRZU,2024,"polski, matematyka, angielski",4.0,,,4.0,,,4.0,,
72001,SZKOŁA PODSTAWOWA IM. FRANCISZKA LEBIEDY W STAREJ WSI DRUGIEJ,2024,"polski, matematyka, angielski",2.0,,,2.0,,,2.0,,
124791,SZKOŁA PODSTAWOWA W SCHRONISKU DLA NIELETNICH DOMINOWIE,2024,"polski, matematyka, angielski",3.0,,,3.0,,,3.0,,
62372,PUBLICZNA SZKOŁA PODSTAWOWA W RADAWCZYKU,2024,"polski, matematyka, angielski",3.0,,,3.0,,,3.0,,
89285,SZKOŁA PODSTAWOWA IM. JANA PAWŁA II W SOBIESZCZANACH,2024,"polski, matematyka, angielski",4.0,,,4.0,,,4.0,,
89197,PUBLICZNA SZKOŁA PODSTAWOWA IM. SZARYCH SZEREGÓW W MASZKACH,2024,"polski, matematyka, angielski",4.0,,,4.0,,,4.0,,
13246,SZKOŁA PODSTAWOWA W DĘBINIE,2024,"polski, matematyka, angielski",3.0,,,3.0,,,3.0,,
88491,KATOLICKA SZKOŁA PODSTAWOWA IM. ŚWIĘTEJ JADWIGI KRÓLOWEJ W LUBLINIE,2024,"polski, matematyka, angielski",4.0,,,4.0,,,4.0,,
90781,SPOŁECZNA TERAPEUTYCZNA SZKOŁA PODSTAWOWA IM. H. CH. ANDERSENA W LUBLINIE,2024,"polski, matematyka, angielski",1.0,,,1.0,,,1.0,,
128630,NIEPUBLICZNA SZKOŁA PODSTAWOWA MONTESSORI W LUBLINIE,2024,"polski, matematyka, angielski",2.0,,,2.0,,,2.0,,
118823,NIEPUBLICZNA SZKOŁA PODSTAWOWA IM. ALBERTA EINSTEINA W LUBLINIE,2024,"polski, matematyka, angielski",2.0,,,2.0,,,2.0,,
125831,"""SKALA"" NIEPUBLICZNA SZKOŁA PODSTAWOWA  Z ODDZIAŁAMI INTEGRACYJNYMI",2024,"polski, matematyka, angielski",3.0,,,3.0,,,3.0,,
269104,NIEPUBLICZNA SZKOŁA PODSTAWOWA DOMOWA SZKOŁA IM. DZIECI Z FATIMY W LUBLINIE,2024,"polski, matematyka, angielski",3.0,,,3.0,,,3.0,,
478518,NIEPUBLICZNA SZKOŁA PODSTAWOWA DZIECI MONTESSORI W LUBLINIE,2024,"polski, matematyka, angielski",4.0,,,4.0,,,4.0,,
80594,SZKOŁA PODSTAWOWA W STARYCH BOISKACH,2024,"polski, matematyka, angielski",4.0,,,4.0,,,4.0,,
13178,SPOŁECZNA SZKOŁA PODSTAWOWA W DĄBROWIE WRONOWSKIEJ,2024,"polski, matematyka, angielski",3.0,,,3.0,,,3.0,,
22431,PUBLICZNA SZKOŁA PODSTAWOWA W ZAKRZOWIE,2024,"polski, matematyka, angielski",1.0,,,1.0,,,1.0,,
4378,SZKOŁA PODSTAWOWA IM. SGO POLESIE W JABŁONIU,2024,angielski,5.0,62.0,61.2,5.0,56.0,52.8,4.0,,
130371,SZKOŁA PODSTAWOWA W GĘSI,2024,"polski, matematyka, angielski",1.0,,,1.0,,,,,
130372,SZKOŁA PODSTAWOWA W DAWIDACH,2024,"polski, matematyka, angielski",2.0,,,2.0,,,2.0,,
89259,SZKOŁA PODSTAWOWA IM. MARII DĄBROWSKIEJ W RUDNIE,2024,"polski, matematyka, angielski",3.0,,,3.0,,,3.0,,
19781,PUBLICZNA SZKOŁA PODSTAWOWA W TYŚMIENICY,2024,"polski, matematyka, angielski",1.0,,,1.0,,,1.0,,
103519,PUBLICZNA SZKOŁA PODSTAWOWA W JEZIORZE,2024,"polski, matematyka, angielski",4.0,,,4.0,,,4.0,,
478847,SZKOŁA PODSTAWOWA W GRÓDKU SZLACHECKIM,2024,"polski, matematyka, angielski",4.0,,,4.0,,,4.0,,
40702,SZKOŁA PODSTAWOWA W BOCHOTNICY,2024,"polski, matematyka, angielski",3.0,,,3.0,,,3.0,,
88709,SPOŁECZNA SZKOŁA PODSTAWOWA W SKOWIESZYNKU,2024,"polski, matematyka, angielski",3.0,,,3.0,,,3.0,,
268420,SZKOŁA PODSTAWOWA SPECJALNA W MŁODZIEŻOWYM OŚRODKU SOCJOTERAPII W ALBRECHTÓWCE,2024,"polski, matematyka, angielski",3.0,,,3.0,,,3.0,,
93027,ZESPÓŁ PLACÓWEK OŚWIATOWYCH W KLEMENTOWICACH SZKOŁA PODSTAWOWA,2024,"polski, matematyka, angielski",3.0,,,3.0,,,3.0,,
129140,"NIEPUBLICZNA INTEGRACYJNA SZKOŁA PODSTAWOWA ""EDU TERAPEUTICA""",2024,"polski, matematyka, angielski",3.0,,,3.0,,,3.0,,
263256,SZKOŁA PODSTAWOWA W WOLI CHOMEJOWEJ,2024,"polski, matematyka, angielski",2.0,,,2.0,,,2.0,,
478712,SZKOŁY ŚW. TOMASZA Z AKWINU - SZKOŁA PODSTAWOWA,2024,"polski, matematyka, angielski",3.0,,,3.0,,,3.0,,
15548,SZKOŁA PODSTAWOWA W TUROWIE,2024,"polski, matematyka, angielski",4.0,,,4.0,,,4.0,,
478032,SZKOŁA PODSTAWOWA Z ODDZIAŁAMI PRZYSPOSABIAJĄCYMI DO PRACY W RADZYNIU PODLASKIM,2024,"polski, matematyka, angielski",3.0,,,3.0,,,3.0,,
86091,SZKOŁA PODSTAWOWA W PASZKACH DUŻYCH,2024,"polski, matematyka, angielski",4.0,,,4.0,,,4.0,,
72768,SZKOŁA PODSTAWOWA W SOBOLACH,2024,"polski, matematyka, angielski",4.0,,,4.0,,,4.0,,
10771,SZKOŁA PODSTAWOWA W DOMASZEWNICY,2024,"polski, matematyka, angielski",3.0,,,3.0,,,3.0,,
72742,SZKOŁA PODSTAWOWA IMIENIA BŁOGOSŁAWIONEGO KSIĘDZA JERZEGO POPIEŁUSZKI W KĘPKACH,2024,"polski, matematyka, angielski",4.0,,,4.0,,,4.0,,
71102,SZKOŁA PODSTAWOWA W LISIOWÓLCE,2024,"polski, matematyka, angielski",2.0,,,2.0,,,2.0,,
79163,PUBLICZNA SZKOŁA PODSTAWOWA NR 2 W RYKACH,2024,"polski, matematyka, angielski",1.0,,,1.0,,,1.0,,
38758,PUBLICZNA SZKOŁA PODSTAWOWA IM. MARII KONOPNICKIEJ W STĘŻYCY,2024,"polski, matematyka, angielski",1.0,,,1.0,,,1.0,,
60012,PUBLICZNA SZKOŁA PODSTAWOWA W BIAŁKACH DOLNYCH,2024,"polski, matematyka, angielski",2.0,,,2.0,,,2.0,,
27976,SZKOŁA PODSTAWOWA W ŁOSIŃCU,2024,"polski, matematyka, angielski",2.0,,,2.0,,,2.0,,
8751,SZKOŁA PODSTAWOWA W PASIEKACH,2024,"polski, matematyka, angielski",4.0,,,4.0,,,4.0,,
8600,SZKOŁA PODSTAWOWA W TYPINIE,2024,"polski, matematyka, angielski",2.0,,,2.0,,,2.0,,
18106,SZKOŁA PODSTAWOWA IM.PAPIEŻA JANA PAWŁA II W SZAROWOLI,2024,"polski, matematyka, angielski",4.0,,,4.0,,,4.0,,
89097,SZKOŁA PODSTAWOWA IM. STANISŁAWA STASZICA W ULHÓWKU,2024,"polski, matematyka, angielski",1.0,,,1.0,,,1.0,,
104729,PUBLICZNA SZKOŁA PODSTAWOWA IM.KARDYNAŁA STEFANA WYSZYŃSKIEGO W NABROŻU-KOLONII,2024,"polski, matematyka, angielski",4.0,,,4.0,,,4.0,,
278114,"PUBLICZNA SZKOŁA PODSTAWOWA IM.KS. JANA TWARDOWSKIEGO W ZIMNIE PROWADZONA PRZEZ STOWARZYSZENIE ""PRZYJAZNA SZKOŁA""",2024,"polski, matematyka, angielski",2.0,,,2.0,,,2.0,,
22385,NIEPUBLICZNA SZKOŁA PODSTAWOWA W DOŁHOBRODACH,2024,"polski, matematyka, angielski",4.0,,,4.0,,,4.0,,
124365,STOWARZYSZENIE EDUKATOR W ŁOMŻY PUBLICZNA SZKOŁA PODSTAWOWA W MACOSZYNIE DUŻYM,2024,"polski, matematyka, angielski",4.0,,,4.0,,,4.0,,
49658,SZKOŁA PODSTAWOWA IM. JANA PAWŁA II W KAPLONOSACH,2024,"polski, matematyka, angielski",1.0,,,1.0,,,1.0,,
104214,SZKOŁA PODSTAWOWA IM. ARMII KRAJOWEJ W WYRYKACH,2024,"polski, matematyka, angielski",2.0,,,2.0,,,1.0,,
121998,SZKOŁA PODSTAWOWA IM. RÓŻY MARII ZAMOYSKIEJ W RÓŻANCE,2024,"polski, matematyka, angielski",3.0,,,3.0,,,3.0,,
113523,SZKOŁA PODSTAWOWA W KORNELÓWCE,2024,"polski, matematyka, angielski",2.0,,,2.0,,,2.0,,
480847,SZKOŁA PODSTAWOWA W SULMICACH,2024,"polski, matematyka, angielski",3.0,,,3.0,,,3.0,,
84025,SZKOŁA PODSTAWOWA NR 3 IM. RÓŻY ZAMOYSKIEJ W SZCZEBRZESZYNIE,2024,"polski, matematyka, angielski",1.0,,,1.0,,,1.0,,
11391,SZKOŁA PODSTAWOWA W LIPSKU,2024,"polski, matematyka, angielski",2.0,,,2.0,,,2.0,,
104109,"NIEPUBLICZNA SZKOŁA PODSTAWOWA SPECJALNA DLA UCZNIÓW Z NIEPEŁNOSPRAWNOŚCIĄ RUCHOWĄ, W TYM Z AFAZJĄ ORAZ DLA UCZNIÓW ZE SPRZĘŻONYMI NIEPEŁNOSPRAWNOŚCIAMI ""KROK ZA KROKIEM"" W ZAMOŚCIU",2024,"polski, matematyka, angielski",1.0,,,1.0,,,1.0,,
63290,SZKOŁA PODSTAWOWA IM. KS. T. A. LESZCZYŃSKIEGO W MIKŁUSACH,2024,"polski, matematyka, angielski",3.0,,,3.0,,,3.0,,
13837,SZKOŁA PODSTAWOWA W HERMANOWIE,2024,"polski, matematyka, angielski",2.0,,,2.0,,,2.0,,
125410,SZKOŁA PODSTAWOWA W ZARZECZU ŁUKOWSKIM,2024,"polski, matematyka, angielski",1.0,,,1.0,,,1.0,,
25372,SZKOŁA PODSTAWOWA W GARBATÓWCE,2024,"polski, matematyka, angielski",1.0,,,1.0,,,1.0,,
25376,SZKOŁA PODSTAWOWA W STAWKU,2024,"polski, matematyka, angielski",1.0,,,1.0,,,1.0,,
25375,SZKOŁA PODSTAWOWA W MALINÓWCE,2024,"polski, matematyka, angielski",4.0,,,4.0,,,4.0,,
79195,SZKOŁA PODSTAWOWA IM.NATALII NEKRASZOWEJ W JASZCZOWIE,2024,angielski,5.0,71.0,71.0,5.0,76.0,76.8,4.0,,
19377,SZKOŁA PODSTAWOWA W OSTRÓWKU IM. BOHATERÓW ARMII KRAJOWEJ,2024,"polski, matematyka, angielski",4.0,,,4.0,,,4.0,,
53401,SZKOŁA PODSTAWOWA IM. HANSA CHRISTIANA ANDERSENA W JAWIDZU,2024,"polski, matematyka, angielski",4.0,,,4.0,,,4.0,,
118721,SZKOŁA PODSTAWOWA IM BOLESŁAWA PRUSA W JANUSZÓWCE,2024,"polski, matematyka, angielski",4.0,,,4.0,,,4.0,,
92339,SZKOŁA PODSTAWOWA W RYBCZEWICACH,2024,angielski,5.0,47.0,47.6,5.0,28.0,36.8,3.0,,
130987,PUBLICZNA SZKOŁA PODSTAWOWA W CHRONOWIE,2024,"polski, matematyka, angielski",2.0,,,2.0,,,2.0,,
87602,SZKOŁA PODSTAWOWA W TARNAWIE,2024,"polski, matematyka, angielski",3.0,,,3.0,,,3.0,,
87535,PUBLICZNA SZKOŁA PODSTAWOWA W ŁĘKACH,2024,"polski, matematyka, angielski",2.0,,,2.0,,,2.0,,
26360,PUBLICZNA SZKOŁA PODSTAWOWA W WYTRZYSZCZCE,2024,"polski, matematyka, angielski",3.0,,,3.0,,,3.0,,
81249,PUBLICZNA SZKOŁA PODSTAWOWA W IWKOWEJ NAGÓRZU,2024,"polski, matematyka, angielski",2.0,,,2.0,,,2.0,,
16598,PUBLICZNA SZKOŁA PODSTAWOWA IM.MJR HENRYKA SUCHARSKIEGO W WOLI PRZEMYKOWSKIEJ,2024,"polski, matematyka, angielski",3.0,,,3.0,,,3.0,,
62037,SZKOŁA PODSTAWOWA IM. JÓZEFA PATELSKIEGO W KWACZALE,2024,"polski, matematyka, angielski",4.0,,,4.0,,,4.0,,
115161,SZKOŁA PODSTAWOWA IM. GEN. JÓZEFA BEMA W LASKÓWCE CHORĄSKIEJ,2024,"polski, matematyka, angielski",4.0,,,4.0,,,4.0,,
41890,SZKOŁA PODSTAWOWA IM. JANA PAWŁA II W WOLI MĘDRZECHOWSKIEJ,2024,"polski, matematyka, angielski",4.0,,,4.0,,,4.0,,
61470,SZKOŁA PODSTAWOWA W DĄBRÓWKACH BREŃSKICH,2024,"polski, matematyka, angielski",4.0,,,4.0,,,4.0,,
93031,SZKOŁA PODSTAWOWA IM.ŚWIĘTEJ KINGI W KORCZYNIE,2024,"polski, matematyka, angielski",3.0,,,3.0,,,3.0,,
85807,SZKOŁA PODSTAWOWA IM.STEFANA CZARNIECKIEGO W RACŁAWICACH,2024,"polski, matematyka, angielski",4.0,,,4.0,,,4.0,,
59763,SZKOŁA PODSTAWOWA IM.IGNACEGO ŁUKASIEWICZA W KRYGU,2024,"polski, matematyka, angielski",4.0,,,4.0,,,3.0,,
59760,SZKOŁA PODSTAWOWA IM.KSIĘDZA KANONIKA WALENTEGO KOTARBY W WÓJTOWEJ,2024,"polski, matematyka, angielski",4.0,,,4.0,,,4.0,,
85311,SZKOŁA PODSTAWOWA W WYSOWEJ-ZDROJU,2024,"polski, matematyka, angielski",2.0,,,2.0,,,2.0,,
48277,SZKOŁA PODSTAWOWA W BIESNEJ,2024,"polski, matematyka, angielski",2.0,,,2.0,,,2.0,,
61674,SZKOŁA PODSTAWOWA IM.WACŁAWA POTOCKIEGO W WOLI ŁUŻAŃSKIEJ,2024,"polski, matematyka, angielski",4.0,,,4.0,,,4.0,,
107051,SZKOŁA PODSTAWOWA IM. ŚW. STANISŁAWA KOSTKI W NOWEJ WSI SZLACHECKIEJ,2024,"polski, matematyka, angielski",2.0,,,2.0,,,2.0,,
118384,SZKOŁA PODSTAWOWA IM. STANISŁAWA STASZICA W TROPISZOWIE,2024,"polski, matematyka, angielski",4.0,,,4.0,,,4.0,,
83617,SZKOŁA PODSTAWOWA IM.KRYSTYNY I ANDRZEJA POTOCKICH W MIĘKINI,2024,"polski, matematyka, angielski",4.0,,,4.0,,,4.0,,
82585,SZKOŁA PODSTAWOWA NR 1 IM. ŚWETEGO JÓZEFA W KASZOWIE,2024,"polski, matematyka, angielski",4.0,,,4.0,,,4.0,,
69451,"SZKOŁA PODSTAWOWA IM. KORNELA MAKUSZYŃSKIEGO W JAŚKOWICACH , UL. KRAKOWSKA 41, 32-051 JAŚKOWICE",2024,"polski, matematyka, angielski",4.0,,,4.0,,,4.0,,
269437,"PRYWATNA SZKOŁA PODSTAWOWA ""ROYAL SCHOOL""",2024,"polski, matematyka, angielski",4.0,,,4.0,,,4.0,,
92936,SZKOŁA PODSTAWOWA W BĘDKOWICACH,2024,"polski, matematyka, angielski",3.0,,,3.0,,,3.0,,
56731,PUBLICZNA SZKOŁA PODSTAWOWA IM. MARII KONOPNICKIEJ W BRZOSKWINI,2024,"polski, matematyka, angielski",3.0,,,3.0,,,3.0,,
20399,SZKOŁA PODSTAWOWA NR 132 IM. ŚW. BENEDYKTA Z NURSJI W KRAKOWIE,2024,"polski, matematyka",4.0,,,4.0,,,6.0,78.0,72.66666666666667
132463,"NIEPUBLICZNA CHRZEŚCIJAŃSKA SZKOŁA PODSTAWOWA NR 2 Z ODDZIAŁAMI INTEGRACYJNYMI ""UCZEŃ""",2024,"polski, matematyka",4.0,,,4.0,,,5.0,93.0,71.4
478893,NIEPUBLICZNA SZKOŁA PODSTAWOWA DLA DOROSŁYCH ZAOCZNA W KRAKOWIE,2024,"polski, matematyka, angielski",2.0,,,3.0,,,3.0,,
132610,PUBLICZNA KATOLICKA SZKOŁA PODSTAWOWA IM. ŚW. RITY W KRAKOWIE,2024,"polski, matematyka, angielski",3.0,,,3.0,,,3.0,,
133507,PRYWATNA SZKOŁA PODSTAWOWA NR 5,2024,"polski, matematyka, angielski",2.0,,,2.0,,,2.0,,
57594,SZKOŁA PODSTAWOWA IM. STANISŁAWA WYSPIAŃSKIEGO,2024,"polski, matematyka, angielski",2.0,,,2.0,,,2.0,,
83858,SZKOŁA PODSTAWOWA IM. ŚWIĘTEJ JADWIGI W SECHNEJ,2024,"polski, matematyka, angielski",3.0,,,3.0,,,3.0,,
83853,SZKOŁA PODSTAWOWA IM. TADEUSZA KOŚCIUSZKI W ŻMIĄCEJ,2024,"polski, matematyka, angielski",3.0,,,3.0,,,3.0,,
43468,"SZKOŁA PODSTAWOWA NR 2, IM. ŚW. STANISŁAWA KOSTKI W LUBOMIERZU",2024,"polski, matematyka, angielski",2.0,,,2.0,,,2.0,,
68397,SZKOŁA PODSTAWOWA IM. OBROŃCÓW WARSZAWY W OSIECZANACH,2024,"polski, matematyka, angielski",4.0,,,4.0,,,4.0,,
69931,SZKOŁA PODSTAWOWA IM. TADEUSZA KOŚCIUSZKI,2024,"polski, matematyka, angielski",4.0,,,4.0,,,4.0,,
69940,SZKOŁA PODSTAWOWA W ZEGARTOWICACH,2024,"polski, matematyka, angielski",4.0,,,4.0,,,4.0,,
64484,SZKOŁA PODSTAWOWA IM. JANUSZA KORCZAKA W ROZTOCE-BRZEZINACH,2024,"polski, matematyka, angielski",2.0,,,2.0,,,2.0,,
71542,SZKOŁA PODSTAWOWA IM. KSIĘDZA KARDYNAŁA STEFANA WYSZYŃSKIEGO W SIEDLCACH,2024,"polski, matematyka, angielski",3.0,,,3.0,,,3.0,,
53089,SZKOŁA PODSTAWOWA IMIENIA MARII KONOPNICKIEJ W MIŁKOWEJ,2024,"polski, matematyka, angielski",4.0,,,4.0,,,4.0,,
30186,SZKOŁA PODSTAWOWA W STAŃKOWEJ,2024,"polski, matematyka, angielski",4.0,,,4.0,,,4.0,,
12386,SZKOŁA PODSTAWOWA IM. JANA PAWŁA II W PODSZKLU,2024,"polski, matematyka, angielski",2.0,,,2.0,,,2.0,,
16307,SZKOŁA PODSTAWOWA NR 1 IM. ANDRZEJA KNAPCZYKA-DUCHA W CZERWIENNEM,2024,"polski, matematyka, angielski",4.0,,,4.0,,,4.0,,
12430,SZKOŁA PODSTAWOWA IM. ŚW. JANA KANTEGO W ODROWĄŻU,2024,"polski, matematyka, angielski",3.0,,,3.0,,,3.0,,
262338,SZKOŁA PODSTAWOWA IM. ŚW. STANISŁAWA KOSTKI W ZAŁUCZNEM,2024,"polski, matematyka, angielski",2.0,,,2.0,,,2.0,,
129061,ORAWSKA SZKOŁA PODSTAWOWA,2024,"polski, matematyka, angielski",3.0,,,3.0,,,3.0,,
17181,SZKOŁA PODSTAWOWA IM. WIKTORII BARANÓWNY W MORAWCZYNIE,2024,"polski, matematyka, angielski",4.0,,,4.0,,,4.0,,
29708,SZKOŁA PODSTAWOWA IM. BOHATERSKICH DZIECI WARSZAWY W PYZÓWCE,2024,"polski, matematyka, angielski",4.0,,,4.0,,,4.0,,
30423,SZKOŁA PODSTAWOWA W SZLEMBARKU,2024,"polski, matematyka, angielski",4.0,,,4.0,,,4.0,,
73503,SZKOŁA PODSTAWOWA IM. JANA PAWŁA II,2024,"polski, matematyka, angielski",3.0,,,3.0,,,3.0,,
68545,KATOLICKA NIEPUBLICZNA OGÓLNOKSZTAŁCĄCA SZKOŁA MUZYCZNA I ST. W NOWYM SĄCZU,2024,"polski, matematyka, angielski",3.0,,,3.0,,,3.0,,
39717,SZKOŁA PODSTAWOWA W JEŻÓWCE,2024,angielski,5.0,67.0,66.2,5.0,44.0,48.0,4.0,,
63409,SZKOŁA PODSTAWOWA IM.BARTOSZA GŁOWACKIEGO W RZĘDOWICACH,2024,"polski, matematyka, angielski",2.0,,,2.0,,,2.0,,
87242,FILIA SZKOŁY PODSTAWOWEJ NR 2 W SUCHEJ BESKIDZKIEJ,2024,"polski, matematyka, angielski",4.0,,,4.0,,,4.0,,
49647,SZKOŁA PODSTAWOWA IM. BOHATERÓW WESTERPLATTE W MARCÓWCE,2024,"polski, matematyka, angielski",3.0,,,3.0,,,3.0,,
104905,SZKOŁA PODSTAWOWA W KOBIERZYNIE,2024,"polski, matematyka, angielski",3.0,,,3.0,,,3.0,,
92883,SZKOŁA PODSTAWOWA W ŚMIGNIE,2024,"polski, matematyka, angielski",4.0,,,4.0,,,4.0,,
3525,NIEPUBLICZNA SZKOŁA PODSTAWOWA W NIWCE,2024,"polski, matematyka, angielski",4.0,,,4.0,,,4.0,,
272207,SZKOŁA PODSTAWOWA IM. JANA PAWŁA II W JONINACH,2024,"polski, matematyka, angielski",3.0,,,3.0,,,3.0,,
51283,PUBLICZNA SZKOŁA PODSTAWOWA IM. ŚW. JANA PAWŁA II W SWOSZOWEJ,2024,"polski, matematyka, angielski",3.0,,,3.0,,,3.0,,
109102,SZKOŁA PODSTAWOWA IM.O.ZBIGNIEWA STRZAŁKOWSKIEGO W ZAWADZIE,2024,"polski, matematyka, angielski",4.0,,,4.0,,,4.0,,
131396,NIEPUBLICZNA SZKOŁA PODSTAWOWA IM.JANA PAWŁA II W BŁONIU,2024,"polski, matematyka, angielski",3.0,,,3.0,,,3.0,,
131553,NIEPUBLICZNA SZKOŁA PODSTAWOWA IM. BŁ. KARD. STEFANA WYSZYŃSKIEGO W JODŁÓWCE-WAŁKACH,2024,"polski, matematyka, angielski",4.0,,,4.0,,,4.0,,
71161,PUBLICZNA SZKOŁA PODSTAWOWA IM.SIERŻ.AK SIWAKA WALIGÓRY W BUCHCICACH,2024,"polski, matematyka, angielski",4.0,,,4.0,,,4.0,,
80196,SZKOŁA PODSTAWOWA IM. MIKOŁAJA KOPERNIKA W MIKOŁAJOWICACH,2024,"polski, matematyka, angielski",2.0,,,2.0,,,2.0,,
5054,PUBLICZNA SZKOŁA PODSTAWOWA STOWARZYSZENIA PRZYJACIÓŁ SZKÓŁ KATOLICKICH IM. ŚW. FAUSTYNY W MILÓWCE,2024,"polski, matematyka, angielski",2.0,,,2.0,,,2.0,,
3679,NIEPUBLICZNA SZKOŁA PODSTAWOWA WE WRÓBLOWICACH,2024,"polski, matematyka, angielski",1.0,,,1.0,,,1.0,,
82357,PUBLICZNA KATOLICKA SZKOŁA PODSTAWOWA IM. ARMII KRAJOWEJ W NIECIECZY,2024,"polski, matematyka, angielski",1.0,,,1.0,,,1.0,,
13506,SZKOŁA PODSTAWOWA INTEGRACYJNA NR 11 IM.MARII DĄBROWSKIEJ W TARNOWIE,2024,"polski, matematyka, angielski",4.0,,,4.0,,,4.0,,
120263,KATOLICKA SZKOŁA PODSTAWOWA W TARNOWIE,2024,"polski, matematyka, angielski",4.0,,,4.0,,,4.0,,
5277,SZKOŁA PODSTAWOWA W RZEPISKACH,2024,"polski, matematyka, angielski",2.0,,,2.0,,,2.0,,
27825,SZKOŁA PODSTAWOWA NR 7 IM. KORNELA MAKUSZYŃSKIEGO W ZAKOPANEM,2024,"polski, matematyka, angielski",4.0,,,4.0,,,4.0,,
106671,SZKOŁA PODSTAWOWA W SKAWINKACH,2024,"polski, matematyka, angielski",4.0,,,4.0,,,4.0,,
63262,SZKOŁA PODSTAWOWA IM. KORNELA MAKUSZYŃSKIEGO W JAROSZÓWCE,2024,"polski, matematyka, angielski",4.0,,,4.0,,,4.0,,
10909,SZKOŁA PODSTAWOWA IM. JANA MATEJKI W WOLI ZABIERZOWSKIEJ,2024,"polski, matematyka, angielski",3.0,,,3.0,,,3.0,,
60228,SZKOŁA PODSTAWOWA IM. JANA PAWŁA II W JABŁONCE,2024,"polski, matematyka, angielski",4.0,,,4.0,,,4.0,,
80820,SZKOŁA PODSTAWOWA NR 1 IM. MARSZAŁKA JÓZEFA PIŁSUDSKIEGO W WESOŁEJ,2024,angielski,6.0,82.5,81.66666666666667,6.0,84.0,76.0,4.0,,
278219,SZKOŁA PODSTAWOWA NR 2 W WESOŁEJ,2024,"polski, matematyka, angielski",1.0,,,1.0,,,1.0,,
12471,SZKOŁA PODSTAWOWA IM. JÓZEFA BERKA W KAMIENICY DOLNEJ,2024,"polski, matematyka, angielski",4.0,,,4.0,,,4.0,,
12514,SZKOŁA PODSTAWOWA IM. KS. DR. JÓZEFA JAŁOWEGO W PRZECZYCY,2024,"polski, matematyka, angielski",3.0,,,3.0,,,3.0,,
124356,NIEPUBLICZNA SZKOŁA PODSTAWOWA WELDON SCHOOL,2024,"polski, matematyka, angielski",2.0,,,2.0,,,2.0,,
9227,ZESPÓŁ SZKOLNO-PRZEDSZKOLNY W ŁOWCACH SZKOŁA PODSTAWOWA IM.WINCENTEGO WITOSA W ŁOWCACH,2024,"polski, matematyka, angielski",3.0,,,3.0,,,3.0,,
57069,SZKOŁA PODSTAWOWA IM. OLIMPIJCZYKÓW POLSKICH W ROZBORZU DŁUGIM,2024,"polski, matematyka, angielski",4.0,,,4.0,,,4.0,,
48619,SZKOŁA PODSTAWOWA W CHOTYŃCU,2024,"polski, matematyka, angielski",2.0,,,2.0,,,2.0,,
21318,SZKOŁA PODSTAWOWA IM. KRÓLOWEJ JADWIGI W TAPINIE,2024,"polski, matematyka, angielski",2.0,,,2.0,,,2.0,,
80133,SZKOŁA PODSTAWOWA W WOLI WĘGIERSKIEJ,2024,"polski, matematyka, angielski",4.0,,,4.0,,,4.0,,
80137,SZKOŁA PODSTAWOWA W TYNIOWICACH,2024,"polski, matematyka, angielski",3.0,,,3.0,,,3.0,,
70335,SZKOŁA PODSTAWOWA W RYSZKOWEJ WOLI,2024,"polski, matematyka, angielski",4.0,,,4.0,,,4.0,,
70336,SZKOŁA PODSTAWOWA W MOŁODYCZU,2024,"polski, matematyka, angielski",4.0,,,4.0,,,4.0,,
49620,SZKOŁA PODSTAWOWA NR 8 W JAŚLE,2024,angielski,5.0,69.0,62.2,5.0,72.0,60.0,4.0,,
72858,SPOŁECZNA SZKOŁA PODSTAWOWA W LUBLICY,2024,"polski, matematyka, angielski",4.0,,,4.0,,,4.0,,
73307,SPOŁECZNA SZKOŁA PODSTAWOWA IM. JANA PAWŁA II W SOWINIE,2024,"polski, matematyka, angielski",3.0,,,3.0,,,3.0,,
68445,SZKOŁA PODSTAWOWA IM. GENARAŁA KAZIMIERZA PUŁASKIEGO W ZESPOLE SZKÓŁ W KREMPNEJ,2024,angielski,7.0,62.0,66.57142857142857,7.0,32.0,45.714285714285715,4.0,,
88941,NIEPUBLICZNA SZKOŁA PODSTAWOWA WE WROCANCE,2024,"polski, matematyka, angielski",3.0,,,3.0,,,3.0,,
88762,NIEPUBLICZNA SZKOŁA PODSTAWOWA Z ODDZIAŁEM PRZEDSZKOLNYM W ŁUBIENKU,2024,"polski, matematyka, angielski",1.0,,,1.0,,,1.0,,
128463,NIEPUBLICZNA SZKOŁA PODSTAWOWA W UMIESZCZU,2024,"polski, matematyka, angielski",3.0,,,3.0,,,3.0,,
130348,SZKOŁA PODSTAWOWA W PORĘBACH DYMARSKICH,2024,"polski, matematyka, angielski",4.0,,,4.0,,,4.0,,
269686,SZKOŁA PODSTAWOWA W SPIACH,2024,"polski, matematyka, angielski",4.0,,,4.0,,,4.0,,
18239,SZKOŁA PODSTAWOWA IM. MARII KONOPNICKIEJ W DOMATKOWIE,2024,"polski, matematyka, angielski",4.0,,,4.0,,,4.0,,
35026,SZKOŁA PODSTAWOWA IM. KS. JERZEGO POPIEŁUSZKI W KOSOWACH,2024,"polski, matematyka, angielski",4.0,,,4.0,,,4.0,,
269054,NIEPUBLICZNA SZKOŁA PODSTAWOWA NIEBIESKA 21,2024,"polski, matematyka, angielski",2.0,,,2.0,,,2.0,,
19500,SZKOŁA PODSTAWOWA W FALISZÓWCE,2024,"polski, matematyka, angielski",3.0,,,3.0,,,3.0,,
28486,SZKOŁA PODSTAWOWA IM. IGNACEGO ŁUKASIEWICZA W CHORKÓWCE,2024,"polski, matematyka, angielski",3.0,,,3.0,,,2.0,,
28261,SZKOŁA PODSTAWOWA IM. IGNACEGO ŁUKASIEWICZA W BÓBRCE,2024,"polski, matematyka, angielski",4.0,,,4.0,,,4.0,,
58780,SZKOŁA PODSTAWOWA IM. JANA PAWŁA II W LUBATOWEJ,2024,"polski, matematyka, angielski",4.0,,,4.0,,,4.0,,
18421,ZESPÓŁ SZKÓŁ SAMORZĄDOWYCH W ŚREDNIEJ WSI SZKOŁA PODSTAWOWA W ŚREDNIEJ WSI,2024,"polski, matematyka, angielski",2.0,,,2.0,,,2.0,,
277660,SZKOŁA PODSTAWOWA W MANASTERCU,2024,"polski, matematyka, angielski",4.0,,,4.0,,,4.0,,
118737,SZKOŁA PODSTAWOWA W OLSZANICY,2024,"polski, matematyka, angielski",3.0,,,3.0,,,3.0,,
43621,SZKOŁA PODSTAWOWA IM. KS. STANISŁAWA SZPETNARA W DĄBROWICY,2024,"polski, matematyka, angielski",3.0,,,3.0,,,3.0,,
92461,SZKOŁA PODSTAWOWA STARE MIASTO,2024,"polski, matematyka, angielski",1.0,,,1.0,,,1.0,,
92462,SZKOŁA PODSTAWOWA W PISKOROWICACH,2024,"polski, matematyka, angielski",4.0,,,4.0,,,4.0,,
69780,SZKOŁA PODSTAWOWA HUCISKO,2024,"polski, matematyka, angielski",4.0,,,4.0,,,4.0,,
19497,SZKOŁA PODSTAWOWA W ZALESIU,2024,"polski, matematyka, angielski",2.0,,,2.0,,,2.0,,
19495,SZKOŁA PODSTAWOWA IM. GEN. JÓZEFA KUSTRONIA W STARYCH OLESZYCACH,2024,"polski, matematyka, angielski",2.0,,,2.0,,,2.0,,
5971,NIEPUBLICZNA SZKOŁA PODSTAWOWA W GÓRKACH,2024,"polski, matematyka, angielski",3.0,,,3.0,,,3.0,,
16102,SZKOŁA PODSTAWOWA W BRNIU OSUCHOWSKIM,2024,"polski, matematyka, angielski",4.0,,,4.0,,,4.0,,
81178,SZKOŁA PODSTAWOWA NR 12 IM.HENRYKA SIENKIEWICZA W MIELCU,2024,"polski, matematyka, angielski",3.0,,,3.0,,,3.0,,
66314,SZKOŁA PODSTAWOWA W JANOWCU,2024,"polski, matematyka, angielski",4.0,,,4.0,,,4.0,,
84588,NIEPUBLICZNA SZKOŁA PODSTAWOWA W DULCZY MAŁEJ,2024,"polski, matematyka, angielski",3.0,,,3.0,,,3.0,,
118849,PUBLICZNA SZKOŁA PODSTAWOWA W GOŹDZIE,2024,"polski, matematyka, angielski",2.0,,,2.0,,,2.0,,
118850,PUBLICZNA SZKOŁA PODSTAWOWA W KRZESZOWIE GÓRNYM,2024,"polski, matematyka, angielski",3.0,,,3.0,,,3.0,,
30470,"SZKOŁA PODSTAWOWA FUNDACJI ""ELEMENTARZ"" Z ODDZIAŁEM PRZEDSZKOLNYM IM. ŚW. STANISŁAWA KOSTKI W GOLCACH",2024,"polski, matematyka, angielski",4.0,,,4.0,,,4.0,,
47131,SZKOŁA PODSTAWOWA W BYSTREM,2024,"polski, matematyka, angielski",2.0,,,2.0,,,2.0,,
16170,SZKOŁA PODSTAWOWA W DĄBRÓWCE,2024,"polski, matematyka, angielski",3.0,,,3.0,,,3.0,,
61628,NIEPUBLICZNA SZKOŁA PODSTAWOWA W ŻOHATYNIE,2024,"polski, matematyka, angielski",4.0,,,4.0,,,4.0,,
28268,PUBLICZNA SZKOŁA PODSTAWOWA IM. MARII KONOPNICKIEJ W KNIAŻYCACH,2024,"polski, matematyka, angielski",2.0,,,2.0,,,2.0,,
130188,SZKOŁA PODSTAWOWA IM. SYBIRAKÓW W BACHOWIE,2024,"polski, matematyka, angielski",3.0,,,3.0,,,3.0,,
130204,SZKOŁA PODSTAWOWA W RECZPOLU,2024,"polski, matematyka, angielski",4.0,,,4.0,,,4.0,,
42488,SZKOŁA PODSTAWOWA W SIEDLISKACH,2024,"polski, matematyka, angielski",4.0,,,4.0,,,4.0,,
42385,SZKOŁA PODSTAWOWA W TORKACH,2024,"polski, matematyka, angielski",4.0,,,4.0,,,4.0,,
20678,SZKOŁA PODSTAWOWA IM. ADAMA MICKIEWICZA W UJKOWICACH,2024,"polski, matematyka, angielski",4.0,,,4.0,,,4.0,,
52360,SZKOŁA PODSTAWOWA IM. ŚWIĘTEJ JADWIGI W OSTROWIE,2024,"polski, matematyka, angielski",4.0,,,4.0,,,4.0,,
41868,SZKOŁA PODSTAWOWA IM. PIOTRA MICHAŁOWSKIEGO W BOLESTRASZYCACH,2024,"polski, matematyka, angielski",4.0,,,4.0,,,4.0,,
51791,SZKOŁA PODSTAWOWA NR 2 W ŻURAWICY,2024,"polski, matematyka, angielski",3.0,,,3.0,,,3.0,,
16677,SZKOŁA PODSTAWOWA IM. ŚW. KRÓLOWEJ JADWIGI W MAĆKÓWCE,2024,"polski, matematyka, angielski",1.0,,,1.0,,,1.0,,
60819,SZKOŁA PODSTAWOWA W GÓRZE ROPCZYCKIEJ,2024,"polski, matematyka, angielski",2.0,,,2.0,,,2.0,,
106190,SZKOŁA PODSTAWOWA IM.ŚW. JANA KANTEGO W FUTOMIE,2024,"polski, matematyka, angielski",2.0,,,2.0,,,2.0,,
72296,SZKOŁA PODSTAWOWA W DYLĄGOWEJ,2024,"polski, matematyka, angielski",4.0,,,4.0,,,4.0,,
17129,SZKOŁA PODSTAWOWA IM. 21 BRYGADY STRZELCÓW PODHALAŃSKICH W BRZEZÓWCE,2024,"polski, matematyka, angielski",4.0,,,4.0,,,4.0,,
17033,SZKOŁA PODSTAWOWA IM. ŚW. JANA PAWŁA II W WÓLCE HYŻNEŃSKIEJ,2024,"polski, matematyka, angielski",3.0,,,3.0,,,3.0,,
106099,SPOŁECZNA SZKOŁA PODSTAWOWA NR 1 IM. KS JANA TWARDOWSKIEGO W RZESZOWIE,2024,"polski, matematyka, angielski",4.0,,,4.0,,,4.0,,
113958,SPOŁECZNA SZKOŁA PODSTAWOWA NR 2 W RZESZOWIE,2024,"polski, matematyka, angielski",2.0,,,2.0,,,2.0,,
41414,PUBLICZNA SZKOŁA PODSTAWOWA STOWARZYSZENIA PRZYJACIÓŁ SZKÓŁ KATOLICKICH IM. ŚW. BRATA ALBERTA CHMIELOWSKIEGO W WISŁOKU WIELKIM,2024,"polski, matematyka, angielski",3.0,,,3.0,,,3.0,,
103640,SZKOŁA PODSTAWOWA IM. JANA PAWŁA II W DOBREJ,2024,"polski, matematyka, angielski",3.0,,,3.0,,,3.0,,
6060,SZKOŁA PODSTAWOWA IM. GEN. TADEUSZA ROZWADOWSKIEGO W ŁUKOWEM,2024,"polski, matematyka, angielski",2.0,,,2.0,,,2.0,,
31125,SZKOŁA PODSTAWOWA W PIELNI,2024,"polski, matematyka, angielski",3.0,,,3.0,,,3.0,,
56429,PUBLICZNA SZKOŁA PODSTAWOWA W MAJDANIE ZBYDNIOWSKIM - WÓLCE TUREBSKIEJ IM. ŻOŁNIERZY II ARMII WOJSKA POLSKIEGO,2024,"polski, matematyka, angielski",4.0,,,4.0,,,4.0,,
47781,SZKOŁA PODSTAWOWA IM. KS. JANA TWARDOWSKIEGO W NOWEJ WSI,2024,"polski, matematyka, angielski",4.0,,,4.0,,,4.0,,
34772,SZKOŁA PODSTAWOWA W CIESZYNIE,2024,"polski, matematyka, angielski",2.0,,,2.0,,,2.0,,
34773,SZKOŁA PODSTAWOWA W GLINIKU GÓRNYM,2024,"polski, matematyka, angielski",4.0,,,4.0,,,4.0,,
70519,SZKOŁA PODSTAWOWA IM. JANA PAWŁA II W STĘPINIE,2024,"polski, matematyka, angielski",2.0,,,2.0,,,2.0,,
18958,SZKOŁA PODSTAWOWA NR 2 IM. BŁ. JERZEGO POPIEŁUSZKI W LUTCZY,2024,"polski, matematyka, angielski",3.0,,,3.0,,,3.0,,
18956,SZKOŁA PODSTAWOWA W GWOŹNICY DOLNEJ,2024,"polski, matematyka, angielski",4.0,,,4.0,,,4.0,,
91623,PUBLICZNA KATOLICKA SZKOŁA PODSTAWOWA,2024,polski,4.0,,,5.0,88.0,77.6,5.0,98.0,87.6
9664,"ZESPÓŁ SZKOLNO-PRZEDSZKOLNY W ZABRNIU, SZKOŁA PODSTAWOWA IM. JANA PAWŁA II W ZABRNIU",2024,"polski, matematyka, angielski",3.0,,,3.0,,,3.0,,
11600,ZESPÓŁ SZKOŁA PODSTAWOWA I PRZEDSZKOLE W WYDRZY SZKOŁA PODSTAWOWA W WYDRZY,2024,"polski, matematyka, angielski",2.0,,,2.0,,,2.0,,
85726,SZKOŁA PODSTAWOWA IM. KORNELA MAKUSZYŃSKIEGO W WOLI MAŁEJ,2024,"polski, matematyka, angielski",3.0,,,3.0,,,3.0,,
128764,SZKOŁA PODSTAWOWA NR 9 SPECJALNA W AUGUSTOWIE,2024,"polski, matematyka, angielski",3.0,,,3.0,,,2.0,,
17056,"SZKOŁA PODSTAWOWA IM. MJR HENRYKA DOBRZAŃSKIEGO ""HUBALA"" W KOLNICY",2024,"polski, matematyka, angielski",4.0,,,4.0,,,4.0,,
17004,SZKOŁA PODSTAWOWA IM.JANA PAWŁA II W ŻARNOWIE,2024,"polski, matematyka, angielski",3.0,,,3.0,,,3.0,,
86601,SZKOŁA PODSTAWOWA W KROSZEWIE,2024,"polski, matematyka, angielski",4.0,,,4.0,,,4.0,,
62077,NIEPUBLICZNA SZKOŁA PODSTAWOWA W ZAŁUKACH,2024,"polski, matematyka, angielski",2.0,,,2.0,,,2.0,,
9118,"SZKOŁA PODSTAWOWA IM. ""BOLESŁAWA PRUSA"" W POŚWIĘTNEM",2024,"polski, matematyka, angielski",3.0,,,3.0,,,3.0,,
30724,SZKOŁA PODSTAWOWA IM. SYBIRAKÓW W RAFAŁÓWCE,2024,"polski, matematyka, angielski",4.0,,,4.0,,,4.0,,
124752,SZKOŁA PODSTAWOWA NR 41 W ZAKŁADZIE POPRAWCZYM W BIAŁYMSTOKU,2024,"polski, matematyka, angielski",1.0,,,1.0,,,1.0,,
9737,DWUJĘZYCZNA SZKOŁA PODSTAWOWA „AKADEMIA JĘZYKOWA”,2024,"polski, matematyka",4.0,,,4.0,,,5.0,100.0,99.2
268644,LEŚNA SZKOŁA PUSZCZYK W BIAŁYMSTOKU,2024,"polski, matematyka, angielski",2.0,,,2.0,,,2.0,,
125245,NIEPUBLICZNA SZKOŁA PODSTAWOWA NR 1 ŚW. ABP. ŁUKASZA WOJNO - JASIENIECKIEGO W BIELSKU PODLASKIM,2024,"polski, matematyka, angielski",1.0,,,1.0,,,1.0,,
15421,SZKOŁA PODSTAWOWA W ANDRYJANKACH,2024,"polski, matematyka, angielski",4.0,,,4.0,,,4.0,,
132238,SZKOŁA PODSTAWOWA IM. PREZYDENTA RYSZARDA KACZOROWSKIEGO W STRABLI,2024,"polski, matematyka, angielski",4.0,,,4.0,,,4.0,,
6218,SZKOŁA PODSTAWOWA W RYDZEWIE,2024,"polski, matematyka, angielski",3.0,,,3.0,,,3.0,,
6691,SZKOŁA PODSTAWOWA W NIECIKACH,2024,"polski, matematyka, angielski",2.0,,,2.0,,,2.0,,
23014,SZKOŁA PODSTAWOWA W BIAŁOWIEŻY,2024,"polski, matematyka, angielski",4.0,,,4.0,,,4.0,,
112135,SZKOŁA PODSTAWOWA W CZEREMSZE,2024,angielski,6.0,39.0,38.5,6.0,10.0,15.333333333333334,4.0,,
18871,SZKOŁA PODSTAWOWA W DUBICZACH CERKIEWNYCH,2024,"polski, matematyka, angielski",3.0,,,3.0,,,1.0,,
119481,"STOWARZYSZENIE ""EDUKATOR"" W ŁOMŻY, SZKOŁA PODSTAWOWA W ORZESZKOWIE",2024,"polski, matematyka, angielski",2.0,,,2.0,,,2.0,,
87234,SZKOŁA PODSTAWOWA IM. ARCYBISKUPA GENERAŁA DYWIZJI MIRONA CHODAKOWSKIEGO W NARWI,2024,"polski, matematyka, angielski",2.0,,,2.0,,,1.0,,
34714,SZKOŁA PODSTAWOWA W SURAŁACH,2024,"polski, matematyka, angielski",1.0,,,1.0,,,1.0,,
90627,SZKOŁA PODSTAWOWA W ŁASZE,2024,"polski, matematyka, angielski",4.0,,,4.0,,,4.0,,
90628,SZKOŁA PODSTAWOWA W KSEBKACH,2024,"polski, matematyka, angielski",1.0,,,1.0,,,1.0,,
124225,SZKOŁA PODSTAWOWA W DŁUGOŁĘCE,2024,"polski, matematyka, angielski",3.0,,,3.0,,,3.0,,
86667,SZKOŁA PODSTAWOWA W STARYCH BAJKACH,2024,"polski, matematyka, angielski",2.0,,,2.0,,,2.0,,
90293,SZKOŁA PODSTAWOWA Z LITEWSKIM JĘZYKIEM NAUCZANIA W WIDUGIERACH,2024,"polski, matematyka, angielski",1.0,,,1.0,,,1.0,,
81198,"SZKOŁA PODSTAWOWA Z LITEWSKIM JĘZYKIEM NAUCZANIA ""ŻIBURYS"" W SEJNACH",2024,"polski, matematyka, angielski",4.0,,,4.0,,,4.0,,
17036,SZKOŁA PODSTAWOWA IM. A. MICKIEWICZA W KRASNOWIE,2024,"polski, matematyka, angielski",4.0,,,4.0,,,4.0,,
23668,SZKOŁA PODSTAWOWA W MILEJCZYCACH,2024,"polski, matematyka, angielski",2.0,,,2.0,,,2.0,,
28764,SZKOŁA PODSTAWOWA W RÓŻANYMSTOKU,2024,"polski, matematyka, angielski",3.0,,,3.0,,,3.0,,
41796,PUBLICZNA SZKOŁA PODSTAWOWA W BAGNACH,2024,"polski, matematyka, angielski",4.0,,,4.0,,,4.0,,
46865,SZKOŁA PODSTAWOWA W RESZKOWCACH,2024,"polski, matematyka, angielski",3.0,,,3.0,,,1.0,,
41793,SZKOŁA PODSTAWOWA W SUCHODOLINIE,2024,"polski, matematyka, angielski",4.0,,,4.0,,,4.0,,
31555,SZKOŁA PODSTAWOWA W ZWIERZYŃCU WIELKIM,2024,"polski, matematyka, angielski",2.0,,,2.0,,,2.0,,
46859,SZKOŁA PODSTAWOWA W KAMIENNEJ NOWEJ,2024,"polski, matematyka, angielski",3.0,,,3.0,,,3.0,,
80986,SZKOŁA PODSTAWOWA W MAJEWIE,2024,"polski, matematyka, angielski",4.0,,,4.0,,,4.0,,
81019,SZKOŁA PODSTAWOWA IM.KPT. JÓZEFA KŁOPOTOWSKIEGO W JACOWLANACH,2024,"polski, matematyka, angielski",4.0,,,4.0,,,4.0,,
74826,SZKOŁA PODSTAWOWA W MALAWICZACH DOLNYCH,2024,"polski, matematyka, angielski",1.0,,,1.0,,,1.0,,
75054,SZKOŁA PODSTAWOWA W STAREJ ROZEDRANCE,2024,"polski, matematyka, angielski",3.0,,,3.0,,,3.0,,
15147,SZKOŁA PODSTAWOWA Z ODDZIAŁAMI INTEGRACYJNYMI W JANOWSZCZYŹNIE,2024,angielski,5.0,56.0,49.4,5.0,40.0,41.6,3.0,,
73496,SZKOŁA PODSTAWOWA W PRZEROŚLI,2024,"polski, matematyka, angielski",3.0,,,3.0,,,3.0,,
91068,SZKOŁA PODSTAWOWA IM. PAPIEŻA JANA PAWŁA II W NOWEJ WSI,2024,"polski, matematyka, angielski",4.0,,,4.0,,,4.0,,
68501,SZKOŁA PODSTAWOWA IM. ŚWIĘTEGO JANA PAWŁA II W ŁEMPICACH,2024,"polski, matematyka, angielski",4.0,,,4.0,,,4.0,,
3902,SZKOŁA PODSTAWOWA W DĄBROWIE WIELKIEJ,2024,"polski, matematyka, angielski",2.0,,,2.0,,,2.0,,
11401,SZKOŁA PODSTAWOWA IMIENIEM KSIĘDZA PIOTRA SKARGI W KOBYLINIE-BORZYMACH,2024,"polski, matematyka, angielski",3.0,,,3.0,,,3.0,,
58619,SZKOŁA PODSTAWOWA W STARYM SKARŻYNIE,2024,"polski, matematyka, angielski",2.0,,,2.0,,,2.0,,
31494,SZKOŁA PODSTAWOWA W WIŚNIEWIE,2024,"polski, matematyka, angielski",4.0,,,4.0,,,4.0,,
29759,SZKOŁA PODSTAWOWA W NADBORACH,2024,"polski, matematyka, angielski",3.0,,,3.0,,,3.0,,
47761,SZKOŁA PODSTAWOWA IM. OFIAR KATYNIA W JEZIORKU,2024,"polski, matematyka, angielski",2.0,,,2.0,,,2.0,,
47764,SZKOŁA PODSTAWOWA W KISIELNICY,2024,"polski, matematyka, angielski",3.0,,,3.0,,,3.0,,
47765,SZKOŁA PODSTAWOWA IM. ZESŁAŃCÓW SYBIRU W OLSZYNACH,2024,"polski, matematyka, angielski",4.0,,,4.0,,,4.0,,
60861,SZKOŁA PODSTAWOWA W DOBRYM LESIE,2024,"polski, matematyka, angielski",3.0,,,3.0,,,3.0,,
90342,SZKOŁA PODSTAWOWA W PODGÓRZU IM. KS. KARDYNAŁA STEFANA WYSZYŃSKIEGO,2024,"polski, matematyka, angielski",4.0,,,4.0,,,4.0,,
90325,SZKOŁA PODSTAWOWA IM. RODZINY JABŁOŃSKICH W PNIEWIE,2024,"polski, matematyka, angielski",4.0,,,4.0,,,4.0,,
86926,SZKOŁA PODSTAWOWA NR 8 IM.ŁESI UKRAINKI Z UKRAIŃSKIM JĘZYKIEM NAUCZANIA W BARTOSZYCACH,2024,"polski, matematyka, angielski",4.0,,,4.0,,,3.0,,
59106,SZKOŁA PODSTAWOWA W DZIETRZYCHOWIE,2024,angielski,6.0,53.5,55.166666666666664,6.0,38.0,41.333333333333336,,,
59111,SZKOŁA PODSTAWOWA W WIATROWCU,2024,"polski, matematyka, angielski",4.0,,,4.0,,,4.0,,
26707,SZKOŁA PODSTAWOWA IM.ŚWIĘTEGO JANA PAWŁA II W LECHOWIE,2024,"polski, matematyka, angielski",3.0,,,3.0,,,,,
18505,SZKOŁA PODSTAWOWA IM. ADAMA MICKIEWICZA W UZDOWIE,2024,"polski, matematyka, angielski",2.0,,,2.0,,,2.0,,
87151,SZKOŁA PODSTAWOWA IM. KAROLA MAŁŁKA W NARZYMIU,2024,angielski,7.0,36.0,37.285714285714285,7.0,16.0,19.428571428571427,4.0,,
480877,SZKOŁA PODSTAWOWA W BIAŁUTACH,2024,"polski, matematyka, angielski",4.0,,,4.0,,,4.0,,
56411,SZKOŁA PODSTAWOWA W WIELKIM ŁĘCKU,2024,"polski, matematyka, angielski",4.0,,,4.0,,,4.0,,
128867,SZKOŁA PODSTAWOWA MONTESSORI ELBLĄG,2024,"polski, matematyka, angielski",1.0,,,1.0,,,2.0,,
10348,PUBLICZNA SZKOŁA PODSTAWOWA W PILONIE,2024,"polski, matematyka, angielski",4.0,,,4.0,,,4.0,,
478804,SZKOŁA PODSTAWOWA SPECJALNA POD ŻAGLAMI,2024,"polski, matematyka, angielski",4.0,,,4.0,,,4.0,,
31800,SZKOŁA PODSTAWOWA W SYPITKACH,2024,"polski, matematyka, angielski",2.0,,,2.0,,,2.0,,
25356,SZKOŁA PODSTAWOWA IM.KARD. STEFANA WYSZYŃSKIEGO W ROŻYŃSKU WIELKIM,2024,"polski, matematyka, angielski",2.0,,,2.0,,,,,
124413,SZKOŁA PODSTAWOWA W GALWIECIACH,2024,"polski, matematyka, angielski",3.0,,,3.0,,,3.0,,
124408,SZKOŁA PODSTAWOWA W BOĆWINCE,2024,"polski, matematyka, angielski",3.0,,,3.0,,,3.0,,
26401,SZKOŁA PODSTAWOWA W POGORZELI,2024,"polski, matematyka, angielski",4.0,,,4.0,,,4.0,,
53271,"SZKOŁA PODSTAWOWA IM. MJR HENRYKA DOBRZAŃSKIEGO ,,HUBALA"" W GAŁDOWIE",2024,"polski, matematyka, angielski",2.0,,,2.0,,,2.0,,
48344,SZKOŁA PODSTAWOWA IM.KARD.STANISŁAWA DZIWISZA W KAZANICACH,2024,"polski, matematyka, angielski",4.0,,,4.0,,,4.0,,
105364,SZKOŁA PODSTAWOWA W JAWTACH WIELKICH,2024,"polski, matematyka, angielski",4.0,,,4.0,,,4.0,,
86389,SZKOŁA PODSTAWOWA W NAKOMIADACH,2024,"polski, matematyka, angielski",4.0,,,4.0,,,3.0,,
268089,NIEPUBLICZNA SZKOŁA PODSTAWOWA W ŻEGOTACH,2024,"polski, matematyka, angielski",4.0,,,4.0,,,4.0,,
22347,SZKOŁA PODSTAWOWA W BARANOWIE,2024,angielski,6.0,42.0,35.666666666666664,6.0,16.0,15.333333333333334,3.0,,
75375,SZKOŁA PODSTAWOWA W NAWIADACH,2024,angielski,8.0,44.5,51.875,8.0,36.0,41.0,2.0,,
5062,STOWARZYSZENIE EDUKATOR W ŁOMŻY SZKOŁA PODSTAWOWA W CHOSZCZEWIE,2024,"polski, matematyka, angielski",3.0,,,3.0,,,3.0,,
27793,SZKOŁA PODSTAWOWA IM. STANISŁAWA MIKOŁAJCZYKA W RĄCZKACH,2024,angielski,8.0,55.5,55.5,8.0,30.0,41.0,3.0,,
35267,SZKOŁA PODSTAWOWA W JUDZIKACH,2024,angielski,6.0,54.5,50.833333333333336,6.0,34.0,39.333333333333336,4.0,,
66767,SPECJALNA SZKOŁA PODSTAWOWA NR 5,2024,"polski, matematyka, angielski",3.0,,,3.0,,,3.0,,
52553,"SZKOŁA PODSTAWOWA FUNDACJI ""ELEMENTARZ"" W MAZURACH",2024,"polski, matematyka, angielski",4.0,,,4.0,,,4.0,,
106036,SZKOŁA PODSTAWOWA NR 20 SPECJALNA DLA UCZNIÓW Z CHOROBAMI PRZEWLEKŁYMI IM. JANUSZA KORCZAKA W OLSZTYNIE,2024,"polski, matematyka, angielski",1.0,,,1.0,,,1.0,,
115080,NIEPUBLICZNA SZKOŁA PODSTAWOWA ART SCHOOL,2024,"polski, matematyka, angielski",2.0,,,2.0,,,2.0,,
128814,FENOMENALNA NIEPUBLICZNA SZKOŁA PODSTAWOWA Z ODDZIAŁAMI INTEGRACYJNYMI W OLSZTYNIE,2024,"polski, matematyka, angielski",1.0,,,1.0,,,1.0,,
42078,NIEPUBLICZNA SZKOŁA PODSTAWOWA W RAMSOWIE,2024,"polski, matematyka, angielski",3.0,,,3.0,,,3.0,,
124725,SZKOŁA PODSTAWOWA NR 2 W ZAKLADZIE POPRAWCZYM W BARCZEWIE,2024,"polski, matematyka, angielski",4.0,,,4.0,,,4.0,,
30450,SPOŁECZNA SZKOŁA PODSTAWOWA W BREDYNKACH,2024,"polski, matematyka, angielski",1.0,,,1.0,,,1.0,,
6387,SZKOŁA PODSTAWOWA IM. JANA PAWŁA II W KOLNIE,2024,"polski, matematyka, angielski",4.0,,,4.0,,,2.0,,
69501,PUBLICZNA SZKOŁA PODSTAWOWA STOWARZYSZENIA PRZYJACIÓŁ SZKÓŁ KATOLICKICH IM. JANA BACZEWSKIEGO W GRYŹLINACH,2024,"polski, matematyka, angielski",4.0,,,4.0,,,4.0,,
53172,PUBLICZNA SZKOŁA PODSTAWOWA W MARWAŁDZIE,2024,"polski, matematyka, angielski",3.0,,,3.0,,,3.0,,
53174,PUBLICZNA SZKOŁA PODSTAWOWA IM. IGNACEGO KRASICKIEGO W ELGNOWIE,2024,"polski, matematyka, angielski",2.0,,,2.0,,,2.0,,
113661,NIEPUBLICZNA SZKOŁA PODSTAWOWA,2024,"polski, matematyka, angielski",3.0,,,3.0,,,3.0,,
86915,SZKOŁA PODSTAWOWA IM.KRÓLOWEJ JADWIGI WE FRYGNOWIE,2024,"polski, matematyka, angielski",3.0,,,3.0,,,3.0,,
271039,SZKOŁA PODSTAWOWA IM. WŁADYSŁAWA JAGIEŁŁY W STĘBARKU,2024,"polski, matematyka, angielski",4.0,,,4.0,,,4.0,,
30812,NIEPUBLICZNA SZKOŁA PODSTAWOWA Z ODDZIAŁAMI PRZEDSZKOLNYMI W KALNIKU,2024,"polski, matematyka, angielski",3.0,,,3.0,,,3.0,,
30753,NIEPUBLICZNA SZKOŁA PODSTAWOWA Z ODDZIAŁAMI PRZEDSZKOLNYMI W BOGACZEWIE,2024,"polski, matematyka, angielski",1.0,,,1.0,,,1.0,,
29148,SZKOŁA PODSTAWOWA IM. JANA KAROLA SEMBRZYCKIEGO W PIETRZWAŁDZIE,2024,"polski, matematyka, angielski",3.0,,,3.0,,,3.0,,
75346,SZKOŁA PODSTAWOWA IM. KONSTANTEGO ILDEFONSA GAŁCZYŃSKIEGO W LIPOWIE,2024,"polski, matematyka, angielski",4.0,,,4.0,,,4.0,,
12947,SZKOŁA PODSTAWOWA IM. PODLASKIEJ BRYGADY KAWALERII W SKARŻYNIE,2024,"polski, matematyka, angielski",2.0,,,2.0,,,2.0,,
59596,SZKOŁA PODSTAWOWA W HEJDYKU,2024,"polski, matematyka, angielski",4.0,,,4.0,,,2.0,,
60206,SZKOŁA PODSTAWOWA IM. ŚW. MAKSYMILIANA MARII KOLBEGO W KOTLE DUŻYM,2024,angielski,7.0,40.0,41.285714285714285,7.0,24.0,26.285714285714285,,,
56017,SZKOŁA PODSTAWOWA IM. KS. JERZEGO POPIEŁUSZKI W LISKACH,2024,"polski, matematyka, angielski",3.0,,,3.0,,,3.0,,
119750,SZKOŁA PODSTAWOWA W KAŁĘCZYNIE,2024,"polski, matematyka, angielski",4.0,,,4.0,,,4.0,,
8639,SZKOŁA PODSTAWOWA W RUMACH,2024,"polski, matematyka, angielski",2.0,,,2.0,,,2.0,,
88208,NIEPUBLICZNA SZKOŁA PODSTAWOWA W ROMANACH,2024,"polski, matematyka, angielski",2.0,,,2.0,,,2.0,,
91150,SZKOŁA PODSTAWOWA IM. ORŁA BIAŁEGO W ZABIELACH,2024,"polski, matematyka, angielski",2.0,,,2.0,,,2.0,,
108814,SZKOŁA PODSTAWOWA IM. KURTA OBITZA W WĘGIELSZTYNIE,2024,"polski, matematyka, angielski",4.0,,,4.0,,,4.0,,
14954,SZKOŁA PODSTAWOWA IM. MARII KONOPNICKIEJ W ŻERONICACH,2024,"polski, matematyka, angielski",4.0,,,4.0,,,4.0,,
83694,SPOŁECZNA SZKOŁA PODSTAWOWA W ORĄTKACH,2024,"polski, matematyka, angielski",2.0,,,2.0,,,2.0,,
49315,SZKOŁA PODSTAWOWA W MODRZEWIU Z SIEDZIBĄ W ZIĘBOWIE,2024,"polski, matematyka, angielski",3.0,,,3.0,,,3.0,,
49320,SZKOŁA PODSTAWOWA IM. STEFANA ŻEROMSKIEGO W BIELOWICACH,2024,"polski, matematyka, angielski",4.0,,,4.0,,,4.0,,
272495,SZKOŁA PODSTAWOWA W DĘBIE,2024,"polski, matematyka, angielski",3.0,,,3.0,,,3.0,,
12141,SZKOŁA PODSTAWOWA W ZIELĘCINIE,2024,"polski, matematyka, angielski",2.0,,,2.0,,,2.0,,
85922,SZKOŁA PODSTAWOWA W SKOTNIKACH,2024,"polski, matematyka, angielski",2.0,,,2.0,,,2.0,,
79856,SZKOŁA PODSTAWOWA IM. ŚW. MIKOŁAJA W MIERZYNIE,2024,"polski, matematyka, angielski",4.0,,,4.0,,,4.0,,
60543,SZKOŁA PODSTAWOWA IM. PAPIEŻA JANA PAWŁA II,2024,"polski, matematyka, angielski",4.0,,,4.0,,,4.0,,
132054,SZKOŁA PODSTAWOWA IM. MIRY I TADEUSZA SYGIETYŃSKICH W PROSZENIU,2024,"polski, matematyka, angielski",2.0,,,2.0,,,2.0,,
25176,KATOLICKA SZKOŁA PODSTAWOWA SIÓSTR DOMINIKANEK IM. BŁ. S. JULII RODZIŃSKIEJ W PIOTRKOWIE TRYBUNALSKIM,2024,"polski, matematyka, angielski",3.0,,,3.0,,,3.0,,
262535,JĘZYKOWA SZKOŁA PODSTAWOWA IM. AGNIESZKI HOLLAND W PIOTRKOWIE TRYBUNALSKIM,2024,angielski,6.0,59.0,57.5,6.0,48.0,50.666666666666664,4.0,,
15018,SZKOŁA PODSTAWOWA IM. JANA PAWŁA II W ZYGRACH,2024,angielski,5.0,42.0,38.8,5.0,20.0,33.6,4.0,,
34577,SZKOŁA PODSTAWOWA IM. HENRYKA SIENKIEWICZA W BLOKU DOBRYSZYCE,2024,"polski, matematyka, angielski",4.0,,,4.0,,,4.0,,
58154,PUBLICZNA SZKOŁA PODSTAWOWA W BRUDZICACH,2024,"polski, matematyka, angielski",3.0,,,3.0,,,3.0,,
31251,PUBLICZNA SZKOŁA PODSTAWOWA W SZCZEPOCICACH,2024,"polski, matematyka, angielski",3.0,,,3.0,,,3.0,,
49601,SZKOŁA PODSTAWOWA IM. STEFANA KARDYNAŁA WYSZYŃSKIEGO W PACHACH,2024,"polski, matematyka, angielski",3.0,,,3.0,,,3.0,,
87119,SZKOŁA PODSTAWOWA W STAREJ WOJSKIEJ,2024,"polski, matematyka, angielski",2.0,,,2.0,,,2.0,,
90537,SZKOŁA PODSTAWOWA IM. JULIANA TUWIMA W OSTROWIE,2024,"polski, matematyka, angielski",3.0,,,3.0,,,3.0,,
90511,PUBLICZNA SZKOŁA PODSTAWOWA IM. JANA PAWŁAII W KLICZKOWIE WELKIM,2024,angielski,5.0,69.0,70.8,5.0,40.0,41.6,4.0,,
66522,PUBLICZNA SZKOŁA PODSTAWOWA STOWARZYSZENIA PRZYJACIÓŁ SZKÓŁ KATOLICKICH IM. ŚW. BERNADETTY SOUBIROUS W TRZCINCE,2024,"polski, matematyka, angielski",2.0,,,2.0,,,2.0,,
62434,SZKOŁA PODSTAWOWA W LIPICZU,2024,"polski, matematyka, angielski",2.0,,,2.0,,,2.0,,
61932,SZKOŁA PODSTAWOWA W KASZEWIE,2024,"polski, matematyka, angielski",2.0,,,2.0,,,2.0,,
83450,SZKOŁA PODSTAWOWA INTEGRACYJNA NR 8,2024,"polski, matematyka, angielski",3.0,,,3.0,,,3.0,,
13388,SZKOŁA PODSTAWOWA IM. TEODORA GOŹDZIKIEWICZA W DĄBROWIE WIELKIEJ,2024,"polski, matematyka, angielski",4.0,,,4.0,,,4.0,,
34388,SZKOŁA PODSTAWOWA IM. JANUSZA KORCZAKA W RACZKOWIE,2024,"polski, matematyka, angielski",4.0,,,4.0,,,4.0,,
17424,SZKOŁA PODSTAWOWA IM. TADEUSZA KOŚCIUSZKI W WĄGŁCZEWIE,2024,"polski, matematyka, angielski",4.0,,,4.0,,,4.0,,
127603,NIEPUBLICZNA SZKOŁA PODSTAWOWA NOVUM W SKIERNIEWICACH,2024,"polski, matematyka, angielski",3.0,,,3.0,,,3.0,,
58563,PUBLICZNA SZKOŁA PODSTAWOWA W JANISŁAWICACH,2024,"polski, matematyka, angielski",2.0,,,2.0,,,2.0,,
49790,SZKOŁA PODSTAWOWA IM. WŁ. ST. REYMONTA W LIPCACH REYMONTOWSKICH,2024,"polski, matematyka",4.0,,,4.0,,,6.0,21.0,33.833333333333336
103758,SZKOŁA PODSTAWOWA IM. JANUSZA KORCZAKA W DRZEWCACH,2024,"polski, matematyka, angielski",2.0,,,2.0,,,2.0,,
56669,SZKOŁA PODSTAWOWA W MSZADLI,2024,"polski, matematyka, angielski",1.0,,,1.0,,,1.0,,
196420,SZKOŁA PODSTAWOWA IM. JÓZEFA WYBICKIEGO W STRZYBODZE,2024,"polski, matematyka, angielski",1.0,,,1.0,,,1.0,,
83570,SZKOŁA PODSTAWOWA IM JANUSZA KORCZAKA W MOKREJ LEWEJ,2024,"polski, matematyka, angielski",4.0,,,4.0,,,4.0,,
34709,SZKOŁA PODSTAWOWA IM. KS. JANA TWARDOWSKIEGO W DĘBOWEJ GÓRZE,2024,angielski,5.0,64.0,60.4,5.0,56.0,55.2,4.0,,
69489,SZKOŁA PODSTAWOWA IM. TADEUSZA KOŚCIUSZKI W ŁAZNOWIE,2024,"polski, matematyka, angielski",4.0,,,4.0,,,4.0,,
120312,KATOLICKA SZKOŁA PODSTAWOWA IM. NIEPOKALANEGO SERCA NAJŚWIĘTSZEJ MARYI PANNY KRÓLOWEJ POLSKI I ŚW. OJCA PIO W TOMASZOWIE MAZOWIECKIM,2024,"polski, matematyka, angielski",4.0,,,4.0,,,4.0,,
40832,PUBLICZNA SZKOŁA PODSTAWOWA W ZAŁĘCZU MAŁYM,2024,"polski, matematyka, angielski",4.0,,,4.0,,,4.0,,
48203,SZKOŁA PODSTAWOWA IM. WISŁAWY SZYMBORSKIEJ W SIEŃCU,2024,"polski, matematyka, angielski",2.0,,,2.0,,,2.0,,
83704,PUBLICZNA SZKOŁA PODSTAWOWA STOWARZYSZENIA PRZYJACIÓŁ SZKÓŁ KATOLICKICH IM. ŚW. JANA PAWŁA II W KADŁUBIE,2024,"polski, matematyka, angielski",3.0,,,3.0,,,3.0,,
105761,ZESPÓŁ SZKOLNO-PRZEDSZKOLNY W CHRÓŚCINIE PUBLICZNA SZKOŁA PODSTAWOWA W CHRÓŚCINIE,2024,"polski, matematyka, angielski",2.0,,,2.0,,,3.0,,
105556,ZESPÓŁ SZKOLNO-PRZEDSZKOLNY W ŻDŻARACH PUBLICZNA SZKOŁA PODSTAWOWA W ŻDŻARACH,2024,"polski, matematyka, angielski",2.0,,,2.0,,,2.0,,
105779,ZESPÓŁ SZKOLNO-PRZEDSZKOLNY W MIELESZYNIE PUBLICZNA SZKOŁA PODSTAWOWA W MIELESZYNIE,2024,"polski, matematyka, angielski",4.0,,,4.0,,,4.0,,
11124,SZKOŁA PODSTAWOWA W RADOSTOWIE,2024,"polski, matematyka, angielski",2.0,,,2.0,,,2.0,,
269894,"SZKOŁA PODSTAWOWA DLA DOROSŁYCH ""DR PIONTEK"" W ZDUŃSKIEJ WOLI",2024,"polski, matematyka, angielski",4.0,,,4.0,,,4.0,,
21893,SZKOŁA PODSTAWOWA IM. STANISŁAWA JACHOWICZA W LEŚMIERZU,2024,angielski,10.0,76.0,67.4,10.0,56.0,56.8,4.0,,
44611,NIEPUBLICZNA SZKOŁA PODSTAWOWA W ŁOPATKACH,2024,"polski, matematyka, angielski",2.0,,,2.0,,,2.0,,
3668,NIEPUBLICZNA SZKOŁA PODSTAWOWA WE WRZESZCZEWICACH,2024,"polski, matematyka, angielski",3.0,,,3.0,,,3.0,,
60480,SZKOŁA PODSTAWOWA W NIEDŹWIADZIE,2024,"polski, matematyka, angielski",2.0,,,2.0,,,2.0,,
27058,SZKOŁA PODSTAWOWA SPECJALNA NR 201,2024,"polski, matematyka, angielski",3.0,,,3.0,,,3.0,,
264909,NIEPUBLICZNA SZKOŁA PODSTAWOWA PRACOWNIA,2024,"polski, matematyka, angielski",3.0,,,3.0,,,3.0,,
91134,SZKOŁA PODSTAWOWA IM.PROF.WACŁAWA FELCZAKA W CHORKACH,2024,"polski, matematyka, angielski",3.0,,,3.0,,,3.0,,
91138,SZKOŁA PODSTAWOWA IM. JANA KOCHANOWSKIEGO W GRABOWIE,2024,angielski,6.0,64.5,55.5,6.0,42.0,45.333333333333336,4.0,,
9897,SZKOŁA PODSTAWOWA W BŁONIU,2024,"polski, matematyka, angielski",2.0,,,2.0,,,2.0,,
131215,SZKOŁA PODSTAWOWA SPECJALNA NR 2 W STEMPLEWIE,2024,"polski, matematyka, angielski",4.0,,,4.0,,,4.0,,
196372,SZKOŁA PODSTAWOWA W JARZĄBKACH,2024,"polski, matematyka, angielski",3.0,,,3.0,,,3.0,,
81044,NIEPUBLICZNA SZKOŁA PODSTAWOWA W BRUSIE,2024,"polski, matematyka, angielski",3.0,,,3.0,,,3.0,,
19726,SZKOŁA PODSTAWOWA W WĘGLESZYNIE,2024,"polski, matematyka, angielski",1.0,,,1.0,,,1.0,,
272679,SZKOŁA PODSTAWOWA IM. ŚW. HUBERTA W MSTYCZOWIE,2024,"polski, matematyka, angielski",4.0,,,4.0,,,4.0,,
119259,NIEPUBLICZNA SZKOŁA PODSTAWOWA SPECJALNA W WĘGRZYNOWIE,2024,"polski, matematyka, angielski",2.0,,,2.0,,,2.0,,
7975,SZKOŁA PODSTAWOWA IM. JEDNOSTKI ZIEMI KIELECKIEJ W MIERZAWIE,2024,"polski, matematyka, angielski",1.0,,,1.0,,,1.0,,
7976,SZKOŁA PODSTAWOWA IM. STEFANA ŻEROMSKIEGO W NIEGOSŁAWICACH,2024,"polski, matematyka, angielski",4.0,,,4.0,,,4.0,,
7974,SAMORZĄDOWA SZKOŁA PODSTAWOWA IM. ADAMA MICKIEWICZA W LUBCZY,2024,"polski, matematyka, angielski",1.0,,,1.0,,,1.0,,
3344,SZKOŁA PODSTAWOWA IM. BATALIONÓW CHŁOPSKICH W CZARNOCINIE,2024,"polski, matematyka, angielski",4.0,,,4.0,,,4.0,,
72339,SZKOŁA PODSTAWOWA W WOLI SZCZYGIEŁKOWEJ,2024,"polski, matematyka, angielski",3.0,,,3.0,,,3.0,,
119637,SZKOŁA PODSTAWOWA W ŚNIADCE,2024,"polski, matematyka, angielski",1.0,,,1.0,,,1.0,,
478984,SZKOŁA PODSTAWOWA W LEŚNEJ,2024,"polski, matematyka, angielski",4.0,,,4.0,,,4.0,,
62595,SZKOŁA PODSTAWOWA IM JANA III SOBIESKIEGO W STAROCHĘCINACH,2024,"polski, matematyka, angielski",4.0,,,4.0,,,4.0,,
75963,SZKOŁA PODSTAWOWA W RADKOWICACH,2024,"polski, matematyka, angielski",4.0,,,4.0,,,4.0,,
3577,SZKOŁA PODSTAWOWA W BRZECHOWIE,2024,"polski, matematyka, angielski",3.0,,,3.0,,,3.0,,
53731,PUBLICZNA SZKOŁA PODSTAWOWA IM. MARII MICHALCZYK PS. WYRWICZ W MARZYSZU,2024,"polski, matematyka, angielski",2.0,,,2.0,,,2.0,,
92088,SZKOŁA PODSTAWOWA W ROGOWICACH,2024,"polski, matematyka, angielski",4.0,,,4.0,,,4.0,,
85766,SZKOŁA PODSTAWOWA W OBICACH,2024,"polski, matematyka, angielski",4.0,,,4.0,,,4.0,,
14333,SZKOŁA PODSTAWOWA IM. GEN. ANTONIEGO HEDY PS. „SZARY” W KOWALI,2024,"polski, matematyka, angielski",3.0,,,3.0,,,1.0,,
133561,SZKOŁA PODSTAWOWA W BARDZIE,2024,"polski, matematyka, angielski",3.0,,,3.0,,,3.0,,
7640,SZKOŁA PODSTAWOWA NR 1 IM. NAUCZYCIELI TAJNEGO NAUCZANIA W ZAGNAŃSKU,2024,"polski, matematyka, angielski",4.0,,,4.0,,,4.0,,
264112,SPECJALNA SZKOŁA PODSTAWOWA W JÓŹWIKOWIE,2024,"polski, matematyka, angielski",4.0,,,4.0,,,4.0,,
42920,PUBLICZNA SZKOŁA PODSTAWOWA IM. STEFANA ŻEROMSKIEGO W RUDZIE MALENIECKIEJ,2024,"polski, matematyka, angielski",3.0,,,3.0,,,3.0,,
66471,NIEPUBLICZNA SZKOŁA PODSTAWOWA W GOSANIU,2024,"polski, matematyka, angielski",2.0,,,2.0,,,2.0,,
7322,NIEPUBLICZNA SZKOŁA PODSTAWOWA W MNINIE,2024,"polski, matematyka, angielski",3.0,,,3.0,,,3.0,,
90218,PUBLICZNA SZKOŁA PODSTAWOWA W LASOCINIE,2024,"polski, matematyka, angielski",2.0,,,2.0,,,2.0,,
85970,PUBLICZNA SZKOŁA PODSTAWOWA W STODOŁACH,2024,"polski, matematyka, angielski",2.0,,,2.0,,,2.0,,
85881,PUBLICZNA SZKOŁA PODSTAWOWA W WOJCIECHOWICACH IM. GEN. FRANCISZKA KAMIŃSKIEGO KOMENDANTA GŁÓWNEGO BCH,2024,"polski, matematyka, angielski",4.0,,,4.0,,,4.0,,
48614,PUBLICZNA SZKOŁA PODSTAWOWA IM. LEGIONÓW POLSKICH W OKOLE,2024,"polski, matematyka, angielski",4.0,,,4.0,,,4.0,,
65283,PUBLICZNA SZKOŁA PODSTAWOWA W SZWARSZOWICACH,2024,"polski, matematyka, angielski",4.0,,,4.0,,,4.0,,
85087,PUBLICZNA SZKOŁA PODSTAWOWA W JANIKU,2024,"polski, matematyka, angielski",3.0,,,3.0,,,3.0,,
272863,PUBLICZNA SZKOŁA PODSTAWOWA W WYMYSŁOWIE,2024,"polski, matematyka, angielski",3.0,,,3.0,,,3.0,,
279184,PUBLICZNA SZKOŁA PODSTAWOWA IM. STANISŁAWA STASZICA W NIETULISKU DUŻYM,2024,"polski, matematyka, angielski",4.0,,,4.0,,,4.0,,
124796,SZKOŁA PODSTAWOWA NR 15 W ZAKŁADZIE POPRAWCZYM W OSTROWCU ŚWIĘTOKRZYSKIM,2024,"polski, matematyka, angielski",2.0,,,2.0,,,,,
69878,SZKOŁA PODSTAWOWA W DZIERĄŻNI,2024,"polski, matematyka, angielski",2.0,,,2.0,,,2.0,,
17205,SZKOŁA PODSTAWOWA W MŁODZAWACH,2024,"polski, matematyka, angielski",4.0,,,4.0,,,4.0,,
124776,SZKOŁA PODSTAWOWA NR 1 W OKRĘGOWYM OŚRODKU WYCHOWAWCZYM W GACKACH,2024,"polski, matematyka, angielski",3.0,,,3.0,,,3.0,,
3576,SZKOŁA PODSTAWOWA IM. ZIEMI SANDOMIERSKIEJ W SŁUPCZY,2024,"polski, matematyka, angielski",3.0,,,3.0,,,3.0,,
88006,SZKOŁA PODSTAWOWA IM. POWSTAŃCÓW STYCZNIOWYCH „PUŁAWIAKÓW” W GÓRACH WYSOKICH,2024,"polski, matematyka, angielski",3.0,,,3.0,,,3.0,,
3406,SZKOŁA PODSTAWOWA IM. ZAWISZY CZARNEGO HERBU SULIMA W STARYM GARBOWIE,2024,"polski, matematyka, angielski",3.0,,,3.0,,,3.0,,
14396,SZKOŁA PODSTAWOWA W OSSOLINIE,2024,"polski, matematyka, angielski",4.0,,,4.0,,,4.0,,
14377,SZKOŁA PODSTAWOWA W NAWODZICACH,2024,"polski, matematyka, angielski",3.0,,,3.0,,,3.0,,
24786,PUBLICZNA SZKOŁA PODSTAWOWA W ŚMIECHOWICACH,2024,"polski, matematyka, angielski",4.0,,,4.0,,,4.0,,
11962,SZKOŁA PODSTAWOWA IM. 3 PUŁKU PIECHOTY LEGIONÓW ARMII KRAJOWEJ W SORBINIE,2024,"polski, matematyka, angielski",4.0,,,4.0,,,4.0,,
103421,SZKOŁA PODSTAWOWA LIPOWE POLE SKARBOWE,2024,"polski, matematyka, angielski",4.0,,,4.0,,,3.0,,
34645,PUBLICZNA SZKOŁA PODSTAWOWA IM. KORNELA MAKUSZYŃSKIEGO W ADAMOWIE,2024,"polski, matematyka, angielski",3.0,,,3.0,,,3.0,,
41385,„MAŁA SZKOŁA” PUBLICZNA SZKOŁA PODSTAWOWA W RUDNIKU,2024,"polski, matematyka, angielski",2.0,,,2.0,,,2.0,,
262525,PUBLICZNA SZKOŁA PODSTAWOWA W LIPIU,2024,"polski, matematyka, angielski",3.0,,,3.0,,,3.0,,
79338,SZKOŁA PODSTAWOWA IM. JANUSZA KORCZAKA W TYCHOWIE NOWYM,2024,"polski, matematyka, angielski",4.0,,,4.0,,,4.0,,
40776,PUBLICZNA SZKOŁA PODSTAWOWA IM. KS. KARDYNAŁA STEFANA WYSZYŃSKIEGO W DĄBROWIE,2024,"polski, matematyka, angielski",3.0,,,3.0,,,3.0,,
82479,SZKOŁA PODSTAWOWA IM. BOHATERÓW POWSTANIA STYCZNIOWEGO W WĄCHOCKU,2024,"polski, matematyka, angielski",4.0,,,4.0,,,4.0,,
19305,PUBLICZNA SZKOŁA PODSTAWOWA W WIĄZOWNICY DUŻEJ,2024,"polski, matematyka, angielski",3.0,,,3.0,,,3.0,,
275830,SZKOŁA PODSTAWOWA W ZESPOLE PRZEDSZKOLNO-SZKOLNYM W KOMORNIKACH,2024,"polski, matematyka, angielski",3.0,,,3.0,,,3.0,,
3787,SZKOŁA PODSTAWOWA IM. BŁ. KS. JERZEGO POPIEŁUSZKI W CIEŚLACH,2024,"polski, matematyka, angielski",1.0,,,1.0,,,1.0,,
107458,SZKOŁA PODSTAWOWA IM. PRYMASA TYSIĄCLECIA W MIECZYNIE,2024,"polski, matematyka, angielski",3.0,,,3.0,,,3.0,,
4429,SZKOŁA PODSTAWOWA IM. JANA PAWŁA II W CZOSTKOWIE,2024,"polski, matematyka, angielski",2.0,,,2.0,,,2.0,,
30642,SZKOŁA PODSTAWOWA IM. HENRYKA SIENKIEWICZA W KONIECZNIE,2024,"polski, matematyka, angielski",4.0,,,4.0,,,4.0,,
4331,SZKOŁA PODSTAWOWA IM. STEFANA CZARNIECKIEGO W CZARNCY,2024,"polski, matematyka, angielski",4.0,,,4.0,,,4.0,,
69411,SZKOŁA PODSTAWOWA IM. LEŚNIKÓW POLSKICH W JENIŃCU,2024,angielski,10.0,42.0,39.8,10.0,26.0,36.4,4.0,,
9102,SZKOŁA PODSTAWOWA W LUBNIE IM. KOMBATANTÓW II WOJNY ŚWIATOWEJ,2024,"polski, matematyka, angielski",4.0,,,4.0,,,4.0,,
110521,SZKOŁA PODSTAWOWA IM JANA PAWŁA II,2024,angielski,5.0,38.0,41.6,5.0,36.0,40.8,4.0,,
11219,SZKOŁA PODSTAWOWA,2024,"polski, matematyka, angielski",4.0,,,4.0,,,4.0,,
84005,SZKOŁA PODSTAWOWA W CHLEBOWIE,2024,angielski,6.0,52.0,54.833333333333336,6.0,36.0,38.0,2.0,,
78197,SZKOŁA PODSTAWOWA IM. JANA DEKERTA W BLEDZEWIE,2024,angielski,12.0,57.0,55.083333333333336,12.0,52.0,57.0,4.0,,
84322,SZKOŁA PODSTAWOWA W KAŁAWIE,2024,angielski,10.0,60.0,56.5,10.0,32.0,33.6,,,
84313,SZKOŁA PODSTAWOWA NR 3 IM. POWSTAŃCÓW WIELKOPOLSKICH W MIĘDZYRZECZU,2024,angielski,12.0,49.0,46.083333333333336,12.0,30.0,35.666666666666664,2.0,,
27798,SZKOŁA PODSTAWOWA W MURZYNOWIE,2024,"polski, matematyka, angielski",4.0,,,4.0,,,4.0,,
55801,"SPOŁECZNA SZKOŁA PODSTAWOWA STOWARZYSZENIA PRACOWNIKÓW SŁUŻB SPOŁECZNYCH ""KRĄG"" W GORZOWIE WLKP.",2024,"polski, matematyka, angielski",4.0,,,4.0,,,4.0,,
89333,PUBLICZNA SZKOŁA PODSTAWOWA IM. JANA PAWŁA II,2024,"polski, matematyka, angielski",1.0,,,1.0,,,1.0,,
75399,SZKOŁA PODSTAWOWA W GOSZCZANOWIE,2024,"polski, matematyka, angielski",2.0,,,2.0,,,2.0,,
50290,SZKOŁA PODSTAWOWA W TUCZNIE,2024,angielski,6.0,82.0,74.66666666666667,6.0,66.0,59.333333333333336,3.0,,
50294,SZKOŁA PODSTAWOWA W OGARDACH,2024,angielski,8.0,48.0,47.875,8.0,44.0,41.5,1.0,,
50295,SZKOŁA PODSTAWOWA IM. KAZIMIERZA KREMERA W BOBRÓWKU,2024,angielski,7.0,76.0,76.28571428571429,7.0,64.0,58.285714285714285,2.0,,
50287,SZKOŁA PODSTAWOWA W WIELISŁAWICACH,2024,angielski,7.0,22.0,30.0,7.0,20.0,32.57142857142857,2.0,,
35250,SZKOŁA PODSTAWOWA W BOCZOWIE IM. LEŚNIKÓW LUBUSKICH,2024,angielski,12.0,65.5,65.08333333333333,12.0,36.0,41.0,2.0,,
86673,PUBLICZNA SZKOŁA PODSTAWOWA IM. JANUSZA KORCZAKA W KOWALOWIE,2024,angielski,11.0,69.0,68.0909090909091,11.0,32.0,38.18181818181818,4.0,,
42267,SZKOŁA PODSTAWOWA IM. JÓZEFA WYBICKIEGO W ŁYSINACH,2024,"polski, matematyka, angielski",3.0,,,3.0,,,3.0,,
42271,SZKOŁA PODSTAWOWA W KONRADOWIE,2024,"polski, matematyka, angielski",2.0,,,2.0,,,2.0,,
119559,NIEPUBLICZNA SZKOŁA PODSTAWOWA IM. MARII MONTESSORI W ZIELONEJ GÓRZE,2024,angielski,6.0,66.0,61.0,6.0,30.0,40.0,4.0,,
196412,CENTRUM KSZTAŁCENIA USTAWICZNEGO SZKOŁA PODSTAWOWA DLA DOROSŁYCH W ZIELONEJ GÓRZE,2024,"polski, matematyka, angielski",4.0,,,4.0,,,4.0,,
104435,SZKOŁA PODSTAWOWA W NOWYM KRAMSKU,2024,angielski,9.0,44.0,44.666666666666664,9.0,36.0,36.888888888888886,4.0,,
104587,SZKOŁA PODSTAWOWA NR 1 IM. JANUSZA KORCZAKA W NOWOGRODZIE BOBRZAŃSKIM,2024,"polski, matematyka, angielski",2.0,,,2.0,,,2.0,,
115644,NIEPUBLICZNA SZKOŁA PODSTAWOWA PRO NOVO W BOGACZOWIE,2024,"polski, matematyka, angielski",4.0,,,4.0,,,4.0,,
4750,SZKOŁA PODSTAWOWA W BRODACH,2024,"polski, matematyka, angielski",4.0,,,4.0,,,4.0,,
72847,SZKOŁA PODSTAWOWA SPECJALNA W ZESPOLE SZKÓŁ SPECJALNYCH IM. KAWALERÓW MALTAŃSKICH W ZABORZE PRZY CENTRUM LECZENIA DZIECI I MŁODZIEŻY,2024,"polski, matematyka, angielski",2.0,,,2.0,,,2.0,,
50841,SZKOŁA PODSTAWOWA IM. BOHATERÓW POWSTANIA WARSZAWSKIEGO W OŁOBOKU,2024,angielski,10.0,48.0,37.7,10.0,28.0,23.6,4.0,,
52480,SZKOŁA PODSTAWOWA IM. PIERWSZYCH OSADNIKÓW W GOZDNICY,2024,"polski, matematyka, angielski",1.0,,,1.0,,,1.0,,
80271,SZKOŁA PODSTAWOWA IM. JANA PAWŁA II W CHICHACH,2024,"polski, matematyka, angielski",4.0,,,4.0,,,1.0,,
274861,NIEPUBLICZNA SZKOŁA PODSTAWOWA W WIECHLICACH,2024,angielski,16.0,13.0,13.375,16.0,24.0,24.75,,,
74088,SZKOŁA PODSTAWOWA W WITOSZYNIE,2024,angielski,10.0,47.5,51.5,10.0,28.0,31.2,4.0,,
12662,SZKOŁA PODSTAWOWA IM. ORLĄT LWOWSKICH W ŻARKACH WIELKICH,2024,angielski,8.0,60.0,61.125,8.0,26.0,35.5,,,
6820,SZKOŁA PODSTAWOWA NR 2 IM. JANUSZA KORCZAKA,2024,angielski,8.0,54.5,56.25,8.0,22.0,30.0,1.0,,
264101,SZKOŁA PODSTAWOWA W ŻARACH ZAKŁADU DOSKONALENIA ZAWODOWEGO W ZIELONEJ GÓRZE,2024,angielski,16.0,14.5,15.875,16.0,10.0,12.25,,,
73533,SZKOŁA PODSTAWOWA W LUBANICACH,2024,"polski, matematyka, angielski",4.0,,,4.0,,,,,
73534,SZKOŁA PODSTAWOWA W SIENIAWIE ŻARSKIEJ,2024,"polski, matematyka, angielski",4.0,,,4.0,,,4.0,,
3946,SZKOŁA PODSTAWOWA IM. MIKOŁAJA KOPERNIKA W WYSZYNACH,2024,angielski,10.0,64.0,66.2,10.0,60.0,58.0,2.0,,
263777,NIEPUBLICZNA SZKOŁA PODSTAWOWA W PRÓCHNOWIE,2024,angielski,8.0,9.0,8.625,8.0,16.0,13.5,,,
264026,NIEPUBLICZNA SZKOŁA PODSTAWOWA W SZAMOCINIE,2024,angielski,15.0,9.0,13.933333333333334,15.0,8.0,12.533333333333333,,,
30506,SZKOŁA PODSTAWOWA IM. GEN.DYW. TADEUSZA KUTRZEBY W DRAWSKU,2024,"polski, matematyka, angielski",4.0,,,4.0,,,4.0,,
30501,SZKOŁA PODSTAWOWA IM. JÓZEFA NOJI W PĘCKOWIE,2024,"polski, matematyka, angielski",3.0,,,3.0,,,3.0,,
125557,SZKOŁA PODSTAWOWA W PRZYŁĘKACH,2024,"polski, matematyka, angielski",3.0,,,3.0,,,3.0,,
14243,SZKOŁA PODSTAWOWA PORKOM IM. IRENY SENDLEROWEJ,2024,"polski, matematyka, angielski",3.0,,,3.0,,,3.0,,
63350,"SZKOŁA PODSTAWOWA IM. KS.JÓZEFA RADOŃSKIEGO W SŁAWNIE , 62-265 SŁAWNO, UL. GNIEŹNIEŃSKA 37",2024,"polski, matematyka, angielski",2.0,,,2.0,,,2.0,,
124913,SZKOŁA PODSTAWOWA NR 4 Z ODDZIAŁAMI SPECJALNYMI W OKRĘGOWYM OŚRODKU WYCHOWAWCZYM W WITKOWIE,2024,"polski, matematyka, angielski",4.0,,,4.0,,,4.0,,
115407,NIEPUBLICZNA SZKOŁA PODSTAWOWA W GORZYKOWIE,2024,"polski, matematyka, angielski",2.0,,,2.0,,,2.0,,
23011,SZKOŁA PODSTAWOWA IM. WANDY MODLIBOWSKIEJ W SIKORZYNIE,2024,"polski, matematyka, angielski",4.0,,,4.0,,,4.0,,
86386,SZKOŁA PODSTAWOWA IM. ZIEMI BISKUPIAŃSKIEJ W STAREJ KROBI,2024,angielski,5.0,73.0,72.4,5.0,88.0,69.6,4.0,,
53416,"SZKOŁA PODSTAWOWA IM. GEN.DYW. STEFANA ROWECKIEGO ""GROTA"" W ŻYTOWIECKU",2024,angielski,6.0,74.5,74.33333333333333,6.0,32.0,32.0,4.0,,
124451,SZKOŁA PODSTAWOWA NR 3 W ZAKŁADZIE POPRAWCZYM W GRODZISKU WIELKOPOLSKIM,2024,"polski, matematyka, angielski",3.0,,,3.0,,,3.0,,
21291,SZKOŁA PODSTAWOWA IM.J.H.DĄBROWSKIEGO,2024,"polski, matematyka, angielski",1.0,,,1.0,,,,,
43977,NIEPUBLICZNA SZKOŁA PODSTAWOWA W BACHORZEWIE,2024,angielski,5.0,49.0,58.4,5.0,32.0,44.0,2.0,,
91921,NIEPUBLICZNA SZKOŁA PODSTAWOWA IM. JANA PAWŁA II W SIEDLEMINIE,2024,"polski, matematyka",4.0,,,4.0,,,5.0,38.0,49.2
22785,SZKOŁA PODSTAWOWA IM. ARKADEGO FIEDLERA W SŁAWOSZEWIE Z SIEDZIBĄ W PARZEWIE,2024,angielski,11.0,51.0,52.72727272727273,11.0,32.0,34.90909090909091,1.0,,
118844,SZKOŁA PODSTAWOWA IM. POLSKI NIEPODLEGŁEJ W RYCHNOWIE,2024,"polski, matematyka, angielski",4.0,,,4.0,,,4.0,,
21585,PUBLICZNA SZKOŁA PODSTAWOWA STOWARZYSZENIA PRZYJACIÓŁ SZKÓŁ KATOLICKICHH,2024,"polski, matematyka, angielski",1.0,,,1.0,,,1.0,,
85256,SZKOŁA PODSTAWOWA IM. KS. JANA TWARDOWSKIEGO W ŻYDOWIE,2024,"polski, matematyka, angielski",4.0,,,4.0,,,4.0,,
42226,SZKOŁA PODSTAWOWA IM. STANISŁAWA ALEKSANDRZAKA W MARCHWACZU,2024,"polski, matematyka, angielski",4.0,,,4.0,,,4.0,,
10768,SZKOŁA PODSTAWOWA NR 21 IM. LEGIONÓW JÓZEFA PIŁSUDSKIEGO W KALISZU,2024,"polski, matematyka, angielski",4.0,,,4.0,,,4.0,,
10569,SZKOŁA PODSTAWOWA NR 23 IM. ELIGIUSZA KOR-WALCZAKA W KALISZU,2024,"polski, matematyka, angielski",1.0,,,1.0,,,1.0,,
52546,SZKOŁA PODSTAWOWA IM. ŚW. JANA PAWŁA II W CHODOWIE,2024,"polski, matematyka, angielski",4.0,,,4.0,,,4.0,,
71787,SZKOŁA PODSTAWOWA IM.JANA PAWŁA II W BYLICACH-KOLONII,2024,"polski, matematyka, angielski",4.0,,,4.0,,,4.0,,
42457,SZKOŁA PODSTAWOWA W DOBROWIE,2024,"polski, matematyka, angielski",2.0,,,2.0,,,2.0,,
275186,NIEPUBLICZNA SZKOŁA MONTESSORI ODKRYWCY ŚWIATA W KONINIE,2024,"polski, matematyka, angielski",1.0,,,1.0,,,1.0,,
69964,SZKOŁA PODSTAWOWA IM. MARII KONOPNICKIEJ W RADOLINIE,2024,"polski, matematyka, angielski",2.0,,,2.0,,,2.0,,
118585,SPOŁECZNA SZKOŁA PODSTAWOWA IM. GEN. EDMUNDA TACZANOWSKIEGO W BISKUPICACH,2024,"polski, matematyka, angielski",2.0,,,2.0,,,2.0,,
4032,SZKOŁA POSTAWOWA IM. JÓZEFA ZYWERTA W PATRZYKOWIE,2024,"polski, matematyka, angielski",4.0,,,4.0,,,4.0,,
3728,NIEPUBLICZNA SZKOŁA PODSTAWOWA W BOROWIE,2024,"polski, matematyka, angielski",2.0,,,2.0,,,2.0,,
3704,NIEPUBLICZNA SZKOŁA PODSTAWOWA W SMÓLNIKU,2024,"polski, matematyka, angielski",2.0,,,2.0,,,2.0,,
11613,SZKOŁA PODSTAWOWA IM. MARII DĄBROWSKIEJ W KUCHARACH KOŚCIELNYCH,2024,"polski, matematyka, angielski",2.0,,,2.0,,,2.0,,
55790,SZKOŁA PODSTAWOWA W STAREJ OBRZE,2024,"polski, matematyka, angielski",4.0,,,4.0,,,4.0,,
29719,SZKOŁA PODSTAWOWA IM. ANDRZEJA ZALEWSKIEGO W ŚWINKOWIE,2024,"polski, matematyka, angielski",4.0,,,4.0,,,4.0,,
42388,SZKOŁA PODSTAWOWA IM. KSIĘDZA JANA TWARDOWSKIEGO W CHWALISZEWIE,2024,"polski, matematyka, angielski",3.0,,,3.0,,,3.0,,
35328,SZKOŁA PODSTAWOWA IM. JANA PAWŁA II W BENICACH,2024,angielski,8.0,46.5,43.375,8.0,18.0,22.0,2.0,,
61649,SZKOŁA PODSTAWOWA W ROZDRAŻEWIE,2024,"polski, matematyka, angielski",4.0,,,4.0,,,4.0,,
3470,SZKOŁA PODSTAWOWA W DROŻKACH,2024,"polski, matematyka, angielski",2.0,,,2.0,,,2.0,,
6231,PUBLICZNA SZKOŁA PODSTAWOWA IM. JÓZEFA PONIKIEWSKIEGO W NOWYM BELĘCINIE,2024,"polski, matematyka, angielski",2.0,,,2.0,,,2.0,,
74181,SZKOŁA PODSTAWOWA IM. POWSTAŃCÓW WIELKOPOLSKICH W OSIECZNEJ,2024,"polski, matematyka, angielski",4.0,,,4.0,,,4.0,,
128726,AKADEMIA ODKRYWCÓW DWUJĘZYCZNA NIEPUBLICZNA SZKOŁA PODSTAWOWA,2024,"polski, matematyka, angielski",3.0,,,3.0,,,3.0,,
23191,SZKOŁA PODSTAWOWA IM. TADEUSZA KOŚCIUSZKI W KWILCZU,2024,"polski, matematyka, angielski",4.0,,,4.0,,,4.0,,
6249,SZKOŁA PODSTAWOWA IM. POWSTAŃCÓW WIELKOPOLSKICH,2024,"polski, matematyka, angielski",4.0,,,4.0,,,4.0,,
264578,NIEPUBLICZNA SZKOŁA PODSTAWOWA W CHRAPLEWIE,2024,angielski,9.0,13.0,13.11111111111111,9.0,12.0,13.777777777777779,,,
12369,SZKOŁA PODSTAWOWA IM. POWSTAŃCÓW WIELKOPOLSKICH W POSADOWIE,2024,"polski, matematyka, angielski",3.0,,,3.0,,,3.0,,
49775,SZKOŁA PODSTAWOWA IMIENIA MARII KONOPNICKIEJ W DROSZEWIE,2024,"polski, matematyka, angielski",2.0,,,2.0,,,2.0,,
59990,SZKOŁA PODSTAWOWA IMIENIA BŁOGOSŁAWIONEGO KSIĘDZA JANA NEPOMUCENA CHRZANA W GOSTYCZYNIE,2024,"polski, matematyka, angielski",2.0,,,2.0,,,2.0,,
49782,SZKOŁA PODSTAWOWA IMIENIA ORŁA BIAŁEGO W BISKUPICACH OŁOBOCZNYCH,2024,"polski, matematyka, angielski",2.0,,,2.0,,,2.0,,
84706,SZKOŁA PODSTAWOWA IMIENIA JANUSZA KORCZAKA W KOTOWIECKU,2024,"polski, matematyka, angielski",3.0,,,3.0,,,3.0,,
12706,SZKOŁA PODSTAWOWA IM JANUSZA KORCZAKA W HUCIE,2024,"polski, matematyka, angielski",2.0,,,2.0,,,2.0,,
72385,SZKOŁA PODSTAWOWA W SZCZURACH,2024,"polski, matematyka, angielski",4.0,,,4.0,,,4.0,,
120966,NIEPUBLICZNA SZKOŁA PODSTAWOWA WE FRANKLINOWIE,2024,"polski, matematyka, angielski",3.0,,,3.0,,,3.0,,
49086,SZKOŁA PODSTAWOWA IM. POLSKICH OLIMPIJCZYKÓW W DĘBNICY,2024,"polski, matematyka",4.0,,,4.0,,,5.0,44.0,51.2
47068,SZKOŁA PODSTAWOWA IM. KARDYNAŁA KAROLA WOJTYŁY W CHYNOWEJ,2024,"polski, matematyka, angielski",4.0,,,4.0,,,4.0,,
35309,SZKOŁA PODSTAWOWA IM. POWSTANIA WIELKOPOLSKIEGO W JANKOWIE ZALEŚNYM,2024,"polski, matematyka, angielski",4.0,,,4.0,,,4.0,,
55738,SZKOŁA PODSTAWOWA W KORYTACH,2024,"polski, matematyka, angielski",4.0,,,4.0,,,4.0,,
59750,SZKOŁA PODSTAWOWA W OŁOBOKU IM. KS. JÓZEFA KUTA,2024,"polski, matematyka, angielski",3.0,,,3.0,,,3.0,,
72747,SZKOŁA PODSTAWOWA W ZAMOŚCIU,2024,"polski, matematyka, angielski",4.0,,,4.0,,,4.0,,
118750,PUBLICZNA SZKOŁA PODSTAWOWA STOWARZYSZENIA PRZYJACIÓŁ SZKÓŁ KATOLICKICH IM.ŚW. STANISŁAWA KOSTKI,2024,"polski, matematyka",4.0,,,4.0,,,5.0,22.0,41.6
56547,SZKOŁA PODSTAWOWA IM. STRAŻY GRANICZNEJ II RZECZPOSPOLITEJ W ŚMIŁOWIE,2024,angielski,6.0,50.0,48.833333333333336,6.0,20.0,30.666666666666668,4.0,,
70093,SZKOŁA PODSTAWOWA IM. MARII KONOPNICKIEJ,2024,"polski, matematyka, angielski",3.0,,,3.0,,,3.0,,
81065,SZKOŁA PODSTAWOWA IM.MIKOŁAJA KOPERNIKA W WIKTORÓWKU,2024,"polski, matematyka, angielski",4.0,,,4.0,,,4.0,,
263790,SZKOŁA PODSTAWOWA SPECJALNA,2024,"polski, matematyka, angielski",3.0,,,3.0,,,,,
59064,SZKOŁA PODSTAWOWA IM. POWSTAŃCÓW WIELKOPOLSKICH W ŻEGOCINIE,2024,"polski, matematyka, angielski",3.0,,,3.0,,,3.0,,
90346,SZKOŁA PODSTAWOWA W KOŹMIŃCU,2024,"polski, matematyka, angielski",3.0,,,3.0,,,3.0,,
91131,SZKOŁA PODSTAWOWA W KARMINIE,2024,"polski, matematyka, angielski",3.0,,,3.0,,,3.0,,
91157,SZKOŁA PODSTAWOWA W GALEWIE,2024,"polski, matematyka, angielski",2.0,,,2.0,,,2.0,,
129789,SZKOŁA PODSTAWOWA IM. POWSTAŃCÓW WIELKOPOLSKICH W KUCHARACH,2024,"polski, matematyka, angielski",1.0,,,1.0,,,1.0,,
124175,SZKOŁA PODSTAWOWA MONTESSORI INTERNATIONAL SCHOOL,2024,"polski, matematyka, angielski",1.0,,,1.0,,,1.0,,
124811,SZKOŁA PODSTAWOWA NR 98 W ZAKŁADZIE POPRAWCZYM W POZNANIU,2024,"polski, matematyka, angielski",1.0,,,1.0,,,1.0,,
131479,NIEPUBLICZNA SZKOŁA PODSTAWOWA O!MEGA,2024,"polski, matematyka, angielski",2.0,,,2.0,,,2.0,,
28584,EUREKA SZKOŁA PODSTAWOWA,2024,"polski, matematyka, angielski",3.0,,,3.0,,,3.0,,
277113,"NIEPUBLICZNA SZKOŁA PODSTAWOWA ""OTWARTE DRZWI - PREMIUM""",2024,"polski, matematyka, angielski",1.0,,,1.0,,,1.0,,
106362,SZKOŁA PODSTAWOWA IM. JANA BRZECHWY W BRZEŹNIE,2024,"polski, matematyka, angielski",1.0,,,1.0,,,1.0,,
480709,SZKOŁA PODSTAWOWA HARMONIA W POBIEDZISKACH,2024,"polski, matematyka, angielski",2.0,,,2.0,,,2.0,,
30439,SZKOŁA PODSTAWOWA W SŁUPI KAPITULNEJ,2024,"polski, matematyka, angielski",3.0,,,3.0,,,3.0,,
68515,SZKOŁA PODSTAWOWA IM. JÓZEFA GIBOWSKIEGO W GRZEBIENISKU,2024,"polski, matematyka, angielski",4.0,,,4.0,,,4.0,,
49304,SZKOŁA PODSTAWOWA W NOJEWIE,2024,"polski, matematyka, angielski",3.0,,,3.0,,,3.0,,
56311,SZKOŁA PODSTAWOWA IM. WŁADYSŁAWA LORKIEWICZA W ORCHOWIE,2024,"polski, matematyka, angielski",3.0,,,3.0,,,3.0,,
118425,NIEPUBLICZNA SZKOŁA PODSTAWOWA W RÓŻANNIE,2024,"polski, matematyka, angielski",3.0,,,3.0,,,3.0,,
79320,SZKOŁA PODSTAWOWA IM. IRENY KOSMOWSKIEJ W KOTUNI,2024,"polski, matematyka, angielski",4.0,,,4.0,,,4.0,,
12796,SZKOŁA PODSTAWOWA IM. BOHATERÓW WRZEŚNIA 1939 R. W CIENINIE KOŚCIELNYM,2024,"polski, matematyka, angielski",3.0,,,3.0,,,3.0,,
56245,SZKOŁA PODSTAWOWA W KOŹMINIE,2024,"polski, matematyka, angielski",4.0,,,4.0,,,4.0,,
262405,SZKOŁA PODSTAWOWA IM. STEFANA ŻEROMSKIEGO W PIEKARACH,2024,"polski, matematyka, angielski",2.0,,,2.0,,,2.0,,
14806,SZKOŁA PODSTAWOWA W DZIADOWICACH,2024,"polski, matematyka, angielski",3.0,,,3.0,,,3.0,,
84808,SZKOŁA PODSTAWOWA IM. MARII CURIE-SKŁODOWSKIEJ W ŻUKACH,2024,"polski, matematyka, angielski",4.0,,,4.0,,,4.0,,
32026,SZKOŁA PODSTAWOWA IM.ALFREDA DELONGA W KUNACH,2024,"polski, matematyka, angielski",3.0,,,3.0,,,3.0,,
55601,SZKOŁA PODSTAWOWA IM. MARCINA ROŻKA W KASZCZORZE,2024,"polski, matematyka, angielski",4.0,,,4.0,,,4.0,,
265052,NIEPUBLICZNA SZKOŁA PODSTAWOWA W WOLSZTYNIE ZAKŁADU DOSKONALENIA ZAWODOWEGO W ZIELONEJ GÓRZE,2024,angielski,20.0,11.0,18.85,20.0,16.0,16.8,,,
84296,NIEPUBLICZNA SZKOŁA PODSTAWOWA W PIETRZYKOWIE,2024,"polski, matematyka, angielski",3.0,,,3.0,,,3.0,,
22891,SZKOŁA PODSTAWOWA IM.DYREKTORA NORBERTA PRZYBYLSKIEGO,2024,"polski, matematyka, angielski",2.0,,,2.0,,,2.0,,
22889,SZKOŁA PODSTAWOWA IM.MIKOŁAJA KOPERNIKA,2024,"polski, matematyka, angielski",4.0,,,4.0,,,4.0,,
61404,SZKOŁA PODSTAWOWA IM. MARII KILAR W KLESZCZYNIE,2024,"polski, matematyka, angielski",3.0,,,3.0,,,,,
61412,SZKOŁA PODSTAWOWA IM. TONY'EGO HALIKA W GÓRZNEJ,2024,"polski, matematyka, angielski",3.0,,,3.0,,,3.0,,
61397,SZKOŁA PODSTAWOWA W SŁAWIANOWIE,2024,"polski, matematyka, angielski",4.0,,,4.0,,,3.0,,
29386,SZKOŁA PODSTAWOWA IM. GEN. JANA HENRYKA DĄBROWSKIEGO W STARKÓWCU PIĄTKOWSKIM,2024,"polski, matematyka, angielski",3.0,,,3.0,,,3.0,,
115355,NIEPUBLICZNA SZKOŁA PODSTAWOWA W JAROSŁAWCU,2024,"polski, matematyka, angielski",4.0,,,4.0,,,4.0,,
90172,NIEPUBLICZNA OŚMIOLETNIA SZKOŁA PODSTAWOWA IM. KS. PRAŁATA PIOTRA WAWRZYNIAKA W CHRZĄSTOWIE POSIADAJĄCA UPRAWNIENIA SZKOŁY PUBLICZNEJ W CHRZĄSTOWIE,2024,"polski, matematyka, angielski",4.0,,,4.0,,,4.0,,
133833,"PRYWATNE CENTRUM EDUKACYJNE ""SZKOŁY SUKCES"" SZKOŁA PODSTAWOWA DLA DOROSŁYCH W BIAŁOGARDZIE",2024,"polski, matematyka, angielski",2.0,,,2.0,,,2.0,,
264470,SZKOŁA PODSTAWOWA SPECJALNA W PODBORSKU,2024,angielski,10.0,17.0,21.6,11.0,16.0,15.272727272727273,,,
67819,SZKOŁA PODSTAWOWA IM. DZIEDZICTWA CYSTERSÓW BIERZWNICKICH W BIERZWNIKU,2024,angielski,8.0,47.0,47.625,8.0,26.0,31.0,3.0,,
68007,SZKOŁA PODSTAWOWA W ZIELENIEWIE,2024,"polski, matematyka, angielski",2.0,,,2.0,,,2.0,,
67817,SZKOŁA PODSTAWOWA W ŁASKU,2024,"polski, matematyka, angielski",4.0,,,4.0,,,4.0,,
15283,SZKOŁA PODSTAWOWA IM.I DYWIZJI IM.TADEUSZA KOŚCIUSZKI W CHRAPOWIE,2024,angielski,12.0,65.5,63.416666666666664,12.0,48.0,49.333333333333336,4.0,,
17278,SZKOŁA PODSTAWOWA W LUBIANIE,2024,angielski,16.0,61.0,60.125,16.0,34.0,39.0,4.0,,
24454,"PRYWATNA JĘZYKOWA SZKOŁA PODSTAWOWA ""COGITO"" IM. KSIĘCIA BARNIMA I W GOLENIOWIE",2024,"polski, matematyka, angielski",4.0,,,4.0,,,4.0,,
52388,SZKOŁA PODSTAWOWA W STRZELEWIE,2024,"polski, matematyka, angielski",4.0,,,4.0,,,4.0,,
55760,SZKOŁA PODSTAWOWA W ŻABOWIE,2024,"polski, matematyka, angielski",2.0,,,2.0,,,2.0,,
42813,SZKOŁA PODSTAWOWA IM. KS. JANA TWARDOWSKIEGO W RACIMIERZU,2024,angielski,6.0,57.0,59.0,6.0,28.0,30.0,,,
263320,SZKOŁA PODSTAWOWA SPECJALNA W MŁODZIEŻOWYM OŚRODKU WYCHOWAWCZYM IM. JANUSZA KORCZAKA W REWALU,2024,"polski, matematyka, angielski",4.0,,,4.0,,,4.0,,
111027,SZKOŁA PODSTAWOWA Z ODDZIAŁAMI INTEGRACYJNYMI IM.KAWALERÓW ORDERU UŚMIECHU W MRZEŻYNIE,2024,"polski, matematyka, angielski",4.0,,,4.0,,,4.0,,
52376,SZKOŁA PODSTAWOWA IM. MIKOŁAJA KOPERNIKA W LUBANOWIE,2024,angielski,10.0,55.5,51.4,10.0,26.0,29.2,2.0,,
52377,SZKOŁA PODSTAWOWA W SWOBNICY,2024,angielski,5.0,56.0,50.8,5.0,20.0,17.6,,,
48101,SZKOŁA PODSTAWOWA IM. JANA PAWŁA II W CHWARSTNICY,2024,angielski,7.0,49.0,47.42857142857143,7.0,20.0,35.42857142857143,,,
88216,SZKOŁA PODSTAWOWA IM. JANA PAWŁA II W ZIELINIE,2024,angielski,7.0,49.0,48.285714285714285,7.0,20.0,26.285714285714285,3.0,,
88338,PUBLICZNA SZKOŁA PODSTAWOWA W WIDUCHOWEJ,2024,"polski, matematyka, angielski",2.0,,,2.0,,,2.0,,
64506,SZKOŁA PODSTAWOWA NR 2 IM. PROF. DRA WŁADYSŁAWA SZAFERA W WAPNICY,2024,"polski, matematyka, angielski",2.0,,,2.0,,,3.0,,
83393,PUBLICZNA SZKOŁA PODSTAWOWA IM. ZOFII KOSSAK-SZCZUCKIEJ W DARGOBĄDZU,2024,angielski,9.0,62.0,60.77777777777778,9.0,40.0,52.0,2.0,,
80353,PUBLICZNA SZKOŁA PODSTAWOWA W TROSZYNIE,2024,angielski,5.0,53.0,46.8,5.0,20.0,20.0,2.0,,
83390,PUBLICZNA SZKOŁA PODSTAWOWA W KONIEWIE,2024,"polski, matematyka, angielski",2.0,,,2.0,,,,,
124457,SZKOŁA PODSTAWOWA NR 20 W OKRĘGOWYM OŚRODKU WYCHOWAWCZYM W KOSZALINIE,2024,angielski,6.0,33.0,37.5,6.0,22.0,18.0,,,
19312,SZKOŁA PODSTAWOWA IM. JANA BRZECHWY W KŁANINIE,2024,"polski, matematyka, angielski",2.0,,,2.0,,,2.0,,
110230,SZKOŁA PODSTAWOWA IM. KARDYNAŁA IGNACEGO JEŻA W TYMIENIU,2024,"polski, matematyka, angielski",3.0,,,3.0,,,3.0,,
47066,SZKOŁA PODSTAWOWA W BUKOWIE,2024,angielski,11.0,33.0,38.18181818181818,11.0,28.0,30.181818181818183,2.0,,
39702,SZKOŁA PODSTAWOWA SPECJALNA,2024,angielski,8.0,38.0,33.75,8.0,34.0,33.5,4.0,,
44256,SZKOŁA PODSTAWOWA IM. JANA PAWŁA II W MOSTKOWIE,2024,angielski,9.0,29.0,42.44444444444444,9.0,28.0,39.55555555555556,,,
262330,SZKOŁA PODSTAWOWA DLA DOROSŁYCH W BARLINKU,2024,angielski,19.0,31.0,32.36842105263158,19.0,16.0,16.63157894736842,,,
70600,SZKOŁA PODSTAWOWA IM. MARII KONOPNICKIEJ W SARBINOWIE,2024,"polski, matematyka, angielski",4.0,,,4.0,,,4.0,,
58577,SZKOŁA PODSTAWOWA IM. JANA BRZECHWY W NAWROCKU,2024,angielski,13.0,40.0,43.30769230769231,13.0,20.0,26.76923076923077,1.0,,
113617,SZKOŁA PODSTAWOWA IM. HANSA CHRISTIANA ANDERSENA W KARSKU,2024,angielski,9.0,51.0,54.333333333333336,9.0,40.0,43.111111111111114,3.0,,
275002,NIEPUBLICZNA SZKOŁA PODSTAWOWA FUNDACJI KRÓLOWEJ ŚWIĘTEJ JADWIGI W PRZECŁAWIU,2024,"polski, matematyka, angielski",4.0,,,4.0,,,4.0,,
73035,SZKOŁA PODSTAWOWA SPECJALNA NR 10,2024,"polski, matematyka, angielski",1.0,,,1.0,,,1.0,,
34609,PUBLICZNA SZKOŁA PODSTAWOWA IM. KORNELA MAKUSZYŃSKIEGO W JESIONOWIE,2024,angielski,8.0,70.0,67.75,8.0,36.0,44.0,1.0,,
124482,SZKOŁA PODSTAWOWA NR 75 W OKRĘGOWYM OŚRODKU WYCHOWAWCZYM W SZCZECINIE,2024,angielski,8.0,11.0,8.75,8.0,14.0,15.0,,,
86624,SZKOŁA PODSTAWOWA SPECJALNA NR 17,2024,"polski, matematyka, angielski",2.0,,,2.0,,,2.0,,
264084,NIEPUBLICZNA OGÓLNOKSZTAŁCĄCA SZKOŁA MUZYCZNA I STOPNIA PROMYK IM. IGNACEGO JANA PADEREWSKIEGO W SZCZECINIE,2024,"polski, matematyka, angielski",1.0,,,1.0,,,1.0,,
278305,SZKOŁA PODSTAWOWA SAIL INTERNATIONAL SCHOOL,2024,"polski, matematyka",4.0,,,4.0,,,5.0,85.0,88.2
268378,SZKOŁA PODSTAWOWA IM. JULIANA TUWIMA W DRZONOWIE,2024,angielski,5.0,56.0,59.6,5.0,32.0,40.8,,,
8393,SZKOŁA PODSTAWOWA IM.KAWALERÓW ORDERU UŚMIECHU,2024,"polski, matematyka, angielski",3.0,,,3.0,,,3.0,,
60077,SZKOŁA PODSTAWOWA IM. MARII KONOPNICKIEJ W IWINIE,2024,angielski,5.0,58.0,56.6,5.0,12.0,17.6,1.0,,
9433,SZKOŁA PODSTAWOWA W WIERZCHOWIE,2024,angielski,11.0,49.0,51.63636363636363,11.0,24.0,26.181818181818183,3.0,,
9518,SZKOŁA PODSTAWOWA W PARSĘCKU,2024,angielski,7.0,58.0,55.0,7.0,44.0,39.42857142857143,,,
9456,SZKOŁA PODSTAWOWA W ŻÓŁTNICY,2024,angielski,7.0,64.0,62.42857142857143,7.0,36.0,40.57142857142857,3.0,,
277715,SZKOŁA PODSTAWOWA W GWDZIE WIELKIEJ,2024,"polski, matematyka, angielski",1.0,,,1.0,,,1.0,,
86754,SZKOŁA PODSTAWOWA IM. RATOWNIKÓW MORSKICH W DĄBKACH,2024,"polski, matematyka, angielski",3.0,,,3.0,,,3.0,,
125009,SPOŁECZNA SZKOŁA PODSTAWOWA W DOBIESŁAWIU,2024,"polski, matematyka, angielski",1.0,,,1.0,,,1.0,,
105621,SPOŁECZNA SZKOŁA PODSTAWOWA W SŁOWINIE,2024,"polski, matematyka, angielski",3.0,,,3.0,,,3.0,,
42912,SPOŁECZNA SZKOŁA PODSTAWOWA W KORLINIE,2024,"polski, matematyka, angielski",4.0,,,4.0,,,4.0,,
90197,SZKOŁA PODSTAWOWA W WOJTASZYCACH,2024,"polski, matematyka, angielski",4.0,,,4.0,,,4.0,,
133330,SZKOŁA PODSTAWOWA DLA DOROSŁYCH W ŁOBZIE,2024,angielski,10.0,10.0,12.0,10.0,12.0,13.6,,,
7705,PUBLICZNA SZKOŁA PODSTAWOWA IM. ARMII KRAJOWEJ W BOŻEM,2024,"polski, matematyka, angielski",4.0,,,4.0,,,4.0,,
9145,PUBLICZNA SZKOŁA PODSTAWOWA IM. ŚW JANA PAWŁA II W BOBRKU,2024,"polski, matematyka, angielski",1.0,,,1.0,,,1.0,,
62364,PUBLICZNA SZKOŁA PODSTAWOWA W KOSTRZYNIE,2024,"polski, matematyka, angielski",4.0,,,4.0,,,4.0,,
24396,SZKOŁA PODSTAWOWA W CHOTUMIU,2024,"polski, matematyka, angielski",2.0,,,2.0,,,2.0,,
12051,SZKOŁA PODSTAWOWA W WOLI MŁOCKIEJ,2024,"polski, matematyka, angielski",3.0,,,3.0,,,3.0,,
68145,SZKOŁA PODSTAWOWA IM. ŻOŁNIERZY ARMII KRAJOWEJ W OŚCISŁOWIE,2024,"polski, matematyka, angielski",3.0,,,3.0,,,3.0,,
263530,SZKOŁA PODSTAWOWA SPECJALNA W MŁODZIEŻOWYM OŚRODKU SOCJOTERAPII,2024,angielski,8.0,22.0,25.375,8.0,12.0,15.0,2.0,,
263535,SZKOŁA PODSTAWOWA SPECJALNA W MŁODZIEŻOWYM OŚRODKU WYCHOWAWCZYM W GOŁOTCZYŹNIE,2024,"polski, matematyka, angielski",3.0,,,3.0,,,3.0,,
74367,SZKOŁA PODSTAWOWA SPECJALNA NR 2 W ZESPOLE SZKÓŁ SPECJALNYCH NR 2 W GARWOLINIE,2024,"polski, matematyka, angielski",2.0,,,2.0,,,2.0,,
264914,NIEPUBLICZNA SZKOŁA PODSTAWOWA Z ODDZIAŁAMI PRZYSPOSABIAJĄCYMI DO PRACY,2024,"polski, matematyka, angielski",2.0,,,2.0,,,2.0,,
50846,PUBLICZNA SZKOŁA PODSTAWOWA IM. MARII KOWNACKIEJ W SAMORZĄDKACH,2024,"polski, matematyka, angielski",4.0,,,4.0,,,4.0,,
6325,NIEPUBLICZNA SZKOŁA PODSTAWOWA IM. JANA PAWŁA II W BRZEGACH,2024,"polski, matematyka, angielski",3.0,,,3.0,,,3.0,,
278430,PUBLICZNA SZKOŁA PODSTAWOWA IM. BŁOGOSŁAWIONEGO KSIĘDZA JERZEGO POPIEŁUSZKI W ANILOWIE,2024,"polski, matematyka, angielski",2.0,,,2.0,,,2.0,,
278474,PUBLICZNA SZKOŁA PODSTAWOWA W KALENIU DRUGIM,2024,"polski, matematyka, angielski",4.0,,,4.0,,,2.0,,
263757,"NIEPUBLICZNA SZKOŁA PODSTAWOWA SPECJALNA IM. MACIEJA LEWCZUKA PRZY OŚRODKU SOCJOTERAPEUTYCZNYM ""WSPÓLNY DOM"" W WILDZE",2024,"polski, matematyka, angielski",3.0,,,3.0,,,3.0,,
90601,SZKOŁA PODSTAWOWA IM. TADEUSZA KOŚCIUSZKI W STEFANOWIE,2024,angielski,5.0,62.0,63.4,5.0,64.0,54.4,4.0,,
82486,SZKOŁA PODSTAWOWA IM. HENRYKA SIENKIEWICZA W STARYM KĘBŁOWIE,2024,"polski, matematyka, angielski",4.0,,,4.0,,,4.0,,
83315,SZKOŁA PODSTAWOWA IM. GEN.FRANCISZKA KLEEBERGA W WOLI ŻELECHOWSKIEJ,2024,"polski, matematyka, angielski",1.0,,,1.0,,,1.0,,
129776,INTEGRACYJNA SZKOŁA MONTESSORI DRUGIE PIĘTRO,2024,"polski, matematyka, angielski",4.0,,,4.0,,,4.0,,
268509,TENISOWA SZKOŁA PODSTAWOWA,2024,"polski, matematyka, angielski",3.0,,,3.0,,,4.0,,
64965,MILANOWSKA PRYWATNA SZKOŁA PODSTAWOWA,2024,"polski, matematyka, angielski",3.0,,,3.0,,,3.0,,
91956,PUBLICZNA SZKOŁA PODSTAWOWA IM. UNICEF W LEWICZYNIE,2024,"polski, matematyka, angielski",4.0,,,4.0,,,4.0,,
105736,PUBLICZNA SZKOŁA PODSTAWOWA IM. 11 LISTOPADA 1918R. W GOŁOSZACH,2024,"polski, matematyka, angielski",3.0,,,3.0,,,3.0,,
47665,PUBLICZNA SZKOŁA PODSTAWOWA W SIELCU,2024,"polski, matematyka, angielski",2.0,,,2.0,,,2.0,,
272999,NIEPUBLICZNA ZAOCZNA SZKOŁA PODSTAWOWA DLA DOROSŁYCH W GRÓJCU,2024,angielski,6.0,18.5,23.833333333333332,6.0,16.0,24.0,,,
24340,PUBLICZNA SZKOŁA PODSTAWOWA W BOROWEM,2024,"polski, matematyka, angielski",3.0,,,3.0,,,3.0,,
89385,PUBLICZNA SZKOŁA PODSTAWOWA W MICHAŁOWICACH,2024,"polski, matematyka, angielski",3.0,,,3.0,,,3.0,,
87434,PUBLICZNA SZKOŁA PODSTAWOWA IM. BŁ. FRANCISZKI SIEDLISKIEJ W ŻDŻARACH,2024,"polski, matematyka, angielski",1.0,,,1.0,,,1.0,,
84244,PUBLICZNA SZKOŁA PODSTAWOWA IM. ŚW. MAKSYMILIANA MARII KOLBEGO W KAROLEWIE,2024,"polski, matematyka, angielski",4.0,,,4.0,,,4.0,,
62361,PUBLICZNA SZKOŁA PODSTAWOWA IM. BAT.CHŁOPSKICH W URSYNOWIE,2024,"polski, matematyka, angielski",3.0,,,3.0,,,3.0,,
131696,SZKOŁA PODSTAWOWA AKADEMIA DOBREJ EDUKACJI W JABŁONNIE,2024,"polski, matematyka",4.0,,,4.0,,,6.0,94.5,93.33333333333333
75638,NIEPUBLICZNA SZKOŁA PODSTAWOWA Z ODDZIAŁAMI PRZEDSZKOLNYMI,2024,"polski, matematyka, angielski",3.0,,,3.0,,,3.0,,
30233,SZKOŁA PODSTAWOWA IM. EDWARDA ROLSKIEGO W DRĄŻDŻEWIE,2024,"polski, matematyka, angielski",1.0,,,1.0,,,1.0,,
3518,PUBLICZNA SZKOŁA PODSTAWOWA IM.ŚW.STANISŁAWA KOSTKI W CHODKOWIE WIELKIM,2024,"polski, matematyka, angielski",3.0,,,3.0,,,3.0,,
121498,SZKOŁA FILIALNA W DĘBEM MAŁYM SZKOŁY PODSTAWOWEJ IM. RODZINY WYLEŻYŃSKICH W WIELGOLESIE,2024,"polski, matematyka, angielski",2.0,,,2.0,,,2.0,,
62427,SZKOŁA PODSTAWOWA IM. HENRYKA SIENKIEWICZA W JERUZALU,2024,"polski, matematyka, angielski",3.0,,,3.0,,,3.0,,
125097,SZKOŁA PODSTAWOWA NR 2 W ZAKŁADZIE POPRAWCZYM I W SCHRONISKU DLA NIELETNICH W MROZACH,2024,"polski, matematyka, angielski",2.0,,,2.0,,,2.0,,
83629,PUBLICZNA SZKOŁA PODSTAWOWA IM.ABSOLWENTÓW SIENNICKICH SZKÓŁ PEDAGOGICZNYCH,2024,"polski, matematyka, angielski",2.0,,,2.0,,,1.0,,
123027,NIEPUBLICZNA SZKOŁA PODSTAWOWA CENTRUM EDUKACYJNE,2024,"polski, matematyka, angielski",3.0,,,3.0,,,3.0,,
84653,SZKOŁA PODSTAWOWA W RZĘGNOWIE,2024,"polski, matematyka, angielski",4.0,,,4.0,,,4.0,,
8978,SZKOŁA PODSTAWOWA W ŁOMI,2024,"polski, matematyka, angielski",3.0,,,3.0,,,3.0,,
73673,SZKOŁA PODSTAWOWA IM. KARDYNAŁA STEFANA WYSZYŃSKIEGO WE WRÓBLEWIE,2024,"polski, matematyka, angielski",4.0,,,4.0,,,4.0,,
60919,SZKOŁA PODSTAWOWA IM. WANDY CHOTOMSKIEJ W STARYM ORZECHOWIE,2024,"polski, matematyka, angielski",4.0,,,4.0,,,4.0,,
89283,SZKOŁA PODSTAWOWA W TYMIANKACH-BUCIACH,2024,"polski, matematyka, angielski",2.0,,,2.0,,,2.0,,
28696,PUBLICZNA SZKOŁA PODSTAWOWA IM. MARSZAŁKA JÓZEFA PIŁSUDSKIEGO,2024,"polski, matematyka, angielski",3.0,,,3.0,,,3.0,,
6639,SZKOŁA PODSTAWOWA IM. KARDYNAŁA STEFANA WYSZYŃSKIEGO W KIEŁCZEWIE,2024,"polski, matematyka, angielski",4.0,,,4.0,,,4.0,,
6642,SZKOŁA PODSTAWOWA IM. KS. JANA TWARDOWSKIEGO W GLINIE,2024,"polski, matematyka, angielski",1.0,,,1.0,,,1.0,,
18796,PUBLICZNA SZKOŁA PODSTAWOWA IM.MARII KONOPNICKIEJ W STARYM LUBIEJEWIE,2024,"polski, matematyka, angielski",4.0,,,4.0,,,4.0,,
275377,NIEPUBLICZNA SZKOŁA PODSTAWOWA IM> RTM>WITOLDA PILECKIEGO W KOZIKACH,2024,"polski, matematyka, angielski",1.0,,,1.0,,,1.0,,
91573,NIEPUBLICZNA SZKOŁA PODSTAWOWA W TRYNOSACH-OSIEDLE,2024,"polski, matematyka, angielski",1.0,,,1.0,,,1.0,,
107596,SZKOŁA PODSTAWOWA IM. ALEKSANDRA KOPCIA W ZAWADACH,2024,"polski, matematyka, angielski",4.0,,,4.0,,,4.0,,
106701,SZKOŁA PODSTAWOWA W JASTRZĄBCE,2024,"polski, matematyka, angielski",2.0,,,2.0,,,2.0,,
106702,SZKOŁA PODSTAWOWA W WOLI BŁĘDOWSKIEJ,2024,"polski, matematyka, angielski",2.0,,,2.0,,,2.0,,
39641,SZKOŁA PODSTAWOWA IM. JANUSZA KORCZAKA W PASIEKACH,2024,"polski, matematyka, angielski",4.0,,,4.0,,,4.0,,
72349,SZKOŁA PODSTAWOWA W DĄBRÓWCE,2024,"polski, matematyka, angielski",2.0,,,2.0,,,2.0,,
91896,SZKOŁA PODSTAWOWA W ZESPOLE SZKÓŁ IM. KARDYNAŁA STEFANA WYSZYŃSKIEGO W LELISIE,2024,"polski, matematyka, angielski",3.0,,,3.0,,,3.0,,
74078,PUBLICZNA SZKOŁA PODSTAWOWA W OLSZYNACH,2024,"polski, matematyka, angielski",2.0,,,2.0,,,2.0,,
119714,SZKOŁA PODSTAWOWA W BIAŁUSNYM LASKU,2024,"polski, matematyka, angielski",2.0,,,2.0,,,2.0,,
124721,SZKOŁA PODSTAWOWA NR 2 W LASKOWCU,2024,angielski,6.0,13.0,17.0,6.0,18.0,16.0,1.0,,
62578,SZKOŁA PODSTAWOWA IM. KAROLA ADAMIECKIEGO W PUPKOWIŹNIE,2024,"polski, matematyka, angielski",1.0,,,1.0,,,1.0,,
128729,SZKOŁA PODSTAWOWA W WEJDZIE,2024,"polski, matematyka, angielski",4.0,,,4.0,,,4.0,,
128730,SZKOŁA PODSTAWOWA IM. STANISŁAWA KRUPKI W ŁĄCZKACH,2024,"polski, matematyka, angielski",3.0,,,3.0,,,3.0,,
27983,SZKOŁA PODSTAWOWA IM. MIKOŁAJA KOPERNIKA W OSTROWIE,2024,"polski, matematyka, angielski",3.0,,,3.0,,,3.0,,
28020,SZKOŁA PODSTAWOWA W REGUCIE,2024,"polski, matematyka, angielski",4.0,,,4.0,,,4.0,,
272422,NIEPUBLICZNA SZKOŁA PODSTAWOWA W JÓZEFOWIE,2024,"polski, matematyka, angielski",3.0,,,4.0,,,4.0,,
82564,SZKOŁA PODSTAWOWA NR 9 IM. JANA PAWŁA II,2024,"polski, matematyka, angielski",2.0,,,2.0,,,3.0,,
119008,NIEPUBLICZNA SZKOŁA PODSTAWOWA IM. NOBLISTÓW POLSKICH,2024,"polski, matematyka, angielski",4.0,,,4.0,,,4.0,,
478547,AKADEMIA ŚW. STANISŁAWA PAPCZYŃSKIEGO - SZKOŁA PODSTAWOWA,2024,"polski, matematyka, angielski",4.0,,,4.0,,,4.0,,
273522,NIEPUBLICZNA SZKOŁA PODSTAWOWA THAMES BRITISH SCHOOL,2024,"polski, matematyka",3.0,,,3.0,,,5.0,96.0,93.0
6638,SZKOŁA PODSTAWOWA IM.MIECZYSŁAWA KACZYŃSKIEGO,2024,"polski, matematyka, angielski",4.0,,,4.0,,,4.0,,
20443,SZKOŁA PODSTAWOWA IM. BŁ. KS. BRONISŁAWA MARKIEWICZA W WOLI KRAKOWIAŃSKIEJ,2024,"polski, matematyka, angielski",4.0,,,4.0,,,4.0,,
266088,NIEPUBLICZNA SZKOŁA PODSTAWOWA AZYL,2024,"polski, matematyka, angielski",1.0,,,1.0,,,1.0,,
12909,PUBLICZNA SZKOŁA PODSTAWOWA IM. KSIĘDZA JERZEGO POPIEŁUSZKI W ZIELONEJ,2024,"polski, matematyka, angielski",4.0,,,4.0,,,4.0,,
4982,SZKOŁA PODSTAWOWA W ROMANACH-SEBORACH,2024,"polski, matematyka, angielski",3.0,,,3.0,,,3.0,,
69076,PUBLICZNA SZKOŁA PODSTAWOWA W BIELINACH,2024,"polski, matematyka, angielski",3.0,,,3.0,,,3.0,,
30800,PUBLICZNA SZKOŁA PODSTAWOWA W SKRZYŃSKU IM. KARDYNAŁA STEFANA WYSZYŃSKIEGO,2024,"polski, matematyka, angielski",4.0,,,4.0,,,4.0,,
14127,PUBLICZNA SZKOŁA PODSTAWOWA IM. BŁ. JANA PAWŁA II W PŁOCOCHOWIE,2024,"polski, matematyka, angielski",3.0,,,3.0,,,3.0,,
88882,SZKOŁA PODSTAWOWA W ZAGROBIE,2024,"polski, matematyka, angielski",1.0,,,1.0,,,1.0,,
4663,SZKOŁA PODSTAWOWA IM. MARII KONOPNICKIEJ,2024,"polski, matematyka, angielski",2.0,,,2.0,,,2.0,,
70892,SZKOŁA PODSTAWOWA IM. JANINY JÓŹWIAK W CIEŚLACH,2024,"polski, matematyka, angielski",4.0,,,4.0,,,4.0,,
86453,SZKOŁA PODSTAWOWA IM. ARMII KRAJOWEJ W BLICHOWIE,2024,"polski, matematyka, angielski",4.0,,,4.0,,,4.0,,
85556,SZKOŁA PODSTAWOWA IM. MARSZAŁKA JÓZEFA PIŁSUDSKIEGO W NOWYM GRABIU,2024,"polski, matematyka, angielski",4.0,,,4.0,,,4.0,,
85558,SZKOŁA PODSTAWOWA IM. MARII KOWNACKIEJ W NOWYM KAMIENIU,2024,"polski, matematyka, angielski",4.0,,,4.0,,,4.0,,
80611,SZKOŁA PODSTAWOWA W DZIERŻANOWIE,2024,"polski, matematyka, angielski",3.0,,,3.0,,,3.0,,
104690,NIEPUBLICZNA SZKOŁA PODSTAWOWA IM. MARSZAŁKA JÓZEFA PIŁSUDSKIEGO W ORSZYMOWIE,2024,"polski, matematyka, angielski",1.0,,,1.0,,,1.0,,
39888,SZKOŁA PODSTAWOWA IM. ADAMA MICKIEWICZA W PRZECISZEWIE,2024,"polski, matematyka, angielski",2.0,,,2.0,,,2.0,,
55958,SZKOŁA PODSTAWOWA IM. WŁADYSŁAWA JAGIEŁŁY W PIOTRKÓWKU,2024,"polski, matematyka, angielski",4.0,,,4.0,,,4.0,,
129750,NIEPUBLICZNA SZKOŁA PODSTAWOWA IM. HENRYKA SIENKIEWICZA W NOWYM RADZIKOWIE,2024,"polski, matematyka, angielski",3.0,,,3.0,,,3.0,,
20572,SZKOŁA PODSTAWOWA W ZABOROWIE,2024,"polski, matematyka, angielski",3.0,,,3.0,,,2.0,,
123687,"NIEPUBLICZNA SZKOŁA PODSTAWOWA ""ŻYWIOŁY""",2024,"polski, matematyka, angielski",3.0,,,4.0,,,4.0,,
13613,SZKOŁA PODSTAWOWA IM. POWSTAŃCÓW STYCZNIOWYCH 1863 R. W SMARDZEWIE,2024,"polski, matematyka, angielski",1.0,,,1.0,,,1.0,,
13612,SZKOŁA PODSTAWOWA W KOŁOZĘBIU IM. ŚW. JANA PAWŁA II,2024,"polski, matematyka, angielski",4.0,,,4.0,,,4.0,,
88233,SPECJALNY OŚRODEK SZKOLNO - WYCHOWAWCZY DLA DZIECI NIESŁYSZĄCYCH IM. MARII GRZEGORZEWSKIEJ W RADOMIU - PUBLICZNA SZKOŁA PODSTAWOWA NR 10 - SPECJALNA,2024,"polski, matematyka, angielski",1.0,,,1.0,,,1.0,,
274815,SZKOŁA PODSTAWOWA SPECJALNA W CHWAŁOWICACH,2024,"polski, matematyka, angielski",1.0,,,1.0,,,1.0,,
4303,SZKOŁA PODSTAWOWA W MĄKOSACH STARYCH,2024,"polski, matematyka, angielski",3.0,,,3.0,,,3.0,,
4392,SZKOŁA PODSTAWOWA IM. ŚWIĘTEGO JANA PAWŁA II W WOLI GORYŃSKIEJ,2024,"polski, matematyka, angielski",3.0,,,3.0,,,3.0,,
35228,PUBLICZNA SZKOŁA PODSTAWOWA IM. ORŁA BIAŁEGO W KOŃCZYCACH - KOLONII,2024,"polski, matematyka, angielski",4.0,,,4.0,,,4.0,,
107184,PUBLICZNA SZKOŁA PODSTAWOWA IM. MARII KONOPNICKIEJ W AUGUSTOWIE,2024,"polski, matematyka, angielski",3.0,,,3.0,,,3.0,,
196243,SZKOŁA PODSTAWOWA SPECJALNA W WIERZBICY,2024,"polski, matematyka, angielski",3.0,,,3.0,,,3.0,,
40629,SZKOŁA PODSTAWOWA IM. MARSZAŁKA JÓZEFA PIŁSUDSKIEGO W KRYNICY,2024,"polski, matematyka, angielski",3.0,,,3.0,,,3.0,,
104448,SZKOŁA PODSTAWOWA IM. JANA PAWŁA II W ŚMIARACH,2024,"polski, matematyka, angielski",4.0,,,4.0,,,4.0,,
24714,I PRYWATNA SZKOŁA PODSTAWOWA,2024,"polski, matematyka, angielski",4.0,,,4.0,,,4.0,,
65137,SZKOŁA PODSTAWOWA W SUDRAGACH,2024,angielski,7.0,36.0,38.42857142857143,7.0,24.0,36.57142857142857,,,
121754,NIEPUBLICZNA SZKOŁA PODSTAWOWA IM. TADEUSZA KOŚCIUSZKI W GRĄBCU,2024,"polski, matematyka, angielski",3.0,,,3.0,,,3.0,,
109151,PUBLICZNA SZKOŁA PODSTAWOWA W CERANOWIE IM. LUDWIKA GÓRSKIEGO,2024,"polski, matematyka, angielski",1.0,,,1.0,,,1.0,,
59058,NIEPUBLICZNA SZKOŁA PODSTAWOWA W CZEKANOWIE,2024,"polski, matematyka, angielski",1.0,,,1.0,,,1.0,,
8901,NIEPUBLICZNA SZKOŁA PODSTAWOWA IM. ARMII KRAJOWEJ W NIECIECZY,2024,"polski, matematyka, angielski",2.0,,,2.0,,,2.0,,
70349,SZKOŁA PODSTAWOWA W GROCHOWIE,2024,"polski, matematyka, angielski",3.0,,,3.0,,,3.0,,
84199,SZKOŁA PODSTAWOWA IM. PŁK. DIONIZEGO CZACHOWSKIEGO Z ODDZIAŁEM PRZEDSZKOLNYM,2024,"polski, matematyka, angielski",3.0,,,3.0,,,3.0,,
30653,PUBLICZNA SZKOŁA PODSTAWOWA IM.KS.BONAWENTURY STACHURY W ZBIJOWIE MAŁYM,2024,"polski, matematyka, angielski",3.0,,,3.0,,,3.0,,
90079,PUBLICZNA SZKOŁA PODSTAWOWA IM. TADEUSZA KOŚCIUSZKI W CIEPŁEJ,2024,"polski, matematyka, angielski",4.0,,,4.0,,,4.0,,
128471,NIEPUBLICZNA SZKOŁA PODSTAWOWA,2024,"polski, matematyka, angielski",1.0,,,1.0,,,1.0,,
80253,"""WONDERFUL YEARS SCHOOL"" PRYWATNA SZKOŁA PODSTAWOWA",2024,"polski, matematyka, angielski",4.0,,,4.0,,,4.0,,
275570,SZKOŁA PODSTAWOWA BULLERBYN,2024,"polski, matematyka, angielski",3.0,,,3.0,,,3.0,,
129946,NIEPUBLICZNA INTEGRACYJNA SZKOŁA PODSTAWOWA IM. ACHILLESA RATTI,2024,"polski, matematyka, angielski",3.0,,,3.0,,,3.0,,
121724,MIĘDZYNARODOWA SZKOŁA MONTESSORI W WARSZAWIE,2024,"polski, matematyka, angielski",4.0,,,4.0,,,4.0,,
279315,SZKOŁA PODSTAWOWA KOSMOS,2024,"polski, matematyka, angielski",3.0,,,3.0,,,3.0,,
105662,SZKOŁA PODSTAWOWA SPECJALNA NR 244,2024,"polski, matematyka, angielski",1.0,,,1.0,,,1.0,,
264203,INTEGRACYJNA PODSTAWOWA SZKOŁA MONTESSORI WAWER,2024,"polski, matematyka, angielski",1.0,,,1.0,,,1.0,,
29950,SZKOŁA PODSTAWOWA NIEPUBLICZNA KOLEGIUM ŚW. STANISŁAWA KOSTKI,2024,"polski, matematyka",1.0,,,1.0,,,6.0,72.0,66.16666666666667
52998,POLSKO-NIEMIECKA SZKOŁA SPOTKAŃ I DIALOGU IM. WILLY'EGO BRANDTA W WARSZAWIE - SZKOŁA PODSTAWOWA,2024,angielski,7.0,89.0,87.71428571428571,7.0,60.0,58.285714285714285,2.0,,
272093,SZKOŁA PODSTAWOWA EDUVENTURA,2024,"polski, matematyka, angielski",2.0,,,2.0,,,2.0,,
25025,KATOLICKA SZKOŁA PODSTAWOWA NR 7 IM. KS. KARD. STEFANA WYSZYŃSKIEGO,2024,"polski, matematyka",4.0,,,4.0,,,5.0,95.0,94.2
114664,SZKOŁA PODSTAWOWA AKADEMIA DOBREJ EDUKACJI IM. GEN. JÓZEFA SOWIŃSKIEGO,2024,"polski, matematyka",3.0,,,3.0,,,8.0,82.5,79.0
478731,SZKOŁA PODSTAWOWA DOBRATU IM. TOSI KOZŁOWSKIEJ,2024,"polski, matematyka, angielski",4.0,,,4.0,,,4.0,,
278442,NIEPUBLICZNA SZKOŁA PODSTAWOWA FUNDACJI ADYS,2024,"polski, matematyka, angielski",3.0,,,3.0,,,3.0,,
131373,SZKOŁA PODSTAWOWA SIÓSTR RODZINY MARYI,2024,"polski, matematyka, angielski",3.0,,,3.0,,,4.0,,
479107,SZKOŁA PODSTAWOWA DLA DOROSŁYCH VIA POLONIA,2024,"polski, matematyka, angielski",1.0,,,1.0,,,1.0,,
13021,SZKOŁA PODSTAWOWA IM. MARII KONOPNICKIEJ W TURZYNIE,2024,"polski, matematyka, angielski",2.0,,,2.0,,,2.0,,
75458,SZKOŁA PODSTAWOWA IM. ŚW. STANISŁAWA KOSTKI W JACKOWIE GÓRNYM,2024,"polski, matematyka, angielski",4.0,,,4.0,,,4.0,,
75459,SZKOŁA PODSTAWOWA IM. POR. PIL. STEFANA OKRZEI,2024,"polski, matematyka, angielski",2.0,,,2.0,,,2.0,,
29894,SZKOŁA PODSTAWOWA IM. CICHOCIEMNYCH SPADOCHRONIARZY ARMII KRAJOWEJ W ŁOSINNIE,2024,"polski, matematyka, angielski",4.0,,,4.0,,,4.0,,
128240,POLSKO - ANGIELSKA SZKOŁA PODSTAWOWA AKADEMIA UCZNIA IM. KRÓLOWEJ ELŻBIETY II,2024,"polski, matematyka, angielski",3.0,,,3.0,,,3.0,,
119295,NIEPUBLICZNA SZKOŁA PODSTAWOWA W ORZEŁKU,2024,"polski, matematyka, angielski",2.0,,,2.0,,,2.0,,
82557,NIEPUBLICZNA SZKOŁA PODSTAWOWA W PRÓCHENKACH,2024,"polski, matematyka, angielski",3.0,,,3.0,,,3.0,,
82539,NIEPUBLICZNA SZKOŁA PODSTAWOWA IM. JANUSZA KORCZAKA W SZYDŁÓWCE,2024,angielski,5.0,56.0,60.6,5.0,68.0,70.4,3.0,,
7238,SZKOŁA PODSTAWOWA IM.J. SŁOWACKIEGO W GÓRKACH,2024,"polski, matematyka, angielski",4.0,,,4.0,,,4.0,,
22674,SZKOŁA PODSTAWOWA IM. BŁOGOSŁAWIONEJ KAROLINY KÓZKÓWNY W STARYCH SZPAKACH,2024,"polski, matematyka, angielski",3.0,,,3.0,,,3.0,,
111216,SAMORZĄDOWA SZKOŁA PODSTAWOWA W PRZERADZU MAŁYM,2024,"polski, matematyka, angielski",4.0,,,4.0,,,4.0,,
42790,SZKOŁA PODSTAWOWA IM. JANA PAWŁA II W ŁASZEWIE,2024,"polski, matematyka, angielski",2.0,,,2.0,,,2.0,,
8848,SZKOŁA PODSTAWOWA W BĘDZYMINIE,2024,"polski, matematyka, angielski",3.0,,,3.0,,,3.0,,
8850,SZKOŁA PODSTAWOWA W CHAMSKU,2024,"polski, matematyka, angielski",4.0,,,4.0,,,4.0,,
8849,SZKOŁA PODSTAWOWA W PONIATOWIE,2024,"polski, matematyka, angielski",3.0,,,3.0,,,3.0,,
8847,SZKOŁA PODSTAWOWA W RACZYNACH,2024,"polski, matematyka, angielski",4.0,,,4.0,,,4.0,,
8851,SZKOŁA PODSTAWOWA W KLICZEWIE DUŻYM,2024,"polski, matematyka, angielski",1.0,,,1.0,,,1.0,,
20961,SZKOŁA PODSTAWOWA W DĄBROWIE BOLESŁAWIECKIEJ,2024,"polski, matematyka, angielski",4.0,,,4.0,,,4.0,,
262368,SZKOŁA PODSTAWOWA SPECJALNA W IWINACH W POWIATOWYM MŁODZIEŻOWYM OŚRODKU WYCHOWAWCZYM W IWINACH,2024,angielski,9.0,24.0,22.666666666666668,9.0,16.0,17.333333333333332,3.0,,
262666,EUROPEJSKA SZKOŁA PODSTAWOWA Z ODDZIAŁAMI PRZYSPOSABIAJĄCYMI DO PRACY,2024,angielski,9.0,11.0,12.444444444444445,9.0,16.0,13.333333333333334,,,
131306,NIEPUBLICZNA SZKOŁA PODSTAWOWA IM. JANUSZA KORCZAKA W DZIERŻONIOWIE,2024,"polski, matematyka, angielski",1.0,,,1.0,,,1.0,,
73094,SZKOŁA PODSTAWOWA IM. JANA PAWŁA II W TUSZYNIE,2024,angielski,8.0,48.0,42.875,8.0,44.0,43.0,3.0,,
118579,NIEPUBLICZNA SZKOŁA PODSTAWOWA W PRZERZECZYNIE- ZDROJU,2024,"polski, matematyka, angielski",4.0,,,4.0,,,4.0,,
111153,SZKOŁA PODSTAWOWA W CZERNINIE,2024,"polski, matematyka, angielski",1.0,,,1.0,,,1.0,,
263508,SZKOŁA PODSTAWOWA DLA DOROSŁYCH W GŁOGOWIE,2024,"polski, matematyka, angielski",4.0,,,4.0,,,4.0,,
124982,SZKOŁA PODSTAWOWA NR 4 W ZAKŁADZIE POPRAWCZYM I SCHRONISKU DLA NIELETNICH W GŁOGOWIE,2024,"polski, matematyka, angielski",3.0,,,3.0,,,1.0,,
62448,SZKOŁA PODSTAWOWA NR 4 IM. HENRYKA SIENKIEWICZA W JAWORZE,2024,"polski, matematyka, angielski",4.0,,,4.0,,,4.0,,
68700,SPECJALNA SZKOŁA PODSTAWOWA NR 6,2024,"polski, matematyka, angielski",2.0,,,2.0,,,2.0,,
16254,SZKOŁA PODSTAWOWA IM. WŁADYSŁAWA BRONIEWSKIEGO W PASZOWICACH,2024,angielski,5.0,49.0,54.4,5.0,32.0,24.8,,,
55549,ZESPÓŁ SZKÓŁ SZKOŁA PODSTAWOWA IM. IRENY SENDLEROWEJ W PISARZOWICACH,2024,angielski,7.0,60.0,60.0,7.0,44.0,43.42857142857143,4.0,,
68549,"NIEPUBLICZNA SZKOŁA PODSTAWOWA W KARPACZU, SZKOŁA 707",2024,"polski, matematyka, angielski",3.0,,,3.0,,,3.0,,
122237,SZKOŁA PODSTAWOWA IM. STANISŁAWA MARUSARZA W MIŁKOWIE,2024,"polski, matematyka, angielski",4.0,,,4.0,,,4.0,,
47628,SZKOŁA PODSTAWOWA Z ODDZIAŁAMI INTEGRACYJNYMI W SZALEJOWIE GÓRNYM,2024,"polski, matematyka, angielski",4.0,,,4.0,,,4.0,,
4076,NIEPUBLICZNA SZKOŁA PODSTAWOWA W DZIKOWCU,2024,"polski, matematyka, angielski",1.0,,,1.0,,,1.0,,
128751,SZKOŁA PODSTAWOWA AMS W WOLIBORZU,2024,"polski, matematyka, angielski",4.0,,,4.0,,,4.0,,
91130,"SZKOŁA PODSTAWOWA STOWARZYSZENIA ""EDUKATOR""",2024,"polski, matematyka, angielski",2.0,,,2.0,,,2.0,,
21194,SZKOŁA PODSTAWOWA,2024,angielski,9.0,40.0,45.44444444444444,9.0,40.0,40.44444444444444,3.0,,
133562,SZKOŁA PODSTAWOWA NR 5 W LEGNICY,2024,"polski, matematyka, angielski",2.0,,,2.0,,,2.0,,
80570,SZKOŁA PODSTAWOWA W OKMIANACH,2024,"polski, matematyka, angielski",3.0,,,3.0,,,2.0,,
58222,SZKOŁA PODSTAWOWA IM. KORNELA MAKUSZYŃSKIEGO W POBIEDNEJ,2024,"polski, matematyka, angielski",3.0,,,3.0,,,2.0,,
16957,SZKOŁA PODSTAWOWA IM.EMILII PLATER W PLATERÓWCE,2024,angielski,5.0,53.0,47.0,5.0,16.0,20.8,3.0,,
262435,SZKOŁA PODSTAWOWA SPECJALNA W ZESPOLE PLACÓWEK TERAPEUTYCZNO-WYCHOWAWCZYCH WE WŁOSIENIU,2024,"polski, matematyka, angielski",4.0,,,4.0,,,4.0,,
80118,SZKOŁA PODSTAWOWA NR 2 IM. JANA PAWŁA II W ŚWIERADOWIE-ZDROJU,2024,angielski,10.0,67.5,56.0,10.0,38.0,45.2,4.0,,
3580,PUBLICZNA SZKOŁA PODSTAWOWA IM. BŁOGOSŁAWIONEGO KSIĘDZA ALOJSA ANDRICKIEGO W RZĄSINACH,2024,"polski, matematyka, angielski",3.0,,,3.0,,,3.0,,
268168,SZKOŁA PODSTAWOWA NR 2 IM. KOMBATANTÓW ZIEMI GRYFOWSKIEJ W GRYFOWIE ŚLĄSKIM,2024,"polski, matematyka, angielski",4.0,,,4.0,,,4.0,,
90027,SZKOŁA PODSTAWOWA SPECJALNA PRZY MŁODZIEŻOWYM OŚRODKU SOCJOTERAPII W LWÓWKU ŚLĄSKIM,2024,angielski,10.0,10.0,12.9,10.0,16.0,18.4,3.0,,
104377,SZKOŁA PODSTAWOWA WE WŁODZICACH WIELKICH,2024,"polski, matematyka, angielski",3.0,,,3.0,,,1.0,,
7949,SZKOŁA PODSTAWOWA W ZESPOLE SZKÓŁ IM. ŚW. JAWDIGI ŚLĄSKIEJ,2024,"polski, matematyka, angielski",4.0,,,4.0,,,4.0,,
131433,SZKOŁA PODSTAWOWA IM. WŁODZIMIERZA LUBAŃSKIEGO W GACI,2024,"polski, matematyka, angielski",3.0,,,3.0,,,3.0,,
105026,SZKOŁA PODSTAWOWA W ŚCINAWIE POLSKIEJ,2024,"polski, matematyka, angielski",3.0,,,3.0,,,3.0,,
8899,SZKOŁA PODSTAWOWA SPECJALNA NR 41 W WAŁBRZYCHU,2024,"polski, matematyka, angielski",4.0,,,4.0,,,4.0,,
133959,SZKOŁA PODSTAWOWA DLA DOROSŁYCH W WAŁBRZYCHU,2024,"polski, matematyka, angielski",2.0,,,2.0,,,1.0,,
87196,SZKOŁA PODSTAWOWA IM. ŚWIĘTEGO MIKOŁAJA Z MIRY W KRZELOWIE,2024,"polski, matematyka, angielski",3.0,,,3.0,,,3.0,,
265515,SZKOŁA PODSTAWOWA IM. JANA ADAMA DE GARNIER W GŁĘBOWICACH,2024,angielski,5.0,44.0,44.4,5.0,24.0,26.4,4.0,,
124508,SZKOŁA PODSTAWOWA AMS WE WROCŁAWIU,2024,"polski, matematyka, angielski",3.0,,,3.0,,,3.0,,
275696,SZKOŁA PODSTAWOWA - WROCŁAW COSMOPOLITAN SCHOOL,2024,"polski, matematyka",4.0,,,4.0,,,12.0,83.0,82.5
14271,BRITISH INTERNATIONAL SCHOOL WROCLAW POLSKO - BRYTYJSKA DWUJĘZYCZNA SZKOŁA PODSTAWOWA WE WROCŁAWIU,2024,"polski, matematyka, angielski",1.0,,,1.0,,,1.0,,
124498,PRYWATNA SZKOŁA PODSTAWOWA AMERICAN SCHOOL OF WROCŁAW,2024,"polski, matematyka",2.0,,,2.0,,,11.0,69.0,71.9090909090909
131750,INTEGRACYJNA SZKOŁA PODSTAWOWA ALTO,2024,"polski, matematyka, angielski",4.0,,,4.0,,,4.0,,
61398,"SPOŁECZNA SZKOŁA PODSTAWOWA ""OPTIMUM""",2024,"polski, matematyka, angielski",4.0,,,4.0,,,4.0,,
123288,PUBLICZNA SZKOŁA PODSTAWOWA LEONARDO,2024,"polski, matematyka, angielski",2.0,,,2.0,,,2.0,,
31699,SZKOŁA PODSTAWOWA SPECJALNA W WIERZBICACH,2024,"polski, matematyka, angielski",2.0,,,2.0,,,2.0,,
278660,NIEPUBLICZNA SZKOŁA PODSTAWOWA MONTESSORI DCEM,2024,"polski, matematyka, angielski",3.0,,,3.0,,,3.0,,
7094,SZKOŁA PODSTAWOWA IM.POLSKIEGO CZERWONEGO KRZYŻA W OPOLNIE ZDROJU,2024,angielski,7.0,33.0,35.142857142857146,7.0,20.0,20.571428571428573,4.0,,
92849,SZKOŁA PODSTAWOWA IM. WŁODZIMIERZA PUCHALSKIEGO W PROBOSZCZOWIE,2024,angielski,6.0,67.5,66.66666666666667,6.0,32.0,35.333333333333336,3.0,,
92851,SZKOŁA PODSTAWOWA W SĘDZIMIROWIE,2024,"polski, matematyka, angielski",1.0,,,1.0,,,1.0,,
52970,SZKOŁA PODSTAWOWA IM. MIKOŁAJA KOPERNIKA W PSZENNIE,2024,"polski, matematyka, angielski",3.0,,,3.0,,,3.0,,
20652,SZKOŁA PODSTAWOWA SPECJALNA NR 2 W MROWINACH,2024,"polski, matematyka, angielski",2.0,,,2.0,,,2.0,,
30105,SZKOŁA PODSTAWOWA W GAŁĄZCZYCACH,2024,"polski, matematyka, angielski",1.0,,,1.0,,,1.0,,
18648,PUBLICZNA SZKOŁA PODSTAWOWA IM. KAWALERÓW ORDERU UŚMIECHU,2024,"polski, matematyka, angielski",4.0,,,4.0,,,4.0,,
34829,PUBLICZNA SZKOŁA PODSTAWOWA IM MARII KONOPNICKIEJ W GROBNIKACH,2024,"polski, matematyka, angielski",4.0,,,4.0,,,4.0,,
34830,PUBLICZNA SZKOŁA PODSTAWOWA IM KORNELA MAKUSZYŃSKIEGO W KLISINIE,2024,"polski, matematyka, angielski",1.0,,,1.0,,,1.0,,
28524,PUBLICZNA SZKOŁA PODSTAWOWA Z ODDZIAŁEM PRZEDSZKOLNYM IM.MARII KONOPNICKIEJ STOWARZYSZENIA PRZYJACIÓŁ SZKOŁY PODSTAWOWEJ W NASIEDLU,2024,"polski, matematyka, angielski",4.0,,,4.0,,,4.0,,
13212,ZESPÓŁ SZKOLNO - PRZEDSZKOLNY W CHOCIANOWICACH SZKOŁA PODSTAWOWA W GRONOWICACH,2024,angielski,6.0,57.5,52.333333333333336,6.0,28.0,40.666666666666664,3.0,,
20425,ZESPÓŁ SZKOLNO – PRZEDSZKOLNY W LASOWICACH WIELKICH SZKOŁA PODSTAWOWA IM. MIKOŁAJA KOPERNIKA W LASOWICACH WIELKICH,2024,angielski,6.0,64.5,63.166666666666664,6.0,60.0,54.0,4.0,,
12353,SZKOŁA PODSTAWOWA W SZYMONKOWIE,2024,"polski, matematyka, angielski",4.0,,,4.0,,,4.0,,
12363,SZKOŁA PODSTAWOWA W SKAŁĄGACH,2024,"polski, matematyka, angielski",2.0,,,2.0,,,2.0,,
60829,STOWARZYSZENIOWA PUBLICZNA SZKOŁA PODSTAWOWA IM. HENRYKA SIENKIEWICZA W GÓRAŻDŻACH,2024,"polski, matematyka, angielski",2.0,,,2.0,,,2.0,,
85036,STOWARZYSZENIOWA PUBLICZNA SZKOŁA PODSTAWOWA W STEBLOWIE,2024,angielski,6.0,68.5,58.333333333333336,6.0,46.0,49.333333333333336,2.0,,
22298,SZKOŁA PODSTAWOWA W STRADUNI,2024,"polski, matematyka, angielski",4.0,,,4.0,,,3.0,,
42258,SZKOŁA PODSTAWOWA W DZIERGOWICACH,2024,angielski,5.0,64.0,61.6,5.0,28.0,43.2,4.0,,
74590,PUBLICZNA SZKOŁA PODSTAWOWA IM. JANA PAWŁA II W ROSZOWICKIM LESIE,2024,angielski,8.0,38.5,42.875,8.0,22.0,24.5,3.0,,
81752,PUBLICZNA SZKOŁA PODSTAWOWA W POKRZYWNICY,2024,"polski, matematyka, angielski",2.0,,,2.0,,,1.0,,
109825,ZESPÓŁ SZKOLNO-PRZEDSZKOLNY W KARŁOWICACH WIELKICH SZKOŁA PODSTAWOWA W KARŁOWICACH WIELKICH,2024,"polski, matematyka, angielski",4.0,,,4.0,,,4.0,,
107158,SZKOŁA PODSTAWOWA W KAMIENNIKU,2024,"polski, matematyka, angielski",2.0,,,2.0,,,2.0,,
129459,SZKOŁA PODSTAWOWA WE WŁODARACH,2024,"polski, matematyka, angielski",3.0,,,3.0,,,3.0,,
6648,SZKOŁA PODSTAWOWA IM. GUSTAWA MORCINKA W LIPOWEJ Z ODDZIAŁEM PRZEDSZKOLNYM,2024,"polski, matematyka",4.0,,,4.0,,,5.0,18.0,20.4
41821,SZKOŁA PODSTAWOWA W PRZEŁĘKU,2024,"polski, matematyka, angielski",3.0,,,3.0,,,3.0,,
6438,PUBLICZNA SZKOŁA PODSTAWOWA STOWARZYSZENIA PRZYJACIÓŁ SZKÓŁ KATOLICKICH IM. ŚW. JANA PAWŁA II W NOWAKACH,2024,"polski, matematyka, angielski",1.0,,,1.0,,,1.0,,
275339,SZKOŁA PODSTAWOWA W LASOCICACH,2024,"polski, matematyka, angielski",2.0,,,2.0,,,2.0,,
67857,PUBLICZNA SZKOŁA PODSTAWOWA W SZEMROWICACH,2024,"polski, matematyka, angielski",4.0,,,4.0,,,4.0,,
67856,PUBLICZNA SZKOŁA PODSTAWOWA W TURZY,2024,"polski, matematyka, angielski",4.0,,,4.0,,,4.0,,
119774,ZESPÓŁ SZKOLNO-PRZEDSZKOLNY SZKOŁA PODSTAWOWA W GOSŁAWICACH,2024,angielski,8.0,60.0,57.75,8.0,70.0,60.0,3.0,,
58559,PUBLICZNA SZKOŁA PODSTAWOWA W GORZOWIE ŚLĄSKIM,2024,angielski,5.0,40.0,49.0,5.0,68.0,50.4,3.0,,
263734,SZKOŁA PODSTAWOWA SPECJALNA PRZY MŁODZIEŻOWYM OŚRODKU WYCHOWAWCZYM W JULIANPOLU,2024,"polski, matematyka, angielski",4.0,,,4.0,,,4.0,,
70726,PUBLICZNA SZKOŁA PODSTAWOWA W ZĘBOWICACH,2024,"polski, matematyka, angielski",3.0,,,3.0,,,3.0,,
85983,PUBLICZNA SZKOŁA PODSTAWOWA W KUP,2024,angielski,9.0,58.0,55.0,9.0,60.0,53.77777777777778,4.0,,
12398,PUBLICZNA STOWARZYSZENIOWA SZKOŁA PODSTAWOWA W OCHODZACH,2024,"polski, matematyka, angielski",3.0,,,3.0,,,2.0,,
12397,PUBLICZNA SZKOŁA PODSTAWOWA W DOMECKU,2024,angielski,6.0,73.5,67.33333333333333,6.0,84.0,76.0,4.0,,
55553,SZKOŁA PODSTAWOWA IM. TADEUSZA KOŚCIUSZKI W ROGACH,2024,"polski, matematyka, angielski",4.0,,,4.0,,,4.0,,
27146,PUBLICZNA SZKOŁA PODSTAWOWA IM KAROLA MIARKI W DYLAKACH,2024,"polski, matematyka, angielski",4.0,,,4.0,,,3.0,,
47074,PUBLICZNA SZKOŁA PODSTAWOWA W POPIELOWIE,2024,"polski, matematyka, angielski",2.0,,,2.0,,,2.0,,
47075,PUBLICZNA SZKOŁA PODSTAWOWA W STARYCH SIOŁKOWICACH,2024,"polski, matematyka, angielski",1.0,,,1.0,,,1.0,,
26939,PUBLICZNA SZKOŁA PODSTAWOWA W ZŁOTNIKACH,2024,angielski,5.0,76.0,73.4,5.0,80.0,64.0,3.0,,
11758,PUBLICZNA SZKOŁA PODSTAWOWA W LIGOCIE PRÓSZKOWSKIEJ,2024,angielski,7.0,60.0,61.57142857142857,7.0,48.0,56.57142857142857,4.0,,
73523,PUBLICZNA SZKOŁA PODSTAWOWA W KĄTACH OPOLSKICH,2024,angielski,6.0,54.5,53.833333333333336,6.0,30.0,43.333333333333336,2.0,,
81063,ZESPÓŁ SZKOLNO-PRZEDSZKOLNY STOWARZYSZENIA PRO-LIBERIS SILESIAE SZKOŁA PODSTAWOWA W RASZOWEJ,2024,angielski,13.0,64.0,68.84615384615384,13.0,80.0,77.23076923076923,3.0,,
84616,PUBLICZNA SZKOŁA PODSTAWOWA W ZAWADZIE,2024,angielski,5.0,53.0,57.6,5.0,36.0,49.6,4.0,,
48994,PUBLICZNA SZKOŁA PODSTAWOWA W JEŁOWEJ,2024,"polski, matematyka, angielski",1.0,,,1.0,,,1.0,,
19468,SZKOŁA PODSTAWOWA Z ODDZIAŁEM PRZEDSZKOLNYM W TWARDAWIE,2024,"polski, matematyka, angielski",2.0,,,2.0,,,2.0,,
17487,"SZKOŁA PODSTAWOWA STOWARZYSZENIA ""ZŁOTY POTOK"" W ŁĄCE PRUDNICKIEJ",2024,"polski, matematyka, angielski",4.0,,,4.0,,,4.0,,
263338,SZKOŁA PODSTAWOWA SPECJALNA NR 2 W LEŚNICY,2024,"polski, matematyka, angielski",3.0,,,3.0,,,3.0,,
88690,SZKOŁA PODSTAWOWA IM. POWSTAŃCÓW WIELKOPOLSKICH W OPOKACH,2025,"polski, matematyka, angielski",2.0,,,2.0,,,2.0,,
7232,SZKOŁA PODSTAWOWA W STRASZEWIE,2025,"polski, matematyka, angielski",4.0,,,4.0,,,4.0,,
86316,SZKOŁA PODSTAWOWA W ŚWIĘTEM,2025,"polski, matematyka, angielski",2.0,,,2.0,,,2.0,,
110189,SZKOŁA PODSTAWOWA W BRUDNOWIE,2025,angielski,7.0,47.0,45.857142857142854,7.0,20.0,29.428571428571427,4.0,,
264143,SZKOŁA PODSTAWOWA DLA DOROSŁYCH W BRODNICY,2025,angielski,14.0,9.0,12.214285714285714,14.0,13.0,13.285714285714286,,,
79205,SZKOŁA PODSTAWOWA,2025,"polski, matematyka, angielski",2.0,,,2.0,,,2.0,,
125684,SZKOŁA PODSTAWOWA NR 4 W OKRĘGOWYM OŚRODKU WYCHOWAWCZYM W KORONOWIE,2025,angielski,7.0,44.0,43.857142857142854,7.0,13.0,11.285714285714286,2.0,,
9592,NIEPUBLICZNA SZKOŁA PODSTAWOWA NR 1 W BYDGOSZCZY,2025,"polski, matematyka, angielski",1.0,,,1.0,,,1.0,,
12943,SZKOŁA PODSTAWOWA DLA DOROSŁYCH W BYDGOSZCZY,2025,"polski, matematyka, angielski",1.0,,,1.0,,,1.0,,
263368,SZKOŁA PODSTAWOWA CENTRUM EDUKACJI MONTESSORI W BYDGOSZCZY,2025,"polski, matematyka, angielski",4.0,,,4.0,,,4.0,,
275648,SZKOŁA PODSTAWOWA IM. ŚW. STANISŁAWA KOSTKI W BYDGOSZCZY,2025,"polski, matematyka, angielski",2.0,,,2.0,,,2.0,,
82948,SZKOŁA PODSTAWOWA IM. TADEUSZA KOŚCIUSZKI W NOWOGRODZIE,2025,"polski, matematyka, angielski",3.0,,,3.0,,,3.0,,
82955,SZKOŁA PODSTAWOWA WE WROCKACH IM. KOMISJI EDUKACJI NARODOWEJ,2025,"polski, matematyka, angielski",4.0,,,4.0,,,4.0,,
40130,SZKOŁA PODSTAWOWA IM. ZIEMI DOBRZYŃSKIEJ W RUŻU,2025,"polski, matematyka, angielski",4.0,,,4.0,,,4.0,,
276213,SZKOŁA PODSTAWOWA W DUSOCINIE IM. DR. LUDWIKA RYDYGIERA,2025,"polski, matematyka, angielski",2.0,,,2.0,,,2.0,,
53643,SZKOŁA PODSTAWOWA IM. 16. PUŁKU ARTYLERII LEKKIEJ W PLEMIĘTACH,2025,"polski, matematyka, angielski",1.0,,,1.0,,,1.0,,
28683,SZKOŁA PODSTAWOWA W WYDRZNIE,2025,angielski,8.0,59.0,50.375,8.0,18.5,29.5,2.0,,
28685,SZKOŁA PODSTAWOWA W SZONOWIE,2025,angielski,13.0,49.0,48.15384615384615,13.0,23.0,30.846153846153847,,,
28681,SZKOŁA PODSTAWOWA W ZAWDZIE,2025,angielski,9.0,62.0,60.666666666666664,9.0,47.0,43.333333333333336,2.0,,
104499,SZKOŁA PODSTAWOWA IM. JÓZEFA WYBICKIEGO,2025,"polski, matematyka, angielski",3.0,,,3.0,,,3.0,,
60890,SZKOŁA PODSTAWOWA IM. JANA KOCHANOWSKIEGO W TRZEBIEGOSZCZU,2025,"polski, matematyka, angielski",2.0,,,2.0,,,2.0,,
74297,SZKOŁA PODSTAWOWA W CZERMNIE,2025,"polski, matematyka, angielski",4.0,,,4.0,,,4.0,,
68296,SZKOŁA PODSTAWOWA IM. SEJMU RP W WÓLCE,2025,"polski, matematyka, angielski",4.0,,,4.0,,,4.0,,
23428,SZKOŁA PODSTAWOWA IM. ADAMA MICKIEWICZA WE WSZEDNIU,2025,"polski, matematyka, angielski",4.0,,,4.0,,,4.0,,
266073,SZKOŁA PODSTAWOWA SPECJALNA NR 2 W STRZELNIE,2025,"polski, matematyka, angielski",4.0,,,4.0,,,4.0,,
125643,SZKOŁA PODSTAWOWA NR 3 W OKRĘGOWYM OŚRODKU WYCHOWAWCZYM W KCYNI,2025,"polski, matematyka, angielski",1.0,,,1.0,,,1.0,,
69425,SZKOŁA PODSTAWOWA IM. ORŁA BIAŁEGO W PALMIEROWIE,2025,"polski, matematyka, angielski",3.0,,,3.0,,,3.0,,
69880,SZKOŁA PODSTAWOWA IM. BŁOGOSŁAWIONEJ MARII KARŁOWSKIEJ W CHWALISZEWIE,2025,"polski, matematyka, angielski",4.0,,,4.0,,,3.0,,
11307,PUBLICZNA SZKOŁA PODSTAWOWA IM. WŁADYSŁAWA BRONIEWSKIEGO W BYCZU,2025,"polski, matematyka, angielski",4.0,,,4.0,,,4.0,,
88226,SZKOŁA PODSTAWOWA W NOWYM KOBRZYŃCU,2025,"polski, matematyka, angielski",2.0,,,2.0,,,2.0,,
6584,SZKOŁA PODSTAWOWA W ZAKROCZU,2025,"polski, matematyka, angielski",2.0,,,2.0,,,2.0,,
128773,SZKOŁA PODSTAWOWA PRYZMATY,2025,"polski, matematyka, angielski",3.0,,,3.0,,,3.0,,
263965,"SZKOŁA PODSTAWOWA ""BLOK"" W TORUNIU",2025,angielski,13.0,16.0,24.846153846153847,13.0,10.0,12.923076923076923,,,
267180,SZKOŁA PODSTAWOWA CAMBRIDGE ACADEMY W TORUNIU,2025,"polski, matematyka, angielski",3.0,,,3.0,,,3.0,,
268619,NIEPUBLICZNA SZKOŁA PODSTAWOWA MONTESSORI W TORUNIU,2025,"polski, matematyka, angielski",2.0,,,2.0,,,2.0,,
74343,NIEPUBLICZNA SZKOŁA PODSTAWOWA W KĄKOWEJ WOLI,2025,"polski, matematyka, angielski",3.0,,,3.0,,,3.0,,
34379,SZKOŁA PODSTAWOWA W KANIBRODZIE,2025,"polski, matematyka, angielski",3.0,,,3.0,,,3.0,,
107493,PUBLICZNA SZKOŁA PODSTAWOWA,2025,"polski, matematyka, angielski",4.0,,,4.0,,,4.0,,
38799,SZKOŁA PODSTAWOWA STOWARZYSZENIA PRZYJACIÓŁ SZKÓŁ KATOLICKICH IM. BŁ.KS.FRANCISZKA DRZEWIECKIEGO,2025,"polski, matematyka, angielski",3.0,,,3.0,,,3.0,,
6986,NIEPUBLICZNA SZKOŁA PODSTAWOWA Z ODDZIAŁAMI PRZEDSZKOLNYMI W SIEROSŁAWIU,2025,"polski, matematyka, angielski",3.0,,,3.0,,,1.0,,
72761,SZKOŁA PODSTAWOWA IM. J. KORCZAKA W KRĄPLEWICACH,2025,"polski, matematyka, angielski",3.0,,,3.0,,,3.0,,
125726,SZKOŁA PODSTAWOWA NR 3 W ZAKŁADZIE POPRAWCZYMW NOWEM,2025,"polski, matematyka, angielski",1.0,,,1.0,,,,,
8329,SZKOŁA PODSTAWOWA NR 1 W TRYLU,2025,"polski, matematyka, angielski",2.0,,,2.0,,,2.0,,
7364,SZKOŁA PODSTAWOWA IM.PRZYJACIÓŁ BORÓW TUCHOLSKICH,2025,"polski, matematyka, angielski",3.0,,,3.0,,,3.0,,
119042,NIEPUBLICZNA SZKOŁA PODSTAWOWA W SARBINOWIE DRUGIM,2025,"polski, matematyka, angielski",4.0,,,4.0,,,4.0,,
84230,SZKOŁA PODSTAWOWA IM. ANNY I ALFREDA KRZYCKICH W SŁĘBOWIE,2025,"polski, matematyka, angielski",4.0,,,4.0,,,4.0,,
53565,SZKOŁA PODSTAWOWA W JASIENIU,2025,"polski, matematyka, angielski",4.0,,,4.0,,,4.0,,
60750,SZKOŁA PODSTAWOWA IM. HIERONIMA DERDOWSKIEGO W PIASZCZYNIE,2025,"polski, matematyka, angielski",4.0,,,4.0,,,4.0,,
60112,SZKOŁA PODSTAWOWA IM. KS. PRAŁATA ZDZISŁAWA JASTRZĘBIEC PESZKOWSKIEGO W SŁOSINKU,2025,"polski, matematyka, angielski",2.0,,,2.0,,,1.0,,
125687,SZKOŁA PODSTAWOWA NR 6 W SCHRONISKU DLA NIELETNICH W CHOJNICACH,2025,"polski, matematyka, angielski",2.0,,,2.0,,,2.0,,
263499,SPOŁECZNA SZKOŁA PODSTAWOWA SPOŁECZNEGO TOWARZYSTWA OŚWIATOWEGO IM. JANA NOWAKA JEZIORAŃSKIEGO,2025,"polski, matematyka, angielski",1.0,,,1.0,,,1.0,,
34394,SZKOŁA PODSTAWOWA W UNIECHOWIE,2025,"polski, matematyka, angielski",4.0,,,4.0,,,3.0,,
11134,SZKOŁA PODSTAWOWA NR 46 W GDAŃSKU,2025,"polski, matematyka",3.0,,,3.0,,,10.0,94.0,91.2
86063,ELEMENTARY INTERNATIONAL SCHOOL OF GDANSK/MIĘDZYNARODOWA SZKOŁA PODSTAWOWA W GDAŃSKU,2025,matematyka,5.0,58.0,50.4,4.0,,,16.0,90.0,88.1875
9117,CENTRUM KSZTAŁCENIA ZAWODOWEGO I USTAWICZNEGO NR 1 SZKOŁA PODSTAWOWA DLA DOROSŁYCH W GDAŃSKU,2025,"polski, matematyka, angielski",2.0,,,2.0,,,2.0,,
125723,SZKOŁA PODSTAWOWA NR 25 W ZAKŁADZIE POPRAWCZYM W GDAŃSKU OLIWIE,2025,"polski, matematyka, angielski",1.0,,,1.0,,,1.0,,
275665,AUTONOMICZNA SZKOŁA PODSTAWOWA W GDYNI,2025,"polski, matematyka, angielski",3.0,,,3.0,,,3.0,,
70775,OŚRODEK EDUKACJI KASZUBSKIEJ - SZKOŁA PODSTAWOWA W STAREJ HUCIE,2025,"polski, matematyka, angielski",2.0,,,2.0,,,2.0,,
70773,PUBLICZNA SZKOŁA PODSTAWOWA W POMIECZYŃSKIEJ HUCIE,2025,"polski, matematyka, angielski",4.0,,,4.0,,,3.0,,
8126,SZKOŁA PODSTAWOWA W KORNEM,2025,"polski, matematyka, angielski",2.0,,,2.0,,,2.0,,
272496,"NIEPUBLICZNA SPECJALNA SZKOŁA PODSTAWOWA ""SZCZĘŚLIWA PRZYSTAŃ""",2025,"polski, matematyka, angielski",1.0,,,1.0,,,1.0,,
48876,SZKOŁA PODSTAWOWA IM. ALOJZEGO STENZLA W STRZELNIE,2025,"polski, matematyka, angielski",3.0,,,3.0,,,3.0,,
265811,NIEPUBLICZNA SZKOŁA PODSTAWOWA MONTESSORI LATAWIEC,2025,"polski, matematyka, angielski",1.0,,,1.0,,,1.0,,
86054,SZKOŁA PODSTAWOWA IM. RODZINY SIERAKOWSKICH W WAPLEWIE WIELKIM,2025,"polski, matematyka, angielski",4.0,,,4.0,,,4.0,,
124316,NIEPUBLICZNA SZKOŁA PODSTAWOWA ADVENTURE W USTCE,2025,"polski, matematyka, angielski",2.0,,,2.0,,,2.0,,
5486,PUBLICZNA SZKOŁA PODSTAWOWA STOWARZYSZENIA PRZYJACIÓŁ SZKÓŁ KATOLICKICH,2025,"polski, matematyka, angielski",4.0,,,4.0,,,4.0,,
132081,NIEPUBLICZNA SZKOŁA PODSTAWOWA MONTESSORI,2025,"polski, matematyka, angielski",4.0,,,4.0,,,4.0,,
13740,SZKOŁA PODSTAWOWA W KĘTRZYNIE,2025,"polski, matematyka, angielski",1.0,,,1.0,,,1.0,,
13737,SZKOŁA PODSTAWOWA W MIŁOSZEWIE,2025,"polski, matematyka, angielski",2.0,,,2.0,,,2.0,,
44444,SZKOŁA PODSTAWOWA IM. JANA TWARDOWSKIEGO W BARŁOMINIE,2025,"polski, matematyka, angielski",3.0,,,3.0,,,3.0,,
115560,"PRYWATNA SZKOŁA PODSTAWOWA ""CREATIVE""",2025,"polski, matematyka, angielski",4.0,,,4.0,,,4.0,,
129526,JERA SZKOŁA PODSTAWOWA DLA DOROSŁYCH W BYTOMIU,2025,"polski, matematyka, angielski",3.0,,,3.0,,,3.0,,
266234,ATUT - SZKOŁA PODSTAWOWA DLA DOROSŁYCH W CHORZOWIE,2025,"polski, matematyka, angielski",4.0,,,4.0,,,3.0,,
3059,NIEPUBLICZNA SZKOŁA PODSTAWOWA IM. MARII KONOPNICKIEJ W SOBORZYCACH,2025,"polski, matematyka, angielski",1.0,,,1.0,,,,,
119209,SZKOŁA PODSTAWOWA IM. JANA PAWŁA II W ŁYSINACH,2025,"polski, matematyka, angielski",3.0,,,3.0,,,3.0,,
5584,SZKOŁA PODSTAWOWA W RUDNIKACH IM. POWSTAŃCÓW STYCZNIOWYCH,2025,"polski, matematyka, angielski",1.0,,,1.0,,,1.0,,
9521,SZKOŁA PODSTAWOWA W ŚLĘZANACH,2025,"polski, matematyka, angielski",4.0,,,4.0,,,4.0,,
130569,"SZKOŁA PODSTAWOWA SPECJALNA NR 1 IM. ZOFII KSIĄŻEK-BREGUŁOWEJ W SPECJALNYM OŚRODKU SZKOLNO-WYCHOWAWCZYM DLA DZIECI I MŁODZIEŻY NIEPEŁNOSPRAWNEJ W DĄBROWIE GÓRNICZEJ, UL. SWOBODNA 59",2025,"polski, matematyka, angielski",1.0,,,1.0,,,1.0,,
28173,SZKOŁA PODSTAWOWA W PNIOWIE IM. KRÓLOWEJ JADWIGI,2025,"polski, matematyka, angielski",2.0,,,2.0,,,1.0,,
108725,SZKOŁA PODSTAWOWA NR 22 SPECJALNA,2025,"polski, matematyka, angielski",3.0,,,3.0,,,3.0,,
30177,SPOŁECZNA SZKOŁA PODSTAWOWA STOWARZYSZENIA RODZICÓW I NAUCZYCIELI,2025,"polski, matematyka, angielski",2.0,,,2.0,,,2.0,,
263605,SZKOŁA PODSTAWOWA SPECJALNA W MŁODZIEŻOWYM OŚRODKU WYCHOWAWCZYM W KRZEPICACH,2025,"polski, matematyka, angielski",2.0,,,2.0,,,2.0,,
25494,SZKOŁA PODSTAWOWA W IWANOWICACH DUŻYCH,2025,"polski, matematyka, angielski",2.0,,,2.0,,,2.0,,
25497,SZKOŁA PODSTAWOWA IM. RED. JANA CISZEWSKIEGO W WALEŃCZOWIE,2025,"polski, matematyka, angielski",3.0,,,3.0,,,3.0,,
71573,SZKOŁA PODSTAWOWA IM.KAZIMIERZA WIELKIEGO W JASTRZĘBIU,2025,"polski, matematyka, angielski",4.0,,,4.0,,,4.0,,
132028,SZKOŁA PODSTAWOWA IM.DYWIZJI J.H.DĄBROWSKIEGO W KUŹNICY STAREJ,2025,"polski, matematyka, angielski",3.0,,,3.0,,,3.0,,
268574,PRYWATNA SZKOŁA PODSTAWOWA MISTRZOSTWA SPORTOWEGO W PIEKARACH ŚLĄSKICH,2025,"polski, matematyka, angielski",3.0,,,3.0,,,3.0,,
19144,MIEJSKA SZKOŁA PODSTAWOWA SPECJALNA IM. MARII GRZEGORZEWSKIEJ W PIEKARACH ŚLĄSKICH,2025,"polski, matematyka, angielski",4.0,,,4.0,,,,,
128484,CETIR NIEPUBLICZNA SZKOŁA PODSTAWOWA Z ODDZIAŁAMI INTEGRACYJNYMI,2025,"polski, matematyka, angielski",3.0,,,3.0,,,3.0,,
124764,SZKOŁA PODSTAWOWA NR 16 W ZAKŁADZIE POPRAWCZYM I SCHRONISKU DLA NIELETNICH W RACIBORZU,2025,"polski, matematyka, angielski",3.0,,,3.0,,,3.0,,
23580,KATOLICKA NIEPUBLICZNA SZKOŁA PODSTAWOWA IM. BŁ. JANA PAWŁA II,2025,"polski, matematyka, angielski",4.0,,,4.0,,,4.0,,
114224,PUBLICZNA SZKOŁA PODSTAWOWA W GAMOWIE,2025,"polski, matematyka, angielski",4.0,,,4.0,,,4.0,,
44577,SZKOŁA PODSTAWOWA IM.PAWŁA STALMACHA W PRZEGĘDZY,2025,angielski,6.0,67.0,63.166666666666664,6.0,51.5,48.166666666666664,4.0,,
68285,ZESPÓŁ SZKOLNO-PRZEDSZKOLNY W POTĘPIE -SZKOŁA PODSTAWOWA IM. KORNELA MAKUSZYŃSKIEGO,2025,"polski, matematyka, angielski",4.0,,,4.0,,,4.0,,
24103,SZKOŁA PODSTAWOWA NR 2 SPECJALNA W KRUPSKIM MŁYNIE,2025,"polski, matematyka, angielski",4.0,,,3.0,,,3.0,,
481986,"SZKOŁA PODSTAWOWA ""OTWARTA SZKOŁA"" W TĄPKOWICACH",2025,"polski, matematyka, angielski",2.0,,,2.0,,,2.0,,
263401,"NIEPUBLICZNA SZKOŁA PODSTAWOWA ""CENTRUM ROZWOJU DZIECKA""",2025,"polski, matematyka, angielski",1.0,,,1.0,,,1.0,,
23630,SZKOŁA PODSTAWOWA SPECJALNA NR 9 W KAMIEŃCU,2025,"polski, matematyka, angielski",1.0,,,1.0,,,1.0,,
264538,"NIEPUBLICZNA SZKOŁA PODSTAWOWA ""POD SKRZYDŁAMI"" IM. MICHAŁA ARCHANIOŁA W ZABRZU Z ODDZIAŁEM PRZEDSZKOLNYM",2025,"polski, matematyka, angielski",4.0,,,4.0,,,4.0,,
25332,SZKOŁA PODSTAWOWA NR 8 W ZAWIERCIU,2025,"polski, matematyka, angielski",3.0,,,3.0,,,3.0,,
124754,SZKOŁA PODSTAWOWA NR 12 W ZAKŁADZIE POPRAWCZYM I SCHRONISKU DLA NIELETNICH W ZAWIERCIU,2025,"polski, matematyka, angielski",3.0,,,3.0,,,3.0,,
3197,NIEPUBLICZNA SZKOŁA PODSTAWOWA IM. STANISŁAWA BĘDKOWSKIEGO W GRABOWEJ,2025,"polski, matematyka, angielski",4.0,,,4.0,,,4.0,,
108801,SZKOŁA PODSTAWOWA W BYSTREJ,2025,"polski, matematyka, angielski",4.0,,,4.0,,,4.0,,
268885,NIEPUBLICZNA SZKOŁA PODSTAWOWA MISTRZOSTWA SPORTOWEGO IM. JANA PAWŁA II WRAZ Z INTERNATEM W ŻYWCU,2025,"polski, matematyka, angielski",1.0,,,1.0,,,4.0,,
14014,SZKOŁA PODSTAWOWA IM.JANA BRZECHWY W SITNIKU,2025,"polski, matematyka, angielski",4.0,,,4.0,,,4.0,,
24752,PUBLICZNA SZKOŁA PODSTAWOWA W WITOROŻU,2025,"polski, matematyka, angielski",3.0,,,3.0,,,3.0,,
4352,SZKOŁA PODSTAWOWA IM. TADEUSZA KOŚCIUSZKI W DOŁHOLISCE,2025,"polski, matematyka, angielski",2.0,,,2.0,,,2.0,,
9947,SZKOŁA PODSTAWOWA W BEREZÓWCE,2025,"polski, matematyka, angielski",2.0,,,2.0,,,2.0,,
478973,SZKOŁA PODSTAWOWA W HUSZCZY,2025,"polski, matematyka, angielski",2.0,,,2.0,,,2.0,,
85489,SZKOŁA PODSTAWOWA NR 4,2025,"polski, matematyka, angielski",3.0,,,3.0,,,3.0,,
12864,SZKOŁA PODSTAWOWA IM. MARII KONOPNICKIEJ W STANISŁAWOWIE,2025,"polski, matematyka, angielski",4.0,,,4.0,,,4.0,,
11133,SZKOŁA PODSTAWOWA IM. HENRYKA SIENKIEWICZA W TERESZPOLU-KUKIEŁKACH,2025,"polski, matematyka, angielski",2.0,,,2.0,,,2.0,,
270446,NIEPUBLICZNA SPECJALNA SZKOŁA PODSTAWOWA W CHEŁMIE,2025,"polski, matematyka, angielski",1.0,,,1.0,,,1.0,,
7806,"SZKOŁA PODSTAWOWA IM.PPŁK JANA SZATOWSKIEGO PS. ""KOWAL"" W ŚWIERŻACH",2025,"polski, matematyka, angielski",4.0,,,4.0,,,4.0,,
61516,SZKOŁA PODSTAWOWA IM. 4 BRYGADY PANCERNEJ WOJSKA POLSKIEGO W ZAWADÓWCE,2025,"polski, matematyka, angielski",4.0,,,4.0,,,4.0,,
275562,SZKOŁA PODSTAWOWA W WÓLCE PETRYŁOWSKIEJ,2025,"polski, matematyka, angielski",3.0,,,3.0,,,3.0,,
122407,SZKOŁA PODSTAWOWA IM. JANA PAWŁA II W MIENIANACH,2025,"polski, matematyka, angielski",2.0,,,2.0,,,2.0,,
61382,SZKOŁA PODSTAWOWA IM. MIKOŁAJA KOPERNIKA W WISZNIOWIE,2025,"polski, matematyka, angielski",3.0,,,3.0,,,3.0,,
66188,SZKOŁA PODSTAWOWA IM. SIOSTRY WANDY LONGINY TRUDZIŃSKIEJ I SIEDMIU WYCHOWANKÓW W SAHRYNIU,2025,"polski, matematyka, angielski",4.0,,,4.0,,,2.0,,
38582,PUBLICZNA SZKOŁA PODSTAWOWA IM. PAPIEŻA JANA PAWŁA II W PODHORCACH,2025,"polski, matematyka, angielski",3.0,,,3.0,,,3.0,,
19285,PUBLICZNA SZKOŁA PODSTAWOWA W OTROCZU,2025,"polski, matematyka, angielski",3.0,,,3.0,,,3.0,,
50324,PUBLICZNA SZKOŁA PODSTAWOWA IM. MARII KOŁSUT W GRABÓWCE,2025,"polski, matematyka, angielski",4.0,,,4.0,,,4.0,,
50331,PUBLICZNA SZKOŁA PODSTAWOWA IM. OFIAR PACYFIKACJI 2 LUTEGO 1944 W BOROWIE,2025,"polski, matematyka, angielski",3.0,,,3.0,,,3.0,,
104107,PUBLICZNA SZKOŁA PODSTAWOWA W KOSINIE,2025,"polski, matematyka, angielski",2.0,,,2.0,,,2.0,,
7763,PUBLICZNA SZKOŁA PODSTAWOWA W JANISZOWIE,2025,"polski, matematyka, angielski",3.0,,,3.0,,,3.0,,
82528,SZKOŁA PODSTAWOWA W RZECZYCY KSIĘŻEJ,2025,"polski, matematyka, angielski",3.0,,,3.0,,,3.0,,
84724,SZKOŁA PODSTAWOWA W MARIANÓWCE,2025,"polski, matematyka, angielski",4.0,,,4.0,,,4.0,,
90936,PUBLICZNA SZKOŁA PODSTAWOWA IM. MARII KONOPNICKIEJ W SULOWIE,2025,"polski, matematyka, angielski",3.0,,,3.0,,,3.0,,
62588,PUBLICZNA SZKOŁA PODSTAWOWA IM. BYSTRZYCKICH ŻOŁNIERZY NIEPODLEGŁOŚCI,2025,"polski, matematyka, angielski",4.0,,,4.0,,,4.0,,
68343,PUBLICZNA SZKOŁA PODSTAWOWA W NOWYM ANTONINIE,2025,"polski, matematyka, angielski",4.0,,,4.0,,,4.0,,
19341,SZKOŁA PODSTAWOWA W ANNOBORZE,2025,"polski, matematyka, angielski",4.0,,,4.0,,,4.0,,
478618,SZKOŁA PODSTAWOWA IM. KS. JANA TWARDOWSKIEGO W KAZNOWIE,2025,"polski, matematyka, angielski",4.0,,,4.0,,,4.0,,
75236,PUBLICZNA SZKOŁA PODSTAWOWA W NOWEJ WSI,2025,"polski, matematyka, angielski",1.0,,,1.0,,,1.0,,
44553,SZKOŁA PODSTAWOWA IM. JANA PAWŁA II W BRZOSTÓWCE,2025,"polski, matematyka, angielski",2.0,,,2.0,,,2.0,,
126573,SZKOŁA PODSTAWOWA IM. JANUSZA KORCZAKA W NOWEJ JEDLANCE,2025,"polski, matematyka, angielski",2.0,,,2.0,,,2.0,,
55780,SZKOŁA PODSTAWOWA IM. BOHATERÓW OPERACJI MOST I W MATCZYNIE,2025,"polski, matematyka, angielski",4.0,,,4.0,,,4.0,,
55883,SZKOŁA PODSTAWOWA IM. MARII KONOPNICKIEJ W KRZU,2025,"polski, matematyka, angielski",3.0,,,3.0,,,3.0,,
56194,SZKOŁA PODSTAWOWA WE WRONOWIE,2025,"polski, matematyka, angielski",4.0,,,4.0,,,4.0,,
19818,SZKOŁA PODSTAWOWA,2025,"polski, matematyka, angielski",4.0,,,4.0,,,4.0,,
124791,SZKOŁA PODSTAWOWA W SCHRONISKU DLA NIELETNICH DOMINOWIE,2025,"polski, matematyka, angielski",2.0,,,2.0,,,2.0,,
268749,NIEPUBLICZNA SZKOŁA PODSTAWOWA Z ODDZIAŁEM PRZEDSZKOLNYM W RADAWCZYKU DRUGIM,2025,"polski, matematyka, angielski",4.0,,,4.0,,,4.0,,
62372,PUBLICZNA SZKOŁA PODSTAWOWA W RADAWCZYKU,2025,"polski, matematyka, angielski",3.0,,,3.0,,,3.0,,
104136,SZKOŁA PODSTAWOWA IM. STANISŁAWA MIKOŁAJCZYKA W GIEŁCZWI,2025,"polski, matematyka, angielski",3.0,,,3.0,,,3.0,,
90781,SPOŁECZNA TERAPEUTYCZNA SZKOŁA PODSTAWOWA IM. H. CH. ANDERSENA W LUBLINIE,2025,"polski, matematyka, angielski",3.0,,,3.0,,,3.0,,
91772,SPECJALNY OŚRODEK SZKOLNO-WYCHOWAWCZY DLA DZIECI I MŁODZIEŻY NIEPEŁNOSPRAWNEJ IM.PROF.Z.SĘKOWSKIEJ W LUBLINIE SZKOŁA PODSTAWOWA SPECJALNA NR 54,2025,"polski, matematyka, angielski",1.0,,,1.0,,,1.0,,
125831,"""SKALA"" NIEPUBLICZNA SZKOŁA PODSTAWOWA  Z ODDZIAŁAMI INTEGRACYJNYMI",2025,"polski, matematyka, angielski",4.0,,,4.0,,,4.0,,
132251,NIEPUBLICZNA SZKOŁA PODSTAWOWA ŚWIĘTEGO JANA BOSKO W LUBLINIE,2025,"polski, matematyka, angielski",4.0,,,4.0,,,4.0,,
269104,NIEPUBLICZNA SZKOŁA PODSTAWOWA DOMOWA SZKOŁA IM. DZIECI Z FATIMY W LUBLINIE,2025,"polski, matematyka, angielski",4.0,,,4.0,,,3.0,,
478518,NIEPUBLICZNA SZKOŁA PODSTAWOWA DZIECI MONTESSORI W LUBLINIE,2025,"polski, matematyka, angielski",2.0,,,2.0,,,2.0,,
76029,PUBLICZNA SZKOŁA PODSTAWOWA W CHRUŚLANKACH JÓZEFOWSKICH,2025,"polski, matematyka, angielski",4.0,,,4.0,,,4.0,,
11389,SZKOŁA PODSTAWOWA W NIEZDOWIE,2025,"polski, matematyka, angielski",3.0,,,3.0,,,3.0,,
10405,SZKOŁA PODSTAWOWA W WANDALINIE,2025,"polski, matematyka, angielski",4.0,,,4.0,,,4.0,,
132377,SZKOŁA PODSTAWOWA W ROGOWIE IM. ŚW. FRANCISZKA Z ASYŻU,2025,"polski, matematyka, angielski",4.0,,,4.0,,,4.0,,
22431,PUBLICZNA SZKOŁA PODSTAWOWA W ZAKRZOWIE,2025,"polski, matematyka, angielski",3.0,,,3.0,,,3.0,,
130371,SZKOŁA PODSTAWOWA W GĘSI,2025,angielski,7.0,60.0,56.0,7.0,30.0,35.285714285714285,3.0,,
130372,SZKOŁA PODSTAWOWA W DAWIDACH,2025,"polski, matematyka, angielski",3.0,,,3.0,,,3.0,,
130373,SZKOŁA PODSTAWOWA IM. AMELII HR. ŁUBIEŃSKIEJ W KOLANIE,2025,"polski, matematyka, angielski",2.0,,,2.0,,,2.0,,
19781,PUBLICZNA SZKOŁA PODSTAWOWA W TYŚMIENICY,2025,"polski, matematyka, angielski",3.0,,,3.0,,,3.0,,
103519,PUBLICZNA SZKOŁA PODSTAWOWA W JEZIORZE,2025,"polski, matematyka, angielski",2.0,,,2.0,,,2.0,,
478847,SZKOŁA PODSTAWOWA W GRÓDKU SZLACHECKIM,2025,"polski, matematyka, angielski",3.0,,,3.0,,,3.0,,
88707,SZKOŁA PODSTAWOWA IM.MARII KUNCEWICZOWEJ W RZECZYCY,2025,"polski, matematyka, angielski",4.0,,,4.0,,,4.0,,
72646,SZKOŁA PODSTAWOWA IM. M. KONOPNICKIEJ W CHRZĄCHOWIE,2025,"polski, matematyka, angielski",4.0,,,4.0,,,4.0,,
129140,"NIEPUBLICZNA INTEGRACYJNA SZKOŁA PODSTAWOWA ""EDU TERAPEUTICA""",2025,"polski, matematyka, angielski",2.0,,,2.0,,,2.0,,
61829,SZKOŁA PODSTAWOWA W LEOKADIOWIE,2025,"polski, matematyka, angielski",3.0,,,3.0,,,3.0,,
83832,SZKOŁA PODSTAWOWA W OPATKOWICACH,2025,"polski, matematyka, angielski",3.0,,,3.0,,,3.0,,
60906,SZKOŁA PODSTAWOWA W BRONOWICACH,2025,"polski, matematyka, angielski",4.0,,,4.0,,,4.0,,
15549,SZKOŁA PODSTAWOWA W ŻAKOWOLI POPRZECZNEJ,2025,"polski, matematyka, angielski",3.0,,,3.0,,,3.0,,
478032,SZKOŁA PODSTAWOWA Z ODDZIAŁAMI PRZYSPOSABIAJĄCYMI DO PRACY W RADZYNIU PODLASKIM,2025,"polski, matematyka, angielski",1.0,,,1.0,,,1.0,,
86536,SZKOŁA PODSTAWOWA W BRANICY RADZYŃSKIEJ,2025,"polski, matematyka, angielski",4.0,,,4.0,,,4.0,,
72768,SZKOŁA PODSTAWOWA W SOBOLACH,2025,"polski, matematyka, angielski",4.0,,,4.0,,,4.0,,
71102,SZKOŁA PODSTAWOWA W LISIOWÓLCE,2025,"polski, matematyka, angielski",3.0,,,3.0,,,3.0,,
30644,SZKOŁA PODSTAWOWA W OSTRÓWKACH,2025,"polski, matematyka, angielski",2.0,,,2.0,,,2.0,,
123875,PUBLICZNA SZKOŁA PODSTAWOWA IM PIOTRA DANYSZA,2025,"polski, matematyka, angielski",3.0,,,3.0,,,3.0,,
83787,PUBLICZNA SZKOŁA PODSTAWOWA W PAWŁOWICACH,2025,"polski, matematyka, angielski",4.0,,,4.0,,,4.0,,
8600,SZKOŁA PODSTAWOWA W TYPINIE,2025,"polski, matematyka, angielski",3.0,,,3.0,,,3.0,,
17240,SZKOŁA PODSTAWOWA IM. JANA KOCHANOWSKIEGO W ŁASZCZÓWCE,2025,"polski, matematyka, angielski",3.0,,,3.0,,,3.0,,
119495,"PUBLICZNA SZKOŁA PODSTAWOWA PROWADZONA PRZEZ STOWARZYSZENIE ,,PRZYJAZNA SZKOŁA""",2025,"polski, matematyka, angielski",3.0,,,3.0,,,3.0,,
278114,"PUBLICZNA SZKOŁA PODSTAWOWA IM.KS. JANA TWARDOWSKIEGO W ZIMNIE PROWADZONA PRZEZ STOWARZYSZENIE ""PRZYJAZNA SZKOŁA""",2025,"polski, matematyka, angielski",2.0,,,2.0,,,2.0,,
22385,NIEPUBLICZNA SZKOŁA PODSTAWOWA W DOŁHOBRODACH,2025,"polski, matematyka, angielski",4.0,,,4.0,,,2.0,,
120634,SZKOŁA PODSTAWOWA IM. KORPUSU OCHRONY POGRANICZA W WYTYCZNIE,2025,"polski, matematyka, angielski",3.0,,,3.0,,,3.0,,
124365,STOWARZYSZENIE EDUKATOR W ŁOMŻY PUBLICZNA SZKOŁA PODSTAWOWA W MACOSZYNIE DUŻYM,2025,"polski, matematyka, angielski",4.0,,,4.0,,,4.0,,
23326,SZKOŁA PODSTAWOWA W KOTLICACH,2025,angielski,5.0,78.0,71.6,5.0,47.0,47.6,4.0,,
106224,SZKOŁA PODSTAWOWA IM. DZIECI ZAMOJSZCZYZNY W ZŁOJCU,2025,"polski, matematyka, angielski",4.0,,,4.0,,,4.0,,
41458,PUBLICZNA SZKOŁA PODSTAWOWA IM. ŚW. ANTONIEGO Z PADWY W RADECZNICY,2025,"polski, matematyka, angielski",4.0,,,4.0,,,4.0,,
113523,SZKOŁA PODSTAWOWA W KORNELÓWCE,2025,"polski, matematyka, angielski",1.0,,,1.0,,,1.0,,
13497,SZKOŁA PODSTAWOWA W DĘBOWCU,2025,"polski, matematyka, angielski",4.0,,,4.0,,,4.0,,
43928,SZKOŁA PODSTAWOWA W TWORYCZOWIE,2025,"polski, matematyka, angielski",4.0,,,4.0,,,4.0,,
84021,SZKOŁA PODSTAWOWA W WIELĄCZY,2025,"polski, matematyka, angielski",4.0,,,4.0,,,4.0,,
104109,"NIEPUBLICZNA SZKOŁA PODSTAWOWA SPECJALNA DLA UCZNIÓW Z NIEPEŁNOSPRAWNOŚCIĄ RUCHOWĄ, W TYM Z AFAZJĄ ORAZ DLA UCZNIÓW ZE SPRZĘŻONYMI NIEPEŁNOSPRAWNOŚCIAMI ""KROK ZA KROKIEM"" W ZAMOŚCIU",2025,"polski, matematyka, angielski",1.0,,,1.0,,,1.0,,
13835,SZKOŁA PODSTAWOWA W SIEDLISKACH,2025,"polski, matematyka, angielski",4.0,,,4.0,,,4.0,,
13836,SZKOŁA PODSTAWOWA W OSZCZEPALINIE,2025,"polski, matematyka, angielski",4.0,,,4.0,,,4.0,,
25372,SZKOŁA PODSTAWOWA W GARBATÓWCE,2025,"polski, matematyka, angielski",3.0,,,3.0,,,3.0,,
25376,SZKOŁA PODSTAWOWA W STAWKU,2025,"polski, matematyka, angielski",3.0,,,3.0,,,3.0,,
47195,SZKOŁA PODSTAWOWA IM. JAWORZNIAKÓW W KRZESIMOWIE,2025,"polski, matematyka, angielski",3.0,,,3.0,,,3.0,,
7690,SZKOŁA PODSTAWOWA IM. ŚW. JANA PAWŁA II W ZBYDNIOWIE,2025,"polski, matematyka, angielski",1.0,,,1.0,,,1.0,,
82339,PUBLICZNA SZKOŁA PODSTAWOWA IM. KAZIMIERZA WIELKIEGO W BORZĘCINIE DOLNYM,2025,"polski, matematyka, angielski",3.0,,,3.0,,,3.0,,
26360,PUBLICZNA SZKOŁA PODSTAWOWA W WYTRZYSZCZCE,2025,"polski, matematyka, angielski",4.0,,,4.0,,,4.0,,
6141,PUBLICZNA SZKOŁA PODSTAWOWA IM. KORNELA MAKUSZYŃSKIEGO W JAWORSKU,2025,"polski, matematyka, angielski",4.0,,,4.0,,,4.0,,
16585,PUBLICZNA SZKOŁA PODSTAWOWA W NIEDZIELISKACH,2025,"polski, matematyka, angielski",4.0,,,4.0,,,4.0,,
5988,SZKOŁA PODSTAWOWA IM.TADEUSZA KOŚCIUSZKI W LIPINACH,2025,"polski, matematyka, angielski",4.0,,,4.0,,,4.0,,
131572,SZKOŁA PODSTAWOWA IM.JANA PAWŁA II W SITNICY,2025,"polski, matematyka, angielski",4.0,,,4.0,,,4.0,,
128929,PUBLICZNA SZKOŁA PODSTAWOWA IM. ŚW. JANA BOSKO W CELINACH Z ODDZIAŁAMI PRZEDSZKOLNYMI,2025,"polski, matematyka, angielski",4.0,,,4.0,,,4.0,,
278347,NIEPUBLICZNA SZKOŁA PODSTAWOWA IM. LEONARDA DA VINCI,2025,"polski, matematyka, angielski",1.0,,,1.0,,,1.0,,
271631,SZKOŁA PODSTAWOWA W SĄSPOWIE IM. POWSTAŃCÓW STYCZNIOWYCH W ZESPOLE SZKOLNO - PRZEDSZKOLNYM W SĄSPOWIE,2025,"polski, matematyka, angielski",4.0,,,4.0,,,4.0,,
92936,SZKOŁA PODSTAWOWA W BĘDKOWICACH,2025,"polski, matematyka, angielski",4.0,,,4.0,,,4.0,,
264587,"NIEPUBLICZNA CHRZEŚCIJAŃSKA SZKOŁA PODSTAWOWA Z ODDZIAŁAMI INTEGRACYJNYMI NR 1 ""UCZEŃ""",2025,"polski, matematyka",4.0,,,4.0,,,5.0,95.0,91.0
130970,NIEPUBLICZNA SZKOŁA PODSTAWOWA DA VINCI'S INTERNATIONAL PRIMARY SCHOOL Z ODDZIAŁAMI DWUJĘZYCZNYMI,2025,"polski, matematyka",3.0,,,3.0,,,14.0,75.5,78.0
73869,"PRYWATNA SZKOŁA PODSTAWOWA ""SCHERZO""",2025,"polski, matematyka, angielski",3.0,,,3.0,,,3.0,,
132463,"NIEPUBLICZNA CHRZEŚCIJAŃSKA SZKOŁA PODSTAWOWA NR 2 Z ODDZIAŁAMI INTEGRACYJNYMI ""UCZEŃ""",2025,"polski, matematyka, angielski",3.0,,,3.0,,,3.0,,
263679,NIEPUBLICZNA SZKOŁA PODSTAWOWA LOGOS,2025,"polski, matematyka, angielski",3.0,,,3.0,,,3.0,,
478893,NIEPUBLICZNA SZKOŁA PODSTAWOWA DLA DOROSŁYCH ZAOCZNA W KRAKOWIE,2025,"polski, matematyka, angielski",4.0,,,4.0,,,4.0,,
72207,BRITISH INTERNATIONAL SCHOOL OF CRACOW PRYWATNA SZKOŁA PODSTAWOWA NR 3 W KRAKOWIE,2025,"polski, matematyka, angielski",4.0,,,4.0,,,4.0,,
12473,SZKOŁA PODSTAWOWA Z ODDZIAŁAMI INTEGRACYJNYMI NR 3 IM. ANDRZEJA FRYCZA-MODRZEWSKIEGO W KRAKOWIE,2025,"polski, matematyka, angielski",2.0,,,2.0,,,4.0,,
278251,NIEPUBLICZNA SZKOŁA PODSTAWOWA TIRAMISU W KRAKOWIE,2025,"polski, matematyka, angielski",4.0,,,4.0,,,4.0,,
58557,SZKOŁA PODSTAWOWA IM. JANUSZA KORCZAKA,2025,"polski, matematyka, angielski",2.0,,,2.0,,,2.0,,
57594,SZKOŁA PODSTAWOWA IM. STANISŁAWA WYSPIAŃSKIEGO,2025,"polski, matematyka, angielski",3.0,,,3.0,,,3.0,,
74300,SZKOŁA PODSTAWOWA NR 2 IM. KONSTYTUCJI 3-GO MAJA W MĘCINIE,2025,"polski, matematyka, angielski",4.0,,,4.0,,,4.0,,
43462,"SZKOŁA PODSTAWOWA, IM. ŚW. FLORIANA W GLISNEM",2025,"polski, matematyka, angielski",4.0,,,4.0,,,4.0,,
50346,SZKOŁA PODSTAWOWA IM.KAZIMIERZA PUŁASKIEGO W JADAMWOLI,2025,"polski, matematyka, angielski",4.0,,,4.0,,,4.0,,
85331,SZKOŁA PODSTAWOWA W PSTROSZYCACH,2025,"polski, matematyka, angielski",3.0,,,3.0,,,3.0,,
69940,SZKOŁA PODSTAWOWA W ZEGARTOWICACH,2025,"polski, matematyka, angielski",2.0,,,2.0,,,2.0,,
59044,SZKOŁA PODSTAWOWA W BOGDANÓWCE,2025,angielski,6.0,67.5,66.5,6.0,53.5,51.833333333333336,,,
119448,SZKOŁA PODSTAWOWA W KOBIELNIKU,2025,"polski, matematyka, angielski",4.0,,,4.0,,,4.0,,
53046,SZKOŁA PODSTAWOWA IMIENIA ŚWIĘTEJ KINGI W JANCZOWEJ,2025,"polski, matematyka, angielski",4.0,,,4.0,,,4.0,,
41830,SZKOŁA PODSTAWOWA NR 2 W PIWNICZNEJ ZDROJU,2025,"polski, matematyka, angielski",3.0,,,3.0,,,3.0,,
70301,SZKOŁA PODSTAWOWA NR 1 IM. ŚW. JADWIGI KRÓLOWEJ W PODWILKU,2025,"polski, matematyka, angielski",4.0,,,4.0,,,4.0,,
129061,ORAWSKA SZKOŁA PODSTAWOWA,2025,"polski, matematyka, angielski",4.0,,,4.0,,,4.0,,
14047,SZKOŁA PODSTAWOWA IM. ŚWIĘTEJ KINGI W KNUROWIE,2025,"polski, matematyka, angielski",4.0,,,4.0,,,4.0,,
17350,SZKOŁA PODSTAWOWA IM. ŚWIĘTEGO JANA PAWŁA II W OBIDOWEJ,2025,"polski, matematyka, angielski",2.0,,,2.0,,,2.0,,
17181,SZKOŁA PODSTAWOWA IM. WIKTORII BARANÓWNY W MORAWCZYNIE,2025,"polski, matematyka, angielski",4.0,,,4.0,,,4.0,,
131154,SZKOŁA PODSTAWOWA W ŁAPSZANCE,2025,"polski, matematyka, angielski",2.0,,,2.0,,,2.0,,
68545,KATOLICKA NIEPUBLICZNA OGÓLNOKSZTAŁCĄCA SZKOŁA MUZYCZNA I ST. W NOWYM SĄCZU,2025,"polski, matematyka, angielski",2.0,,,2.0,,,2.0,,
64464,SZKOŁA PODSTAWOWA IM. WOJSKA POLSKIEGO W ZAWADZIE,2025,"polski, matematyka, angielski",2.0,,,2.0,,,2.0,,
278970,NIEPUBLICZNA SZKOŁA PODSTAWOWA FUNDACJI ŚWIĘTEGO JÓZEFA,2025,"polski, matematyka, angielski",4.0,,,4.0,,,4.0,,
70896,SZKOŁA PODSTAWOWA IM.MARII SKŁODOWSKIEJ CURIE W JACHÓWCE,2025,"polski, matematyka, angielski",4.0,,,4.0,,,4.0,,
88867,SZKOŁA PODSTAWOWA IM.MIECZYSŁAWA KARŁOWICZA W WIEPRZCU,2025,"polski, matematyka, angielski",2.0,,,2.0,,,3.0,,
85216,PUBLICZNA SZKOŁA PODSTAWOWA STOWARZYSZENIA PRZYJACIÓŁ SZKÓŁ KATOLICKICH IM. ŚW. JÓZEFA W HUCISKU-PEWELCE,2025,"polski, matematyka, angielski",4.0,,,4.0,,,4.0,,
4531,SZKOŁA PODSTAWOWA IM. KORNELA MAKUSZYŃSKIEGO W DĄBRÓWCE TUCHOWSKIEJ,2025,"polski, matematyka, angielski",3.0,,,3.0,,,3.0,,
49916,SZKOŁA PODSTAWOWA IM. JANA WNĘKA W ODPORYSZOWIE,2025,"polski, matematyka, angielski",2.0,,,2.0,,,2.0,,
133590,SPOŁECZNA SZKOŁA PODSTAWOWA IM. JOSEPHA CONRADA SPOŁECZNEGO TOWARZYSTWA OŚWIATOWEGO,2025,"polski, matematyka, angielski",3.0,,,3.0,,,3.0,,
40499,SZKOŁA PODSTAWOWA IM. KS. JANA TWARDOWSKIEGO W BABICY,2025,"polski, matematyka, angielski",3.0,,,3.0,,,3.0,,
128759,"PRYWATNA SZKOŁA PODSTAWOWA ""MACIERZANKA"" W WIELICZCE",2025,"polski, matematyka, angielski",1.0,,,1.0,,,1.0,,
113821,SZKOŁA PODSTAWOWA NR 3 IM. ZBYSZKA CYGANIEWICZA W JODŁOWEJ,2025,"polski, matematyka, angielski",2.0,,,2.0,,,2.0,,
113822,SZKOŁA PODSTAWOWA IM.PARTYZANTÓW ARMII KRAJOWEJ W DĘBOWEJ,2025,"polski, matematyka, angielski",4.0,,,4.0,,,4.0,,
69418,PUBLICZNA SZKOŁA PODSTAWOWA W JAWORZU GÓRNYM,2025,"polski, matematyka, angielski",4.0,,,4.0,,,4.0,,
73571,SZKOŁA PODSTAWOWA IM.STEFANII LANOSZANKI W ZAMIECHOWIE,2025,"polski, matematyka, angielski",2.0,,,2.0,,,2.0,,
21318,SZKOŁA PODSTAWOWA IM. KRÓLOWEJ JADWIGI W TAPINIE,2025,"polski, matematyka, angielski",3.0,,,3.0,,,3.0,,
31778,SZKOŁA PODSTAWOWA W CZELATYCACH,2025,"polski, matematyka, angielski",4.0,,,4.0,,,4.0,,
24567,SZKOŁA PODSTAWOWA IM. KS. BRONISŁAWA MARKIEWICZA W TULIGŁOWACH,2025,"polski, matematyka, angielski",3.0,,,3.0,,,3.0,,
80137,SZKOŁA PODSTAWOWA W TYNIOWICACH,2025,"polski, matematyka, angielski",4.0,,,4.0,,,4.0,,
80131,SZKOŁA PODSTAWOWA IM . MARII CURIE-SKŁODOWSKIEJ W WĘGIERCE,2025,"polski, matematyka, angielski",4.0,,,4.0,,,4.0,,
21519,SZKOŁA PODSTAWOWA W DOBRYNI,2025,"polski, matematyka, angielski",4.0,,,4.0,,,4.0,,
20720,SZKOŁA PODSTAWOWA IM. JÓZEFA PIŁSUDSKIEGO W JARENIÓWCE,2025,"polski, matematyka, angielski",3.0,,,3.0,,,3.0,,
89354,SPOŁECZNA SZKOŁA PODSTAWOWA W KRAJOWICACH,2025,"polski, matematyka, angielski",3.0,,,3.0,,,3.0,,
106373,SZKOŁA PODSTAWOWA W ŁYSEJ GÓRZE,2025,"polski, matematyka, angielski",2.0,,,2.0,,,2.0,,
88762,NIEPUBLICZNA SZKOŁA PODSTAWOWA Z ODDZIAŁEM PRZEDSZKOLNYM W ŁUBIENKU,2025,"polski, matematyka, angielski",2.0,,,2.0,,,2.0,,
130335,SZKOŁA PODSTAWOWA W HADYKÓWCE,2025,"polski, matematyka, angielski",2.0,,,2.0,,,2.0,,
130348,SZKOŁA PODSTAWOWA W PORĘBACH DYMARSKICH,2025,"polski, matematyka, angielski",2.0,,,2.0,,,2.0,,
29258,PUBLICZNA SZKOŁA PODSTAWOWA W WOLI RUSINOWSKIEJ,2025,"polski, matematyka, angielski",4.0,,,4.0,,,4.0,,
35024,SZKOŁA PODSTAWOWA IM. KARDYNAŁA STEFANA WYSZYŃSKIEGO W HUCISKU,2025,"polski, matematyka, angielski",2.0,,,2.0,,,2.0,,
269054,NIEPUBLICZNA SZKOŁA PODSTAWOWA NIEBIESKA 21,2025,"polski, matematyka, angielski",2.0,,,2.0,,,2.0,,
20461,SZKOŁA PODSTAWOWA IM. IGNACEGO ŁUKASIEWICZA W WIETRZNIE,2025,"polski, matematyka, angielski",3.0,,,3.0,,,3.0,,
42778,SZKOŁA PODSTAWOWA W KRASNEJ,2025,"polski, matematyka, angielski",4.0,,,4.0,,,4.0,,
133963,SZKOŁA PODSTAWOWA IM. STANISŁAWA GAŁUSZKI W PRZYBÓWCE,2025,"polski, matematyka, angielski",4.0,,,4.0,,,4.0,,
114947,SZKOŁA PODSTAWOWA W BEREZCE,2025,"polski, matematyka, angielski",2.0,,,2.0,,,2.0,,
53317,SZKOŁA PODSTAWOWA IM. GEN. BRYG. WITOŁDA NOWINY-SAWICKIEGO W OPALENISKACH,2025,"polski, matematyka, angielski",3.0,,,3.0,,,3.0,,
275587,SZKOŁA PODSTAWOWA IM. GEN. ANTONIEGO JEZIORAŃSKIEGO W NOWYM LUBLIŃCU,2025,"polski, matematyka, angielski",3.0,,,3.0,,,3.0,,
126046,SZKOŁA PODSTAWOWA NR 4 W MŁODZIEŻOWYM OŚRODKU WYCHOWAWCZYM W LUBACZOWIE,2025,"polski, matematyka, angielski",1.0,,,1.0,,,1.0,,
5971,NIEPUBLICZNA SZKOŁA PODSTAWOWA W GÓRKACH,2025,"polski, matematyka, angielski",3.0,,,3.0,,,3.0,,
12749,SZKOŁA PODSTAWOWA W CHRZĄSTOWIE,2025,"polski, matematyka, angielski",3.0,,,3.0,,,3.0,,
19504,SZKOŁA PODSTAWOWA W BORKACH NIZIŃSKICH IM.ŚW.ANDRZEJA BOBOLI,2025,angielski,5.0,62.0,67.4,5.0,20.0,37.2,4.0,,
23782,SZKOŁA PODSTAWOWA W WAMPIERZOWIE,2025,"polski, matematyka, angielski",3.0,,,3.0,,,3.0,,
118850,PUBLICZNA SZKOŁA PODSTAWOWA W KRZESZOWIE GÓRNYM,2025,"polski, matematyka, angielski",2.0,,,2.0,,,2.0,,
30470,"SZKOŁA PODSTAWOWA FUNDACJI ""ELEMENTARZ"" Z ODDZIAŁEM PRZEDSZKOLNYM IM. ŚW. STANISŁAWA KOSTKI W GOLCACH",2025,"polski, matematyka, angielski",4.0,,,4.0,,,4.0,,
92256,PUBLICZNA SZKOŁA PODSTAWOWA NR 4 W NISKU,2025,"polski, matematyka, angielski",4.0,,,4.0,,,4.0,,
58859,SZKOŁA PODSTAWOWA IM.NOBLISTÓW POLSKICH W SUFCZYNIE,2025,"polski, matematyka, angielski",3.0,,,3.0,,,3.0,,
58554,SZKOŁA PODSTAWOWA IM.BŁ.KS.BRONISŁAWA MARKIEWICZA W LESZCZAWIE DOLNEJ,2025,"polski, matematyka, angielski",3.0,,,3.0,,,3.0,,
130188,SZKOŁA PODSTAWOWA IM. SYBIRAKÓW W BACHOWIE,2025,"polski, matematyka, angielski",3.0,,,3.0,,,3.0,,
130204,SZKOŁA PODSTAWOWA W RECZPOLU,2025,"polski, matematyka, angielski",2.0,,,2.0,,,2.0,,
42462,SZKOŁA PODSTAWOWA W HURECZKU,2025,"polski, matematyka, angielski",4.0,,,4.0,,,4.0,,
15350,SZKOŁA PODSTAWOWA IM. KS. JANA TWARDOWSKIEGO W TRÓJCZYCACH,2025,"polski, matematyka, angielski",4.0,,,4.0,,,4.0,,
20685,SZKOŁA PODSTAWOWA IM. KS. JANA TWARDOWSKIEGO W HERMANOWICACH,2025,"polski, matematyka, angielski",2.0,,,2.0,,,2.0,,
126706,SZKOŁA PODSTAWOWA IM.JANA PAWŁA II W ORZECHOWCACH,2025,"polski, matematyka, angielski",4.0,,,4.0,,,4.0,,
75772,SZKOŁA PODSTAWOWA IM. BŁ. KS. JANA BALICKIEGO W UJEZNEJ,2025,"polski, matematyka, angielski",3.0,,,3.0,,,3.0,,
20370,SZKOŁA PODSTAWOWA IM. PROF. KAZIMIERZA SUCHECKIEGO WYLEWA 1 37-530 SIENIAWA,2025,"polski, matematyka, angielski",3.0,,,3.0,,,3.0,,
20368,SZKOŁA PODSTAWOWA W RUDCE IM. IGNACEGO KRASICKIEGO RUDKA 79 37-530 SIENIAWA,2025,"polski, matematyka, angielski",2.0,,,2.0,,,2.0,,
17033,SZKOŁA PODSTAWOWA IM. ŚW. JANA PAWŁA II W WÓLCE HYŻNEŃSKIEJ,2025,"polski, matematyka, angielski",1.0,,,1.0,,,1.0,,
114701,NIEPUBLICZNA SZKOŁA PODSTAWOWA IM. ŻOŁNIERZY ARMII KRAJOWEJ W BRATKOWICACH,2025,"polski, matematyka, angielski",2.0,,,2.0,,,2.0,,
106099,SPOŁECZNA SZKOŁA PODSTAWOWA NR 1 IM. KS JANA TWARDOWSKIEGO W RZESZOWIE,2025,"polski, matematyka, angielski",3.0,,,3.0,,,3.0,,
263204,SZKOŁA PODSTAWOWA MONTESSORI IM. PILOTA PIRXA,2025,"polski, matematyka",4.0,,,4.0,,,5.0,91.0,89.0
41414,PUBLICZNA SZKOŁA PODSTAWOWA STOWARZYSZENIA PRZYJACIÓŁ SZKÓŁ KATOLICKICH IM. ŚW. BRATA ALBERTA CHMIELOWSKIEGO W WISŁOKU WIELKIM,2025,"polski, matematyka, angielski",2.0,,,2.0,,,2.0,,
87588,SZKOŁA PODSTAWOWA W SROGOWIE GÓRNYM,2025,"polski, matematyka, angielski",4.0,,,4.0,,,4.0,,
85371,SZKOŁA PODSTAWOWA W ZAŁUŻU,2025,"polski, matematyka, angielski",2.0,,,2.0,,,2.0,,
7934,SZKOŁA PODSTAWOWA W ZAHUTYNIU IM. WŁADYSŁAWA BELINY-PRAŻMOWSKIEGO,2025,"polski, matematyka, angielski",3.0,,,3.0,,,3.0,,
262428,KATOLICKA SZKOŁA PODSTAWOWA W STALOWEJ WOLI,2025,"polski, matematyka, angielski",4.0,,,4.0,,,4.0,,
56429,PUBLICZNA SZKOŁA PODSTAWOWA W MAJDANIE ZBYDNIOWSKIM - WÓLCE TUREBSKIEJ IM. ŻOŁNIERZY II ARMII WOJSKA POLSKIEGO,2025,"polski, matematyka, angielski",3.0,,,3.0,,,3.0,,
34773,SZKOŁA PODSTAWOWA W GLINIKU GÓRNYM,2025,"polski, matematyka, angielski",4.0,,,4.0,,,4.0,,
18954,SZKOŁA PODSTAWOWA IM. K.K. BACZYŃSKIEGO W BLIZIANCE,2025,"polski, matematyka, angielski",1.0,,,1.0,,,1.0,,
18958,SZKOŁA PODSTAWOWA NR 2 IM. BŁ. JERZEGO POPIEŁUSZKI W LUTCZY,2025,"polski, matematyka, angielski",4.0,,,4.0,,,4.0,,
18956,SZKOŁA PODSTAWOWA W GWOŹNICY DOLNEJ,2025,"polski, matematyka, angielski",2.0,,,2.0,,,2.0,,
121217,SZKOŁA PODSTAWOWA NR 1 IM. ŚW. JANA KANTEGO W WYSOKIEJ STRZYŻOWSKIEJ,2025,"polski, matematyka, angielski",4.0,,,4.0,,,4.0,,
34848,SZKOŁA PODSTAWOWA W JASZCZUROWEJ,2025,"polski, matematyka, angielski",3.0,,,3.0,,,3.0,,
9664,"ZESPÓŁ SZKOLNO-PRZEDSZKOLNY W ZABRNIU, SZKOŁA PODSTAWOWA IM. JANA PAWŁA II W ZABRNIU",2025,"polski, matematyka, angielski",4.0,,,4.0,,,4.0,,
85726,SZKOŁA PODSTAWOWA IM. KORNELA MAKUSZYŃSKIEGO W WOLI MAŁEJ,2025,"polski, matematyka, angielski",4.0,,,4.0,,,4.0,,
41964,SZKOŁA PODSTAWOWA W WĘGLISKACH IM.BŁ.KAROLINY KÓZKÓWNY,2025,"polski, matematyka, angielski",4.0,,,4.0,,,4.0,,
24069,SZKOŁA PODSTAWOWA W ZŁOTORII,2025,"polski, matematyka, angielski",4.0,,,4.0,,,4.0,,
58978,NIEPUBLICZNA SZKOŁA PODSTAWOWA Z ODDZIAŁAMI PRZEDSZKOLNYMI W NIEWODNICY KOŚCIELNEJ,2025,"polski, matematyka, angielski",3.0,,,3.0,,,3.0,,
111561,SZKOŁA PODSTAWOWA W KONOPKACH POKRZYWNICY,2025,"polski, matematyka, angielski",4.0,,,4.0,,,4.0,,
124752,SZKOŁA PODSTAWOWA NR 41 W ZAKŁADZIE POPRAWCZYM W BIAŁYMSTOKU,2025,"polski, matematyka, angielski",1.0,,,1.0,,,1.0,,
9837,"""ŚWIAT UCZNIA"" PRYWATNA SZKOŁA PODSTAWOWA W BIAŁYMSTOKU",2025,"polski, matematyka, angielski",1.0,,,1.0,,,1.0,,
268644,LEŚNA SZKOŁA PUSZCZYK W BIAŁYMSTOKU,2025,"polski, matematyka, angielski",3.0,,,3.0,,,3.0,,
125245,NIEPUBLICZNA SZKOŁA PODSTAWOWA NR 1 ŚW. ABP. ŁUKASZA WOJNO - JASIENIECKIEGO W BIELSKU PODLASKIM,2025,angielski,6.0,70.0,65.5,6.0,58.0,54.166666666666664,1.0,,
268294,SZKOŁA PODSTAWOWA IM. KS. STEFANA KARDYNAŁA WYSZYŃSKIEGO W CHOJEWIE,2025,"polski, matematyka, angielski",3.0,,,3.0,,,3.0,,
6218,SZKOŁA PODSTAWOWA W RYDZEWIE,2025,"polski, matematyka, angielski",2.0,,,2.0,,,2.0,,
6691,SZKOŁA PODSTAWOWA W NIECIKACH,2025,"polski, matematyka, angielski",1.0,,,1.0,,,1.0,,
6973,SZKOŁA PODSTAWOWA W SULEWIE-KOWNATY,2025,"polski, matematyka, angielski",3.0,,,3.0,,,3.0,,
57599,SZKOŁA PODSTAWOWA IMIENIA WIKTORA SZWEDA W CZYŻACH,2025,angielski,9.0,67.0,66.55555555555556,9.0,30.0,30.666666666666668,3.0,,
18871,SZKOŁA PODSTAWOWA W DUBICZACH CERKIEWNYCH,2025,"polski, matematyka, angielski",3.0,,,3.0,,,2.0,,
34714,SZKOŁA PODSTAWOWA W SURAŁACH,2025,"polski, matematyka, angielski",2.0,,,2.0,,,2.0,,
64896,SZKOŁA PODSTAWOWA W ZABIELU,2025,"polski, matematyka, angielski",4.0,,,4.0,,,4.0,,
49513,SZKOŁA PODSTAWOWA W ZASKRODZIU,2025,"polski, matematyka, angielski",4.0,,,4.0,,,4.0,,
49511,SZKOŁA PODSTAWOWA IM. ORŁA BIAŁEGO W WYKOWIE,2025,"polski, matematyka, angielski",2.0,,,2.0,,,2.0,,
34341,SZKOŁA PODSTAWOWA W CHLUDNIACH,2025,"polski, matematyka, angielski",4.0,,,4.0,,,4.0,,
34339,SZKOŁA PODSTAWOWA W ROGIENICACH WIELKICH,2025,"polski, matematyka, angielski",3.0,,,3.0,,,3.0,,
90627,SZKOŁA PODSTAWOWA W ŁASZE,2025,"polski, matematyka, angielski",4.0,,,4.0,,,4.0,,
90628,SZKOŁA PODSTAWOWA W KSEBKACH,2025,"polski, matematyka, angielski",4.0,,,4.0,,,4.0,,
80370,SZKOŁA PODSTAWOWA IM. STANISŁAWA KRUPKI W LEMANIE,2025,"polski, matematyka, angielski",2.0,,,2.0,,,2.0,,
90626,SZKOŁA PODSTAWOWA IM. MARII KONOPNICKIEJ W PTAKACH,2025,"polski, matematyka, angielski",4.0,,,4.0,,,4.0,,
103939,SZKOŁA PODSTAWOWA SPECJALNA W GONIĄDZU,2025,"polski, matematyka, angielski",4.0,,,4.0,,,4.0,,
124225,SZKOŁA PODSTAWOWA W DŁUGOŁĘCE,2025,"polski, matematyka, angielski",1.0,,,1.0,,,1.0,,
86665,SZKOŁA PODSTAWOWA W LASKOWCU,2025,"polski, matematyka, angielski",4.0,,,4.0,,,4.0,,
90293,SZKOŁA PODSTAWOWA Z LITEWSKIM JĘZYKIEM NAUCZANIA W WIDUGIERACH,2025,"polski, matematyka, angielski",2.0,,,2.0,,,2.0,,
28764,SZKOŁA PODSTAWOWA W RÓŻANYMSTOKU,2025,angielski,6.0,51.0,52.5,6.0,20.0,25.0,1.0,,
41796,PUBLICZNA SZKOŁA PODSTAWOWA W BAGNACH,2025,"polski, matematyka, angielski",1.0,,,1.0,,,1.0,,
46865,SZKOŁA PODSTAWOWA W RESZKOWCACH,2025,"polski, matematyka, angielski",1.0,,,1.0,,,1.0,,
41793,SZKOŁA PODSTAWOWA W SUCHODOLINIE,2025,"polski, matematyka, angielski",3.0,,,3.0,,,3.0,,
31555,SZKOŁA PODSTAWOWA W ZWIERZYŃCU WIELKIM,2025,"polski, matematyka, angielski",4.0,,,4.0,,,4.0,,
46859,SZKOŁA PODSTAWOWA W KAMIENNEJ NOWEJ,2025,"polski, matematyka, angielski",2.0,,,2.0,,,2.0,,
80986,SZKOŁA PODSTAWOWA W MAJEWIE,2025,"polski, matematyka, angielski",2.0,,,2.0,,,2.0,,
81019,SZKOŁA PODSTAWOWA IM.KPT. JÓZEFA KŁOPOTOWSKIEGO W JACOWLANACH,2025,angielski,6.0,51.0,54.833333333333336,6.0,40.0,40.0,2.0,,
74824,SZKOŁA PODSTAWOWA W GENIUSZACH,2025,"polski, matematyka, angielski",2.0,,,2.0,,,2.0,,
7021,SZKOŁA PODSTAWOWA WE WRONOWIE,2025,"polski, matematyka, angielski",3.0,,,3.0,,,3.0,,
92424,SZKOŁA PODSTAWOWA W ŁUNIEWIE MAŁYM,2025,"polski, matematyka, angielski",4.0,,,4.0,,,4.0,,
92423,SZKOŁA PODSTAWOWA W KUCZYNIE,2025,"polski, matematyka, angielski",3.0,,,3.0,,,3.0,,
88698,SZKOŁA PODSTAWOWA W KOWALEWSZCZYŹNIE,2025,"polski, matematyka, angielski",4.0,,,4.0,,,4.0,,
10264,SZKOŁA PODSTAWOWA W KOŁOMYI,2025,"polski, matematyka, angielski",4.0,,,4.0,,,4.0,,
34262,SZKOŁA PODSTAWOWA IM. ORŁA BIAŁEGO W PORYTEM - JABŁONI,2025,angielski,5.0,47.0,48.8,5.0,27.0,36.8,2.0,,
58619,SZKOŁA PODSTAWOWA W STARYM SKARŻYNIE,2025,"polski, matematyka, angielski",1.0,,,1.0,,,1.0,,
29759,SZKOŁA PODSTAWOWA W NADBORACH,2025,"polski, matematyka, angielski",3.0,,,3.0,,,3.0,,
47764,SZKOŁA PODSTAWOWA W KISIELNICY,2025,"polski, matematyka, angielski",4.0,,,4.0,,,4.0,,
47762,SZKOŁA PODSTAWOWA W RAKOWIE-BOGINIACH,2025,"polski, matematyka, angielski",4.0,,,4.0,,,4.0,,
47765,SZKOŁA PODSTAWOWA IM. ZESŁAŃCÓW SYBIRU W OLSZYNACH,2025,"polski, matematyka, angielski",4.0,,,4.0,,,4.0,,
34628,SZKOŁA PODSTAWOWA IM JAKUBA WAGI W WAGACH,2025,"polski, matematyka, angielski",2.0,,,2.0,,,2.0,,
7930,PUBLICZNA SZKOŁA PODSTAWOWA W STARYM BOŻEJEWIE,2025,"polski, matematyka, angielski",2.0,,,2.0,,,2.0,,
90329,SZKOŁA PODSTAWOWA W LUTOSTANI,2025,"polski, matematyka, angielski",4.0,,,4.0,,,4.0,,
56227,SZKOŁA PODSTAWOWA IM. LEŚNIKÓW POLSKICH W GALINACH,2025,"polski, matematyka, angielski",2.0,,,2.0,,,2.0,,
26707,SZKOŁA PODSTAWOWA IM.ŚWIĘTEGO JANA PAWŁA II W LECHOWIE,2025,"polski, matematyka, angielski",1.0,,,1.0,,,,,
74108,SZKOŁA PODSTAWOWA IM. MIKOŁAJA KOPERNIKA W SŁOBITACH,2025,"polski, matematyka, angielski",3.0,,,3.0,,,3.0,,
18503,SZKOŁA PODSTAWOWA IM. IRENY SENDLEROWEJ W RUSZKOWIE,2025,"polski, matematyka, angielski",3.0,,,3.0,,,3.0,,
478804,SZKOŁA PODSTAWOWA SPECJALNA POD ŻAGLAMI,2025,"polski, matematyka, angielski",2.0,,,2.0,,,2.0,,
31854,"NIEPUBLICZNA SZKOŁA PODSTAWOWA I ODDZIAŁ PRZEDSZKOLNY IM. KAPRÓW POLSKICH W SUCHACZU NA PRAWACH SZKOŁY PUBLICZNEJ Z PROGRAMU ""MAŁA SZKOŁA""",2025,"polski, matematyka, angielski",4.0,,,4.0,,,4.0,,
31800,SZKOŁA PODSTAWOWA W SYPITKACH,2025,"polski, matematyka, angielski",3.0,,,3.0,,,3.0,,
34273,SZKOŁA PODSTAWOWA IM. KS. BPA EDWARDA SAMSELA W WIŚNIOWIE EŁCKIM,2025,"polski, matematyka, angielski",3.0,,,3.0,,,3.0,,
40933,SZKOŁA PODSTAWOWA IM. MARII KONOPNICKIEJ W UPAŁTACH,2025,"polski, matematyka, angielski",2.0,,,2.0,,,2.0,,
124413,SZKOŁA PODSTAWOWA W GALWIECIACH,2025,"polski, matematyka, angielski",3.0,,,3.0,,,3.0,,
26401,SZKOŁA PODSTAWOWA W POGORZELI,2025,"polski, matematyka, angielski",3.0,,,3.0,,,3.0,,
34798,SZKOŁA PODSTAWOWA W GROMOTACH,2025,"polski, matematyka, angielski",4.0,,,4.0,,,4.0,,
53271,"SZKOŁA PODSTAWOWA IM. MJR HENRYKA DOBRZAŃSKIEGO ,,HUBALA"" W GAŁDOWIE",2025,"polski, matematyka, angielski",3.0,,,3.0,,,3.0,,
131994,SZKOŁA PODSTAWOWA W BYSZWAŁDZIE,2025,"polski, matematyka, angielski",4.0,,,4.0,,,4.0,,
129988,SZKOŁA PODSTAWOWA W RUMIENICY,2025,"polski, matematyka, angielski",4.0,,,4.0,,,4.0,,
105364,SZKOŁA PODSTAWOWA W JAWTACH WIELKICH,2025,"polski, matematyka, angielski",4.0,,,4.0,,,4.0,,
86389,SZKOŁA PODSTAWOWA W NAKOMIADACH,2025,angielski,5.0,53.0,53.4,5.0,23.0,33.2,4.0,,
268089,NIEPUBLICZNA SZKOŁA PODSTAWOWA W ŻEGOTACH,2025,"polski, matematyka, angielski",4.0,,,4.0,,,4.0,,
41968,SZKOŁA PODSTAWOWA W BOŻEM,2025,"polski, matematyka, angielski",2.0,,,2.0,,,2.0,,
75375,SZKOŁA PODSTAWOWA W NAWIADACH,2025,angielski,5.0,71.0,66.0,5.0,57.0,54.6,3.0,,
4658,SZKOŁA PODSTAWOWA IM.PROF. ROMANA KOBENDZY W ŁYNIE,2025,angielski,5.0,33.0,44.4,5.0,27.0,27.6,4.0,,
52553,"SZKOŁA PODSTAWOWA FUNDACJI ""ELEMENTARZ"" W MAZURACH",2025,"polski, matematyka, angielski",2.0,,,2.0,,,2.0,,
114045,"NIEPUBLICZNA SZKOŁA ""ABSOLWENT""",2025,"polski, matematyka, angielski",3.0,,,3.0,,,3.0,,
128814,FENOMENALNA NIEPUBLICZNA SZKOŁA PODSTAWOWA Z ODDZIAŁAMI INTEGRACYJNYMI W OLSZTYNIE,2025,"polski, matematyka, angielski",1.0,,,1.0,,,1.0,,
263559,SZKOŁA PODSTAWOWA DLA DOROSŁYCH W OLSZTYNIE,2025,"polski, matematyka, angielski",1.0,,,1.0,,,1.0,,
124725,SZKOŁA PODSTAWOWA NR 2 W ZAKLADZIE POPRAWCZYM W BARCZEWIE,2025,"polski, matematyka, angielski",1.0,,,1.0,,,1.0,,
31279,SZKOŁA PODSTAWOWA IM. MARII ZIENTARY - MALEWSKIEJ W BARCIKOWIE,2025,"polski, matematyka, angielski",2.0,,,2.0,,,2.0,,
30054,SZKOŁA PODSTAWOWA STOWARZYSZENIA PRZYJACIÓŁ SZKÓŁ KATOLICKICH IM. STEFANA KARDYNAŁA WYSZYŃSKIEGO W SMOLAJNACH,2025,"polski, matematyka, angielski",3.0,,,3.0,,,3.0,,
104361,SZKOŁA PODSTAWOWA W RADOSTOWIE,2025,"polski, matematyka, angielski",3.0,,,3.0,,,3.0,,
120450,NIEPUBLICZNA SZKOŁA PODSTAWOWA W NOWEJ WSI,2025,"polski, matematyka, angielski",3.0,,,3.0,,,3.0,,
53172,PUBLICZNA SZKOŁA PODSTAWOWA W MARWAŁDZIE,2025,"polski, matematyka, angielski",2.0,,,2.0,,,2.0,,
113661,NIEPUBLICZNA SZKOŁA PODSTAWOWA,2025,"polski, matematyka, angielski",3.0,,,3.0,,,3.0,,
86915,SZKOŁA PODSTAWOWA IM.KRÓLOWEJ JADWIGI WE FRYGNOWIE,2025,"polski, matematyka, angielski",3.0,,,3.0,,,3.0,,
30812,NIEPUBLICZNA SZKOŁA PODSTAWOWA Z ODDZIAŁAMI PRZEDSZKOLNYMI W KALNIKU,2025,"polski, matematyka, angielski",1.0,,,1.0,,,1.0,,
30753,NIEPUBLICZNA SZKOŁA PODSTAWOWA Z ODDZIAŁAMI PRZEDSZKOLNYMI W BOGACZEWIE,2025,"polski, matematyka, angielski",3.0,,,3.0,,,3.0,,
12948,SZKOŁA PODSTAWOWA IM.GEN. JÓZEFA BEMA W BEMOWIE PISKIM,2025,"polski, matematyka, angielski",3.0,,,3.0,,,3.0,,
59596,SZKOŁA PODSTAWOWA W HEJDYKU,2025,"polski, matematyka, angielski",1.0,,,1.0,,,1.0,,
59590,SZKOŁA PODSTAWOWA W JEŻACH,2025,"polski, matematyka, angielski",2.0,,,2.0,,,2.0,,
66135,SZKOŁA PODSTAWOWA W UŚCIANACH STARYCH,2025,"polski, angielski",4.0,,,5.0,30.0,25.4,4.0,,
8639,SZKOŁA PODSTAWOWA W RUMACH,2025,"polski, matematyka, angielski",4.0,,,4.0,,,4.0,,
88208,NIEPUBLICZNA SZKOŁA PODSTAWOWA W ROMANACH,2025,"polski, matematyka, angielski",1.0,,,1.0,,,1.0,,
16954,SZKOŁA PODSTAWOWA IM.MICHAŁA KAJKI W BUDRACH Z SIEDZIBĄ W WIĘCKACH,2025,"polski, matematyka, angielski",3.0,,,3.0,,,3.0,,
109037,SZKOŁA PODSTAWOWA IM. BOHATERÓW WRZEŚNIA W RADZIEJACH,2025,"polski, matematyka, angielski",2.0,,,2.0,,,2.0,,
85810,SZKOŁA PODSTAWOWA IM. GEN. JANUSZA GŁUCHOWSKIEGO W DOBIECINIE,2025,"polski, matematyka, angielski",3.0,,,3.0,,,3.0,,
19080,SZKOŁA PODSTAWOWA W OSINACH,2025,"polski, matematyka, angielski",4.0,,,4.0,,,4.0,,
133647,SZKOŁA PODSTAWOWA IM. ŚW. JANA PAWŁA II W BEDLNIE,2025,"polski, matematyka, angielski",1.0,,,1.0,,,2.0,,
72356,SZKOŁA PODSTAWOWA IM. BOHATERÓW WALK NAD BZURĄ WE WROCZYNACH,2025,"polski, matematyka, angielski",4.0,,,4.0,,,4.0,,
11101,SZKOŁA PODSTAWOWA W OPOROWIE IM. JANA PAWŁA II,2025,"polski, matematyka, angielski",3.0,,,3.0,,,3.0,,
83694,SPOŁECZNA SZKOŁA PODSTAWOWA W ORĄTKACH,2025,"polski, matematyka, angielski",3.0,,,3.0,,,3.0,,
69885,SZKOŁA PODSTAWOWA IM. JANA PAWŁA II W MROCZKOWIE GOŚCINNYM,2025,"polski, matematyka, angielski",3.0,,,3.0,,,3.0,,
124931,SZKOŁA PODSTAWOWA NR 6 W ZAKŁADZIE POPRAWCZYM I SCHRONISKU DLA NIELETNICH W KONSTANTYNOWIE ŁÓDZKIM,2025,"polski, matematyka, angielski",2.0,,,2.0,,,2.0,,
12141,SZKOŁA PODSTAWOWA W ZIELĘCINIE,2025,"polski, matematyka, angielski",3.0,,,3.0,,,3.0,,
132054,SZKOŁA PODSTAWOWA IM. MIRY I TADEUSZA SYGIETYŃSKICH W PROSZENIU,2025,"polski, matematyka, angielski",3.0,,,3.0,,,3.0,,
262535,JĘZYKOWA SZKOŁA PODSTAWOWA IM. AGNIESZKI HOLLAND W PIOTRKOWIE TRYBUNALSKIM,2025,"polski, matematyka, angielski",1.0,,,1.0,,,1.0,,
83636,PUBLICZNA SZKOŁA PODSTAWOWA W PORCZYNACH,2025,"polski, matematyka, angielski",3.0,,,3.0,,,3.0,,
31022,PUBLICZNA SZKOŁA PODSTAWOWA W PŁOSZOWIE,2025,"polski, matematyka, angielski",4.0,,,4.0,,,4.0,,
53640,SZKOŁA PODSTAWOWA IM. KS. JERZEGO POPIEŁUSZKI W CHODNOWIE,2025,"polski, matematyka, angielski",4.0,,,4.0,,,4.0,,
83640,SZKOŁA PODSTAWOWA W PUKININIE,2025,"polski, matematyka, angielski",4.0,,,4.0,,,4.0,,
104826,SZKOŁA PODSTAWOWA IM MARSZAŁKA JÓZEFA PIŁSUDSKIEGO W LUBANI,2025,"polski, matematyka, angielski",4.0,,,4.0,,,4.0,,
90537,SZKOŁA PODSTAWOWA IM. JULIANA TUWIMA W OSTROWIE,2025,"polski, matematyka, angielski",3.0,,,3.0,,,3.0,,
62331,SZKOŁA PODSTAWOWA IM. KARDYNAŁA STEFANA WYSZYŃSKIEGO W CHLEWIE,2025,"polski, matematyka, angielski",4.0,,,4.0,,,4.0,,
62434,SZKOŁA PODSTAWOWA W LIPICZU,2025,"polski, matematyka, angielski",4.0,,,4.0,,,4.0,,
34392,SZKOŁA PODSTAWOWA IM. KS. INFUŁATA WŁADYSŁAWA SARNIKA W JAKUBICACH,2025,"polski, matematyka, angielski",4.0,,,4.0,,,4.0,,
70108,SZKOŁA PODSTAWOWA W UNIKOWIE,2025,"polski, matematyka, angielski",4.0,,,4.0,,,4.0,,
56447,SZKOŁAPODSTAWOWA W LNIŚNIE,2025,"polski, matematyka, angielski",3.0,,,3.0,,,3.0,,
58563,PUBLICZNA SZKOŁA PODSTAWOWA W JANISŁAWICACH,2025,"polski, matematyka, angielski",2.0,,,2.0,,,2.0,,
103758,SZKOŁA PODSTAWOWA IM. JANUSZA KORCZAKA W DRZEWCACH,2025,"polski, matematyka, angielski",4.0,,,4.0,,,4.0,,
120312,KATOLICKA SZKOŁA PODSTAWOWA IM. NIEPOKALANEGO SERCA NAJŚWIĘTSZEJ MARYI PANNY KRÓLOWEJ POLSKI I ŚW. OJCA PIO W TOMASZOWIE MAZOWIECKIM,2025,"polski, matematyka, angielski",4.0,,,4.0,,,4.0,,
90012,SZKOŁA PODSTAWOWA IM. JANA PAWŁA II W RYCHŁOCICACH,2025,"polski, matematyka, angielski",4.0,,,4.0,,,4.0,,
90013,SZKOŁA PODSTAWOWA W SZYNKIELOWIE,2025,"polski, matematyka, angielski",3.0,,,3.0,,,3.0,,
83704,PUBLICZNA SZKOŁA PODSTAWOWA STOWARZYSZENIA PRZYJACIÓŁ SZKÓŁ KATOLICKICH IM. ŚW. JANA PAWŁA II W KADŁUBIE,2025,"polski, matematyka, angielski",4.0,,,4.0,,,4.0,,
13915,SZKOŁA PODSTAWOWA IM. ŚWIĘTEGO JANA PAWŁA II W TOPOROWIE,2025,"polski, matematyka, angielski",4.0,,,4.0,,,4.0,,
11124,SZKOŁA PODSTAWOWA W RADOSTOWIE,2025,"polski, matematyka, angielski",4.0,,,4.0,,,4.0,,
69853,SPOŁECZNA SZKOŁA PODSTAWOWA W REMBIESZOWIE,2025,"polski, matematyka, angielski",4.0,,,4.0,,,4.0,,
119323,SZKOŁA PODSTAWOWA IM.ADAMA MICKIEWICZA W MĄKOLICACH,2025,"polski, matematyka, angielski",1.0,,,1.0,,,1.0,,
119303,SZKOŁA PODSTAWOWA IM.JÓZEFA CHEŁMOŃSKIEGO W POPOWIE GŁOWIEŃSKIM,2025,"polski, matematyka, angielski",3.0,,,3.0,,,,,
34490,SZKOŁA PODSTAWOWA IM. GEN. DYW. TADEUSZA KUTRZEBY W KOŹLU,2025,"polski, matematyka, angielski",3.0,,,3.0,,,3.0,,
60580,SZKOŁA PODSTAWOWA W WYGODZIE,2025,"polski, matematyka, angielski",2.0,,,2.0,,,2.0,,
25775,FAMILY ELEMENTARY SCHOOL RODZINNA SZKOŁA PODSTAWOWA,2025,"polski, matematyka, angielski",2.0,,,2.0,,,2.0,,
133445,"SZKOŁA PODSTAWOWA ""EDUKACJA I SPORT"" W ŁODZI",2025,"polski, matematyka",1.0,,,1.0,,,7.0,56.0,49.857142857142854
272796,NIEPUBLICZNA SZKOŁA PODSTAWOWA Z ASPI-RACJAMI,2025,"polski, matematyka, angielski",3.0,,,3.0,,,3.0,,
271588,NIEPUBLICZNA SZKOŁA PODSTAWOWA FUNDACJI PRZYSZŁOŚĆ DLA EDUKACJI,2025,"polski, matematyka, angielski",3.0,,,3.0,,,3.0,,
119365,"SZKOŁA PODSTAWOWA FUNDACJI ""SŁONECZNA KRAINA""",2025,"polski, matematyka, angielski",4.0,,,4.0,,,4.0,,
82573,SZKOŁA PODSTAWOWA W DASZYNIE,2025,"polski, matematyka, angielski",3.0,,,3.0,,,3.0,,
91135,SZKOŁA PODSTAWOWA IM. MARII KOSZUTSKIEJ W KADZIDŁOWEJ,2025,"polski, matematyka, angielski",4.0,,,4.0,,,4.0,,
128130,SPOŁECZNA SZKOŁA PODSTAWOWA W SŁABKOWICACH,2025,"polski, matematyka, angielski",3.0,,,3.0,,,3.0,,
22737,PUBLICZNA SZKOŁA PODSTAWOWA W STARYM KORCZYNIE,2025,"polski, matematyka, angielski",4.0,,,4.0,,,4.0,,
57652,SZKOŁA PODSTAWOWA IM. BŁ. WINCENTEGO KADŁUBKA W PRZĄSŁAWIU,2025,"polski, matematyka, angielski",4.0,,,4.0,,,4.0,,
81044,NIEPUBLICZNA SZKOŁA PODSTAWOWA W BRUSIE,2025,"polski, matematyka, angielski",3.0,,,3.0,,,3.0,,
126697,SZKOŁA PODSTAWOWA IM. JANA PAWŁA II W KRZCIĘCICACH,2025,"polski, matematyka, angielski",3.0,,,3.0,,,3.0,,
126693,SZKOŁA PODSTAWOWA IM. BOHATERÓW ARMII KRAJOWEJ W TARNAWIE,2025,"polski, matematyka, angielski",3.0,,,3.0,,,3.0,,
119259,NIEPUBLICZNA SZKOŁA PODSTAWOWA SPECJALNA W WĘGRZYNOWIE,2025,angielski,5.0,20.0,27.6,5.0,17.0,16.0,2.0,,
3233,SAMORZĄDOWA SZKOŁA PODSTAWOWA IM. KS. WŁADYSŁAWA LATOSA W KAMIEŃCZYCACH,2025,angielski,6.0,61.0,60.833333333333336,6.0,53.5,60.666666666666664,4.0,,
72337,SZKOŁA PODSTAWOWA IM. STEFANA ŻEROMSKIEGO W PSARACH STAREJ WSI,2025,"polski, matematyka, angielski",2.0,,,2.0,,,2.0,,
75963,SZKOŁA PODSTAWOWA W RADKOWICACH,2025,"polski, matematyka, angielski",3.0,,,3.0,,,3.0,,
53731,PUBLICZNA SZKOŁA PODSTAWOWA IM. MARII MICHALCZYK PS. WYRWICZ W MARZYSZU,2025,"polski, matematyka, angielski",3.0,,,3.0,,,3.0,,
19412,PUBLICZNA SZKOŁA PODSTAWOWA W SZCZECNIE,2025,"polski, matematyka, angielski",4.0,,,4.0,,,4.0,,
92088,SZKOŁA PODSTAWOWA W ROGOWICACH,2025,"polski, matematyka, angielski",3.0,,,3.0,,,3.0,,
13880,SZKOŁA PODSTAWOWA IM. ŚW. EUGENIUSZA DE MAZENODA W JEZIORKU,2025,"polski, matematyka, angielski",2.0,,,2.0,,,2.0,,
73049,SZKOŁA PODSTAWOWA W PAPROCICACH,2025,"polski, matematyka, angielski",2.0,,,2.0,,,2.0,,
7192,SZKOŁA PODSTAWOWA W MIROCICACH,2025,"polski, matematyka, angielski",1.0,,,1.0,,,1.0,,
133561,SZKOŁA PODSTAWOWA W BARDZIE,2025,"polski, matematyka, angielski",2.0,,,2.0,,,2.0,,
47083,SZKOŁA PODSTAWOWA IM. ARMII KRAJOWEJ W KAJETANOWIE,2025,"polski, matematyka, angielski",2.0,,,2.0,,,2.0,,
12836,SZKOŁA PODSTAWOWA W DOBRZESZOWIE,2025,"polski, matematyka, angielski",4.0,,,4.0,,,4.0,,
20068,ZESPÓŁ PLACÓWEK OŚWIATOWYCH W BEDLNIE SZKOŁA PODSTAWOWA W BEDLNIE,2025,angielski,6.0,65.5,65.66666666666667,6.0,31.5,28.833333333333332,,,
7322,NIEPUBLICZNA SZKOŁA PODSTAWOWA W MNINIE,2025,"polski, matematyka, angielski",4.0,,,4.0,,,4.0,,
262583,PUBLICZNA SZKOŁA PODSTAWOWA IM. STEFANA ŻEROMSKIEGO W MYDŁOWIE,2025,"polski, matematyka, angielski",2.0,,,2.0,,,2.0,,
85994,PUBLICZNA SZKOŁA PODSTAWOWA IM. OFIAR KATYNIA W GIERCZYCACH,2025,"polski, matematyka, angielski",2.0,,,2.0,,,2.0,,
87822,PUBLICZNA SZKOŁA PODSTAWOWA IM. JANA PAWŁA II W SARNÓWKU,2025,"polski, matematyka, angielski",4.0,,,4.0,,,4.0,,
77888,SAMORZĄDOWA SZKOŁA PODSTAWOWA W SĘDOWICACH,2025,"polski, matematyka, angielski",3.0,,,3.0,,,3.0,,
133580,SAMORZĄDOWA SZKOŁA PODSTAWOWA W WĘCHADŁOWIE,2025,"polski, matematyka, angielski",4.0,,,4.0,,,4.0,,
124776,SZKOŁA PODSTAWOWA NR 1 W OKRĘGOWYM OŚRODKU WYCHOWAWCZYM W GACKACH,2025,"polski, matematyka, angielski",1.0,,,1.0,,,1.0,,
3466,SZKOŁA PODSTAWOWA IM. WINCENTEGO BURKA W GAŁKOWICACH,2025,"polski, matematyka, angielski",2.0,,,2.0,,,2.0,,
14396,SZKOŁA PODSTAWOWA W OSSOLINIE,2025,"polski, matematyka, angielski",4.0,,,4.0,,,4.0,,
14377,SZKOŁA PODSTAWOWA W NAWODZICACH,2025,"polski, matematyka, angielski",2.0,,,2.0,,,2.0,,
14386,SZKOŁA PODSTAWOWA W GOŹLICACH,2025,"polski, matematyka, angielski",4.0,,,4.0,,,4.0,,
24786,PUBLICZNA SZKOŁA PODSTAWOWA W ŚMIECHOWICACH,2025,"polski, matematyka, angielski",4.0,,,4.0,,,4.0,,
24788,PUBLICZNA SZKOŁA PODSTAWOWA IM. ARMII KRAJOWEJ W ZAWIERZBIU,2025,"polski, matematyka, angielski",3.0,,,3.0,,,3.0,,
26352,SZKOŁA PODSTAWOWA W ŁUKAWIE,2025,"polski, matematyka, angielski",4.0,,,4.0,,,4.0,,
11962,SZKOŁA PODSTAWOWA IM. 3 PUŁKU PIECHOTY LEGIONÓW ARMII KRAJOWEJ W SORBINIE,2025,"polski, matematyka, angielski",2.0,,,2.0,,,2.0,,
41385,„MAŁA SZKOŁA” PUBLICZNA SZKOŁA PODSTAWOWA W RUDNIKU,2025,"polski, matematyka, angielski",4.0,,,4.0,,,4.0,,
262525,PUBLICZNA SZKOŁA PODSTAWOWA W LIPIU,2025,"polski, matematyka, angielski",1.0,,,1.0,,,1.0,,
3321,SZKOŁA PODSTAWOWA IM. JANINY BONIO W TRĘBOWCU,2025,"polski, matematyka, angielski",3.0,,,3.0,,,3.0,,
40962,PUBLICZNA SZKOŁA PODSTAWOWA W WILKOWEJ,2025,"polski, matematyka, angielski",3.0,,,3.0,,,3.0,,
69408,SZKOŁA PODSTAWOWA IM. JANA PAWŁA II W LUBCZYNIE,2025,angielski,7.0,53.0,54.285714285714285,7.0,13.0,13.285714285714286,3.0,,
69411,SZKOŁA PODSTAWOWA IM. LEŚNIKÓW POLSKICH W JENIŃCU,2025,angielski,8.0,69.0,66.5,8.0,40.0,42.125,4.0,,
18630,NIEPUBLICZNA SZKOŁA PODSTAWOWA W SOSNACH,2025,"polski, matematyka, angielski",4.0,,,4.0,,,4.0,,
122972,PIERWSZA SZKOŁA PODSTAWOWA MONTESSORI W GORZOWIE WIELKOPOLSKIM,2025,"polski, matematyka, angielski",3.0,,,3.0,,,3.0,,
107277,SZKOŁA PODSTAWOWA IM. NADODRZAŃSKIEGO ODDZIAŁU STRAŻY GRANICZNEJ,2025,"polski, matematyka, angielski",4.0,,,4.0,,,2.0,,
74513,SZKOŁA PODSTAWOWA W GĘSTOWICACH,2025,"polski, matematyka, angielski",4.0,,,4.0,,,4.0,,
78197,SZKOŁA PODSTAWOWA IM. JANA DEKERTA W BLEDZEWIE,2025,angielski,8.0,66.5,64.375,8.0,35.0,36.625,4.0,,
84319,SZKOŁA PODSTAWOWA NR 4 W MIĘDZYRZECZU,2025,"polski, matematyka, angielski",4.0,,,4.0,,,4.0,,
27798,SZKOŁA PODSTAWOWA W MURZYNOWIE,2025,"polski, matematyka, angielski",4.0,,,4.0,,,4.0,,
89333,PUBLICZNA SZKOŁA PODSTAWOWA IM. JANA PAWŁA II,2025,"polski, matematyka, angielski",4.0,,,4.0,,,4.0,,
75399,SZKOŁA PODSTAWOWA W GOSZCZANOWIE,2025,"polski, matematyka, angielski",3.0,,,3.0,,,3.0,,
50294,SZKOŁA PODSTAWOWA W OGARDACH,2025,"polski, matematyka, angielski",3.0,,,3.0,,,,,
50295,SZKOŁA PODSTAWOWA IM. KAZIMIERZA KREMERA W BOBRÓWKU,2025,angielski,7.0,58.0,58.857142857142854,7.0,23.0,22.0,1.0,,
483341,SZKOŁA PODSTAWOWA W WIELISŁAWICACH,2025,"polski, matematyka, angielski",3.0,,,3.0,,,,,
10507,SZKOŁA PODSTAWOWA IM. POLSKICH STRAŻAKÓW W TRZEMESZNIE LUBUSKIE,2025,"polski, matematyka, angielski",4.0,,,4.0,,,4.0,,
55383,SZKOŁA PODSTAWOWA W GĄDKOWIE WIELKIM,2025,angielski,6.0,70.0,69.33333333333333,6.0,58.5,50.5,,,
42267,SZKOŁA PODSTAWOWA IM. JÓZEFA WYBICKIEGO W ŁYSINACH,2025,"polski, matematyka, angielski",3.0,,,3.0,,,3.0,,
42272,SZKOŁA PODSTAWOWA IM. STANISŁAWA STASZICA,2025,"polski, matematyka, angielski",3.0,,,3.0,,,3.0,,
196412,CENTRUM KSZTAŁCENIA USTAWICZNEGO SZKOŁA PODSTAWOWA DLA DOROSŁYCH W ZIELONEJ GÓRZE,2025,"polski, matematyka, angielski",3.0,,,3.0,,,3.0,,
61319,NIEPUBLICZNA SZKOŁA PODSTAWOWA W PŁOTACH,2025,"polski, matematyka, angielski",2.0,,,2.0,,,2.0,,
50841,SZKOŁA PODSTAWOWA IM. BOHATERÓW POWSTANIA WARSZAWSKIEGO W OŁOBOKU,2025,angielski,8.0,61.0,55.0,7.0,23.0,34.142857142857146,2.0,,
80271,SZKOŁA PODSTAWOWA IM. JANA PAWŁA II W CHICHACH,2025,angielski,5.0,49.0,52.8,5.0,27.0,46.6,2.0,,
482849,NIEPUBLICZNA PODSTAWOWA SZKOŁA W WIECHLICACH,2025,angielski,14.0,18.0,19.357142857142858,14.0,18.5,17.214285714285715,,,
263848,SZKOŁA PODSTAWOWA IM. ALEKSANDRA FREDRY W WICINIE,2025,angielski,6.0,52.0,53.333333333333336,6.0,21.5,23.833333333333332,4.0,,
13184,SZKOŁA PODSTAWOWA NR 3 Z ODDZIAŁAMI INTEGRACYJNYMI,2025,angielski,11.0,62.0,58.27272727272727,11.0,17.0,33.27272727272727,4.0,,
12647,SZKOŁA PODSTAWOWA IM JANA PAWŁA II W NIWICY,2025,"polski, matematyka, angielski",3.0,,,3.0,,,3.0,,
12662,SZKOŁA PODSTAWOWA IM. ORLĄT LWOWSKICH W ŻARKACH WIELKICH,2025,angielski,7.0,64.0,62.714285714285715,7.0,27.0,29.0,,,
264101,SZKOŁA PODSTAWOWA W ŻARACH ZAKŁADU DOSKONALENIA ZAWODOWEGO W ZIELONEJ GÓRZE,2025,angielski,9.0,11.0,17.333333333333332,9.0,10.0,12.555555555555555,,,
73533,SZKOŁA PODSTAWOWA W LUBANICACH,2025,angielski,11.0,64.0,64.54545454545455,11.0,33.0,40.36363636363637,4.0,,
3946,SZKOŁA PODSTAWOWA IM. MIKOŁAJA KOPERNIKA W WYSZYNACH,2025,angielski,16.0,62.0,56.625,16.0,55.0,57.0,1.0,,
263777,NIEPUBLICZNA SZKOŁA PODSTAWOWA W PRÓCHNOWIE,2025,angielski,6.0,17.0,18.666666666666668,6.0,11.5,12.666666666666666,,,
264026,NIEPUBLICZNA SZKOŁA PODSTAWOWA W SZAMOCINIE,2025,angielski,8.0,20.0,24.375,8.0,15.0,15.0,,,
125557,SZKOŁA PODSTAWOWA W PRZYŁĘKACH,2025,"polski, matematyka, angielski",3.0,,,3.0,,,3.0,,
63350,"SZKOŁA PODSTAWOWA IM. KS.JÓZEFA RADOŃSKIEGO W SŁAWNIE , 62-265 SŁAWNO, UL. GNIEŹNIEŃSKA 37",2025,"polski, matematyka, angielski",4.0,,,4.0,,,4.0,,
264066,NIEPUBLICZNA SZKOLA PODSTAWOWA W KŁECKU,2025,"polski, matematyka, angielski",4.0,,,4.0,,,4.0,,
124908,SZKOŁA PODSTAWOWA NR 4 W ZAKŁADZIE POPRAWCZYM W TRZEMESZNIE,2025,"polski, matematyka, angielski",1.0,,,1.0,,,1.0,,
115407,NIEPUBLICZNA SZKOŁA PODSTAWOWA W GORZYKOWIE,2025,"polski, matematyka, angielski",4.0,,,4.0,,,4.0,,
272099,SZKOŁA PODSTAWOWA JEDNOŚĆ IM. MARII MONTESSORI,2025,"polski, matematyka, angielski",3.0,,,3.0,,,3.0,,
124451,SZKOŁA PODSTAWOWA NR 3 W ZAKŁADZIE POPRAWCZYM W GRODZISKU WIELKOPOLSKIM,2025,"polski, matematyka, angielski",1.0,,,1.0,,,1.0,,
278198,NIEPUBLICZNA SZKOŁA PODSTAWOWA Z ODDZIAŁEM PRZEDSZKOLNYM W ROSZKOWIE,2025,"polski, matematyka, angielski",3.0,,,3.0,,,3.0,,
21585,PUBLICZNA SZKOŁA PODSTAWOWA STOWARZYSZENIA PRZYJACIÓŁ SZKÓŁ KATOLICKICHH,2025,"polski, matematyka, angielski",4.0,,,4.0,,,4.0,,
85256,SZKOŁA PODSTAWOWA IM. KS. JANA TWARDOWSKIEGO W ŻYDOWIE,2025,"polski, matematyka, angielski",4.0,,,4.0,,,4.0,,
85095,SZKOŁA PODSTAWOWA IM. JANA PAWŁA II W STAREJ KAKAWIE,2025,"polski, matematyka, angielski",2.0,,,2.0,,,2.0,,
55367,SZKOŁA PODSTAWOWA W CIEPIELEWIE,2025,"polski, matematyka, angielski",1.0,,,1.0,,,1.0,,
42226,SZKOŁA PODSTAWOWA IM. STANISŁAWA ALEKSANDRZAKA W MARCHWACZU,2025,"polski, matematyka, angielski",4.0,,,4.0,,,4.0,,
42454,SZKOŁA PODSTAWOWA W TRZĘŚNIEWIE,2025,"polski, matematyka, angielski",3.0,,,3.0,,,3.0,,
275186,NIEPUBLICZNA SZKOŁA MONTESSORI ODKRYWCY ŚWIATA W KONINIE,2025,"polski, matematyka, angielski",3.0,,,3.0,,,3.0,,
4956,SZKOŁA PODSTAWOWA IM.STANISŁAWA MAŃKOWSKIEGO W KOZARZEWIE,2025,"polski, matematyka, angielski",4.0,,,4.0,,,4.0,,
91465,SZKOŁA PODSTAWOWA W WOLI PODŁĘŻNEJ,2025,"polski, matematyka, angielski",2.0,,,2.0,,,2.0,,
4032,SZKOŁA POSTAWOWA IM. JÓZEFA ZYWERTA W PATRZYKOWIE,2025,"polski, matematyka, angielski",4.0,,,4.0,,,4.0,,
3605,NIEPUBLICZNA SZKOŁA PODSTAWOWA W GŁODNIE,2025,"polski, matematyka, angielski",3.0,,,3.0,,,3.0,,
35279,SZKOŁA PODSTAWOWA IM. TONY HALIKA W KALISKACH Z SIEDZIBĄ W DĘBÓWCU,2025,angielski,7.0,69.0,65.85714285714286,7.0,33.0,38.142857142857146,4.0,,
42388,SZKOŁA PODSTAWOWA IM. KSIĘDZA JANA TWARDOWSKIEGO W CHWALISZEWIE,2025,"polski, matematyka, angielski",4.0,,,4.0,,,4.0,,
3470,SZKOŁA PODSTAWOWA W DROŻKACH,2025,"polski, matematyka, angielski",4.0,,,4.0,,,4.0,,
18767,SZKOŁA PODSTAWOWA IM.JANA PAWŁA II W TRZEBIENIU,2025,"polski, matematyka, angielski",4.0,,,4.0,,,4.0,,
264578,NIEPUBLICZNA SZKOŁA PODSTAWOWA W CHRAPLEWIE,2025,angielski,6.0,23.5,22.333333333333332,6.0,11.5,12.166666666666666,,,
119249,SZKOŁA PODSTAWOWA IM. POWSTAŃCÓW ZIEMI OPALENICKIEJ W URBANOWIE,2025,angielski,5.0,58.0,56.6,5.0,37.0,38.0,4.0,,
58451,SZKOŁA PODSTAWOWA IM. BRONISŁAWA MALINOWSKIEGO W CHRUSTOWIE,2025,"polski, matematyka, angielski",1.0,,,1.0,,,1.0,,
11227,SZKOŁA PODSTAWOWA W NABYSZYCACH,2025,angielski,5.0,69.0,55.4,5.0,20.0,22.6,4.0,,
120966,NIEPUBLICZNA SZKOŁA PODSTAWOWA WE FRANKLINOWIE,2025,"polski, matematyka, angielski",3.0,,,3.0,,,3.0,,
35309,SZKOŁA PODSTAWOWA IM. POWSTANIA WIELKOPOLSKIEGO W JANKOWIE ZALEŚNYM,2025,"polski, matematyka, angielski",3.0,,,3.0,,,3.0,,
59750,SZKOŁA PODSTAWOWA W OŁOBOKU IM. KS. JÓZEFA KUTA,2025,"polski, matematyka, angielski",3.0,,,3.0,,,3.0,,
72747,SZKOŁA PODSTAWOWA W ZAMOŚCIU,2025,"polski, matematyka, angielski",4.0,,,4.0,,,4.0,,
118748,PUBLICZNA SZKOŁA PODSTAWOWASTOWARZYSZENIA PRZYJACIÓŁ SZKÓŁ KATOLICKICH,2025,"polski, matematyka, angielski",4.0,,,4.0,,,4.0,,
90346,SZKOŁA PODSTAWOWA W KOŹMIŃCU,2025,"polski, matematyka, angielski",3.0,,,3.0,,,3.0,,
91131,SZKOŁA PODSTAWOWA W KARMINIE,2025,"polski, matematyka, angielski",3.0,,,3.0,,,3.0,,
91157,SZKOŁA PODSTAWOWA W GALEWIE,2025,"polski, matematyka, angielski",4.0,,,4.0,,,4.0,,
83079,PUBLICZNA SZKOŁA PODSTAWOWA NR 1 KATOLICKIEGO STOWARZYSZENIA WYCHOWAWCÓW IM. BŁ. NATALII TUŁASIEWICZ W POZNANIU,2025,angielski,5.0,71.0,70.4,5.0,37.0,45.2,4.0,,
48828,PRYWATNA SZKOŁA PODSTAWOWA ANGLOJĘZYCZNA POZNAŃ BRITISH INTERNATIONAL SCHOOL,2025,"polski, matematyka, angielski",4.0,,,4.0,,,4.0,,
119388,KATOLICKA SZKOŁA PODSTAWOWA IM. JANA PAWŁA II W POZNANIU,2025,"polski, matematyka, angielski",1.0,,,1.0,,,1.0,,
124175,SZKOŁA PODSTAWOWA MONTESSORI INTERNATIONAL SCHOOL,2025,"polski, matematyka, angielski",1.0,,,1.0,,,1.0,,
131479,NIEPUBLICZNA SZKOŁA PODSTAWOWA O!MEGA,2025,"polski, matematyka, angielski",4.0,,,4.0,,,4.0,,
275585,"NIEPUBLICZNA SZKOŁA PODSTAWOWA ""SCANDYNAVIA""",2025,"polski, matematyka, angielski",3.0,,,3.0,,,3.0,,
277113,"NIEPUBLICZNA SZKOŁA PODSTAWOWA ""OTWARTE DRZWI - PREMIUM""",2025,"polski, matematyka, angielski",1.0,,,1.0,,,1.0,,
106433,SZKOŁA PODSTAWOWA IM.MIKOŁAJA KOPERNIKA W IWNIE,2025,"polski, matematyka, angielski",3.0,,,3.0,,,3.0,,
128236,SZKOŁA PODSTAWOWA IM.ŚW.FILIPA NERI,2025,"polski, matematyka, angielski",4.0,,,4.0,,,4.0,,
129669,SZKOŁA PODSTAWOWA W SARBICACH,2025,"polski, matematyka, angielski",4.0,,,4.0,,,4.0,,
272318,KATOLICKA NIEPUBLICZNA SZKOŁA PODSTAWOWA IM. ŚW. TERESY OD DZIECIĄTKA JEZUS W TURKU,2025,"polski, matematyka, angielski",3.0,,,3.0,,,3.0,,
265052,NIEPUBLICZNA SZKOŁA PODSTAWOWA W WOLSZTYNIE ZAKŁADU DOSKONALENIA ZAWODOWEGO W ZIELONEJ GÓRZE,2025,angielski,9.0,20.0,20.11111111111111,9.0,13.0,13.222222222222221,,,
15304,SAMORZĄDOWA SZKOŁA PODSTAWOWA W GÓRNYCH GRĄDACH,2025,"polski, matematyka, angielski",4.0,,,4.0,,,4.0,,
70728,SZKOŁA PODSTAWOWA W PNIEWIE,2025,"polski, matematyka, angielski",4.0,,,4.0,,,4.0,,
61404,SZKOŁA PODSTAWOWA IM. MARII KILAR W KLESZCZYNIE,2025,angielski,13.0,51.0,48.30769230769231,13.0,30.0,30.615384615384617,1.0,,
90172,NIEPUBLICZNA OŚMIOLETNIA SZKOŁA PODSTAWOWA IM. KS. PRAŁATA PIOTRA WAWRZYNIAKA W CHRZĄSTOWIE POSIADAJĄCA UPRAWNIENIA SZKOŁY PUBLICZNEJ W CHRZĄSTOWIE,2025,"polski, matematyka, angielski",3.0,,,3.0,,,3.0,,
86309,SZKOŁA PODSTAWOWA W KARŚCINIE,2025,"polski, matematyka, angielski",4.0,,,4.0,,,4.0,,
264470,SZKOŁA PODSTAWOWA SPECJALNA W PODBORSKU,2025,angielski,10.0,10.0,13.3,10.0,11.5,11.9,,,
15283,SZKOŁA PODSTAWOWA IM.I DYWIZJI IM.TADEUSZA KOŚCIUSZKI W CHRAPOWIE,2025,angielski,8.0,44.5,48.875,8.0,45.0,45.75,4.0,,
17278,SZKOŁA PODSTAWOWA W LUBIANIE,2025,angielski,18.0,50.0,49.5,18.0,18.5,23.555555555555557,,,
24454,"PRYWATNA JĘZYKOWA SZKOŁA PODSTAWOWA ""COGITO"" IM. KSIĘCIA BARNIMA I W GOLENIOWIE",2025,"polski, matematyka, angielski",4.0,,,4.0,,,4.0,,
55760,SZKOŁA PODSTAWOWA W ŻABOWIE,2025,"polski, matematyka, angielski",1.0,,,1.0,,,1.0,,
52385,SZKOŁA PODSTAWOWA W DŁUGOŁĘCE,2025,"polski, matematyka, angielski",4.0,,,4.0,,,4.0,,
34652,SZKOŁA PODSTAWOWA IM. W. KOMARA I T. ŚLUSARSKIEGO W CZARNOGŁOWACH,2025,"polski, matematyka, angielski",4.0,,,4.0,,,4.0,,
4949,SZKOŁA PODSTAWOWA W GÓRZYCY,2025,"polski, matematyka, angielski",4.0,,,4.0,,,4.0,,
48101,SZKOŁA PODSTAWOWA IM. JANA PAWŁA II W CHWARSTNICY,2025,angielski,15.0,58.0,59.2,15.0,23.0,32.86666666666667,4.0,,
42402,SZKOŁA PODSTAWOWA IM. MŁODYCH EKOLOGÓW W CZELINIE,2025,angielski,5.0,67.0,61.4,5.0,37.0,40.0,2.0,,
12678,SZKOŁA PODSTAWOWA IM. MARII KONOPNICKIEJ WE WRZOSOWIE,2025,"polski, matematyka, angielski",3.0,,,3.0,,,3.0,,
83393,PUBLICZNA SZKOŁA PODSTAWOWA IM. ZOFII KOSSAK-SZCZUCKIEJ W DARGOBĄDZU,2025,angielski,5.0,67.0,68.6,5.0,43.0,46.0,1.0,,
80353,PUBLICZNA SZKOŁA PODSTAWOWA W TROSZYNIE,2025,angielski,8.0,65.5,66.625,8.0,25.0,25.875,3.0,,
83390,PUBLICZNA SZKOŁA PODSTAWOWA W KONIEWIE,2025,"polski, matematyka, angielski",4.0,,,4.0,,,,,
124457,SZKOŁA PODSTAWOWA NR 20 W OKRĘGOWYM OŚRODKU WYCHOWAWCZYM W KOSZALINIE,2025,angielski,7.0,16.0,25.571428571428573,7.0,13.0,15.285714285714286,,,
268867,SZKOŁA PODSTAWOWA EUROSZKOŁA W KOSZALINIE,2025,"polski, matematyka, angielski",3.0,,,3.0,,,3.0,,
19312,SZKOŁA PODSTAWOWA IM. JANA BRZECHWY W KŁANINIE,2025,"polski, matematyka, angielski",4.0,,,4.0,,,4.0,,
19311,SZKOŁA PODSTAWOWA IM. TONY`EGO HALIKA W DARGINI,2025,"polski, matematyka, angielski",4.0,,,4.0,,,3.0,,
5138,SZKOŁA PODSTAWOWA W SUCHEJ KOSZALIŃSKIEJ,2025,"polski, matematyka, angielski",3.0,,,3.0,,,3.0,,
262330,SZKOŁA PODSTAWOWA DLA DOROSŁYCH W BARLINKU,2025,angielski,26.0,27.0,32.42307692307692,27.0,10.0,11.296296296296296,,,
84208,ZESPÓŁ PLACÓWEK OŚWIATOWYCH IM. KS. ANDRZEJA PRZYBYŁY SDB-NIEPUBLICZNA SZKOŁA PODSTAWOWA,2025,"polski, matematyka, angielski",4.0,,,4.0,,,4.0,,
6796,SZKOŁA PODSTAWOWA W NOWYM WARPNIE,2025,"polski, matematyka, angielski",2.0,,,2.0,,,2.0,,
126199,ÉLAN VITAL,2025,"polski, matematyka",4.0,,,4.0,,,5.0,75.0,64.4
34609,PUBLICZNA SZKOŁA PODSTAWOWA IM. KORNELA MAKUSZYŃSKIEGO W JESIONOWIE,2025,"polski, matematyka, angielski",2.0,,,2.0,,,2.0,,
115470,PRYWATNA OGÓLNOKSZTAŁCĄCA SZKOŁA MUZYCZNA I ST. LEONARDA PIWONI W SZCZECINIE,2025,"polski, matematyka, angielski",2.0,,,2.0,,,2.0,,
124482,SZKOŁA PODSTAWOWA NR 75 W OKRĘGOWYM OŚRODKU WYCHOWAWCZYM W SZCZECINIE,2025,"polski, matematyka, angielski",2.0,,,2.0,,,,,
86624,SZKOŁA PODSTAWOWA SPECJALNA NR 17,2025,angielski,5.0,69.0,47.2,5.0,47.0,40.6,3.0,,
278305,SZKOŁA PODSTAWOWA SAIL INTERNATIONAL SCHOOL,2025,"polski, matematyka, angielski",2.0,,,2.0,,,4.0,,
86833,SZKOŁA PODSTAWOWA W STARYM CHWALIMIU,2025,angielski,11.0,80.0,77.0909090909091,11.0,23.0,23.90909090909091,4.0,,
266102,SZKOŁA PODSTAWOWA NR 2 IM.TARASA SZEWCZENKI W BIAŁYM BORZE,2025,"polski, matematyka",2.0,,,2.0,,,11.0,75.0,66.27272727272727
268378,SZKOŁA PODSTAWOWA IM. JULIANA TUWIMA W DRZONOWIE,2025,"polski, matematyka, angielski",4.0,,,4.0,,,2.0,,
60077,SZKOŁA PODSTAWOWA IM. MARII KONOPNICKIEJ W IWINIE,2025,angielski,7.0,51.0,58.714285714285715,7.0,20.0,33.0,3.0,,
277715,SZKOŁA PODSTAWOWA W GWDZIE WIELKIEJ,2025,"polski, matematyka, angielski",4.0,,,4.0,,,4.0,,
68340,SZKOŁA PODSTAWOWA W PIECNIKU,2025,angielski,6.0,26.5,27.333333333333332,6.0,20.0,18.333333333333332,4.0,,
119376,NIEPUBLICZNA SZKOŁA PODSTAWOWA Z ODDZIAŁEM PRZEDSZKOLNYM IM. 4 DYWIZJI PIECHOTY W SZWECJI,2025,"polski, matematyka, angielski",3.0,,,3.0,,,3.0,,
267763,PUBLICZNA SZKOŁA PODSTAWOWA W OPARZNIE,2025,"polski, matematyka, angielski",4.0,,,4.0,,,4.0,,
7705,PUBLICZNA SZKOŁA PODSTAWOWA IM. ARMII KRAJOWEJ W BOŻEM,2025,"polski, matematyka, angielski",4.0,,,4.0,,,4.0,,
9147,PUBLICZNA SZKOŁA PODSTAWOWA IM. TADEUSZA KOŚCIUSZKI W PODLESIU DUŻYM,2025,"polski, matematyka, angielski",2.0,,,2.0,,,2.0,,
24396,SZKOŁA PODSTAWOWA W CHOTUMIU,2025,"polski, matematyka, angielski",3.0,,,3.0,,,3.0,,
7966,NIEPUBLICZNA SZKOŁA PODSTAWOWA W GORYSZACH,2025,"polski, matematyka, angielski",1.0,,,1.0,,,1.0,,
12051,SZKOŁA PODSTAWOWA W WOLI MŁOCKIEJ,2025,"polski, matematyka, angielski",3.0,,,3.0,,,3.0,,
74367,SZKOŁA PODSTAWOWA SPECJALNA NR 2 W ZESPOLE SZKÓŁ SPECJALNYCH NR 2 W GARWOLINIE,2025,"polski, matematyka, angielski",1.0,,,1.0,,,1.0,,
264914,NIEPUBLICZNA SZKOŁA PODSTAWOWA Z ODDZIAŁAMI PRZYSPOSABIAJĄCYMI DO PRACY,2025,"polski, matematyka, angielski",1.0,,,1.0,,,1.0,,
9850,PUBLICZNA SZKOŁA PODSTAWOWA IM. MARII KOWNACKIEJ W ZWOLI,2025,"polski, matematyka, angielski",4.0,,,4.0,,,4.0,,
4121,PUBLICZNA SZKOŁA PODSTAWOWA,2025,"polski, matematyka, angielski",1.0,,,1.0,,,1.0,,
64774,PUBLICZNA SZKOŁA PODSTAWOWA W SOKOLE,2025,"polski, matematyka, angielski",3.0,,,3.0,,,3.0,,
278474,PUBLICZNA SZKOŁA PODSTAWOWA W KALENIU DRUGIM,2025,"polski, matematyka, angielski",4.0,,,4.0,,,4.0,,
30397,PUBLICZNA SZKOŁA PODSTAWOWA IM. ŚW. JANA PAWŁA II W ŻABIEŃCU,2025,"polski, matematyka, angielski",2.0,,,2.0,,,2.0,,
121810,SZKOŁA PODSTAWOWA IM. JANA PAWŁA II W BARANOWIE,2025,"polski, matematyka, angielski",4.0,,,4.0,,,4.0,,
129776,INTEGRACYJNA SZKOŁA MONTESSORI DRUGIE PIĘTRO,2025,"polski, matematyka, angielski",1.0,,,1.0,,,1.0,,
268509,TENISOWA SZKOŁA PODSTAWOWA,2025,"polski, matematyka, angielski",3.0,,,3.0,,,3.0,,
273509,NIEPUBLICZNA SZKOŁA PODSTAWOWA MOST,2025,"polski, matematyka, angielski",3.0,,,3.0,,,3.0,,
7605,SZKOŁA PODSTAWOWA IM. MARII KOWNACKIEJ W SKUŁACH,2025,"polski, matematyka",4.0,,,4.0,,,5.0,76.0,71.8
66479,PUBLICZNA SZKOŁA PODSTAWOWA IM. POETÓW POLSKICH W ZALESIU,2025,"polski, matematyka, angielski",2.0,,,2.0,,,2.0,,
66475,PUBLICZNA SZKOŁA PODSTAWOWA IM. MARII KONOPNICKIEJ W PIECZYSKACH,2025,"polski, matematyka, angielski",3.0,,,3.0,,,3.0,,
272999,NIEPUBLICZNA ZAOCZNA SZKOŁA PODSTAWOWA DLA DOROSŁYCH W GRÓJCU,2025,"polski, matematyka, angielski",3.0,,,3.0,,,,,
24340,PUBLICZNA SZKOŁA PODSTAWOWA W BOROWEM,2025,"polski, matematyka, angielski",3.0,,,3.0,,,3.0,,
89385,PUBLICZNA SZKOŁA PODSTAWOWA W MICHAŁOWICACH,2025,"polski, matematyka, angielski",4.0,,,4.0,,,4.0,,
17385,SZKOŁA PODSTAWOWA W CHMIELEWIE,2025,"polski, matematyka, angielski",3.0,,,3.0,,,3.0,,
71253,SZKOŁA PODSTAWOWA IM. TADEUSZA KOŚCIUSZKI W CYGANCE,2025,"polski, matematyka, angielski",4.0,,,4.0,,,4.0,,
479294,SZKOŁA PODSTAWOWA IM. BŁ.KARD.STEFANA WYSZYŃSKIEGO,2025,"polski, matematyka, angielski",2.0,,,2.0,,,2.0,,
121498,SZKOŁA FILIALNA W DĘBEM MAŁYM SZKOŁY PODSTAWOWEJ IM. RODZINY WYLEŻYŃSKICH W WIELGOLESIE,2025,"polski, matematyka, angielski",4.0,,,4.0,,,4.0,,
125097,SZKOŁA PODSTAWOWA NR 2 W OKRĘGOWYM OŚRODKU WYCHOWAWCZYM W MROZACH,2025,"polski, matematyka, angielski",4.0,,,4.0,,,4.0,,
119011,PRYWATNA SZKOŁA PODSTAWOWA IM. RODZINY MORACZEWSKICH,2025,"polski, matematyka, angielski",3.0,,,3.0,,,3.0,,
276102,PRYWATNA SZKOŁA PODSTAWOWA INSYGNIA,2025,"polski, matematyka, angielski",3.0,,,3.0,,,3.0,,
25707,SZKOŁA PODSTAWOWA W PROSZKOWIE,2025,"polski, matematyka, angielski",1.0,,,1.0,,,1.0,,
77599,ZESPÓŁ SZKOLNO-PRZEDSZKOLNY SZKOŁA PODSTAWOWA IM. GRUPY KAMPINOS AK W KALISZKACH,2025,"polski, matematyka",4.0,,,4.0,,,5.0,93.0,82.2
27288,SZKOŁA PODSTAWOWA W STAREJ RUSKOŁĘCE,2025,"polski, matematyka, angielski",3.0,,,3.0,,,3.0,,
91573,NIEPUBLICZNA SZKOŁA PODSTAWOWA W TRYNOSACH-OSIEDLE,2025,"polski, matematyka, angielski",1.0,,,1.0,,,1.0,,
107596,SZKOŁA PODSTAWOWA IM. ALEKSANDRA KOPCIA W ZAWADACH,2025,"polski, matematyka, angielski",4.0,,,4.0,,,4.0,,
72355,SZKOŁA PODSTAWOWA W OLSZEWCE,2025,"polski, matematyka, angielski",4.0,,,4.0,,,3.0,,
74080,PUBLICZNA SZKOŁA PODSTAWOWA W WYDMUSACH,2025,"polski, matematyka, angielski",3.0,,,3.0,,,3.0,,
74083,PUBLICZNA SZKOŁA PODSTAWOWA W ZALESIU,2025,"polski, matematyka, angielski",4.0,,,4.0,,,4.0,,
74078,PUBLICZNA SZKOŁA PODSTAWOWA W OLSZYNACH,2025,"polski, matematyka, angielski",4.0,,,4.0,,,4.0,,
119714,SZKOŁA PODSTAWOWA W BIAŁUSNYM LASKU,2025,"polski, matematyka, angielski",3.0,,,3.0,,,3.0,,
69176,SZKOŁA PODSTAWOWA W PRZYSTANI,2025,"polski, matematyka, angielski",2.0,,,2.0,,,2.0,,
124721,SZKOŁA PODSTAWOWA NR 2 W LASKOWCU,2025,angielski,6.0,15.5,20.666666666666668,6.0,25.0,21.666666666666668,4.0,,
62578,SZKOŁA PODSTAWOWA IM. KAROLA ADAMIECKIEGO W PUPKOWIŹNIE,2025,"polski, matematyka, angielski",2.0,,,2.0,,,2.0,,
128732,SZKOŁA PODSTAWOWA SIGIE IM. KAROLA ADAMIECKIEGO W WARMIAKU,2025,"polski, matematyka, angielski",1.0,,,1.0,,,1.0,,
128729,SZKOŁA PODSTAWOWA W WEJDZIE,2025,"polski, matematyka, angielski",1.0,,,1.0,,,1.0,,
262600,NIEZWYCZAJNA SZKOŁA. SPOŁECZNA SZKOŁA PODSTAWOWA SPECJALNA Z ODDZIAŁAMI PRZEDSZKOLNYMI W JÓZEFOWIE.,2025,"polski, matematyka, angielski",4.0,,,4.0,,,4.0,,
480220,SZKOŁA PODSTAWOWA SOKRATES,2025,"polski, matematyka, angielski",2.0,,,2.0,,,2.0,,
478547,AKADEMIA ŚW. STANISŁAWA PAPCZYŃSKIEGO - SZKOŁA PODSTAWOWA,2025,"polski, matematyka, angielski",4.0,,,4.0,,,4.0,,
123896,NIEPUBLICZNA SZKOŁA PODSTAWOWA DA VINCI,2025,"polski, matematyka, angielski",2.0,,,2.0,,,4.0,,
273522,NIEPUBLICZNA SZKOŁA PODSTAWOWA THAMES BRITISH SCHOOL,2025,"polski, matematyka, angielski",1.0,,,1.0,,,3.0,,
266088,NIEPUBLICZNA SZKOŁA PODSTAWOWA AZYL,2025,"polski, matematyka, angielski",2.0,,,2.0,,,2.0,,
4983,SZKOŁA PODSTAWOWA W ULATOWIE-ADAMACH,2025,"polski, matematyka, angielski",4.0,,,4.0,,,4.0,,
103949,SZKOŁA PODSTAWOWA W KŁUDNIE,2025,"polski, matematyka, angielski",3.0,,,3.0,,,3.0,,
480743,"NIEPUBLICZNA SZKOŁA PODSTAWOWA ""SZKOŁA DOKOŁA"" W PŁOCKU",2025,"polski, matematyka, angielski",1.0,,,1.0,,,1.0,,
88882,SZKOŁA PODSTAWOWA W ZAGROBIE,2025,"polski, matematyka, angielski",2.0,,,2.0,,,2.0,,
4663,SZKOŁA PODSTAWOWA IM. MARII KONOPNICKIEJ,2025,"polski, matematyka, angielski",2.0,,,2.0,,,2.0,,
91751,NIEPUBLICZNA SZKOŁA PODSTAWOWA W NOWYM KANIGOWIE,2025,"polski, matematyka, angielski",2.0,,,2.0,,,2.0,,
85554,SZKOŁA PODSTAWOWA IM. KORNELA MAKUSZYŃSKIEGO W BORKACH,2025,"polski, matematyka, angielski",4.0,,,4.0,,,4.0,,
85558,SZKOŁA PODSTAWOWA IM. MARII KOWNACKIEJ W NOWYM KAMIENIU,2025,"polski, matematyka, angielski",4.0,,,4.0,,,4.0,,
80611,SZKOŁA PODSTAWOWA W DZIERŻANOWIE,2025,"polski, matematyka, angielski",2.0,,,2.0,,,3.0,,
104690,NIEPUBLICZNA SZKOŁA PODSTAWOWA IM. MARSZAŁKA JÓZEFA PIŁSUDSKIEGO W ORSZYMOWIE,2025,"polski, matematyka, angielski",3.0,,,3.0,,,3.0,,
55958,SZKOŁA PODSTAWOWA IM. WŁADYSŁAWA JAGIEŁŁY W PIOTRKÓWKU,2025,"polski, matematyka, angielski",4.0,,,4.0,,,4.0,,
131791,SZKOŁA PODSTAWOWA PARTNER INTERNATIONAL PRIMARY SCHOOL Z ODDZIAŁAMI DWUJĘZYCZNYMI IM. MARII MONTESSORI,2025,"polski, matematyka, angielski",3.0,,,3.0,,,3.0,,
482560,SZKOŁA PODSTAWOWA SOKRATES,2025,"polski, matematyka, angielski",2.0,,,2.0,,,2.0,,
4866,SZKOŁA PODSTAWOWA IM. POR. JANA SKRZYSZEWSKIEGO W LESIOWIE,2025,"polski, matematyka, angielski",4.0,,,4.0,,,4.0,,
21345,SZKOŁA PODSTAWOWA W BARTODZIEJACH,2025,"polski, matematyka, angielski",2.0,,,2.0,,,1.0,,
273266,NIEPUBLICZNA SZKOŁA PODSTAWOWA MONTESSORI SCHOOL,2025,"polski, matematyka, angielski",2.0,,,2.0,,,2.0,,
107184,PUBLICZNA SZKOŁA PODSTAWOWA IM. MARII KONOPNICKIEJ W AUGUSTOWIE,2025,"polski, matematyka, angielski",4.0,,,4.0,,,4.0,,
4928,PUBLICZNA SZKOŁA PODSTAWOWA W ZALESICACH,2025,"polski, matematyka, angielski",4.0,,,4.0,,,4.0,,
478942,"NIEPUBLICZNA SZKOŁA PODSTAWOWA ""KOPERNIK""",2025,"polski, matematyka, angielski",4.0,,,4.0,,,4.0,,
21719,SZKOŁA PODSTAWOWA IM KS KAN KAZIMIERZA DYMITROWICZA W RADZIKOWIE WIELKIM,2025,"polski, matematyka, angielski",3.0,,,3.0,,,3.0,,
2970,NIEPUBLICZNA SZKOŁA PODSTAWOWA W GOŁĄBKU,2025,"polski, matematyka, angielski",3.0,,,3.0,,,3.0,,
34681,SZKOŁA PODSTAWOWA IM. MARSZAŁKA JÓZEFA PIŁSUDSKIEGO W KRZEŚLINIE,2025,"polski, matematyka, angielski",4.0,,,4.0,,,4.0,,
106930,NIEPUBLICZNA SZKOŁA PODSTAWOWA IM. KORNELA MAKUSZYŃSKIEGO W BORKACH-WYRKACH,2025,"polski, matematyka, angielski",2.0,,,2.0,,,2.0,,
65137,SZKOŁA PODSTAWOWA W SUDRAGACH,2025,angielski,13.0,38.0,43.76923076923077,13.0,17.0,20.23076923076923,3.0,,
59058,NIEPUBLICZNA SZKOŁA PODSTAWOWA W CZEKANOWIE,2025,"polski, matematyka, angielski",3.0,,,3.0,,,3.0,,
483376,PUBLICZNA SZKOŁA PODSTAWOWA W BUJAŁACH-MIKOSZACH,2025,"polski, matematyka, angielski",4.0,,,4.0,,,4.0,,
84204,SZKOŁA PODSTAWOWA IM. M. KONOPNICKIEJ Z ODDZIAŁEM PRZEDSZKOLNYM,2025,"polski, matematyka, angielski",3.0,,,3.0,,,3.0,,
128371,PUBLICZNA SZKOŁA PODSTAWOWA W NOWYM DWORZE,2025,"polski, matematyka, angielski",1.0,,,1.0,,,1.0,,
105688,SZKOŁA PODSTAWOWA SPECJALNA NR 167,2025,polski,4.0,,,5.0,13.0,14.4,5.0,35.0,49.6
31812,PRYWATNA SZKOŁA PODSTAWOWA NR 108 IM. MATKI BOSKIEJ NIEUSTAJĄCEJ POMOCY,2025,"polski, matematyka, angielski",4.0,,,4.0,,,4.0,,
129946,NIEPUBLICZNA INTEGRACYJNA SZKOŁA PODSTAWOWA IM. ACHILLESA RATTI,2025,"polski, matematyka, angielski",2.0,,,2.0,,,2.0,,
25033,INTERNATIONAL AMERICAN SCHOOL SP. Z O.O. AMERYKAŃSKA SZKOŁA PODSTAWOWA NIEPUBLICZNA NR 44,2025,"polski, matematyka",1.0,,,4.0,,,6.0,95.5,93.83333333333333
121724,MIĘDZYNARODOWA SZKOŁA MONTESSORI W WARSZAWIE,2025,"polski, matematyka, angielski",2.0,,,2.0,,,2.0,,
279315,SZKOŁA PODSTAWOWA KOSMOS,2025,"polski, matematyka, angielski",1.0,,,1.0,,,1.0,,
105302,SZKOŁA PODSTAWOWA SPECJALNA NR 349 W MŁODZIEŻOWYM OŚRODKU SOCJOTERAPII NR 8,2025,"polski, matematyka, angielski",4.0,,,4.0,,,4.0,,
264203,INTEGRACYJNA PODSTAWOWA SZKOŁA MONTESSORI WAWER,2025,"polski, matematyka, angielski",1.0,,,1.0,,,1.0,,
31707,"SZKOŁA PODSTAWOWA NIEPUBLICZNA NR 90 ""SZKOŁA RODZINNA""",2025,"polski, matematyka",4.0,,,4.0,,,5.0,71.0,76.0
29950,SZKOŁA PODSTAWOWA NIEPUBLICZNA KOLEGIUM ŚW. STANISŁAWA KOSTKI,2025,"polski, matematyka, angielski",1.0,,,1.0,,,1.0,,
53027,INTEGRACYJNA PODSTAWOWA SZKOŁA MONTESSORI ELIPSOIDA,2025,"polski, matematyka, angielski",2.0,,,2.0,,,2.0,,
114664,SZKOŁA PODSTAWOWA AKADEMIA DOBREJ EDUKACJI IM. GEN. JÓZEFA SOWIŃSKIEGO,2025,"polski, matematyka",4.0,,,4.0,,,11.0,87.0,81.18181818181819
478731,SZKOŁA PODSTAWOWA DOBRATU IM. TOSI KOZŁOWSKIEJ,2025,"polski, matematyka, angielski",3.0,,,3.0,,,3.0,,
278442,NIEPUBLICZNA SZKOŁA PODSTAWOWA FUNDACJI ADYS,2025,"polski, matematyka, angielski",3.0,,,3.0,,,3.0,,
13697,"NIEPUBLICZNA SZKOŁA PODSTAWOWA ""MOJA SZKOŁA"" IM. WANDY CHOTOMSKIEJ",2025,"polski, matematyka, angielski",3.0,,,3.0,,,3.0,,
127702,SŁONECZNA SZKOŁA PODSTAWOWA,2025,"polski, matematyka, angielski",3.0,,,3.0,,,3.0,,
55342,SZKOŁA PODSTAWOWA W MIĘDZYLESIU,2025,"polski, matematyka, angielski",4.0,,,4.0,,,4.0,,
13020,SZKOŁA PODSTAWOWA IM. PAPIEŻA JANA PAWŁA II W NOWYCH BUDACH,2025,"polski, matematyka, angielski",3.0,,,3.0,,,3.0,,
89967,"SZKOŁA PODSTAWOWA IM. BOHATERÓW LEŚNEJ PLACÓWKI AK ""MROWISKO"" W KNUROWCU",2025,"polski, matematyka, angielski",3.0,,,3.0,,,3.0,,
123985,"SZKOŁA PODSTAWOWA IM. HM. PPOR. AK ""ZOŚKI"" T. ZAWADZKIEGO W SIECZYCHACH",2025,"polski, matematyka, angielski",4.0,,,4.0,,,4.0,,
4534,SZKOŁA PODSTAWOWA IM. JANA PAWŁA II W BIELINIE,2025,"polski, matematyka, angielski",4.0,,,4.0,,,4.0,,
87532,SAMORZĄDOWA SZKOŁA PODSTAWOWA IM KORNELA MAKUSZYŃSKIEGO W WYSZKOWIE,2025,"polski, matematyka, angielski",4.0,,,4.0,,,4.0,,
119295,NIEPUBLICZNA SZKOŁA PODSTAWOWA W ORZEŁKU,2025,"polski, matematyka, angielski",1.0,,,1.0,,,1.0,,
126772,SZKOŁA PODSTAWOWA SPECJALNA W JAWORKU,2025,"polski, matematyka, angielski",3.0,,,3.0,,,3.0,,
82539,NIEPUBLICZNA SZKOŁA PODSTAWOWA IM. JANUSZA KORCZAKA W SZYDŁÓWCE,2025,"polski, matematyka, angielski",4.0,,,4.0,,,4.0,,
22762,SZKOŁA PODSTAWOWA IM. MARII KONOPNICKIEJ W KOBYLANACH,2025,"polski, matematyka, angielski",4.0,,,4.0,,,4.0,,
111216,SAMORZĄDOWA SZKOŁA PODSTAWOWA IM. JANUSZA KORCZAKA W PRZERADZU MAŁYM,2025,"polski, matematyka, angielski",4.0,,,4.0,,,4.0,,
8851,SZKOŁA PODSTAWOWA W KLICZEWIE DUŻYM,2025,"polski, matematyka, angielski",3.0,,,3.0,,,3.0,,
124924,SZKOŁA PODSTAWOWA W OKRĘGOWYM OŚRODKU WYCHOWAWCZYM W STUDZIEŃCU,2025,"polski, matematyka, angielski",4.0,,,4.0,,,4.0,,
262666,EUROPEJSKA SZKOŁA PODSTAWOWA Z ODDZIAŁAMI PRZYSPOSABIAJĄCYMI DO PRACY,2025,angielski,10.0,28.0,33.3,10.0,10.0,11.1,2.0,,
263508,SZKOŁA PODSTAWOWA DLA DOROSŁYCH W GŁOGOWIE,2025,"polski, matematyka, angielski",1.0,,,1.0,,,1.0,,
124982,SZKOŁA PODSTAWOWA NR 4 W ZAKŁADZIE POPRAWCZYM I SCHRONISKU DLA NIELETNICH W GŁOGOWIE,2025,"polski, matematyka, angielski",1.0,,,1.0,,,,,
68700,SPECJALNA SZKOŁA PODSTAWOWA NR 6,2025,"polski, matematyka, angielski",1.0,,,1.0,,,1.0,,
68549,"NIEPUBLICZNA SZKOŁA PODSTAWOWA W KARPACZU, SZKOŁA 707",2025,"polski, matematyka, angielski",3.0,,,3.0,,,3.0,,
83389,SZKOŁA PODSTAWOWA IM.WŁADYSŁAWA STANISŁAWA REYMONTA W ŚCIĘGNACH,2025,angielski,5.0,51.0,36.8,5.0,20.0,17.4,3.0,,
61352,SZKOŁA PODSTAWOWA W GORZANOWIE,2025,"polski, matematyka, angielski",4.0,,,4.0,,,4.0,,
50475,SZKOŁA PODSTAWOWA WALISZOWSKIEGO STOWARZYSZENIA EDUKACYJNEGO,2025,angielski,5.0,64.0,65.8,5.0,27.0,25.2,1.0,,
103610,SPOŁECZNA SZKOŁA PODSTAWOWA W CHOCIESZOWIE,2025,"polski, matematyka, angielski",3.0,,,3.0,,,3.0,,
87183,SZKOŁA PODSTAWOWA IM. JANA BRZECHWY W BUDZIWOJOWIE,2025,"polski, matematyka, angielski",4.0,,,4.0,,,4.0,,
262435,SZKOŁA PODSTAWOWA SPECJALNA W ZESPOLE PLACÓWEK TERAPEUTYCZNO-WYCHOWAWCZYCH WE WŁOSIENIU,2025,"polski, matematyka, angielski",1.0,,,1.0,,,,,
52093,SZKOŁA PODSTAWOWA W PŁÓCZKACH GÓRNYCH,2025,angielski,5.0,87.0,76.2,5.0,47.0,49.6,4.0,,
90027,SZKOŁA PODSTAWOWA SPECJALNA PRZY MŁODZIEŻOWYM OŚRODKU SOCJOTERAPII W LWÓWKU ŚLĄSKIM,2025,angielski,5.0,13.0,12.8,5.0,17.0,16.0,1.0,,
133983,SZKOŁA PODSTAWOWA PRZY MŁODZIEŻOWYM OŚRODKU WYCHOWAWCZYM W LWÓWKU ŚLĄSKIM,2025,"polski, matematyka, angielski",4.0,,,4.0,,,4.0,,
69409,SZKOŁA PODSTAWOWA IM. ŚW. FLORIANA W RĘBISZOWIE,2025,angielski,7.0,60.0,56.857142857142854,7.0,20.0,26.857142857142858,4.0,,
7573,SZKOŁA PODSTAWOWA IM. MIKOŁAJA KOPERNIKA,2025,"polski, matematyka, angielski",2.0,,,2.0,,,2.0,,
6292,SZKOŁA PODSTAWOWA W CZATKOWICACH,2025,"polski, matematyka, angielski",3.0,,,3.0,,,3.0,,
21215,SZKOŁA PODSTAWOWA IM. MJR HENRYKA SUCHARSKIEGO W ZBYTOWEJ,2025,"polski, matematyka, angielski",3.0,,,3.0,,,3.0,,
262304,SZKOŁA PODSTAWOWA SPECJALNA NR 2 W OŁAWIE,2025,angielski,5.0,47.0,49.8,5.0,17.0,17.4,4.0,,
105026,SZKOŁA PODSTAWOWA W ŚCINAWIE POLSKIEJ,2025,"polski, matematyka, angielski",3.0,,,3.0,,,3.0,,
6247,SZKOŁA PODSTAWOWA IM.JANA PAWŁA II W ŻELOWICACH,2025,"polski, matematyka, angielski",3.0,,,3.0,,,3.0,,
85076,ZESPÓŁ SZKOLNO-PRZEDSZKOLNY SZKOŁA PODSTAWOWA IM.JANUSZA KORCZAKA W SOKOŁOWSKU,2025,"polski, matematyka, angielski",4.0,,,4.0,,,4.0,,
25789,SZKOŁA PODSTAWOWA IM. J. KUSOCIŃSKIEGO,2025,matematyka,10.0,66.5,66.1,3.0,,,10.0,95.5,92.7
265515,SZKOŁA PODSTAWOWA IM. JANA ADAMA DE GARNIER W GŁĘBOWICACH,2025,"polski, matematyka, angielski",3.0,,,3.0,,,1.0,,
269452,"NIEPUBLICZNA SZKOŁA PODSTAWOWA ""INSPIRACJA""",2025,"polski, matematyka, angielski",4.0,,,4.0,,,4.0,,
272529,AUTORSKA SZKOŁA PODSTAWOWA GALILEO,2025,"polski, matematyka",3.0,,,3.0,,,5.0,87.0,74.4
14271,BRITISH INTERNATIONAL SCHOOL WROCLAW POLSKO - BRYTYJSKA DWUJĘZYCZNA SZKOŁA PODSTAWOWA WE WROCŁAWIU,2025,"polski, matematyka",2.0,,,2.0,,,7.0,76.0,73.71428571428571
131750,INTEGRACYJNA SZKOŁA PODSTAWOWA ALTO,2025,"polski, matematyka, angielski",4.0,,,4.0,,,3.0,,
278449,AUTORSKA SZKOŁA PODSTAWOWA CREO,2025,polski,3.0,,,5.0,27.0,34.8,5.0,38.0,52.2
267810,SZKOŁA PODSTAWOWA NR 29 IM. KONSTYTUCJI 3 MAJA,2025,"polski, matematyka, angielski",1.0,,,1.0,,,3.0,,
92849,SZKOŁA PODSTAWOWA IM. WŁODZIMIERZA PUCHALSKIEGO W PROBOSZCZOWIE,2025,"polski, matematyka, angielski",3.0,,,3.0,,,,,
122363,PUBLICZNA SZKOŁA PODSTAWOWA IM. TADEUSZA KOŚCIUSZKI Z ODDZIAŁAMI PRZEDSZKOLNYMI W GOCZAŁKOWIE,2025,"polski, matematyka, angielski",4.0,,,4.0,,,4.0,,
27636,SZKOŁA PODSTAWOWA W ROGOŹNICY,2025,"polski, matematyka, angielski",1.0,,,1.0,,,1.0,,
82520,SZKOŁA PODSTAWOWA SPECJALNA NR 3 W BYSTRZYCY GÓRNEJ,2025,angielski,7.0,38.0,34.714285714285715,7.0,13.0,13.571428571428571,4.0,,
9256,PUBLICZNA SZKOŁA PODSTAWOWA IM. MARII KONOPNICKIEJ W KOLNICY,2025,"polski, matematyka, angielski",4.0,,,4.0,,,4.0,,
74502,"SZKOŁA PODSTAWOWA Z ODDZIAŁEM PRZEDSZKOLNYM PRZY STOWARZYSZENIU PRZYJACIÓŁ ŚCIBORZYC WIELKICH ""ŚCIBOR"" W ŚCIBORZYCACH WIELKICH",2025,"polski, matematyka, angielski",4.0,,,4.0,,,4.0,,
20426,ZESPÓŁ SZKOLNO – PRZEDSZKOLNY W LASOWICACH WIELKICH SZKOŁA PODSTAWOWA W LASKOWICACH,2025,angielski,8.0,66.5,66.375,8.0,77.0,70.0,4.0,,
12363,SZKOŁA PODSTAWOWA W SKAŁĄGACH,2025,"polski, matematyka, angielski",4.0,,,4.0,,,4.0,,
64343,PUBLICZNA SZKOŁA PODSTAWOWA IM. MIKOŁAJA KOPERNIKA W MALNI,2025,angielski,10.0,56.0,50.6,10.0,35.0,41.4,3.0,,
110001,ZESPÓŁ SZKOLNO-PRZEDSZKOLNY W KÓRNICY PUBLICZNA SZKOŁA PODSTAWOWA W KÓRNICY,2025,"polski, matematyka, angielski",3.0,,,3.0,,,3.0,,
18167,PUBLICZNA SZKOŁA PODSTAWOWA W MACIOWAKRZU,2025,angielski,6.0,52.0,51.333333333333336,6.0,51.5,42.666666666666664,4.0,,
38556,PUBLICZNA SZKOŁA PODSTAWOWA W OSTROŻNICY,2025,angielski,5.0,47.0,47.0,5.0,17.0,38.0,3.0,,
81752,PUBLICZNA SZKOŁA PODSTAWOWA W POKRZYWNICY,2025,angielski,7.0,62.0,67.28571428571429,7.0,23.0,28.571428571428573,4.0,,
272091,SZKOŁA PODSTAWOWA W ŚWIERCZOWIE,2025,"polski, matematyka, angielski",4.0,,,4.0,,,4.0,,
17347,PUBLICZNA SZKOŁA PODSTAWOWA IM. TADEUSZA KOŚCIUSZKI W BODZANOWIE,2025,"polski, matematyka, angielski",1.0,,,1.0,,,1.0,,
25910,"PUBLICZNA SZKOŁA PODSTAWOWA STOWARZYSZENIA EDUKACYJNEGO ""PRZYJAZNA SZKOŁA"" W GIERAŁCICACH",2025,"polski, matematyka, angielski",1.0,,,1.0,,,,,
21226,PUBLICZNA SZKOŁA PODSTAWOWA STOWARZYSZENIA ROZWOJU WSI STARY LAS,2025,"polski, matematyka, angielski",2.0,,,2.0,,,2.0,,
39057,"PUBLICZNA SZKOŁA PODSTAWOWA STOWARZYSZENIA EDUKACYJNEGO ""UŚMIECH DZIECKA"" W CHARBIELINIE",2025,"polski, matematyka, angielski",4.0,,,4.0,,,4.0,,
113979,PUBLICZNA SZKOŁA PODSTAWOWA ZESPOŁU SZKOLNO-PRZEDSZKOLNEGO STOWARZYSZENIA NA RZECZ ROZWOJU WSI LIPNIKI,2025,"polski, matematyka, angielski",3.0,,,3.0,,,3.0,,
129459,SZKOŁA PODSTAWOWA WE WŁODARACH,2025,"polski, matematyka, angielski",4.0,,,4.0,,,4.0,,
59905,NIEPUBLICZNA SZKOŁA PODSTAWOWA IM. J. KOZARZEWSKIEGO W NYSIE,2025,"polski, matematyka, angielski",4.0,,,4.0,,,4.0,,
106488,SZKOŁA PODSTAWOWA NR 11 SPECJALNA W NYSIE,2025,"polski, matematyka, angielski",3.0,,,3.0,,,,,
81515,SZKOŁA PODSTAWOWA W GRĄDACH,2025,"polski, matematyka, angielski",4.0,,,4.0,,,4.0,,
275121,NIEPUBLICZNA SZKOŁA PODSTAWOWA STOWARZYSZENIA ROZWOJU WSI MAŃKOWICE W MAŃKOWICACH,2025,angielski,5.0,58.0,54.4,5.0,47.0,38.6,4.0,,
119774,ZESPÓŁ SZKOLNO-PRZEDSZKOLNY SZKOŁA PODSTAWOWA W GOSŁAWICACH,2025,angielski,14.0,70.0,68.14285714285714,14.0,67.0,59.285714285714285,4.0,,
12398,PUBLICZNA STOWARZYSZENIOWA SZKOŁA PODSTAWOWA W OCHODZACH,2025,"polski, matematyka, angielski",3.0,,,3.0,,,2.0,,
79097,PUBLICZNA SZKOŁA PODSTAWOWA W MUROWIE,2025,"polski, matematyka",4.0,,,4.0,,,5.0,31.0,49.0
115430,SZKOŁA PODSTAWOWA Z ODDZIAŁAMI PRZEDSZKOLNYMI STOWARZYSZENIA PRZYJACIÓŁ SZKÓŁ KATOLICKICH IM. ŚW. JANA PAWŁA II Z SIEDZIBĄ W GRABINIE,2025,"polski, matematyka, angielski",4.0,,,4.0,,,4.0,,
81063,ZESPÓŁ SZKOLNO-PRZEDSZKOLNY STOWARZYSZENIA PRO-LIBERIS SILESIAE SZKOŁA PODSTAWOWA W RASZOWEJ,2025,angielski,16.0,60.0,61.875,16.0,73.0,72.625,4.0,,
84614,PUBLICZNA SZKOŁA PODSTAWOWA W BIERDZANACH,2025,angielski,5.0,42.0,49.0,5.0,27.0,35.6,1.0,,
84618,PUBLICZNA SZKOŁA PODSTAWOWA IM. JANA PAWŁA II W OSOWCU,2025,"polski, matematyka, angielski",4.0,,,4.0,,,4.0,,
19468,SZKOŁA PODSTAWOWA Z ODDZIAŁEM PRZEDSZKOLNYM W TWARDAWIE,2025,"polski, matematyka, angielski",4.0,,,4.0,,,4.0,,
263338,SZKOŁA PODSTAWOWA SPECJALNA NR 2 W LEŚNICY,2025,angielski,5.0,29.0,32.0,5.0,13.0,26.0,4.0,,
7232,SZKOŁA PODSTAWOWA W STRASZEWIE,2026,"polski, matematyka, angielski",4.0,,,4.0,,,4.0,,
19747,SZKOŁA PODSTAWOWA,2026,"polski, matematyka, angielski",4.0,,,4.0,,,4.0,,
79205,SZKOŁA PODSTAWOWA,2026,"polski, matematyka, angielski",4.0,,,4.0,,,4.0,,
125684,SZKOŁA PODSTAWOWA NR 4 W OKRĘGOWYM OŚRODKU WYCHOWAWCZYM W KORONOWIE,2026,angielski,6.0,24.0,28.33333333333333,6.0,13.0,10.83333333333333,,,
12452,SZKOŁA PODSTAWOWA NR 55 SPECJALNA DLA UCZNIÓW NIEDOSTOSOWANYCH SPOŁECZNIE ORAZ Z ZABURZENIAMI ZACHOWANIA W BYDGOSZCZY,2026,polski,4.0,,,5.0,17.0,16.8,5.0,15.0,13.6
482403,KLASYCZNA SZKOŁA PODSTAWOWA,2026,"polski, matematyka, angielski",4.0,,,4.0,,,3.0,,
127680,SZKOŁA PODSTAWOWA IM. JANA SLASKIEGO,2026,"polski, matematyka, angielski",4.0,,,4.0,,,4.0,,
69395,SZKOŁA PODSTAWOWA IM. WOJSKA POLSKIEGO W PLUSKOWĘSACH,2026,"polski, matematyka, angielski",3.0,,,3.0,,,3.0,,
28683,SZKOŁA PODSTAWOWA W WYDRZNIE,2026,angielski,9.0,51.0,51.77777777777778,9.0,33.0,35.44444444444444,1.0,,
104498,SZKOŁA PODSTAWOWA W BURSZTYNOWIE,2026,"polski, matematyka, angielski",4.0,,,4.0,,,4.0,,
58586,SZKOŁA PODSTAWOWA IM. WOJSKA POLSKIEGO W RUSINOWIE,2026,"polski, matematyka, angielski",3.0,,,3.0,,,3.0,,
74297,SZKOŁA PODSTAWOWA W CZERMNIE,2026,"polski, matematyka, angielski",2.0,,,2.0,,,2.0,,
23427,SZKOŁA PODSTAWOWA IM. OFIAR KATYNIA W STRZELCACH,2026,"polski, matematyka, angielski",3.0,,,3.0,,,3.0,,
125643,SZKOŁA PODSTAWOWA NR 3 W OKRĘGOWYM OŚRODKU WYCHOWAWCZYM W KCYNI,2026,"polski, matematyka, angielski",2.0,,,2.0,,,2.0,,
69880,SZKOŁA PODSTAWOWA IM. BŁOGOSŁAWIONEJ MARII KARŁOWSKIEJ W CHWALISZEWIE,2026,angielski,5.0,64.0,55.2,5.0,43.0,40.4,4.0,,
478422,NIEPUBLICZNA SZKOŁA PODSTAWOWA MINI AKADEMIA,2026,"polski, matematyka, angielski",4.0,,,4.0,,,4.0,,
125690,SZKOŁA PODSTAWOWA NR 3 W OKRĘGOWYM OŚRODKU WYCHOWAWCZYM W SZUBINIE,2026,"polski, matematyka",4.0,,,4.0,,,5.0,22.0,23.6
11307,PUBLICZNA SZKOŁA PODSTAWOWA IM. WŁADYSŁAWA BRONIEWSKIEGO W BYCZU,2026,"polski, matematyka, angielski",2.0,,,2.0,,,2.0,,
88226,SZKOŁA PODSTAWOWA W NOWYM KOBRZYŃCU,2026,"polski, matematyka, angielski",2.0,,,2.0,,,2.0,,
6533,SZKOŁA PODSTAWOWA IM. MARII SKŁODOWSKIEJ-CURIE W STĘPOWIE,2026,"polski, matematyka, angielski",4.0,,,4.0,,,4.0,,
42520,SZKOŁA PODSTAWOWA W PÓŁWIESKU MAŁYM,2026,"polski, matematyka, angielski",3.0,,,3.0,,,3.0,,
42518,SZKOŁA PODSTAWOWA IM. BOHATERÓW WESTERPLATTE,2026,"polski, matematyka, angielski",3.0,,,3.0,,,3.0,,
29233,SZKOŁA PODSTAWOWA Z ODDZIAŁAMI INTEGRACYJNYMI IM. KS. JANA TWARDOWSKIEGO W JASTRZĘBCU,2026,"polski, matematyka, angielski",4.0,,,4.0,,,3.0,,
89750,SPOŁECZNA JĘZYKOWA SZKOŁA PODSTAWOWA GEM Z ODDZIAŁAMI PRZEDSZKOLNYMI,2026,"polski, matematyka, angielski",3.0,,,3.0,,,3.0,,
263965,"SZKOŁA PODSTAWOWA ""BLOK"" W TORUNIU",2026,angielski,14.0,10.0,14.21428571428571,15.0,13.0,12.86666666666667,,,
268619,NIEPUBLICZNA SZKOŁA PODSTAWOWA MONTESSORI W TORUNIU,2026,"polski, matematyka, angielski",3.0,,,3.0,,,3.0,,
60494,SZKOŁA PODSTAWOWA IM. LEONA WYCZÓŁKOWSKIEGO W KIEŁPINIE,2026,"polski, matematyka, angielski",4.0,,,4.0,,,4.0,,
268505,SZKOŁA PODSTAWOWA Z ODDZIAŁAMI DWUJĘZYCZNYMI MONTESSORI - SCHULE,2026,angielski,5.0,71.0,63.0,5.0,37.0,44.0,3.0,,
72761,SZKOŁA PODSTAWOWA IM. J. KORCZAKA W KRĄPLEWICACH,2026,"polski, matematyka, angielski",4.0,,,4.0,,,4.0,,
71034,SZKOŁA PODSTAWOWA W ŚWIĄTKOWIE,2026,"polski, matematyka, angielski",2.0,,,2.0,,,2.0,,
119042,NIEPUBLICZNA SZKOŁA PODSTAWOWA W SARBINOWIE DRUGIM,2026,"polski, matematyka, angielski",4.0,,,4.0,,,4.0,,
71000,NIEPUBLICZNA SZKOŁA PODSTAWOWA W LASKOWIE,2026,"polski, matematyka, angielski",4.0,,,4.0,,,4.0,,
60112,SZKOŁA PODSTAWOWA IM. KS. PRAŁATA ZDZISŁAWA JASTRZĘBIEC PESZKOWSKIEGO W SŁOSINKU,2026,"polski, matematyka, angielski",4.0,,,4.0,,,4.0,,
56537,PUBLICZNA SZKOŁA PODSTAWOWA IM. KAROLA WOJTYŁY W KAMNICY,2026,"polski, matematyka, angielski",1.0,,,1.0,,,1.0,,
125687,SZKOŁA PODSTAWOWA NR 6 W SCHRONISKU DLA NIELETNICH W CHOJNICACH,2026,"polski, matematyka, angielski",4.0,,,4.0,,,3.0,,
5130,SZKOŁA PODSTAWOWA W KRZEMIENIEWIE,2026,"polski, matematyka, angielski",2.0,,,2.0,,,2.0,,
34394,SZKOŁA PODSTAWOWA W UNIECHOWIE,2026,"polski, matematyka, angielski",1.0,,,1.0,,,1.0,,
15431,SZKOŁA PODSTAWOWA NR 57 IM. GEN. WŁADYSŁAWA ANDERSA W GDAŃSKU,2026,"polski, matematyka",3.0,,,3.0,,,21.0,45.0,50.09523809523809
9117,CENTRUM KSZTAŁCENIA ZAWODOWEGO I USTAWICZNEGO NR 1 SZKOŁA PODSTAWOWA DLA DOROSŁYCH W GDAŃSKU,2026,"polski, matematyka, angielski",3.0,,,3.0,,,3.0,,
196351,SZKOŁA PODSTAWOWA DLA DOROSŁYCH W GDYNI,2026,"polski, matematyka, angielski",2.0,,,2.0,,,3.0,,
53128,SZKOŁA PODSTAWOWA W SZARŁACIE,2026,"polski, matematyka, angielski",4.0,,,4.0,,,4.0,,
269073,SZKOŁA PODSTAWOWA MEGAMOCNI W GOWIDLINIE,2026,"polski, matematyka, angielski",4.0,,,4.0,,,4.0,,
133587,SZKOŁA PODSTAWOWA SPECJALNA NR 1 W MŁODZIEŻOWYM OŚRODKU WYCHOWAWCZYM IM. JANUSZA KORCZAKA W KWIDZYNIE DLA UCZNIÓW NIEDOSTOSOWANYCH SPOŁECZNIE ORAZ DLA UCZNIÓW NIEDOSTOSOWANYCH SPOŁECZNIE Z UPOŚLEDZENIEM UMYSŁOWYM W STOPNIU LEKKIM,2026,"polski, matematyka, angielski",4.0,,,4.0,,,4.0,,
26751,NIEPUBLICZNA SZKOŁA PODSTAWOWA W POPOWIE,2026,"polski, matematyka, angielski",4.0,,,4.0,,,4.0,,
272496,"NIEPUBLICZNA SPECJALNA SZKOŁA PODSTAWOWA ""SZCZĘŚLIWA PRZYSTAŃ""",2026,"polski, matematyka, angielski",1.0,,,1.0,,,1.0,,
124172,"NIEPUBLICZNA SZKOŁA PODSTAWOWA ""SOPOCKA SZKOŁA MONTESSORI"" W SOPOCIE",2026,"polski, matematyka, angielski",1.0,,,1.0,,,1.0,,
132633,II SPOŁECZNA SZKOŁA PODSTAWOWA W SŁUPSKU,2026,"polski, matematyka",4.0,,,4.0,,,6.0,30.0,45.5
42240,SZKOŁA PODSTAWOWA W WARCINIE IM. KS. PRAŁATA ALFREDA OSIPOWICZA,2026,"polski, matematyka, angielski",3.0,,,3.0,,,3.0,,
124316,NIEPUBLICZNA SZKOŁA PODSTAWOWA ADVENTURE W USTCE,2026,"polski, matematyka",2.0,,,2.0,,,7.0,56.0,55.85714285714285
5459,PUBLICZNA SZKOŁA PODSTAWOWA STOWARZYSZENIA PRZYJACIÓŁ SZKÓŁ KATOLICKICH,2026,"polski, matematyka, angielski",3.0,,,3.0,,,3.0,,
132081,NIEPUBLICZNA SZKOŁA PODSTAWOWA MONTESSORI,2026,"polski, matematyka, angielski",4.0,,,4.0,,,4.0,,
268854,PRYWATNA SZKOŁA PODSTAWOWA DEJA CSB,2026,"polski, matematyka",4.0,,,4.0,,,6.0,84.5,84.16666666666667
265357,SZKOŁA PODSTAWOWA DLA DOROSŁYCH,2026,"polski, matematyka, angielski",4.0,,,4.0,,,4.0,,
126189,NIEPUBLICZNA SZKOŁA PODSTAWOWA SPECJALNA IM. O. AUGUSTYNA KORDECKIEGO W CZĘSTOCHOWIE,2026,"polski, matematyka, angielski",2.0,,,2.0,,,1.0,,
3059,NIEPUBLICZNA SZKOŁA PODSTAWOWA IM. MARII KONOPNICKIEJ W SOBORZYCACH,2026,"polski, matematyka, angielski",4.0,,,4.0,,,4.0,,
64643,SZKOŁA PODSTAWOWA IM. ŚW.HUBERTA W KRASICACH,2026,"polski, matematyka, angielski",3.0,,,3.0,,,3.0,,
29126,SZKOŁA PODSTAWOWA IM. ORŁA BIAŁEGO W SŁOWIKU W ZESPOLE SZKOLNO-PRZEDSZKOLNYM W SŁOWIKU,2026,"polski, matematyka, angielski",4.0,,,4.0,,,4.0,,
31039,NIEPUBLICZNA SZKOŁA PODSTAWOWA W WOLI MOKRZESKIEJ,2026,"polski, matematyka, angielski",4.0,,,4.0,,,4.0,,
130569,"SZKOŁA PODSTAWOWA SPECJALNA NR 1 IM. ZOFII KSIĄŻEK-BREGUŁOWEJ W SPECJALNYM OŚRODKU SZKOLNO-WYCHOWAWCZYM DLA DZIECI I MŁODZIEŻY NIEPEŁNOSPRAWNEJ W DĄBROWIE GÓRNICZEJ, UL. SWOBODNA 59",2026,"polski, matematyka, angielski",1.0,,,1.0,,,1.0,,
7993,SZKOŁA PODSTAWOWA NR 29 W GLIWICACH,2026,"polski, matematyka, angielski",4.0,,,4.0,,,4.0,,
276135,"NIEPUBLICZNA SZKOŁA PODSTAWOWA ""SZKOŁA DOMOWA""",2026,"polski, matematyka, angielski",1.0,,,1.0,,,1.0,,
10958,SZKOŁA PODSTAWOWA NR 55 SPECJALNA,2026,"polski, matematyka, angielski",4.0,,,4.0,,,4.0,,
273549,KORCZAKOWSKA SZKOŁA MARZEŃ W KATOWICACH,2026,"polski, matematyka, angielski",2.0,,,2.0,,,2.0,,
263605,SZKOŁA PODSTAWOWA SPECJALNA W MŁODZIEŻOWYM OŚRODKU WYCHOWAWCZYM W KRZEPICACH,2026,"polski, matematyka, angielski",2.0,,,2.0,,,4.0,,
25565,PUBLICZNA SZKOŁA PODSTAWOWA STOWARZYSZENIA PRZYJACIÓŁ SZKÓŁ KATOLICKICH IM. ŚW. DOMINIKA SAVIO,2026,"polski, matematyka, angielski",2.0,,,2.0,,,2.0,,
93145,SZKOŁA PODSTAWOWA SPECJALNA NR 11 W ORZESZU,2026,"polski, matematyka, angielski",2.0,,,2.0,,,2.0,,
49635,SZKOŁA PODSTAWOWA STOWARZYSZENIA PRZYJACIÓŁ SZKÓŁ KATOLICKICH IM. ŚW. OJCA PIO W WINOWNIE,2026,"polski, matematyka, angielski",3.0,,,3.0,,,3.0,,
9756,SZKOŁA PODSTAWOWA IM JANA PAWŁA II W JAWORZNIKU,2026,"polski, matematyka, angielski",3.0,,,3.0,,,3.0,,
9748,SZKOŁA PODSTAWOWA IM. 11 LISTOPADA W ZAWADZIE,2026,"polski, matematyka, angielski",2.0,,,2.0,,,2.0,,
19144,MIEJSKA SZKOŁA PODSTAWOWA SPECJALNA IM. MARII GRZEGORZEWSKIEJ W PIEKARACH ŚLĄSKICH,2026,angielski,5.0,9.0,15.6,5.0,13.0,12.6,,,
114674,SZKOŁA PODSTAWOWA W BORUCINIE,2026,"polski, matematyka, angielski",3.0,,,3.0,,,3.0,,
124764,SZKOŁA PODSTAWOWA NR 16 W ZAKŁADZIE POPRAWCZYM I SCHRONISKU DLA NIELETNICH W RACIBORZU,2026,"polski, matematyka, angielski",1.0,,,1.0,,,1.0,,
17200,ZESPÓŁ SZKOLNO-PRZEDSZKOLNY W PSTRĄŻNEJ - SZKOŁA PODSTAWOWA IM. KAZIMIERZA WIELKIEGO W PSTRĄŻNEJ,2026,"polski, matematyka, angielski",4.0,,,4.0,,,4.0,,
123265,"SZKOŁA PODSTAWOWA ""ATENA""",2026,"polski, matematyka, angielski",4.0,,,4.0,,,4.0,,
55714,NIEPUBLICZNA SZKOŁA PODSTAWOWA W PYRZOWICACH,2026,"polski, matematyka, angielski",3.0,,,3.0,,,3.0,,
263401,"NIEPUBLICZNA SZKOŁA PODSTAWOWA ""CENTRUM ROZWOJU DZIECKA""",2026,"polski, matematyka, angielski",4.0,,,4.0,,,4.0,,
23630,SZKOŁA PODSTAWOWA SPECJALNA NR 9 W KAMIEŃCU,2026,"polski, matematyka, angielski",1.0,,,1.0,,,1.0,,
124920,"NIEPUBLICZNA SZKOŁA PODSTAWOWA ""OTWARTE OKNO"" Z ODDZIAŁAMI INTEGRACYJNYMI I SPECJALNYMI W TYCHACH",2026,"polski, matematyka, angielski",1.0,,,1.0,,,1.0,,
21957,"SZKOŁA PODSTAWOWA FUNDACJI ""ELEMENTARZ"" W PODZAMCZU",2026,"polski, matematyka, angielski",1.0,,,1.0,,,1.0,,
124754,SZKOŁA PODSTAWOWA NR 12 W ZAKŁADZIE POPRAWCZYM I SCHRONISKU DLA NIELETNICH W ZAWIERCIU,2026,"polski, matematyka, angielski",3.0,,,3.0,,,3.0,,
3046,NIEPUBLICZNA SZKOŁA PODSTAWOWA W CIĄGOWICACH,2026,"polski, matematyka, angielski",3.0,,,3.0,,,3.0,,
3197,NIEPUBLICZNA SZKOŁA PODSTAWOWA IM. STANISŁAWA BĘDKOWSKIEGO W GRABOWEJ,2026,"polski, matematyka, angielski",2.0,,,2.0,,,1.0,,
87238,SZKOŁA PODSTWAWOWA W LALIKACH IM.KS.JANA TWARDOWSKIEGO,2026,"polski, matematyka",4.0,,,4.0,,,5.0,67.0,57.4
14024,SZKOŁA PODSTAWOWA IM.KS.STANISŁAWA BRZÓSKI W DOKUDOWIE,2026,"polski, matematyka, angielski",3.0,,,3.0,,,3.0,,
24453,SZKOŁA PODSTAWOWA IM. LEGIONÓW POLSKICH W ŻEROCINIE,2026,"polski, matematyka, angielski",4.0,,,4.0,,,4.0,,
22048,SZKOŁA PODSTAWOWA IM. JANA PAWŁA II W POŁOSKACH,2026,"polski, matematyka, angielski",3.0,,,3.0,,,2.0,,
7218,SZKOŁA PODSTAWOWA W MOTWICY,2026,"polski, matematyka, angielski",4.0,,,4.0,,,4.0,,
59698,SZKOŁA PODSTAWOWA IM.JULIANA URSYNA NIEMCEWICZA W NEPLACH,2026,angielski,6.0,55.5,52.66666666666666,6.0,35.0,41.5,3.0,,
121584,NIEPUBLICZNA SZKOŁA PODSTAWOWA,2026,"polski, matematyka, angielski",3.0,,,3.0,,,3.0,,
9938,SZKOŁA PODSTAWOWA IM. MARII KONOPNICKIEJ W WÓLCE DOBRYŃSKIEJ,2026,"polski, matematyka, angielski",4.0,,,4.0,,,4.0,,
9947,SZKOŁA PODSTAWOWA W BEREZÓWCE,2026,"polski, matematyka, angielski",2.0,,,2.0,,,2.0,,
478973,SZKOŁA PODSTAWOWA W HUSZCZY,2026,"polski, matematyka, angielski",4.0,,,4.0,,,2.0,,
271744,PRYWATNA SZKOŁA PODSTAWOWA,2026,"polski, matematyka, angielski",3.0,,,3.0,,,3.0,,
482354,SZKOŁA PODSTAWOWA IM. KS. JERZEGO POPIEŁUSZKI W BUKOWEJ,2026,"polski, matematyka, angielski",4.0,,,4.0,,,4.0,,
41647,SZKOŁA PODSTAWOWA W RADZIĘCINIE,2026,"polski, matematyka, angielski",3.0,,,3.0,,,3.0,,
10901,SZKOŁA PODSTAWOWA W GRÓDKACH,2026,"polski, matematyka, angielski",4.0,,,4.0,,,4.0,,
128914,SZKOŁA PODSTAWOWA W BRZEŹNIE,2026,"polski, matematyka, angielski",2.0,,,2.0,,,2.0,,
275589,SZKOŁA PODSTAWOWA IM. JANA PAWŁA II W CZUŁCZYCACH,2026,"polski, matematyka, angielski",3.0,,,3.0,,,3.0,,
275604,SZKOŁA PODSTAWOWA Z ODDZIAŁAMI INTEGRACYJNYMI IM. MARII KONOPNICKIEJ W BUKOWIE WIELKIEJ,2026,"polski, matematyka, angielski",4.0,,,4.0,,,4.0,,
122403,PUBLICZNA SZKOŁA PODSTAWOWA W SZPIKOŁOSACH,2026,"polski, matematyka, angielski",4.0,,,4.0,,,4.0,,
89873,SZKOŁA PODSTAWOWA STOWARZYSZENIA ROZWOJU WSI SZYCHOWICE,2026,"polski, matematyka, angielski",3.0,,,3.0,,,3.0,,
130065,SZKOŁA PODSTAWOWA IM. MARII KONOPNICKIEJ W MOŁODIATYCZACH,2026,"polski, matematyka, angielski",4.0,,,,,,4.0,,
29846,PUBLICZNA SZKOŁA PODSTAWOWA W BŁAŻKU,2026,"polski, matematyka, angielski",4.0,,,4.0,,,4.0,,
19285,PUBLICZNA SZKOŁA PODSTAWOWA W OTROCZU,2026,"polski, matematyka, angielski",4.0,,,4.0,,,4.0,,
32108,PUBLICZNA SZKOŁA PODSTAWOWA W GODZISZOWIE DRUGIM,2026,angielski,5.0,71.0,70.8,5.0,67.0,70.0,4.0,,
21927,PUBLICZNA SZKOŁA PODSTAWOWA IM. JANA PAWŁA II W STOJESZYNIE PIERWSZYM,2026,"polski, matematyka, angielski",4.0,,,4.0,,,3.0,,
104107,PUBLICZNA SZKOŁA PODSTAWOWA W KOSINIE,2026,"polski, matematyka, angielski",4.0,,,4.0,,,4.0,,
50327,PUBLICZNA SZKOŁA PODSTAWOWA W ŚWIECIECHOWIE,2026,"polski, matematyka, angielski",4.0,,,4.0,,,4.0,,
7820,PUBLICZNA SZKOŁA PODSTAWOWA W OPOCE DUŻEJ,2026,"polski, matematyka, angielski",4.0,,,4.0,,,4.0,,
85480,SZKOŁA PODSTAWOWA IM. MARII KONOPNICKIEJ W SŁODKOWIE TRZECIM,2026,"polski, matematyka, angielski",3.0,,,3.0,,,4.0,,
90006,PUBLICZNA SZKOŁA PODSTAWOWA IM.ŚW.FAUSTYNY KOWALSKIEJ W WOJCIECHOWIE,2026,"polski, matematyka, angielski",1.0,,,1.0,,,1.0,,
82528,SZKOŁA PODSTAWOWA W RZECZYCY KSIĘŻEJ,2026,"polski, matematyka, angielski",3.0,,,3.0,,,3.0,,
89166,SZKOŁA PODSTAWOWA IM. LEONA HEMPLA W SKORCZYCACH,2026,"polski, matematyka, angielski",4.0,,,4.0,,,4.0,,
131538,PUBLICZNA SZKOŁA PODSTAWOWA W LESZCZYNIE,2026,"polski, matematyka, angielski",4.0,,,4.0,,,4.0,,
84724,SZKOŁA PODSTAWOWA W MARIANÓWCE,2026,"polski, matematyka, angielski",2.0,,,2.0,,,2.0,,
87700,SZKOŁA PODSTAWOWA IM.KAZIMIERZA WIELKIEGO W WIELKIEM,2026,"polski, matematyka, angielski",3.0,,,3.0,,,3.0,,
68343,PUBLICZNA SZKOŁA PODSTAWOWA W NOWYM ANTONINIE,2026,"polski, matematyka, angielski",2.0,,,2.0,,,2.0,,
478618,SZKOŁA PODSTAWOWA IM. KS. JANA TWARDOWSKIEGO W KAZNOWIE,2026,"polski, matematyka, angielski",4.0,,,4.0,,,4.0,,
75236,PUBLICZNA SZKOŁA PODSTAWOWA W NOWEJ WSI,2026,"polski, matematyka, angielski",2.0,,,2.0,,,2.0,,
55780,SZKOŁA PODSTAWOWA IM. BOHATERÓW OPERACJI MOST I W MATCZYNIE,2026,"polski, matematyka, angielski",4.0,,,4.0,,,4.0,,
124791,SZKOŁA PODSTAWOWA W SCHRONISKU DLA NIELETNICH DOMINOWIE,2026,"polski, matematyka, angielski",4.0,,,4.0,,,4.0,,
62372,PUBLICZNA SZKOŁA PODSTAWOWA W RADAWCZYKU,2026,"polski, matematyka, angielski",2.0,,,2.0,,,2.0,,
64855,SZKOŁA PODSTAWOWA W ŁUBKACH,2026,"polski, matematyka, angielski",2.0,,,2.0,,,2.0,,
90781,SPOŁECZNA TERAPEUTYCZNA SZKOŁA PODSTAWOWA IM. H. CH. ANDERSENA W LUBLINIE,2026,"polski, matematyka, angielski",2.0,,,2.0,,,2.0,,
91772,SPECJALNY OŚRODEK SZKOLNO-WYCHOWAWCZY DLA DZIECI I MŁODZIEŻY NIEPEŁNOSPRAWNEJ IM.PROF.Z.SĘKOWSKIEJ W LUBLINIE SZKOŁA PODSTAWOWA SPECJALNA NR 54,2026,"polski, matematyka, angielski",1.0,,,1.0,,,1.0,,
132251,NIEPUBLICZNA SZKOŁA PODSTAWOWA ŚWIĘTEGO JANA BOSKO W LUBLINIE,2026,"polski, matematyka, angielski",4.0,,,4.0,,,4.0,,
76029,PUBLICZNA SZKOŁA PODSTAWOWA W CHRUŚLANKACH JÓZEFOWSKICH,2026,"polski, matematyka, angielski",2.0,,,2.0,,,2.0,,
22431,PUBLICZNA SZKOŁA PODSTAWOWA W ZAKRZOWIE,2026,"polski, matematyka, angielski",2.0,,,2.0,,,3.0,,
130372,SZKOŁA PODSTAWOWA IM. UNITÓW PODLASKICH W DAWIDACH,2026,"polski, matematyka, angielski",4.0,,,4.0,,,4.0,,
19781,PUBLICZNA SZKOŁA PODSTAWOWA W TYŚMIENICY,2026,"polski, matematyka, angielski",2.0,,,2.0,,,2.0,,
103519,PUBLICZNA SZKOŁA PODSTAWOWA W JEZIORZE,2026,"polski, matematyka, angielski",3.0,,,3.0,,,3.0,,
478847,SZKOŁA PODSTAWOWA W GRÓDKU SZLACHECKIM,2026,"polski, matematyka, angielski",4.0,,,4.0,,,4.0,,
268420,SZKOŁA PODSTAWOWA SPECJALNA W MŁODZIEŻOWYM OŚRODKU SOCJOTERAPII W ALBRECHTÓWCE,2026,"polski, matematyka, angielski",4.0,,,4.0,,,4.0,,
87568,SZKOŁA PODSTAWOWA IM. EWY SZELBURG-ZAREMBINY W DRZEWCACH,2026,"polski, matematyka, angielski",4.0,,,4.0,,,4.0,,
15549,SZKOŁA PODSTAWOWA W ŻAKOWOLI POPRZECZNEJ,2026,"polski, matematyka, angielski",3.0,,,3.0,,,3.0,,
40714,Z.O.SZKOŁA PODSTAWOWA IM. KS. LUCJANA NIEDZIELAKA W POLSKOWOLI,2026,"polski, matematyka, angielski",4.0,,,4.0,,,4.0,,
478032,SZKOŁA PODSTAWOWA Z ODDZIAŁAMI PRZYSPOSABIAJĄCYMI DO PRACY W RADZYNIU PODLASKIM,2026,"polski, matematyka",3.0,,,3.0,,,23.0,24.0,30.43478260869565
86091,SZKOŁA PODSTAWOWA W PASZKACH DUŻYCH,2026,"polski, matematyka, angielski",4.0,,,4.0,,,4.0,,
30644,SZKOŁA PODSTAWOWA W OSTRÓWKACH,2026,"polski, matematyka, angielski",3.0,,,3.0,,,3.0,,
73934,PUBLICZNA SZKOŁA PODSTAWOWA W OWNI,2026,"polski, matematyka, angielski",2.0,,,2.0,,,2.0,,
83787,PUBLICZNA SZKOŁA PODSTAWOWA W PAWŁOWICACH,2026,"polski, matematyka, angielski",4.0,,,4.0,,,4.0,,
60012,PUBLICZNA SZKOŁA PODSTAWOWA W BIAŁKACH DOLNYCH,2026,"polski, matematyka, angielski",4.0,,,4.0,,,4.0,,
8600,SZKOŁA PODSTAWOWA W TYPINIE,2026,"polski, matematyka, angielski",3.0,,,3.0,,,3.0,,
18106,SZKOŁA PODSTAWOWA IM.PAPIEŻA JANA PAWŁA II W SZAROWOLI,2026,"polski, matematyka, angielski",2.0,,,2.0,,,2.0,,
10625,NIEPUBLICZNA SZKOŁA PODSTAWOWA W PRZEORSKU,2026,"polski, matematyka, angielski",3.0,,,3.0,,,3.0,,
119495,"PUBLICZNA SZKOŁA PODSTAWOWA PROWADZONA PRZEZ STOWARZYSZENIE ,,PRZYJAZNA SZKOŁA""",2026,"polski, matematyka, angielski",1.0,,,1.0,,,1.0,,
22385,NIEPUBLICZNA SZKOŁA PODSTAWOWA W DOŁHOBRODACH,2026,"polski, matematyka, angielski",3.0,,,3.0,,,3.0,,
104214,SZKOŁA PODSTAWOWA IM. ARMII KRAJOWEJ W WYRYKACH,2026,"polski, matematyka, angielski",4.0,,,4.0,,,4.0,,
133582,SZKOŁA PODSTAWOWA Z ODDZIAŁAMI PRZYSPOSABIAJĄCYMI DO PRACY WE WŁODAWIE,2026,"polski, matematyka, angielski",3.0,,,3.0,,,3.0,,
73631,PUBLICZNA SZKOŁA PODSTAWOWA IM. BŁ. KS.Z.PISARSKIEGO W GDESZYNIE,2026,"polski, matematyka, angielski",1.0,,,1.0,,,1.0,,
119285,SZKOŁA PODSTAWOWA W ZAWALOWIE,2026,"polski, matematyka, angielski",2.0,,,2.0,,,2.0,,
41642,PUBLICZNA SZKOŁA PODSTAWOWA IM.BŁ.KS. ZYGMUNTA PISARSKIEGIO W CZARNYMSTOKU,2026,"polski, matematyka, angielski",3.0,,,3.0,,,3.0,,
105001,SZKOŁA PODSTAWOWA IM. STANISŁAWY BAJ W HORYSZOWIE POLSKIM,2026,"polski, matematyka, angielski",4.0,,,4.0,,,4.0,,
105003,SZKOŁA PODSTAWOWA W KOLONII SITNO,2026,"polski, matematyka, angielski",4.0,,,4.0,,,4.0,,
113523,SZKOŁA PODSTAWOWA W KORNELÓWCE,2026,"polski, matematyka, angielski",1.0,,,1.0,,,1.0,,
13837,SZKOŁA PODSTAWOWA W HERMANOWIE,2026,"polski, matematyka, angielski",2.0,,,2.0,,,2.0,,
110308,SZKOŁA PODSTAWOWA SPECJALNA W SOSW W ZP W ŁUKOWIE,2026,"polski, matematyka, angielski",1.0,,,1.0,,,1.0,,
25372,SZKOŁA PODSTAWOWA W GARBATÓWCE,2026,"polski, matematyka, angielski",4.0,,,4.0,,,4.0,,
25375,SZKOŁA PODSTAWOWA W MALINÓWCE,2026,"polski, matematyka, angielski",3.0,,,3.0,,,3.0,,
88940,SZKOLA PODSTAWOWA SPECJALNA W PODGŁĘBOKIEM,2026,"polski, matematyka, angielski",2.0,,,2.0,,,2.0,,
43969,ZESPÓŁ SZKOLNO - PRZEDSZKOLNY PUBLICZNA SZKOŁA PODSTAWOWA IM. ŚW. JANA PAWŁA II W ŁAZACH,2026,"polski, matematyka, angielski",4.0,,,4.0,,,4.0,,
82339,PUBLICZNA SZKOŁA PODSTAWOWA IM. KAZIMIERZA WIELKIEGO W BORZĘCINIE DOLNYM,2026,"polski, matematyka, angielski",3.0,,,3.0,,,3.0,,
87535,PUBLICZNA SZKOŁA PODSTAWOWA W ŁĘKACH,2026,"polski, matematyka, angielski",2.0,,,2.0,,,2.0,,
26360,PUBLICZNA SZKOŁA PODSTAWOWA W WYTRZYSZCZCE,2026,"polski, matematyka, angielski",3.0,,,3.0,,,3.0,,
16585,PUBLICZNA SZKOŁA PODSTAWOWA W NIEDZIELISKACH,2026,"polski, matematyka, angielski",3.0,,,3.0,,,3.0,,
16598,PUBLICZNA SZKOŁA PODSTAWOWA IM.MJR HENRYKA SUCHARSKIEGO W WOLI PRZEMYKOWSKIEJ,2026,"polski, matematyka, angielski",4.0,,,4.0,,,4.0,,
86238,SZKOŁA PODSTAWOWA IM. KORNELA MAKUSZYŃSKIEGO W SMĘGORZOWIE,2026,"polski, matematyka, angielski",4.0,,,4.0,,,4.0,,
83312,NIEPUBLICZNA SZKOŁA PODSTAWOWA W ŻELAZÓWCE,2026,"polski, matematyka, angielski",4.0,,,4.0,,,4.0,,
61468,SZKOŁA PODSTAWOWA IM. ŚWIĘTEGO JANA PAWŁA II W PILCZY ŻELICHOWSKIEJ,2026,"polski, matematyka, angielski",4.0,,,4.0,,,4.0,,
85807,SZKOŁA PODSTAWOWA IM.STEFANA CZARNIECKIEGO W RACŁAWICACH,2026,"polski, matematyka, angielski",3.0,,,3.0,,,3.0,,
269437,"PRYWATNA SZKOŁA PODSTAWOWA ""ROYAL SCHOOL""",2026,"polski, matematyka, angielski",1.0,,,1.0,,,2.0,,
44097,SZKOŁA PODSTAWOWA IM. WŁADYSŁAWA SZAFERA W WOLI KALINOWSKIEJ,2026,"polski, matematyka, angielski",2.0,,,2.0,,,3.0,,
131802,"NIEPUBLICZNA SZKOŁA PODSTAWOWA ""KRAKOWSKA SZKOŁA MONTESSORI""",2026,"polski, matematyka, angielski",4.0,,,4.0,,,4.0,,
130970,NIEPUBLICZNA SZKOŁA PODSTAWOWA DA VINCI'S INTERNATIONAL PRIMARY SCHOOL Z ODDZIAŁAMI DWUJĘZYCZNYMI,2026,"polski, matematyka",4.0,,,4.0,,,13.0,96.0,92.46153846153847
122914,NIEPUBLICZNA SZKOŁA PODSTAWOWA ZACZAROWANA PLANETA,2026,"polski, matematyka, angielski",3.0,,,3.0,,,3.0,,
263679,NIEPUBLICZNA SZKOŁA PODSTAWOWA LOGOS,2026,"polski, matematyka",4.0,,,4.0,,,5.0,98.0,93.6
133507,PRYWATNA SZKOŁA PODSTAWOWA NR 5,2026,"polski, matematyka, angielski",2.0,,,2.0,,,2.0,,
43462,"SZKOŁA PODSTAWOWA, IM. ŚW. FLORIANA W GLISNEM",2026,"polski, matematyka, angielski",3.0,,,3.0,,,3.0,,
103691,SZKOŁA PODSTAWOWA IM.MARII KONOPNICKIEJ W ROZTOCE,2026,"polski, matematyka, angielski",2.0,,,2.0,,,2.0,,
50345,SZKOŁA PODSTAWOWA IM.HENRYKA SIENKIEWICZA W JASTRZĘBIU,2026,"polski, matematyka, angielski",4.0,,,4.0,,,4.0,,
128527,SZKOŁA PODSTAWOWA IM.MIKOŁAJA KOPERNIKA W SWOJCZANACH,2026,"polski, matematyka, angielski",2.0,,,2.0,,,2.0,,
85331,SZKOŁA PODSTAWOWA W PSTROSZYCACH,2026,"polski, matematyka, angielski",2.0,,,2.0,,,2.0,,
478589,"NIEPUBLICZNA SZKOŁA PODSTAWOWA DWÓR ""ZWYCIĄŻ""",2026,"polski, matematyka, angielski",3.0,,,3.0,,,3.0,,
40664,SZKOŁA PODSTAWOWA IM. ŻOŁNIERZY NIEZŁOMNYCH W BĄCZEJ-KUNINIE,2026,"polski, matematyka, angielski",4.0,,,4.0,,,4.0,,
30186,SZKOŁA PODSTAWOWA W STAŃKOWEJ,2026,"polski, matematyka, angielski",3.0,,,3.0,,,3.0,,
62311,SZKOŁA PODSTAWOWA W SZCZEREŻU,2026,"polski, matematyka, angielski",3.0,,,3.0,,,3.0,,
129061,ORAWSKA SZKOŁA PODSTAWOWA,2026,"polski, matematyka, angielski",4.0,,,4.0,,,4.0,,
76301,SZKOŁA PODSTAWOWA NR 4 IM. DR EMILA KOWALCZYKA W LIPNICY WIELKIEJ,2026,"polski, matematyka, angielski",3.0,,,3.0,,,4.0,,
14047,SZKOŁA PODSTAWOWA IM. ŚWIĘTEJ KINGI W KNUROWIE,2026,"polski, matematyka, angielski",4.0,,,4.0,,,4.0,,
17350,SZKOŁA PODSTAWOWA IM. ŚWIĘTEGO JANA PAWŁA II W OBIDOWEJ,2026,"polski, matematyka, angielski",4.0,,,4.0,,,4.0,,
6412,SZKOŁA PODSTAWOWA IM. STANISŁAWA STASZICA W DURSZTYNIE,2026,"polski, matematyka, angielski",4.0,,,4.0,,,4.0,,
30423,SZKOŁA PODSTAWOWA W SZLEMBARKU,2026,"polski, matematyka, angielski",3.0,,,3.0,,,3.0,,
72569,SZKOŁA PODSTAWOWA NR 3 IM. ŚW. BRATA ALBERTA W SKAWIE,2026,"polski, matematyka, angielski",4.0,,,4.0,,,4.0,,
131154,SZKOŁA PODSTAWOWA W ŁAPSZANCE,2026,"polski, matematyka, angielski",3.0,,,3.0,,,3.0,,
64464,SZKOŁA PODSTAWOWA IM. WOJSKA POLSKIEGO W ZAWADZIE,2026,"polski, matematyka, angielski",4.0,,,4.0,,,4.0,,
278970,NIEPUBLICZNA SZKOŁA PODSTAWOWA FUNDACJI ŚWIĘTEGO JÓZEFA,2026,"polski, matematyka, angielski",1.0,,,1.0,,,1.0,,
42519,SZKOŁA PODSTAWOWA IM.FRYDERYKA CHOPINA W KOJSZÓWCE,2026,"polski, matematyka, angielski",3.0,,,3.0,,,3.0,,
88867,SZKOŁA PODSTAWOWA IM.MIECZYSŁAWA KARŁOWICZA W WIEPRZCU,2026,"polski, matematyka, angielski",1.0,,,1.0,,,1.0,,
85216,PUBLICZNA SZKOŁA PODSTAWOWA STOWARZYSZENIA PRZYJACIÓŁ SZKÓŁ KATOLICKICH IM. ŚW. JÓZEFA W HUCISKU-PEWELCE,2026,"polski, matematyka, angielski",1.0,,,1.0,,,1.0,,
121912,SZKOŁA PODSTAWOWA NR 8 IM.S.STASZICA W ZAWOI MOSORNE,2026,"polski, matematyka",4.0,,,4.0,,,6.0,76.5,64.83333333333333
61496,SZKOŁA PODSTAWOWA IM. MARII KONOPNICKIEJ W TARNAWIE DOLNEJ,2026,"polski, matematyka, angielski",4.0,,,4.0,,,4.0,,
51283,PUBLICZNA SZKOŁA PODSTAWOWA IM. ŚW. JANA PAWŁA II W SWOSZOWEJ,2026,"polski, matematyka, angielski",3.0,,,3.0,,,3.0,,
71161,PUBLICZNA SZKOŁA PODSTAWOWA IM.SIERŻ.AK SIWAKA WALIGÓRY W BUCHCICACH,2026,"polski, matematyka, angielski",4.0,,,4.0,,,4.0,,
30630,SZKOŁA PODSTAWOWA STOWARZYSZENIA PRZYJACIÓŁ SZKÓŁ KATOLICKICH IM. ŚW. KRÓLOWEJ JADWIGI W BARWAŁDZIE DOLNYM,2026,"polski, matematyka, angielski",3.0,,,3.0,,,3.0,,
63259,SZKOŁA PODSTAWOWA IM. ŚW. KINGI W BILCZYCACH,2026,"polski, matematyka, angielski",3.0,,,3.0,,,3.0,,
266027,"SZKOŁA PODSTAWOWA ""ISTOTA"" W WIELICZCE",2026,"polski, matematyka, angielski",3.0,,,3.0,,,3.0,,
12404,"SZKOŁA PODSTAWOWA IM. DANUTY SIEDZIKÓWNY ""INKI"" W GRUDNEJ GÓRNEJ",2026,"polski, matematyka, angielski",4.0,,,4.0,,,4.0,,
12471,SZKOŁA PODSTAWOWA IM. JÓZEFA BERKA W KAMIENICY DOLNEJ,2026,"polski, matematyka, angielski",3.0,,,3.0,,,3.0,,
12472,SZKOŁA PODSTAWOWA W GORZEJOWEJ,2026,"polski, matematyka, angielski",3.0,,,3.0,,,3.0,,
73571,SZKOŁA PODSTAWOWA IM.STEFANII LANOSZANKI W ZAMIECHOWIE,2026,"polski, matematyka, angielski",3.0,,,3.0,,,3.0,,
21318,SZKOŁA PODSTAWOWA IM. KRÓLOWEJ JADWIGI W TAPINIE,2026,"polski, matematyka, angielski",4.0,,,4.0,,,4.0,,
24567,SZKOŁA PODSTAWOWA IM. KS. BRONISŁAWA MARKIEWICZA W TULIGŁOWACH,2026,"polski, matematyka, angielski",2.0,,,2.0,,,2.0,,
80137,SZKOŁA PODSTAWOWA W TYNIOWICACH,2026,"polski, matematyka, angielski",1.0,,,1.0,,,1.0,,
80130,SZKOŁA PODSTAWOWA W RUDOŁOWICACH,2026,"polski, matematyka, angielski",4.0,,,4.0,,,4.0,,
5454,NIEPUBLICZNA SZKOŁA PODSTAWOWA W FOLUSZU,2026,"polski, matematyka, angielski",3.0,,,3.0,,,3.0,,
89312,SPOŁECZNA SZKOŁA PODSTAWOWA W SIEKLÓWCE,2026,"polski, matematyka, angielski",4.0,,,4.0,,,4.0,,
88915,NIEPUBLICZNA SZKOŁA PODSTAWOWA W GLINIKU POLSKIM,2026,"polski, matematyka, angielski",4.0,,,4.0,,,4.0,,
269686,SZKOŁA PODSTAWOWA W SPIACH,2026,"polski, matematyka, angielski",4.0,,,4.0,,,4.0,,
18348,SZKOŁA PODSTAWOWA IM. ANDRZEJA JADACHA W ZARĘBKACH,2026,"polski, matematyka, angielski",3.0,,,3.0,,,3.0,,
18286,SZKOŁA PODSTAWOWA IM. JANKA ZAWISZY W PRZEDBORZU,2026,"polski, matematyka, angielski",4.0,,,4.0,,,4.0,,
269054,NIEPUBLICZNA SZKOŁA PODSTAWOWA NIEBIESKA 21,2026,"polski, matematyka, angielski",3.0,,,3.0,,,3.0,,
28261,SZKOŁA PODSTAWOWA IM. IGNACEGO ŁUKASIEWICZA W BÓBRCE,2026,"polski, matematyka, angielski",2.0,,,2.0,,,2.0,,
53953,SZKOŁA PODSTAWOWA IM. I.ŁUKASIEWICZA W WĘGLÓWCE,2026,"polski, matematyka, angielski",3.0,,,3.0,,,3.0,,
12033,SZKOŁA PODSTAWOWA IM. BŁ. STANISŁAWA STAROWIEYSKIEGO,2026,"polski, matematyka, angielski",4.0,,,4.0,,,4.0,,
18477,ZESPÓŁ SZKÓŁ SAMORZĄDOWYCH W HOCZWI SZKOŁA PODSTAWOWA W HOCZWI,2026,"polski, matematyka, angielski",4.0,,,4.0,,,4.0,,
18421,ZESPÓŁ SZKÓŁ SAMORZĄDOWYCH W ŚREDNIEJ WSI SZKOŁA PODSTAWOWA W ŚREDNIEJ WSI,2026,"polski, matematyka, angielski",3.0,,,3.0,,,3.0,,
53317,SZKOŁA PODSTAWOWA IM. GEN. BRYG. WITOŁDA NOWINY-SAWICKIEGO W OPALENISKACH,2026,"polski, matematyka, angielski",3.0,,,3.0,,,3.0,,
126046,SZKOŁA PODSTAWOWA NR 4 W MŁODZIEŻOWYM OŚRODKU WYCHOWAWCZYM W LUBACZOWIE,2026,"polski, matematyka, angielski",4.0,,,4.0,,,4.0,,
118849,PUBLICZNA SZKOŁA PODSTAWOWA W GOŹDZIE,2026,"polski, matematyka, angielski",2.0,,,2.0,,,2.0,,
47131,SZKOŁA PODSTAWOWA W BYSTREM,2026,"polski, matematyka, angielski",3.0,,,3.0,,,3.0,,
16825,PUBLICZNA SZKOŁA PODSTAWOWA NR 3 IM.MARII KONOPNICKIEJ W RUDNIKU NAD SANEM,2026,"polski, matematyka, angielski",4.0,,,4.0,,,4.0,,
58859,SZKOŁA PODSTAWOWA IM.NOBLISTÓW POLSKICH W SUFCZYNIE,2026,"polski, matematyka, angielski",2.0,,,2.0,,,2.0,,
75649,SZKOŁA PODSTAWOWA IM.KS.JANA TWARDOWSKIEGO W LIPIE,2026,"polski, matematyka, angielski",3.0,,,3.0,,,3.0,,
61628,NIEPUBLICZNA SZKOŁA PODSTAWOWA W ŻOHATYNIE,2026,"polski, matematyka, angielski",4.0,,,4.0,,,4.0,,
39054,PUBLICZNA SZKOŁA PODSTAWOWA Z ODDZIAŁAMI INTEGRACYJNYMI IM. MIECZYSŁAWA WERYHY DAROWSKIEGO W ISKANI,2026,"polski, matematyka, angielski",1.0,,,1.0,,,1.0,,
29243,SZKOŁA PODSTAWOWA IM. JANA PAWŁA II W SIERAKOŚCACH,2026,"polski, matematyka, angielski",4.0,,,4.0,,,4.0,,
15355,SZKOŁA PODSTAWOWA IM. MARII KONOPNICKIEJ W NIZINACH,2026,"polski, matematyka, angielski",4.0,,,4.0,,,4.0,,
15351,SZKOŁA PODSTAWOWA IM. ŚW.. JADWIGI KRÓLOWEJ POLSKI W ZADĄBROWIU,2026,"polski, matematyka, angielski",3.0,,,3.0,,,3.0,,
61890,SZKOŁA PODSTAWOWA IM. ŚW. JANA KANTEGO W PANTALOWICACH,2026,"polski, matematyka, angielski",4.0,,,4.0,,,4.0,,
78129,SZKOŁA PODSTAWOWA IM. JANA PAWŁA II W CHAŁUPKACH,2026,"polski, matematyka, angielski",4.0,,,4.0,,,4.0,,
75772,SZKOŁA PODSTAWOWA IM. BŁ. KS. JANA BALICKIEGO W UJEZNEJ,2026,"polski, matematyka, angielski",4.0,,,4.0,,,4.0,,
60801,PUBLICZNA SZKOŁA PODSTAWOWA NR 2 W DYNOWIE Z ODDZIAŁEM PRZEDSZKOLNYM,2026,"polski, matematyka, angielski",3.0,,,3.0,,,3.0,,
49238,SZKOŁA PODSTAWOWA W PAWŁOKOMIE,2026,"polski, matematyka, angielski",4.0,,,4.0,,,4.0,,
72296,SZKOŁA PODSTAWOWA W DYLĄGOWEJ,2026,"polski, matematyka, angielski",4.0,,,4.0,,,4.0,,
478877,SZKOŁA PODSTAWOWA W ULANICY,2026,"polski, matematyka, angielski",3.0,,,3.0,,,3.0,,
481815,INTERNATIONAL WR SCHOOL MIĘDZYNARODOWA SZKOŁA PODSTAWOWA W ŚWILCZY,2026,"polski, matematyka, angielski",1.0,,,1.0,,,2.0,,
53108,PUBLICZNA SZKOŁA PODSTAWOWA W NOWYM ŁUPKOWIE,2026,"polski, matematyka, angielski",3.0,,,3.0,,,3.0,,
88731,SZKOŁA PODSTAWOWA IM. KRÓLA WŁADYSŁAWA JAGIEŁŁY W MRZYGŁODZIE,2026,"polski, matematyka, angielski",4.0,,,4.0,,,4.0,,
88453,SZKOŁA PODSTAWOWA IM. MARII KONOPNICKIEJ W PISAROWCACH,2026,"polski, matematyka, angielski",4.0,,,4.0,,,4.0,,
31125,SZKOŁA PODSTAWOWA W PIELNI,2026,"polski, matematyka, angielski",2.0,,,2.0,,,2.0,,
58505,SZKOŁA PODSTAWOWA W BAŻANÓWCE,2026,"polski, matematyka, angielski",2.0,,,2.0,,,2.0,,
13838,PUBLICZNA SZKOŁA PODSTAWOWA W GWOŹDŹCU,2026,"polski, matematyka, angielski",3.0,,,3.0,,,3.0,,
34772,SZKOŁA PODSTAWOWA W CIESZYNIE,2026,"polski, matematyka, angielski",3.0,,,3.0,,,3.0,,
14704,SZKOŁA PODSTAWOWA IM. HUGONA KOŁŁĄTAJA W GLINIKU ZABOROWSKIM,2026,"polski, matematyka, angielski",4.0,,,4.0,,,4.0,,
86601,SZKOŁA PODSTAWOWA W KROSZEWIE,2026,"polski, matematyka, angielski",4.0,,,4.0,,,4.0,,
86685,SZKOŁA PODSTAWOWA IM. ZYGMUNTA AUGUSTA W TAJNIE STARYM,2026,"polski, matematyka, angielski",3.0,,,3.0,,,3.0,,
75728,SZKOŁA PODSTAWOWA IM. SYBIRAKÓW W KRASNYMBORZE,2026,"polski, matematyka, angielski",4.0,,,4.0,,,3.0,,
111561,SZKOŁA PODSTAWOWA W KONOPKACH POKRZYWNICY,2026,"polski, matematyka, angielski",2.0,,,2.0,,,2.0,,
268294,SZKOŁA PODSTAWOWA IM. KS. STEFANA KARDYNAŁA WYSZYŃSKIEGO W CHOJEWIE,2026,"polski, matematyka, angielski",1.0,,,1.0,,,1.0,,
132238,SZKOŁA PODSTAWOWA IM. PREZYDENTA RYSZARDA KACZOROWSKIEGO W STRABLI,2026,"polski, matematyka, angielski",3.0,,,3.0,,,3.0,,
6975,SZKOŁA PODSTAWOWA W ŁAWSKU,2026,"polski, matematyka, angielski",1.0,,,1.0,,,1.0,,
57599,SZKOŁA PODSTAWOWA IMIENIA WIKTORA SZWEDA W CZYŻACH,2026,angielski,5.0,64.0,62.8,5.0,37.0,36.0,2.0,,
18871,SZKOŁA PODSTAWOWA W DUBICZACH CERKIEWNYCH,2026,angielski,5.0,29.0,26.2,5.0,27.0,22.6,3.0,,
34714,SZKOŁA PODSTAWOWA W SURAŁACH,2026,"polski, matematyka, angielski",4.0,,,4.0,,,4.0,,
27629,SZKOŁA PODSTAWOWA W KONOPKACH MONETACH,2026,"polski, matematyka, angielski",1.0,,,1.0,,,1.0,,
34341,SZKOŁA PODSTAWOWA W CHLUDNIACH,2026,"polski, matematyka, angielski",4.0,,,4.0,,,4.0,,
34339,SZKOŁA PODSTAWOWA W ROGIENICACH WIELKICH,2026,"polski, matematyka, angielski",3.0,,,3.0,,,3.0,,
28608,SZKOŁA PODSTAWOWA W KĄTACH,2026,"polski, matematyka, angielski",3.0,,,3.0,,,3.0,,
86665,SZKOŁA PODSTAWOWA W LASKOWCU,2026,"polski, matematyka, angielski",4.0,,,4.0,,,4.0,,
90293,SZKOŁA PODSTAWOWA Z LITEWSKIM JĘZYKIEM NAUCZANIA W WIDUGIERACH,2026,"polski, matematyka, angielski",4.0,,,4.0,,,4.0,,
17036,SZKOŁA PODSTAWOWA IM. A. MICKIEWICZA W KRASNOWIE,2026,"polski, matematyka, angielski",4.0,,,4.0,,,4.0,,
28764,SZKOŁA PODSTAWOWA W RÓŻANYMSTOKU,2026,angielski,5.0,67.0,61.8,5.0,43.0,44.6,4.0,,
31555,SZKOŁA PODSTAWOWA W ZWIERZYŃCU WIELKIM,2026,"polski, matematyka, angielski",3.0,,,3.0,,,3.0,,
80986,SZKOŁA PODSTAWOWA W MAJEWIE,2026,angielski,5.0,44.0,46.2,5.0,30.0,34.2,4.0,,
86396,SZKOŁA PODSTAWOWA W SIDRZE,2026,"polski, matematyka, angielski",4.0,,,4.0,,,1.0,,
15147,SZKOŁA PODSTAWOWA Z ODDZIAŁAMI INTEGRACYJNYMI W JANOWSZCZYŹNIE,2026,"polski, matematyka, angielski",4.0,,,4.0,,,3.0,,
128627,SZKOŁA PODSTAWOWA W ŚWIĘCKU WIELKIM,2026,"polski, matematyka, angielski",4.0,,,4.0,,,4.0,,
47764,SZKOŁA PODSTAWOWA W KISIELNICY,2026,"polski, matematyka, angielski",4.0,,,4.0,,,4.0,,
34628,SZKOŁA PODSTAWOWA IM JAKUBA WAGI W WAGACH,2026,"polski, matematyka, angielski",3.0,,,3.0,,,3.0,,
40677,SZKOŁA PODSTAWOWA,2026,"polski, matematyka, angielski",4.0,,,4.0,,,4.0,,
90325,SZKOŁA PODSTAWOWA IM. RODZINY JABŁOŃSKICH W PNIEWIE,2026,"polski, matematyka, angielski",4.0,,,4.0,,,4.0,,
59108,SZKOŁA PODSTAWOWA IM. ADAMA LORETA W PONIKACH,2026,"polski, matematyka, angielski",3.0,,,3.0,,,3.0,,
92183,SZKOŁA FILIALNA W SZYLENACH SZKOŁY PODSTAWOWEJ IM. WINCENTEGO WITOSA W LIPOWINIE,2026,"polski, matematyka, angielski",3.0,,,3.0,,,3.0,,
61503,SZKOŁA PODSTAWOWA IM. KRÓLA BOLESŁAWA CHROBREGO W CHRUŚCIELU,2026,"polski, matematyka, angielski",3.0,,,3.0,,,3.0,,
39023,SZKOŁA PODSTAWOWA IM. MARII KONOPNICKIEJ W HARTOWCU,2026,"polski, matematyka, angielski",4.0,,,4.0,,,4.0,,
478804,SZKOŁA PODSTAWOWA SPECJALNA POD ŻAGLAMI,2026,"polski, matematyka, angielski",1.0,,,1.0,,,1.0,,
31849,SZKOŁA PODSTAWOWA W POGRODZIU IM. 106 DYWIZJI PIECHOTY ARMII KRAJOWEJ,2026,"polski, matematyka, angielski",4.0,,,4.0,,,4.0,,
119520,"STOWARZYSZENIE ""EDUKATOR"" W ŁOMŻY, SZKOŁA PODSTAWOWA W SPYTKOWIE",2026,"polski, matematyka, angielski",4.0,,,4.0,,,4.0,,
267837,NIEPUBLICZNA SZKOŁA PODSTAWOWA W LIDZBARKU WARMIŃSKIM,2026,"polski, matematyka, angielski",3.0,,,3.0,,,3.0,,
27793,SZKOŁA PODSTAWOWA IM. STANISŁAWA MIKOŁAJCZYKA W RĄCZKACH,2026,angielski,7.0,56.0,54.14285714285715,7.0,40.0,47.28571428571428,4.0,,
12712,SZKOŁA PODSTAWOWA W ZWINIARZU,2026,"polski, matematyka, angielski",3.0,,,3.0,,,3.0,,
66274,SPOŁECZNA SZKOŁA PODSTAWOWA SPOŁECZNEGO TOWARZYSTWA OŚWIATOWEGO W OLECKU,2026,"polski, matematyka, angielski",2.0,,,2.0,,,2.0,,
115080,NIEPUBLICZNA SZKOŁA PODSTAWOWA ART SCHOOL,2026,"polski, matematyka, angielski",1.0,,,1.0,,,1.0,,
128814,FENOMENALNA NIEPUBLICZNA SZKOŁA PODSTAWOWA Z ODDZIAŁAMI INTEGRACYJNYMI W OLSZTYNIE,2026,"polski, matematyka, angielski",1.0,,,1.0,,,1.0,,
263559,SZKOŁA PODSTAWOWA DLA DOROSŁYCH W OLSZTYNIE,2026,"polski, matematyka, angielski",3.0,,,3.0,,,3.0,,
279354,DOM ROZWOJU SZKOŁA PODSTAWOWA,2026,angielski,5.0,49.0,49.8,5.0,37.0,39.4,4.0,,
41857,NIEPUBLICZNA SZKOŁA PODSTAWOWA W KRONOWIE,2026,"polski, matematyka, angielski",4.0,,,4.0,,,4.0,,
31279,SZKOŁA PODSTAWOWA IM. MARII ZIENTARY - MALEWSKIEJ W BARCIKOWIE,2026,"polski, matematyka, angielski",3.0,,,3.0,,,4.0,,
25186,SZKOŁA PODSTAWOWA W NOWYM KAWKOWIE,2026,"polski, matematyka, angielski",4.0,,,4.0,,,4.0,,
120450,NIEPUBLICZNA SZKOŁA PODSTAWOWA W NOWEJ WSI,2026,"polski, matematyka, angielski",3.0,,,3.0,,,3.0,,
30753,NIEPUBLICZNA SZKOŁA PODSTAWOWA Z ODDZIAŁAMI PRZEDSZKOLNYMI W BOGACZEWIE,2026,"polski, matematyka, angielski",1.0,,,1.0,,,1.0,,
12945,SZKOŁA PODSTAWOWA W KOŻUCHACH,2026,"polski, matematyka, angielski",3.0,,,3.0,,,3.0,,
59590,SZKOŁA PODSTAWOWA W JEŻACH,2026,"polski, matematyka, angielski",3.0,,,3.0,,,3.0,,
60206,SZKOŁA PODSTAWOWA IM. ŚW. MAKSYMILIANA MARII KOLBEGO W KOTLE DUŻYM,2026,"polski, matematyka, angielski",3.0,,,3.0,,,3.0,,
88207,NIEPUBLICZNA SZKOŁA PODSTAWOWA IM. WANDY CHOTOMSKIEJ W TRELKOWIE,2026,"polski, matematyka, angielski",4.0,,,4.0,,,4.0,,
91150,SZKOŁA PODSTAWOWA IM. ORŁA BIAŁEGO W ZABIELACH,2026,"polski, matematyka, angielski",1.0,,,1.0,,,1.0,,
262660,SZKOŁA PODSTAWOWA SPECJALNA W ŁĘKAWIE,2026,"polski, matematyka, angielski",4.0,,,4.0,,,4.0,,
70506,SZKOŁA PODSTAWOWA IM.ŚW. JANA PAWŁA II W KASZEWICACH,2026,"polski, matematyka, angielski",2.0,,,2.0,,,2.0,,
262426,SZKOŁA PODSTAWOWA W WYGNANOWIE,2026,"polski, matematyka, angielski",3.0,,,3.0,,,3.0,,
124931,SZKOŁA PODSTAWOWA NR 6 W ZAKŁADZIE POPRAWCZYM I SCHRONISKU DLA NIELETNICH W KONSTANTYNOWIE ŁÓDZKIM,2026,"polski, matematyka, angielski",1.0,,,1.0,,,1.0,,
55185,SZKOŁA PODSTAWOWA W STOBNICY,2026,"polski, matematyka, angielski",4.0,,,4.0,,,4.0,,
262535,JĘZYKOWA SZKOŁA PODSTAWOWA IM. AGNIESZKI HOLLAND W PIOTRKOWIE TRYBUNALSKIM,2026,"polski, matematyka, angielski",3.0,,,3.0,,,3.0,,
91951,PUBLICZNA SZKOŁA PODSTAWOWA W CIĘŻKOWICACH,2026,"polski, matematyka, angielski",4.0,,,4.0,,,4.0,,
26173,PUBLICZNA SZKOŁA PODSTAWOWA W RZEJOWICACH,2026,"polski, matematyka, angielski",4.0,,,4.0,,,4.0,,
30419,PUBLICZNA SZKOŁA PODSTAWOWA W DZIEPÓŁCI,2026,"polski, matematyka, angielski",3.0,,,3.0,,,3.0,,
80744,SZKOŁA PODSTAWOWA IM. JANA PAWŁA II Z ODDZIAŁAMI INTEGRACYJNYMI W LESIEWIE,2026,"polski, matematyka, angielski",4.0,,,4.0,,,4.0,,
87119,SZKOŁA PODSTAWOWA W STAREJ WOJSKIEJ,2026,"polski, matematyka, angielski",1.0,,,1.0,,,1.0,,
90537,SZKOŁA PODSTAWOWA IM. JULIANA TUWIMA W OSTROWIE,2026,"polski, matematyka, angielski",2.0,,,2.0,,,2.0,,
66522,PUBLICZNA SZKOŁA PODSTAWOWA STOWARZYSZENIA PRZYJACIÓŁ SZKÓŁ KATOLICKICH IM. ŚW. BERNADETTY SOUBIROUS W TRZCINCE,2026,"polski, matematyka, angielski",1.0,,,1.0,,,1.0,,
66521,PUBLICZNA SZKOŁA PODSTAWOWA STOWARZYSZENIA PRZYJACIÓŁ SZKÓŁ KATOLICKICH IM. ŚW. MIKOŁAJA,2026,"polski, matematyka, angielski",4.0,,,4.0,,,4.0,,
66360,SZKOŁA PODSTAWOWA W ŻURAWIU,2026,"polski, matematyka, angielski",4.0,,,4.0,,,4.0,,
43867,SZKOŁA PODSTAWOWA IM. MARII KONOPNICKIEJ W SĘDZIMIROWICACH,2026,"polski, matematyka, angielski",4.0,,,4.0,,,4.0,,
62434,SZKOŁA PODSTAWOWA W LIPICZU,2026,"polski, matematyka, angielski",2.0,,,2.0,,,2.0,,
69428,SZKOŁA PODSTAWOWA IMIENIA BOHATERÓW WRZEŚNIA 1939 ROKU W STOLCU,2026,"polski, matematyka, angielski",4.0,,,4.0,,,4.0,,
127603,NIEPUBLICZNA SZKOŁA PODSTAWOWA NOVUM W SKIERNIEWICACH,2026,"polski, matematyka, angielski",2.0,,,2.0,,,2.0,,
58563,PUBLICZNA SZKOŁA PODSTAWOWA W JANISŁAWICACH,2026,"polski, matematyka, angielski",3.0,,,3.0,,,3.0,,
103758,SZKOŁA PODSTAWOWA IM. JANUSZA KORCZAKA W DRZEWCACH,2026,"polski, matematyka, angielski",3.0,,,3.0,,,3.0,,
56669,SZKOŁA PODSTAWOWA W MSZADLI,2026,"polski, matematyka, angielski",1.0,,,1.0,,,1.0,,
196420,SZKOŁA PODSTAWOWA IM. JÓZEFA WYBICKIEGO W STRZYBODZE,2026,"polski, matematyka, angielski",2.0,,,2.0,,,2.0,,
120312,KATOLICKA SZKOŁA PODSTAWOWA IM. NIEPOKALANEGO SERCA NAJŚWIĘTSZEJ MARYI PANNY KRÓLOWEJ POLSKI I ŚW. OJCA PIO W TOMASZOWIE MAZOWIECKIM,2026,"polski, matematyka, angielski",4.0,,,4.0,,,4.0,,
92193,PUBLICZNA SZKOŁA PODSTAWOWA W OŻAROWIE,2026,"polski, matematyka, angielski",3.0,,,3.0,,,3.0,,
61580,KATOLICKA SZKOŁA PODSTAWOWA STOWARZYSZENIA PRZYJACIÓŁ SZKÓŁ KATOLICKICH IM. ŚW. FAUSTYNY KOWALSKIEJ W DROBNICACH,2026,"polski, matematyka, angielski",4.0,,,4.0,,,4.0,,
83704,PUBLICZNA SZKOŁA PODSTAWOWA STOWARZYSZENIA PRZYJACIÓŁ SZKÓŁ KATOLICKICH IM. ŚW. JANA PAWŁA II W KADŁUBIE,2026,"polski, matematyka, angielski",3.0,,,3.0,,,3.0,,
105657,SZKOŁA PODSTAWOWA W CHRÓSCINIE,2026,"polski, matematyka, angielski",4.0,,,4.0,,,4.0,,
11124,SZKOŁA PODSTAWOWA W RADOSTOWIE,2026,"polski, matematyka, angielski",3.0,,,3.0,,,3.0,,
48960,KATOLICKA SZKOŁA PODSTAWOWA STOWARZYSZENIA PRZYJACIÓŁ SZKÓŁ KATOLICKICH IM. JANA PAWŁA II W CHOJNACH,2026,"polski, matematyka, angielski",4.0,,,4.0,,,4.0,,
119303,SZKOŁA PODSTAWOWA IM.JÓZEFA CHEŁMOŃSKIEGO W POPOWIE GŁOWIEŃSKIM,2026,"polski, matematyka, angielski",3.0,,,3.0,,,2.0,,
7505,SPOŁECZNA SZKOŁA PODSTAWOWA W RESTARZEWIE,2026,"polski, matematyka, angielski",4.0,,,4.0,,,4.0,,
44611,NIEPUBLICZNA SZKOŁA PODSTAWOWA W ŁOPATKACH,2026,"polski, matematyka, angielski",4.0,,,4.0,,,4.0,,
58817,SZKOŁA PODSTAWOWA IM. LEOKADII OSTROWSKIEJ W BOBROWNIKACH,2026,"polski, matematyka, angielski",4.0,,,4.0,,,4.0,,
16889,SZKOŁA PODSTAWOWA W STACHLEWIE,2026,"polski, matematyka, angielski",4.0,,,4.0,,,4.0,,
52422,SZKOŁA PODSTAWOWA IM. FRANCISZKA KUJAWIŃSKIEGO W GÓRKACH DUŻYCH,2026,"polski, matematyka, angielski",4.0,,,4.0,,,4.0,,
29890,SZKOŁA PODSTAWOWA SPECJALNA NR 105,2026,"polski, matematyka, angielski",1.0,,,1.0,,,1.0,,
272796,NIEPUBLICZNA SZKOŁA PODSTAWOWA Z ASPI-RACJAMI,2026,"polski, matematyka, angielski",2.0,,,2.0,,,2.0,,
128130,SPOŁECZNA SZKOŁA PODSTAWOWA W SŁABKOWICACH,2026,"polski, matematyka, angielski",2.0,,,2.0,,,2.0,,
196372,SZKOŁA PODSTAWOWA W JARZĄBKACH,2026,"polski, matematyka, angielski",4.0,,,4.0,,,4.0,,
196375,SZKOŁA PODSTAWOWA W BALICACH,2026,"polski, matematyka, angielski",3.0,,,3.0,,,3.0,,
56607,SZKOŁA PODSTAWOWA IM. KS. STANISŁAWA HIERONIMA KONARSKIEGO W ŻARCZYCACH DUŻYCH,2026,"polski, matematyka, angielski",2.0,,,2.0,,,2.0,,
105452,SZKOŁA PODSTAWOWA W KORYTNICY,2026,"polski, matematyka, angielski",4.0,,,4.0,,,4.0,,
272679,SZKOŁA PODSTAWOWA IM. ŚW. HUBERTA W MSTYCZOWIE,2026,"polski, matematyka, angielski",4.0,,,4.0,,,4.0,,
119259,NIEPUBLICZNA SZKOŁA PODSTAWOWA SPECJALNA W WĘGRZYNOWIE,2026,"polski, matematyka, angielski",2.0,,,2.0,,,2.0,,
119637,SZKOŁA PODSTAWOWA W ŚNIADCE,2026,"polski, matematyka, angielski",3.0,,,3.0,,,3.0,,
75963,SZKOŁA PODSTAWOWA W RADKOWICACH,2026,"polski, matematyka, angielski",4.0,,,4.0,,,4.0,,
278046,SZKOŁA PODSTAWOWA SPECJALNA W PODZAMCZU,2026,"polski, matematyka, angielski",3.0,,,3.0,,,3.0,,
20148,SZKOŁA PODSTAWOWA W CIERCHACH,2026,"polski, matematyka, angielski",1.0,,,1.0,,,1.0,,
73049,SZKOŁA PODSTAWOWA W PAPROCICACH,2026,"polski, matematyka, angielski",2.0,,,2.0,,,2.0,,
133561,SZKOŁA PODSTAWOWA W BARDZIE,2026,"polski, matematyka, angielski",2.0,,,2.0,,,2.0,,
20068,ZESPÓŁ PLACÓWEK OŚWIATOWYCH W BEDLNIE SZKOŁA PODSTAWOWA W BEDLNIE,2026,angielski,11.0,64.0,67.36363636363636,11.0,40.0,44.27272727272727,4.0,,
264112,SPECJALNA SZKOŁA PODSTAWOWA W JÓŹWIKOWIE,2026,"polski, matematyka, angielski",4.0,,,4.0,,,4.0,,
85881,PUBLICZNA SZKOŁA PODSTAWOWA W WOJCIECHOWICACH IM. GEN. FRANCISZKA KAMIŃSKIEGO KOMENDANTA GŁÓWNEGO BCH,2026,"polski, matematyka, angielski",3.0,,,3.0,,,3.0,,
124796,SZKOŁA PODSTAWOWA NR 15 W OKRĘGOWYM OŚRODKU WYCHOWAWCZYM W OSTROWCU ŚWIĘTOKRZYSKIM,2026,angielski,7.0,13.0,11.28571428571429,7.0,17.0,17.71428571428572,1.0,,
17206,SZKOŁA PODSTAWOWA W ZAGOŚCI,2026,"polski, matematyka, angielski",2.0,,,2.0,,,2.0,,
124776,SZKOŁA PODSTAWOWA NR 1 W OKRĘGOWYM OŚRODKU WYCHOWAWCZYM W GACKACH,2026,"polski, matematyka, angielski",3.0,,,3.0,,,2.0,,
3466,SZKOŁA PODSTAWOWA IM. WINCENTEGO BURKA W GAŁKOWICACH,2026,"polski, matematyka, angielski",2.0,,,2.0,,,2.0,,
3576,SZKOŁA PODSTAWOWA IM. ZIEMI SANDOMIERSKIEJ W SŁUPCZY,2026,"polski, matematyka, angielski",4.0,,,4.0,,,4.0,,
88006,SZKOŁA PODSTAWOWA IM. POWSTAŃCÓW STYCZNIOWYCH „PUŁAWIAKÓW” W GÓRACH WYSOKICH,2026,"polski, matematyka, angielski",4.0,,,4.0,,,4.0,,
14396,SZKOŁA PODSTAWOWA W OSSOLINIE,2026,"polski, matematyka, angielski",2.0,,,2.0,,,2.0,,
106028,PUBLICZNA SZKOŁA PODSTAWOWA IM. PUŁKOWNIKA WŁADYSŁAWA BELINY-PRAŻMOWSKIEGO W GŁAZOWIE,2026,"polski, matematyka, angielski",4.0,,,4.0,,,4.0,,
24786,PUBLICZNA SZKOŁA PODSTAWOWA W ŚMIECHOWICACH,2026,"polski, matematyka, angielski",4.0,,,4.0,,,4.0,,
24785,PUBLICZNA SZKOŁA PODSTAWOWA W ZŁOTEJ,2026,"polski, matematyka, angielski",4.0,,,4.0,,,4.0,,
26352,SZKOŁA PODSTAWOWA W ŁUKAWIE,2026,"polski, matematyka, angielski",4.0,,,4.0,,,4.0,,
55427,PUBLICZNA SZKOŁA PODSTAWOWA W GIERASZOWICACH,2026,"polski, matematyka, angielski",4.0,,,4.0,,,4.0,,
11962,SZKOŁA PODSTAWOWA IM. 3 PUŁKU PIECHOTY LEGIONÓW ARMII KRAJOWEJ W SORBINIE,2026,"polski, matematyka, angielski",2.0,,,2.0,,,2.0,,
87820,SZKOŁA PODSTAWOWA SPECJALNA NR 3 IM. ANDRZEJA KOZIEI W ZESPOLE PLACÓWEK RESOCJALIZACYJNO - WYCHOWAWCZYCH W SKARŻYSKU-KAMIENNEJ,2026,"polski, matematyka, angielski",3.0,,,3.0,,,3.0,,
262525,PUBLICZNA SZKOŁA PODSTAWOWA W LIPIU,2026,"polski, matematyka, angielski",4.0,,,4.0,,,3.0,,
3321,SZKOŁA PODSTAWOWA IM. JANINY BONIO W TRĘBOWCU,2026,"polski, matematyka, angielski",4.0,,,4.0,,,4.0,,
40776,PUBLICZNA SZKOŁA PODSTAWOWA IM. KS. KARDYNAŁA STEFANA WYSZYŃSKIEGO W DĄBROWIE,2026,"polski, matematyka, angielski",3.0,,,3.0,,,3.0,,
13549,SZKOŁA PODSTAWOWA W ZRĘBINIE,2026,"polski, matematyka, angielski",4.0,,,4.0,,,4.0,,
3787,SZKOŁA PODSTAWOWA IM. BŁ. KS. JERZEGO POPIEŁUSZKI W CIEŚLACH,2026,"polski, matematyka, angielski",2.0,,,2.0,,,2.0,,
107458,SZKOŁA PODSTAWOWA IM. PRYMASA TYSIĄCLECIA W MIECZYNIE,2026,"polski, matematyka, angielski",4.0,,,4.0,,,4.0,,
18630,NIEPUBLICZNA SZKOŁA PODSTAWOWA W SOSNACH,2026,"polski, matematyka, angielski",4.0,,,4.0,,,4.0,,
74513,SZKOŁA PODSTAWOWA W GĘSTOWICACH,2026,"polski, matematyka, angielski",4.0,,,4.0,,,4.0,,
88364,SZKOŁA PODSTAWOWA IM. KORNELA MAKUSZYNSKIEGO W BIELAWACH,2026,"polski, matematyka, angielski",2.0,,,2.0,,,2.0,,
50290,SZKOŁA PODSTAWOWA W TUCZNIE,2026,angielski,9.0,62.0,61.88888888888889,9.0,53.0,59.11111111111111,1.0,,
50294,SZKOŁA PODSTAWOWA W OGARDACH,2026,"polski, matematyka, angielski",2.0,,,2.0,,,,,
50295,SZKOŁA PODSTAWOWA IM. KAZIMIERZA KREMERA W BOBRÓWKU,2026,angielski,6.0,62.0,60.33333333333334,6.0,55.0,55.0,,,
55383,SZKOŁA PODSTAWOWA W GĄDKOWIE WIELKIM,2026,"polski, matematyka, angielski",3.0,,,3.0,,,1.0,,
35250,SZKOŁA PODSTAWOWA W BOCZOWIE IM. LEŚNIKÓW LUBUSKICH,2026,angielski,8.0,58.0,54.875,8.0,47.0,50.25,4.0,,
85880,SZKOŁA PODSTAWOWA SPECJALNA W SPECJALNYM OSRODKU SZKOLNO-WYCHOWAWCZYM IM. JANUSZA KORCZAKA W SŁUBICACH,2026,"polski, matematyka, angielski",1.0,,,1.0,,,,,
41428,"PRYWATNA SZKOŁA PODSTAWOWA ""EUREGIO""",2026,"polski, matematyka",4.0,,,4.0,,,11.0,64.0,61.90909090909091
62437,SZKOŁA PODSTAWOWA IM. WOJSKA POLSKIEGO W JĘDRZYCHOWICACH,2026,"polski, matematyka, angielski",1.0,,,1.0,,,1.0,,
42268,SZKOŁA PODSTAWOWA W LGINIU,2026,"polski, matematyka, angielski",2.0,,,2.0,,,2.0,,
80271,SZKOŁA PODSTAWOWA IM. JANA PAWŁA II W CHICHACH,2026,angielski,10.0,61.0,56.3,10.0,40.0,40.7,4.0,,
482849,NIEPUBLICZNA PODSTAWOWA SZKOŁA W WIECHLICACH,2026,angielski,20.0,18.0,21.1,20.0,18.5,20.7,,,
22107,SZKOŁA PODSTAWOWA IM. ŚW. JANA PAWŁA II W MIODNICY,2026,"polski, matematyka, angielski",4.0,,,4.0,,,4.0,,
13185,SZKOŁA PODSTAWOWA IM.S. ŻEROMSKIEGO,2026,angielski,12.0,47.0,50.75,12.0,38.0,45.0,1.0,,
264101,SZKOŁA PODSTAWOWA W ŻARACH ZAKŁADU DOSKONALENIA ZAWODOWEGO W ZIELONEJ GÓRZE,2026,angielski,9.0,29.0,29.0,9.0,13.0,14.44444444444444,1.0,,
73533,SZKOŁA PODSTAWOWA W LUBANICACH,2026,matematyka,5.0,60.0,61.8,4.0,,,5.0,82.0,74.2
3946,SZKOŁA PODSTAWOWA IM. MIKOŁAJA KOPERNIKA W WYSZYNACH,2026,angielski,9.0,56.0,59.66666666666666,9.0,37.0,49.33333333333334,3.0,,
263777,NIEPUBLICZNA SZKOŁA PODSTAWOWA W PRÓCHNOWIE,2026,angielski,6.0,22.0,22.0,6.0,17.0,16.83333333333333,,,
264026,NIEPUBLICZNA SZKOŁA PODSTAWOWA W SZAMOCINIE,2026,angielski,9.0,16.0,18.88888888888889,9.0,13.0,10.11111111111111,,,
30515,SZKOŁA PODSTAWOWA IM. JANA PAWŁA II W PIŁCE,2026,"polski, matematyka, angielski",4.0,,,4.0,,,4.0,,
125557,SZKOŁA PODSTAWOWA W PRZYŁĘKACH,2026,"polski, matematyka, angielski",4.0,,,4.0,,,4.0,,
14629,SZKOŁA PODSTAWOWA IM. HENRYKA SIENKIEWICZA W ŁOMNICY,2026,"polski, matematyka, angielski",3.0,,,3.0,,,3.0,,
124908,SZKOŁA PODSTAWOWA NR 4 W OKRĘGOWYM OŚRODKU WYCHOWAWCZYM W TRZEMESZNIE,2026,"polski, matematyka, angielski",3.0,,,3.0,,,3.0,,
53986,SZKOŁA PODSTAWOWA SPECJALNA W ZESPOLE SZKÓŁ SPECJALNYCH W BRZEZIU,2026,"polski, matematyka, angielski",1.0,,,1.0,,,1.0,,
272099,SZKOŁA PODSTAWOWA JEDNOŚĆ IM. MARII MONTESSORI,2026,"polski, matematyka, angielski",2.0,,,2.0,,,2.0,,
87405,SZKOŁA PODSTAWOWA IM. ŚW JANA PAWŁA II W CHRZANIE,2026,"polski, matematyka, angielski",4.0,,,4.0,,,4.0,,
55367,SZKOŁA PODSTAWOWA W CIEPIELEWIE,2026,"polski, matematyka, angielski",4.0,,,4.0,,,4.0,,
89772,KATOLICKA SZKOŁA PODSTAWOWA STOWARZYSZYSZENIA PRZYJACIÓŁ SZKÓŁ KATOLICKICH IM ŚW FAUSTYNY,2026,"polski, matematyka, angielski",4.0,,,4.0,,,4.0,,
276766,NIEPUBLICZNA INTEGRACYJNA SZKOŁA PODSTAWOWA IM. MARII GRZEGORZEWSKIEJ,2026,"polski, matematyka, angielski",1.0,,,1.0,,,1.0,,
42457,SZKOŁA PODSTAWOWA W DOBROWIE,2026,"polski, matematyka, angielski",2.0,,,2.0,,,2.0,,
4956,SZKOŁA PODSTAWOWA IM.STANISŁAWA MAŃKOWSKIEGO W KOZARZEWIE,2026,"polski, matematyka, angielski",3.0,,,3.0,,,3.0,,
26440,SZKOŁA PODSTAWOWA IM.STANISŁAWA STASZICA W SŁAWOSZEWKU,2026,"polski, matematyka, angielski",3.0,,,3.0,,,3.0,,
26495,SZKOŁA PODSTAWOWA IM.JULIANA TUWIMA W ZŁOTKOWIE,2026,"polski, matematyka, angielski",4.0,,,4.0,,,4.0,,
79216,"SZKOŁA PODSTAWOWA ""SZKOŁY TWÓRCZEJ INTEGRACJI"" IM. KS. JERZEGO POPIEŁUSZKI W MILINIE",2026,"polski, matematyka, angielski",4.0,,,4.0,,,4.0,,
11199,SZKOŁA PODSTAWOWA IM. JANUSZA KORCZAKA W SZCZEPIDLE,2026,"polski, matematyka, angielski",4.0,,,4.0,,,4.0,,
3605,NIEPUBLICZNA SZKOŁA PODSTAWOWA W GŁODNIE,2026,"polski, matematyka, angielski",3.0,,,3.0,,,3.0,,
3704,NIEPUBLICZNA SZKOŁA PODSTAWOWA W SMÓLNIKU,2026,"polski, matematyka, angielski",3.0,,,3.0,,,3.0,,
11581,SZKOŁA PODSTAWOWA IM. MARII KONOPNICKIEJ W DĄBROSZYNIE,2026,"polski, matematyka, angielski",3.0,,,3.0,,,3.0,,
53435,SZKOŁA PODSTAWOWA IM. MARII KONOPNICKIEJ W ZAKRZEWKU,2026,"polski, matematyka, angielski",4.0,,,4.0,,,4.0,,
21282,SZKOŁA PODSTAWOWA IM. JANINY PORAZIŃSKIEJ W PIOTRKOWICACH,2026,"polski, matematyka, angielski",2.0,,,2.0,,,2.0,,
29455,SZKOŁA PODSTAWOWA IM. LEŚNIKÓW POLSKICH W ROSZKACH,2026,"polski, matematyka, angielski",3.0,,,3.0,,,3.0,,
19011,SZKOŁA PODSTAWOWA W OLSZOWEJ,2026,"polski, matematyka, angielski",4.0,,,4.0,,,4.0,,
18767,SZKOŁA PODSTAWOWA IM.JANA PAWŁA II W TRZEBIENIU,2026,"polski, matematyka, angielski",3.0,,,3.0,,,3.0,,
484008,NIEPUBLICZNA SZKOŁA PODSTAWOWA DOBRZE TU,2026,"polski, matematyka, angielski",2.0,,,2.0,,,2.0,,
264578,NIEPUBLICZNA SZKOŁA PODSTAWOWA W CHRAPLEWIE,2026,angielski,11.0,13.0,16.90909090909091,11.0,13.0,13.81818181818182,,,
11227,SZKOŁA PODSTAWOWA W NABYSZYCACH,2026,"polski, matematyka, angielski",2.0,,,2.0,,,2.0,,
26661,POLSKO-KANADYJSKA SZKOŁA PODSTAWOWA IM. A. BELLA,2026,"polski, matematyka",4.0,,,4.0,,,7.0,22.0,34.57142857142857
59750,SZKOŁA PODSTAWOWA W OŁOBOKU IM. KS. JÓZEFA KUTA,2026,"polski, matematyka, angielski",4.0,,,4.0,,,4.0,,
3418,SZKOŁA PODSTAWOWA Z ODDZIAŁEM PRZEDSZKOLNYM W KALISZKOWICACH OŁOBOCKICH,2026,"polski, matematyka, angielski",2.0,,,2.0,,,2.0,,
69065,SZKOŁA PODSTAWOWA W KUŹNI IM. JANUSZA KORCZAKA KUŹNIA 36 63-313 CHOCZ,2026,"polski, matematyka, angielski",4.0,,,4.0,,,4.0,,
90346,SZKOŁA PODSTAWOWA W KOŹMIŃCU,2026,"polski, matematyka, angielski",4.0,,,4.0,,,4.0,,
48828,PRYWATNA SZKOŁA PODSTAWOWA ANGLOJĘZYCZNA POZNAŃ BRITISH INTERNATIONAL SCHOOL,2026,"polski, matematyka, angielski",3.0,,,3.0,,,3.0,,
119388,KATOLICKA SZKOŁA PODSTAWOWA IM. JANA PAWŁA II W POZNANIU,2026,"polski, matematyka",4.0,,,4.0,,,5.0,65.0,56.8
124175,SZKOŁA PODSTAWOWA MONTESSORI INTERNATIONAL SCHOOL,2026,"polski, matematyka, angielski",4.0,,,4.0,,,4.0,,
269385,TURQUOISE CURIOSITY TREE SZKOŁA PODSTAWOWA REGGIO EMILIA,2026,"polski, matematyka, angielski",3.0,,,3.0,,,3.0,,
275585,"NIEPUBLICZNA SZKOŁA PODSTAWOWA ""SCANDYNAVIA""",2026,"polski, matematyka, angielski",3.0,,,3.0,,,4.0,,
133671,SZKOŁA PODSTAWOWA NR 92 Z ODDZIAŁAMI PRZYSPOSABIAJĄCYMI DO PRACY,2026,"polski, matematyka, angielski",4.0,,,4.0,,,4.0,,
262803,SZKOŁA PODSTAWOWA UNI-TERRA,2026,"polski, matematyka, angielski",4.0,,,4.0,,,4.0,,
133844,SZKOŁA PODSTAWOWA IM.BŁ.E. BOJANOWSKIEGO,2026,"polski, matematyka, angielski",1.0,,,1.0,,,1.0,,
480709,SZKOŁA PODSTAWOWA HARMONIA W POBIEDZISKACH,2026,"polski, matematyka, angielski",2.0,,,2.0,,,2.0,,
272041,"PRYWATNA SZKOŁA PODSTAWOWA ""HARMONIA""",2026,"polski, matematyka, angielski",1.0,,,1.0,,,1.0,,
118425,NIEPUBLICZNA SZKOŁA PODSTAWOWA W RÓŻANNIE,2026,"polski, matematyka, angielski",4.0,,,4.0,,,4.0,,
265052,NIEPUBLICZNA SZKOŁA PODSTAWOWA W WOLSZTYNIE ZAKŁADU DOSKONALENIA ZAWODOWEGO W ZIELONEJ GÓRZE,2026,angielski,14.0,21.0,22.35714285714286,14.0,17.0,15.28571428571429,,,
22887,SZKOŁA PODSTAWOWA IM.STANISŁAWA STASZICA,2026,"polski, matematyka, angielski",4.0,,,4.0,,,4.0,,
86153,SZKOŁA PODSTAWOWA IM. STEFANA CZARNIECKIEGO W BRZEŹNICY,2026,"polski, matematyka, angielski",2.0,,,2.0,,,2.0,,
83759,PUBLICZNA SZKOŁA PODSTAWOWA IM. OBROŃCÓW POLSKOŚCI W STAREJ WIŚNEIWCE,2026,"polski, matematyka, angielski",4.0,,,4.0,,,4.0,,
133833,"PRYWATNE CENTRUM EDUKACYJNE ""SZKOŁY SUKCES"" SZKOŁA PODSTAWOWA DLA DOROSŁYCH W BIAŁOGARDZIE",2026,"polski, matematyka, angielski",3.0,,,3.0,,,3.0,,
264470,SZKOŁA PODSTAWOWA SPECJALNA W PODBORSKU,2026,angielski,13.0,18.0,19.23076923076923,13.0,17.0,14.23076923076923,,,
15283,SZKOŁA PODSTAWOWA IM.I DYWIZJI IM.TADEUSZA KOŚCIUSZKI W CHRAPOWIE,2026,angielski,11.0,60.0,59.27272727272727,11.0,50.0,47.81818181818182,3.0,,
42059,SZKOŁA PODSTAWOWA IM.JANA PAWŁA II W NĘTNIE,2026,"polski, matematyka, angielski",4.0,,,4.0,,,4.0,,
65175,SZKOŁA PODSTAWOWA IM. 1 WARSZAWSKIEJ DYWIZJI KAWALERII W ŚWIERCZYNIE,2026,angielski,5.0,51.0,61.0,5.0,33.0,42.6,3.0,,
30133,SZKOŁA PODSTAWOWA IM. JOANNY KULMOWEJ W KOMAROWIE,2026,"polski, matematyka, angielski",4.0,,,4.0,,,4.0,,
55760,SZKOŁA PODSTAWOWA W ŻABOWIE,2026,"polski, matematyka, angielski",3.0,,,3.0,,,3.0,,
52386,SZKOŁA PODSTAWOWA W ORZECHOWIE,2026,"polski, matematyka, angielski",4.0,,,4.0,,,4.0,,
42813,SZKOŁA PODSTAWOWA IM. KS. JANA TWARDOWSKIEGO W RACIMIERZU,2026,angielski,9.0,53.0,54.55555555555556,9.0,37.0,37.88888888888889,1.0,,
4949,SZKOŁA PODSTAWOWA W GÓRZYCY,2026,"polski, matematyka, angielski",4.0,,,4.0,,,4.0,,
263320,SZKOŁA PODSTAWOWA SPECJALNA W MŁODZIEŻOWYM OŚRODKU WYCHOWAWCZYM IM. JANUSZA KORCZAKA W REWALU,2026,"polski, matematyka, angielski",2.0,,,2.0,,,2.0,,
20059,SZKOŁA PODSTAWOWA IM.LEŚNIKÓW POLSKICH,2026,"polski, matematyka, angielski",4.0,,,4.0,,,4.0,,
48101,SZKOŁA PODSTAWOWA IM. JANA PAWŁA II W CHWARSTNICY,2026,angielski,12.0,72.5,71.91666666666667,12.0,40.0,45.5,4.0,,
41054,SZKOŁA PODSTAWOWA IM. MAŁYCH ZESŁAŃCÓW SYBIRU W RADZISZEWIE,2026,angielski,5.0,60.0,50.8,5.0,23.0,29.4,4.0,,
41226,SZKOŁA PODSTAWOWA IM. KS. BARNIMA I W ŻABNICY,2026,"polski, matematyka, angielski",4.0,,,4.0,,,4.0,,
42402,SZKOŁA PODSTAWOWA IM. MŁODYCH EKOLOGÓW W CZELINIE,2026,angielski,5.0,58.0,64.0,5.0,43.0,45.2,3.0,,
83393,PUBLICZNA SZKOŁA PODSTAWOWA IM. ZOFII KOSSAK-SZCZUCKIEJ W DARGOBĄDZU,2026,angielski,10.0,47.0,47.8,10.0,35.0,40.7,2.0,,
80353,PUBLICZNA SZKOŁA PODSTAWOWA W TROSZYNIE,2026,angielski,5.0,73.0,73.2,5.0,77.0,64.8,2.0,,
83390,PUBLICZNA SZKOŁA PODSTAWOWA W KONIEWIE,2026,angielski,11.0,62.0,61.09090909090909,11.0,23.0,30.81818181818182,,,
124457,SZKOŁA PODSTAWOWA NR 20 W OKRĘGOWYM OŚRODKU WYCHOWAWCZYM W KOSZALINIE,2026,angielski,6.0,34.5,34.33333333333334,6.0,18.5,17.83333333333333,,,
19312,SZKOŁA PODSTAWOWA IM. JANA BRZECHWY W KŁANINIE,2026,"polski, matematyka, angielski",3.0,,,3.0,,,3.0,,
39702,SZKOŁA PODSTAWOWA SPECJALNA,2026,angielski,7.0,27.0,28.14285714285714,7.0,30.0,29.14285714285714,1.0,,
46570,SZKOŁA PODSTAWOWA W IWIĘCINIE,2026,"polski, matematyka, angielski",2.0,,,2.0,,,2.0,,
262330,SZKOŁA PODSTAWOWA DLA DOROSŁYCH W BARLINKU,2026,angielski,12.0,39.0,36.08333333333334,12.0,11.5,13.0,,,
58577,SZKOŁA PODSTAWOWA IM. JANA BRZECHWY W NAWROCKU,2026,angielski,10.0,67.0,59.4,10.0,76.5,58.0,4.0,,
73035,SZKOŁA PODSTAWOWA SPECJALNA NR 10,2026,"polski, matematyka, angielski",2.0,,,2.0,,,2.0,,
35246,PUBLICZNA SZKOŁA PODSTAWOWA W ŻUKOWIE,2026,"polski, matematyka, angielski",2.0,,,2.0,,,2.0,,
124482,SZKOŁA PODSTAWOWA NR 75 W OKRĘGOWYM OŚRODKU WYCHOWAWCZYM W SZCZECINIE,2026,angielski,7.0,11.0,15.28571428571429,7.0,13.0,12.28571428571429,,,
86624,SZKOŁA PODSTAWOWA SPECJALNA NR 17,2026,"polski, matematyka, angielski",3.0,,,3.0,,,2.0,,
129265,"""SZKOŁA Z PASJĄ"" NIEPUBLICZNA SZKOŁA PODSTAWOWA",2026,"polski, matematyka, angielski",2.0,,,2.0,,,4.0,,
264084,NIEPUBLICZNA OGÓLNOKSZTAŁCĄCA SZKOŁA MUZYCZNA I STOPNIA PROMYK IM. IGNACEGO JANA PADEREWSKIEGO W SZCZECINIE,2026,"polski, matematyka, angielski",3.0,,,3.0,,,3.0,,
272399,ZAOCZNA SZKOŁA PODSTAWOWA W SZCZECINIE,2026,"polski, matematyka, angielski",3.0,,,3.0,,,3.0,,
266102,SZKOŁA PODSTAWOWA NR 2 IM.TARASA SZEWCZENKI W BIAŁYM BORZE,2026,"polski, matematyka",4.0,,,4.0,,,11.0,87.0,68.9090909090909
268378,SZKOŁA PODSTAWOWA IM. JULIANA TUWIMA W DRZONOWIE,2026,angielski,5.0,64.0,68.4,5.0,53.0,57.2,2.0,,
60077,SZKOŁA PODSTAWOWA IM. MARII KONOPNICKIEJ W IWINIE,2026,"polski, matematyka, angielski",3.0,,,3.0,,,2.0,,
277715,SZKOŁA PODSTAWOWA W GWDZIE WIELKIEJ,2026,"polski, matematyka, angielski",4.0,,,4.0,,,4.0,,
44525,SZKOŁA PODSTAWOWA W PIESZCZU,2026,"polski, matematyka, angielski",4.0,,,4.0,,,4.0,,
9298,SZKOŁA PODSTAWOWA WE WRZEŚNICY,2026,"polski, matematyka, angielski",4.0,,,4.0,,,4.0,,
133330,SZKOŁA PODSTAWOWA DLA DOROSŁYCH W ŁOBZIE,2026,angielski,12.0,14.5,13.0,12.0,15.0,14.91666666666667,,,
24396,SZKOŁA PODSTAWOWA W CHOTUMIU,2026,"polski, matematyka, angielski",1.0,,,1.0,,,1.0,,
7966,NIEPUBLICZNA SZKOŁA PODSTAWOWA W GORYSZACH,2026,"polski, matematyka, angielski",2.0,,,2.0,,,2.0,,
12051,SZKOŁA PODSTAWOWA W WOLI MŁOCKIEJ,2026,"polski, matematyka, angielski",3.0,,,3.0,,,3.0,,
23609,SZKOŁA PODSTAWOWA IM.ZYGMUNTA PADLEWSKIEGO W ZEŃBOKU,2026,"polski, matematyka, angielski",4.0,,,4.0,,,4.0,,
83502,"SZKOŁA PODSTAWOWA IM."" BOHATERÓW BITWY POD SARNOWĄ GÓRĄ 1920""W BĄDKOWIE",2026,"polski, matematyka, angielski",4.0,,,4.0,,,4.0,,
263530,SZKOŁA PODSTAWOWA SPECJALNA W MŁODZIEŻOWYM OŚRODKU SOCJOTERAPII,2026,angielski,9.0,29.0,29.11111111111111,9.0,17.0,16.66666666666667,4.0,,
263535,SZKOŁA PODSTAWOWA SPECJALNA W MŁODZIEŻOWYM OŚRODKU WYCHOWAWCZYM W GOŁOTCZYŹNIE,2026,"polski, matematyka, angielski",2.0,,,2.0,,,2.0,,
27553,PUBLICZNA SZKOŁA PODSTAWOWA W IWOWEM,2026,"polski, matematyka, angielski",3.0,,,3.0,,,3.0,,
74367,SZKOŁA PODSTAWOWA SPECJALNA NR 2 W ZESPOLE SZKÓŁ SPECJALNYCH NR 2 W GARWOLINIE,2026,"polski, matematyka, angielski",2.0,,,2.0,,,2.0,,
50844,PUBLICZNA SZKOŁA PODSTAWOWA IM. MARII KONOPNICKIEJ W ŁĄKACH,2026,"polski, matematyka, angielski",3.0,,,3.0,,,3.0,,
83315,SZKOŁA PODSTAWOWA IM. GEN.FRANCISZKA KLEEBERGA W WOLI ŻELECHOWSKIEJ,2026,"polski, matematyka, angielski",4.0,,,4.0,,,4.0,,
83954,PUBLICZNA SZKOŁA PODSTAWOWA IM. ZIEMI GRÓJECKIEJ W ZABOROWIE,2026,"polski, matematyka, angielski",4.0,,,4.0,,,2.0,,
66473,PUBLICZNA SZKOŁA PODSTAWOWA IM. KAWALERÓW ORDERU UŚMIECHU W BUDZISZYNKU,2026,"polski, matematyka, angielski",1.0,,,1.0,,,1.0,,
47665,PUBLICZNA SZKOŁA PODSTAWOWA W SIELCU,2026,"polski, matematyka, angielski",1.0,,,1.0,,,1.0,,
55921,PUBLICZNA SZKOŁA PODSTAWOWA W CZĘSTONIEWIE IMIENIA ŚWIĘTEGO JANA PAWŁA II,2026,"polski, matematyka, angielski",4.0,,,4.0,,,4.0,,
24340,PUBLICZNA SZKOŁA PODSTAWOWA W BOROWEM,2026,"polski, matematyka, angielski",3.0,,,3.0,,,3.0,,
24642,NIEPUBLICZNA SZKOŁA PODSTAWOWA IM. KPT. Ż. W. DANUTY KOBYLIŃSKIEJ-WALAS W KOZIETUŁACH,2026,"polski, matematyka, angielski",4.0,,,4.0,,,4.0,,
62361,PUBLICZNA SZKOŁA PODSTAWOWA IM. BAT.CHŁOPSKICH W URSYNOWIE,2026,"polski, matematyka, angielski",2.0,,,2.0,,,2.0,,
5896,PUBLICZNA SZKOŁA PODSTAWOWA IM. STEFANA CZARNIECKIEGO W WOLI CHODKOWSKIEJ,2026,"polski, matematyka, angielski",1.0,,,1.0,,,1.0,,
5897,PUBLICZNA SZKOŁA PODSTAWOWA W WÓLCE TYRZYŃSKIEJ,2026,angielski,5.0,36.0,30.8,5.0,20.0,24.2,4.0,,
17385,SZKOŁA PODSTAWOWA W CHMIELEWIE,2026,"polski, matematyka, angielski",2.0,,,2.0,,,2.0,,
262698,SZKOŁA PODSTAWOWA W MNISZEWIE,2026,"polski, matematyka, angielski",4.0,,,4.0,,,4.0,,
273797,"NIEPUBLICZNA SZKOŁA PODSTAWOWA ""MODELOWA SZKOŁA""",2026,"polski, matematyka, angielski",4.0,,,4.0,,,4.0,,
75638,NIEPUBLICZNA SZKOŁA PODSTAWOWA Z ODDZIAŁAMI PRZEDSZKOLNYMI,2026,"polski, matematyka, angielski",2.0,,,2.0,,,2.0,,
9412,SZKOŁA PODSTAWOWA IM PIOTRA WYSOCKIEGO W DROPIU,2026,"polski, matematyka, angielski",4.0,,,4.0,,,4.0,,
479294,SZKOŁA PODSTAWOWA IM. BŁ.KARD.STEFANA WYSZYŃSKIEGO,2026,"polski, matematyka, angielski",4.0,,,4.0,,,4.0,,
123027,NIEPUBLICZNA SZKOŁA PODSTAWOWA CENTRUM EDUKACYJNE,2026,"polski, matematyka, angielski",4.0,,,4.0,,,4.0,,
84653,SZKOŁA PODSTAWOWA W RZĘGNOWIE,2026,"polski, matematyka, angielski",4.0,,,4.0,,,4.0,,
29737,SZKOŁA PODSTAWOWA IM.MARII KONOPNICKIEJ W DĄBROWIE,2026,"polski, matematyka, angielski",4.0,,,4.0,,,4.0,,
3494,SZKOŁA PODSTAWOWA IM.RTM. WITOLDA PILECKIEGO W WYSZYNACH KOŚCIELNYCH,2026,"polski, matematyka, angielski",4.0,,,4.0,,,4.0,,
89283,SZKOŁA PODSTAWOWA W TYMIANKACH-BUCIACH,2026,"polski, matematyka, angielski",2.0,,,2.0,,,2.0,,
6639,SZKOŁA PODSTAWOWA IM. KARDYNAŁA STEFANA WYSZYŃSKIEGO W KIEŁCZEWIE,2026,"polski, matematyka, angielski",2.0,,,2.0,,,2.0,,
11665,PUBLICZNA SZKOŁA PODSTAWOWA IM.MARII DĄBROWSKIEJ W DUDACH,2026,"polski, matematyka, angielski",4.0,,,4.0,,,4.0,,
275377,NIEPUBLICZNA SZKOŁA PODSTAWOWA IM> RTM>WITOLDA PILECKIEGO W KOZIKACH,2026,"polski, matematyka, angielski",2.0,,,2.0,,,2.0,,
69827,PUBLICZNA SZKOŁA PODSTAWOWA IM. MARII KONOPNICKIEJ W RZĄŚNIKU WŁOŚCIAŃSKIM,2026,"polski, matematyka, angielski",4.0,,,4.0,,,4.0,,
91573,NIEPUBLICZNA SZKOŁA PODSTAWOWA W TRYNOSACH-OSIEDLE,2026,"polski, matematyka, angielski",2.0,,,2.0,,,2.0,,
74083,PUBLICZNA SZKOŁA PODSTAWOWA W ZALESIU,2026,"polski, matematyka, angielski",3.0,,,3.0,,,3.0,,
109090,PUBLICZNA SZKOŁA PODSTAWOWA IM. KARD. STEFANA WYSZYŃSKIEGO W WOLKOWYCH,2026,"polski, matematyka, angielski",4.0,,,4.0,,,4.0,,
119714,SZKOŁA PODSTAWOWA W BIAŁUSNYM LASKU,2026,"polski, matematyka, angielski",2.0,,,2.0,,,2.0,,
124721,SZKOŁA PODSTAWOWA NR 2 W LASKOWCU,2026,angielski,10.0,11.0,14.4,10.0,20.0,21.2,2.0,,
82564,SZKOŁA PODSTAWOWA NR 9 IM. JANA PAWŁA II,2026,"polski, matematyka",1.0,,,1.0,,,8.0,21.0,34.25
480220,SZKOŁA PODSTAWOWA SOKRATES,2026,"polski, matematyka, angielski",2.0,,,2.0,,,2.0,,
478547,AKADEMIA ŚW. STANISŁAWA PAPCZYŃSKIEGO - SZKOŁA PODSTAWOWA,2026,"polski, matematyka, angielski",3.0,,,3.0,,,2.0,,
123896,NIEPUBLICZNA SZKOŁA PODSTAWOWA DA VINCI,2026,"polski, matematyka",2.0,,,2.0,,,5.0,100.0,82.4
480360,"CHRZEŚCIJAŃSKA NIEPUBLICZNA SZKOŁA PODSTAWOWA ""KOMPAS""",2026,"polski, matematyka",4.0,,,4.0,,,5.0,96.0,82.4
30118,PUBLICZNA SZKOŁA PODSTAWOWA W POŚCIENIU WSI,2026,"polski, matematyka, angielski",4.0,,,4.0,,,4.0,,
82807,SZKOŁA PODSTAWOWA W OLSZEWCE,2026,"polski, matematyka, angielski",2.0,,,2.0,,,2.0,,
69076,PUBLICZNA SZKOŁA PODSTAWOWA W BIELINACH,2026,"polski, matematyka, angielski",3.0,,,3.0,,,3.0,,
91658,SZKOŁA PODSTAWOWA IM. DOROTY GELLNER W POBYŁKOWIE DUŻYM,2026,"polski, matematyka, angielski",4.0,,,4.0,,,4.0,,
480743,"NIEPUBLICZNA SZKOŁA PODSTAWOWA ""SZKOŁA DOKOŁA"" W PŁOCKU",2026,"polski, matematyka, angielski",3.0,,,3.0,,,3.0,,
88882,SZKOŁA PODSTAWOWA W ZAGROBIE,2026,"polski, matematyka, angielski",4.0,,,4.0,,,4.0,,
4663,SZKOŁA PODSTAWOWA IM. MARII KONOPNICKIEJ,2026,"polski, matematyka, angielski",1.0,,,1.0,,,1.0,,
70892,SZKOŁA PODSTAWOWA IM. JANINY JÓŹWIAK W CIEŚLACH,2026,"polski, matematyka, angielski",4.0,,,4.0,,,4.0,,
85555,SZKOŁA PODSTAWOWA IM. STANISŁAWA WŁADYSŁAWA REYMONTA W CZERMNIE,2026,"polski, matematyka, angielski",3.0,,,3.0,,,3.0,,
104690,NIEPUBLICZNA SZKOŁA PODSTAWOWA IM. MARSZAŁKA JÓZEFA PIŁSUDSKIEGO W ORSZYMOWIE,2026,"polski, matematyka, angielski",3.0,,,3.0,,,3.0,,
55958,SZKOŁA PODSTAWOWA IM. WŁADYSŁAWA JAGIEŁŁY W PIOTRKÓWKU,2026,"polski, matematyka, angielski",4.0,,,4.0,,,4.0,,
89841,SZKOŁA PODSTAWOWA IM. KS. MACIEJA KAZIMIERZA SARBIEWSKIEGO W SARBIEWIE.,2026,angielski,5.0,80.0,76.0,5.0,40.0,42.6,4.0,,
19359,SZKOŁA PODSTAWOWA IM. JANA PAWŁA II W GRODŹCU,2026,"polski, matematyka, angielski",4.0,,,4.0,,,4.0,,
129750,NIEPUBLICZNA SZKOŁA PODSTAWOWA IM. HENRYKA SIENKIEWICZA W NOWYM RADZIKOWIE,2026,"polski, matematyka, angielski",2.0,,,2.0,,,2.0,,
20571,SZKOŁA PODSTAWOWA W KRYSKU,2026,"polski, matematyka, angielski",3.0,,,3.0,,,3.0,,
482560,SZKOŁA PODSTAWOWA SOKRATES,2026,"polski, matematyka, angielski",2.0,,,2.0,,,2.0,,
9205,"NIEPUBLICZNA SZKOŁA PODSTAWOWA W OWADOWIE IM. DANUTY SIEDZIKÓWNY PS. ""INKA""",2026,"polski, matematyka, angielski",4.0,,,4.0,,,4.0,,
4866,SZKOŁA PODSTAWOWA IM. POR. JANA SKRZYSZEWSKIEGO W LESIOWIE,2026,"polski, matematyka, angielski",3.0,,,3.0,,,3.0,,
107179,PUBLICZNA SZKOŁA PODSTAWOWA IM. JAN KOCHANOWSKIEGO W JAROSZKACH,2026,"polski, matematyka, angielski",3.0,,,3.0,,,3.0,,
478942,"NIEPUBLICZNA SZKOŁA PODSTAWOWA ""KOPERNIK""",2026,"polski, matematyka, angielski",3.0,,,3.0,,,3.0,,
106930,NIEPUBLICZNA SZKOŁA PODSTAWOWA IM. KORNELA MAKUSZYŃSKIEGO W BORKACH-WYRKACH,2026,"polski, matematyka, angielski",3.0,,,3.0,,,3.0,,
65137,SZKOŁA PODSTAWOWA W SUDRAGACH,2026,angielski,7.0,58.0,53.71428571428572,7.0,43.0,46.57142857142857,1.0,,
84864,SZKOŁA PODSTAWOWA IM. PRYMASA KARDYNAŁA STEFANA WYSZYŃSKIEGO W SŁUPI,2026,"polski, matematyka, angielski",3.0,,,3.0,,,3.0,,
85114,SZKOŁA PODSTAWOWA IM. WINCENTEGO WITOSA W JEŻEWIE,2026,"polski, matematyka, angielski",4.0,,,4.0,,,4.0,,
121754,NIEPUBLICZNA SZKOŁA PODSTAWOWA IM. TADEUSZA KOŚCIUSZKI W GRĄBCU,2026,"polski, matematyka, angielski",2.0,,,2.0,,,2.0,,
40200,PUBLICZNA SZKOŁA PODSTAWOWA IM 19 PUŁKU UŁANÓW WOŁYŃSKICH W SKRZESZEWIE,2026,"polski, matematyka, angielski",4.0,,,4.0,,,4.0,,
84202,SZKOŁA PODSTAWOWA IM. J. KOCHANOWSKIEGO Z ODDZIAŁEM PRZEDSZKOLNYM,2026,"polski, matematyka, angielski",1.0,,,1.0,,,1.0,,
263810,PUBLICZNA SZKOŁA PODSTAWOWA SPECJALNA W SZYDŁOWCU,2026,"polski, matematyka, angielski",1.0,,,1.0,,,1.0,,
34229,PRYWATNA SZKOŁA PODSTAWOWA NR 114,2026,"polski, matematyka, angielski",4.0,,,4.0,,,4.0,,
52991,NIEPUBLICZNA SZKOŁA PODSTAWOWA WARSAW MONTESSORI SCHOOL,2026,"polski, matematyka",4.0,,,4.0,,,8.0,97.0,96.75
264822,"SPOŁECZNA SZKOŁA PODSTAWOWA FUNDACJI ""ALTEREDU""",2026,"polski, matematyka, angielski",4.0,,,4.0,,,4.0,,
268015,SZKOŁA PODSTAWOWA RONJA,2026,"polski, matematyka, angielski",1.0,,,1.0,,,,,
133572,NIEPUBLICZNA SZKOŁA PODSTAWOWA WYSPA JP2,2026,"polski, matematyka, angielski",1.0,,,1.0,,,2.0,,
25033,INTERNATIONAL AMERICAN SCHOOL SP. Z O.O. AMERYKAŃSKA SZKOŁA PODSTAWOWA NIEPUBLICZNA NR 44,2026,"polski, matematyka",2.0,,,2.0,,,9.0,96.0,90.88888888888889
279315,SZKOŁA PODSTAWOWA KOSMOS,2026,angielski,5.0,33.0,34.2,5.0,20.0,17.8,4.0,,
125191,SZKOŁA PODSTAWOWA NR 235 W OKRĘGOWYM OŚRODKU WYCHOWAWCZYM W WARSZAWIE-FALENICY,2026,"polski, matematyka, angielski",3.0,,,3.0,,,3.0,,
264203,INTEGRACYJNA PODSTAWOWA SZKOŁA MONTESSORI WAWER,2026,"polski, matematyka, angielski",2.0,,,2.0,,,2.0,,
31707,"SZKOŁA PODSTAWOWA NIEPUBLICZNA NR 90 ""SZKOŁA RODZINNA""",2026,"polski, matematyka, angielski",1.0,,,1.0,,,1.0,,
482616,NIEPUBLICZNA SZKOŁA PODSTAWOWA IM. ELZBIETY MAKSYMOWICZ-MIŁOSZ,2026,"polski, matematyka, angielski",4.0,,,4.0,,,4.0,,
29950,SZKOŁA PODSTAWOWA NIEPUBLICZNA KOLEGIUM ŚW. STANISŁAWA KOSTKI,2026,"polski, matematyka, angielski",3.0,,,3.0,,,3.0,,
114664,SZKOŁA PODSTAWOWA AKADEMIA DOBREJ EDUKACJI IM. GEN. JÓZEFA SOWIŃSKIEGO,2026,"polski, matematyka",4.0,,,4.0,,,12.0,87.0,77.66666666666667
478731,SZKOŁA PODSTAWOWA DOBRATU IM. TOSI KOZŁOWSKIEJ,2026,"polski, matematyka, angielski",4.0,,,4.0,,,4.0,,
480997,IZABELIŃSKA SZKOŁA MONTESSORI,2026,"polski, matematyka, angielski",1.0,,,1.0,,,1.0,,
131373,SZKOŁA PODSTAWOWA SIÓSTR RODZINY MARYI,2026,"polski, matematyka, angielski",4.0,,,4.0,,,4.0,,
89967,"SZKOŁA PODSTAWOWA IM. BOHATERÓW LEŚNEJ PLACÓWKI AK ""MROWISKO"" W KNUROWCU",2026,"polski, matematyka, angielski",3.0,,,3.0,,,3.0,,
484328,"SZKOŁA PODSTAWOWA IM. HM. PPOR. AK ""ZOŚKI"" T. ZAWADZKIEGO W SIECZYCHACH",2026,"polski, matematyka, angielski",3.0,,,3.0,,,3.0,,
29894,SZKOŁA PODSTAWOWA IM. CICHOCIEMNYCH SPADOCHRONIARZY ARMII KRAJOWEJ W ŁOSINNIE,2026,"polski, matematyka, angielski",2.0,,,2.0,,,2.0,,
75718,SZKOŁA PODSTAWOWA IM.BPA FRANCISZKA JACZEWSKIEGO W GÓRKACH GRUBAKACH,2026,"polski, matematyka, angielski",4.0,,,4.0,,,4.0,,
126772,SZKOŁA PODSTAWOWA SPECJALNA W JAWORKU,2026,angielski,5.0,7.0,10.8,5.0,10.0,9.8,4.0,,
82557,NIEPUBLICZNA SZKOŁA PODSTAWOWA W PRÓCHENKACH,2026,"polski, matematyka, angielski",4.0,,,4.0,,,4.0,,
111213,SAMORZĄDOWA SZKOŁA PODSTAWOWA IM. ŚW. ST. KOSTKI W SWOJECINIE,2026,"polski, matematyka, angielski",4.0,,,4.0,,,4.0,,
111216,SAMORZĄDOWA SZKOŁA PODSTAWOWA IM. JANUSZA KORCZAKA W PRZERADZU MAŁYM,2026,"polski, matematyka, angielski",3.0,,,3.0,,,3.0,,
124924,SZKOŁA PODSTAWOWA W OKRĘGOWYM OŚRODKU WYCHOWAWCZYM W STUDZIEŃCU,2026,"polski, matematyka, angielski",2.0,,,2.0,,,2.0,,
262666,EUROPEJSKA SZKOŁA PODSTAWOWA Z ODDZIAŁAMI PRZYSPOSABIAJĄCYMI DO PRACY,2026,"matematyka, angielski",5.0,11.0,15.6,4.0,,,1.0,,
131306,NIEPUBLICZNA SZKOŁA PODSTAWOWA IM. JANUSZA KORCZAKA W DZIERŻONIOWIE,2026,"polski, matematyka, angielski",2.0,,,2.0,,,2.0,,
124982,SZKOŁA PODSTAWOWA NR 4 W ZAKŁADZIE POPRAWCZYM I SCHRONISKU DLA NIELETNICH W GŁOGOWIE,2026,angielski,6.0,31.0,31.5,6.0,10.0,11.66666666666667,,,
68700,SPECJALNA SZKOŁA PODSTAWOWA NR 6,2026,"polski, matematyka, angielski",2.0,,,2.0,,,2.0,,
16254,SZKOŁA PODSTAWOWA IM. WŁADYSŁAWA BRONIEWSKIEGO W PASZOWICACH,2026,angielski,12.0,70.0,66.33333333333333,12.0,52.0,54.66666666666666,4.0,,
83655,SZKOŁA PODSTAWOWA IM. MARII KONOPNICKIEJ W SOSNÓWCE,2026,angielski,6.0,32.0,40.33333333333334,6.0,18.5,36.16666666666666,3.0,,
3568,"PUBLICZNA SZKOŁA PODSTAWOWA STOWARZYSZENIA ""STARA ŁOMNICA DZIECIOM""",2026,"polski, matematyka, angielski",3.0,,,3.0,,,3.0,,
50475,SZKOŁA PODSTAWOWA WALISZOWSKIEGO STOWARZYSZENIA EDUKACYJNEGO,2026,"polski, matematyka, angielski",4.0,,,4.0,,,1.0,,
4076,NIEPUBLICZNA SZKOŁA PODSTAWOWA W DZIKOWCU,2026,"polski, matematyka, angielski",2.0,,,2.0,,,2.0,,
483017,SZKOŁA PODSTAWOWA W WOLIBORZU,2026,"polski, matematyka, angielski",4.0,,,4.0,,,4.0,,
44439,SZKOŁA PODSTAWOWA IM. ŚWIĘTEGO FLORIANA W RADOSTOWIE ŚREDNIM,2026,angielski,9.0,56.0,49.77777777777778,9.0,20.0,26.66666666666667,4.0,,
3580,PUBLICZNA SZKOŁA PODSTAWOWA IM. BŁOGOSŁAWIONEGO KSIĘDZA ALOJSA ANDRICKIEGO W RZĄSINACH,2026,"polski, matematyka, angielski",4.0,,,4.0,,,4.0,,
90027,SZKOŁA PODSTAWOWA SPECJALNA PRZY MŁODZIEŻOWYM OŚRODKU SOCJOTERAPII W LWÓWKU ŚLĄSKIM,2026,angielski,6.0,5.5,6.166666666666667,6.0,13.0,13.33333333333333,2.0,,
104377,SZKOŁA PODSTAWOWA WE WŁODZICACH WIELKICH,2026,"polski, matematyka, angielski",3.0,,,3.0,,,1.0,,
133983,SZKOŁA PODSTAWOWA PRZY MŁODZIEŻOWYM OŚRODKU WYCHOWAWCZYM W LWÓWKU ŚLĄSKIM,2026,"polski, matematyka, angielski",1.0,,,1.0,,,1.0,,
482244,NIEPUBLICZNA INTEGRACYJNA SZKOŁA PODSTAWOWA W GIEBUŁTOWIE,2026,"polski, matematyka, angielski",4.0,,,4.0,,,4.0,,
6292,SZKOŁA PODSTAWOWA W CZATKOWICACH,2026,"polski, matematyka, angielski",4.0,,,4.0,,,4.0,,
265515,SZKOŁA PODSTAWOWA IM. JANA ADAMA DE GARNIER W GŁĘBOWICACH,2026,"polski, matematyka, angielski",3.0,,,3.0,,,3.0,,
20491,POLSKO-NIEMIECKA SZKOŁA PODSTAWOWA,2026,"polski, matematyka, angielski",4.0,,,4.0,,,3.0,,
118415,NIEPUBLICZNA SZKOŁA PODSTAWOWA MONTESSORI WE WROCŁAWIU,2026,"polski, matematyka, angielski",2.0,,,2.0,,,2.0,,
131750,INTEGRACYJNA SZKOŁA PODSTAWOWA ALTO,2026,"polski, matematyka, angielski",4.0,,,4.0,,,4.0,,
81391,SZKOŁA PODSTAWOWA SPECJALNA NR 101,2026,"polski, matematyka, angielski",4.0,,,4.0,,,4.0,,
7094,SZKOŁA PODSTAWOWA IM.POLSKIEGO CZERWONEGO KRZYŻA W OPOLNIE ZDROJU,2026,"polski, matematyka, angielski",4.0,,,4.0,,,4.0,,
25989,PUBLICZNA SZKOŁA PODSTAWOWA IM. ADAMA MICKIEWICZA Z ODDZIAŁAMI PRZEDSZKOLNYMI W OLSZANACH,2026,"polski, matematyka, angielski",4.0,,,4.0,,,4.0,,
13578,PUBLICZNA SZKOŁA PODSTAWOWA STOWARZYSZENIA PRZYJACIÓŁ SZKÓŁ KATOLICKICH W MICHAŁOWIE,2026,"polski, matematyka, angielski",4.0,,,4.0,,,4.0,,
34830,PUBLICZNA SZKOŁA PODSTAWOWA IM KORNELA MAKUSZYŃSKIEGO W KLISINIE,2026,"polski, matematyka, angielski",2.0,,,2.0,,,2.0,,
74502,"SZKOŁA PODSTAWOWA Z ODDZIAŁEM PRZEDSZKOLNYM PRZY STOWARZYSZENIU PRZYJACIÓŁ ŚCIBORZYC WIELKICH ""ŚCIBOR"" W ŚCIBORZYCACH WIELKICH",2026,"polski, matematyka, angielski",4.0,,,4.0,,,4.0,,
26762,PUBLICZNA SZKOŁA PODSTAWOWA Z ODDZIAŁEM PRZEDSZKOLNYM STOWARZYSZENIA AKTYWNA SPOŁECZNOŚĆ DZIERŻYSŁAWIA,2026,angielski,6.0,60.0,60.16666666666666,6.0,55.0,51.16666666666666,4.0,,
13212,ZESPÓŁ SZKOLNO - PRZEDSZKOLNY W CHOCIANOWICACH SZKOŁA PODSTAWOWA W GRONOWICACH,2026,angielski,9.0,58.0,55.66666666666666,9.0,37.0,42.66666666666666,4.0,,
21989,SZKOŁA PODSTAWOWA W ZIELINIE,2026,angielski,8.0,61.0,62.0,8.0,53.0,52.375,3.0,,
42256,PUBLICZNA SZKOŁA PODSTAWOWA W STAREJ KUŹNI,2026,angielski,6.0,44.0,42.83333333333334,6.0,13.5,21.83333333333333,3.0,,
18167,PUBLICZNA SZKOŁA PODSTAWOWA W MACIOWAKRZU,2026,angielski,5.0,67.0,61.8,5.0,53.0,44.0,3.0,,
81752,PUBLICZNA SZKOŁA PODSTAWOWA W POKRZYWNICY,2026,angielski,7.0,60.0,59.71428571428572,7.0,63.0,57.0,4.0,,
25910,"PUBLICZNA SZKOŁA PODSTAWOWA STOWARZYSZENIA EDUKACYJNEGO ""PRZYJAZNA SZKOŁA"" W GIERAŁCICACH",2026,"polski, matematyka, angielski",1.0,,,1.0,,,1.0,,
21226,PUBLICZNA SZKOŁA PODSTAWOWA STOWARZYSZENIA ROZWOJU WSI STARY LAS,2026,"polski, matematyka, angielski",1.0,,,1.0,,,1.0,,
81429,SZKOŁA PODSTAWOWA W JARNOŁTOWIE,2026,angielski,5.0,51.0,51.6,5.0,63.0,56.6,1.0,,
67854,NIEPUBLICZNA SZKOŁA PODSTAWOWA W BZINICY STAREJ,2026,"polski, matematyka, angielski",2.0,,,2.0,,,2.0,,
119774,ZESPÓŁ SZKOLNO-PRZEDSZKOLNY SZKOŁA PODSTAWOWA W GOSŁAWICACH,2026,angielski,5.0,71.0,67.4,5.0,70.0,61.4,3.0,,
269570,SZKOŁA PODSTAWOWA CENTRUM KREATYWNOŚCI OPOLSKIE CENTRUM MONTESSORI Z ODDZIAŁEM PRZEDSZKOLNYM W OPOLU,2026,"polski, matematyka, angielski",1.0,,,1.0,,,1.0,,
26942,PUBLICZNA SZKOŁA PODSTAWOWA IM. KS. KAROLA BROMMERA W ZIMNICACH WIELKICH,2026,angielski,8.0,60.0,53.875,8.0,52.0,51.125,4.0,,
81063,ZESPÓŁ SZKOLNO-PRZEDSZKOLNY STOWARZYSZENIA PRO-LIBERIS SILESIAE SZKOŁA PODSTAWOWA W RASZOWEJ,2026,angielski,6.0,66.5,66.16666666666667,6.0,65.0,58.16666666666666,2.0,,
263338,SZKOŁA PODSTAWOWA SPECJALNA NR 2 W LEŚNICY,2026,polski,4.0,,,5.0,23.0,20.6,5.0,18.0,30.6
5739,NIEPUBLICZNA SZKOŁA PODSTAWOWA W GRODZISKU,2026,"polski, matematyka, angielski",3.0,,,3.0,,,3.0,,
12870,PUBLICZNA SZKOŁA PODSTAWOWA W SUCHEJ,2026,angielski,7.0,73.0,65.71428571428571,7.0,70.0,62.42857142857143,3.0,,
