rspo,miejscowosc,ulica_nr,latitude,longitude
8847,Raczyny,ul. Kopernika 5,52.26853,22.63428
264325,Żyrardów,ul. Adama Mickiewicza 126/128,52.03924,20.45495
30368,Żyrardów,ul. Gabriela Narutowicza 35,52.057016,20.4392095
29970,Żyrardów,ul. Jasna 11,52.0603462,20.4357601
31353,Żyrardów,ul. Radziwiłłowska 16,52.0494463,20.4372575
34206,Żyrardów,ul. Józefa Mireckiego 56,52.0581447,20.4455912
31602,Żyrardów,ul. Franklina Roosevelta 2,52.0533632,20.429418
30775,Żyrardów,ul. Janiny Jadwigi Kacperskiej 6B,52.0676629,20.4457555
8849,Poniatowo,ul. Szkolna 4,52.641449,22.0363747
8850,Chamsk,ul. Szkolna 19,53.0239428,19.9301703
26018,Żuromin,ul. Wiatraczna 16,53.0646247,19.9168387
53424,Sucha,ul. Szlachecka 88A,51.6169899,20.953985
53602,Białobrzegi,ul. Rzemieślnicza 21,51.6447974,20.9534801
26129,Olkowice,23,51.72945,20.96497
31929,Przybyszew,ul. Władysława Rosłońca 5,51.664084,20.8550539
26130,Promna-Kolonia,39,51.6823225,20.9522724
80552,Rogolin,4a,51.5537802,20.8824287
74430,Bukówno,1,51.5448346,20.863896
80553,Czarnocin,58,51.5264636,20.79827
85604,Stary Gózd,90,51.5621101,21.027918
85601,Stara Błotnica,49,51.5457981,20.9722902
52428,Sycyna-Kolonia,125,51.305869,21.5982534
52430,Paciorkowa Wola Nowa,63,51.389207,21.6350454
49112,Zwoleń,ul. Ludowa 35,51.3564745,21.5844652
52431,Barycz-Kolonia,1,51.3136956,21.6590228
84980,Huszlew,113,52.13919,22.84384
80430,Mostów,10,52.1205877,21.3709308
67825,Hadynów,1,52.1696984,22.6822847
82557,Próchenki,90,52.110137,22.6528742
82491,Olszanka,38A,52.147254,22.6684731
7238,Górki,4,52.2502808,22.8253056
7243,Platerów,ul. Siedlecka 7,52.3019807,22.8184308
42491,Rusków,104,52.3217872,22.7252593
263520,Czuchów-Pieńki,1,52.28157,22.78428
87222,Sarnaki,ul. 3 Maja 27,52.314485,22.8898812
88421,Serpelice,83,52.2799412,23.0499912
28481,Stara Kornica,172,52.1837509,22.9345214
35296,Kaliska,50,52.5324,21.6285
11287,Łochów,ul. Stefana Żeromskiego 3,52.5400862,21.6986664
262437,Łochów,ul. Stanisława Wyspiańskiego 20,52.5382686,21.6792426
34227,Zakrzówek-Wieś,7,51.2915835,21.3816399
34210,Kazanów,ul. Kościelna 52,51.2749452,21.4683529
43517,Kowalków-Kolonia,17,51.2335522,21.3786914
103378,Policzna,ul. Stefana Żeromskiego 44,51.4503026,21.625574
106274,Czarnolas,87,51.4311783,21.6895597
24632,Łaguszów,29,51.3688092,21.7872793
24667,Grabów nad Wisłą,57,51.355053,21.6754259
24477,Stefanów,38,52.4565941,19.5373278
272296,Przyłęk,142,51.32216,21.73598
26565,Brzezinki Stare,BN,51.3153767,21.4825263
26614,Janów,28A,51.8591583,21.1133184
26717,Rawica-Kolonia,BN,51.3296048,21.390722
39113,Tczów,113,51.3263482,21.4456688
87258,Ruchna,ul. Siedlecka 5,52.3744412,22.0598197
87257,Liw,ul. ks. K. R. Leszczyńskiego 2,52.3750352,21.9670594
86713,Miedzna,ul. Kościelna 15,52.4674168,22.0895914
66201,Sadowne,ul. Kościuszki 72,52.6408839,21.845991
90086,Grabiny,11,52.63847,21.77809
92888,Grygrów,1b,52.4975146,21.9006795
106679,Stoczek,ul. Węgrowska 34,52.5409124,21.8926944
92886,Topór,54,52.5718284,21.8362922
93107,Krypy,59,52.4065,21.96988
93105,Wierzbno,48,52.3037652,21.8583071
42873,Węgrów,ul. Tadeusza Kościuszki 16,52.3980474,22.0246414
262736,Węgrów,ul. Karola Szamoty 35,52.4053442,22.0246222
11909,Gwizdały,ul. Szkolna 9,52.549762,21.6297114
11916,Kamionna,ul. Szkolna 18,52.5190705,21.7706882
35079,Ostrówek,ul. Szkolna 2,52.3882386,21.3755179
10760,Łochów,ul. 1 Maja 47,52.5263402,21.7013972
29884,Olszanka,ul. Zachodnia 3,52.6027242,21.3836882
21899,Leszczydół Stary,38,52.6232836,21.4113353
120723,Wyszków,ul. Komisji Edukacji Narodowej 2,52.5880442,21.4453426
128240,Wyszków,ul. Geodetów 45a,52.5976141,21.4350968
133211,Wyszków,ul. Generała Józefa Sowińskiego 55,52.5989712,21.4532511
82701,Zabrodzie,ul. Szkolna 3,52.5084028,21.4142101
83229,Dębinki,ul. C. K. Norwida 26,52.5450077,20.740474
69998,Zabrodzie,ul. Wł. St. Reymonta 47,52.50771,21.42868
48007,Trzebucza,32,52.2340303,21.8869055
75057,Grębków,ul. Szkolna 1,52.269157,21.9104376
48006,Kopcie,21,52.2498121,22.0248571
75687,Sewerynów,81,52.4129733,21.7535553
75718,Górki-Grubaki,22a,52.4507429,21.8910839
103969,Pniewnik,35,52.3715511,21.8067691
81099,Korytnica,ul. Henryka Sienkiewicza 14,52.4151803,21.8500567
87256,Starawieś,ul. Szkolna 1,52.4561218,21.9441791
4508,Porządzie,93,52.69705,21.42374
4535,Stary Lubiel,22A,52.7606329,21.4337909
75458,Jackowo Górne,12,52.547329,21.2355041
75459,Kręgi,9,52.5691502,21.3677921
7997,Ulasek,28A,52.5875491,21.2853153
8813,Somianka,ul. Szkolna 6,52.5617673,21.2999723
8815,Wola Mystkowska,17,52.6235556,21.318279
8096,Popowo Kościelne,60,52.53537,21.19029
28760,Wyszków,ul. Geodetów 45,52.5985842,21.4321605
27059,Wyszków,ul. Stefana Batorego 6,52.5784269,21.4537208
27043,Leszczydół-Nowiny,ul. Szkolna 26,52.6468369,21.4702936
21950,Lucynów,ul. Szkolna 12,52.1469444,22.4655556
18985,Wyszków,ul. 11 Listopada 62,52.5927994,21.4500952
29745,Rybno,ul. Wyszkowska 87,52.5708968,21.420189
21796,Wyszków,ul. Jana Matejki 5,52.6023411,21.4581119
29894,Łosinno,ul. Szkolna 12,52.6247841,21.3609154
105796,Ząbki,ul. 11 Listopada 4,52.2982089,21.1036508
72177,Ząbki,ul. Józefa Piłsudskiego 95c,52.2791867,21.1144208
21109,Ząbki,ul. Kościelna 2,52.2775126,21.1269907
274902,Ząbki,ul. Harcerska 9,52.2866559,21.1125133
274903,Ząbki,ul. Stefana Batorego 37,52.2940811,21.1030779
277719,Ząbki,ul. Dzika 36,52.2812633,21.1237761
22117,Poręba Średnia,18,52.6863473,21.692691
22114,Brańszczyk,ul. Nadbużna 3,52.6282009,21.5848507
13019,Trzcianka,147,51.8654269,21.4573113
13023,Nowa Wieś,75,51.8091013,21.0869243
5947,Blochy,ul. Spacerowa 8,52.7369621,21.602739
6010,Stare Bosewo,ul. Rozwojowa 19,52.77088,21.55127
5917,Dalekie,69A,52.71753,21.53888
6004,Długosiodło,ul. Tadeusza Kościuszki 5,52.759577,21.5929004
4518,Komorowo,34,52.6694626,21.338833
6822,Rząśnik,ul. Wyszkowska 50B,52.7130725,21.3684196
19631,Duczki,ul. Szosa Jadowska 37,52.3642792,21.2866118
19635,Ossów,ul. Matarewicza 148,52.3086029,21.2200158
15226,Stare Grabie,ul. Cichorackiej 8,52.3699161,21.3161795
15227,Zagościniec,ul. Szkolna 1,52.3715409,21.2705897
15223,Wołomin,ul. Piłsudskiego 51,52.3502338,21.230032
122362,Wołomin,ul. Orwida 22,52.3418033,21.2321271
127926,Wołomin,ul. Legionów 63,52.3387209,21.2428039
262959,Wołomin,ul. Oleńki 9,52.3397697,21.2536985
27613,Zielonka,ul. Powstańców 3,52.3139161,21.152814
47613,Zielonka,ul. Krzywa 10,52.3177549,21.1629041
27612,Zielonka,ul. Stanisława Staszica 56,52.3030244,21.1574015
27614,Zielonka,ul. Woodrowa Wilsona 34/36,52.2965768,21.1565521
124060,Zielonka,ul. Marecka 76,52.3119974,21.1363667
262923,Zielonka,ul. Waleriana Łukasińskiego 1/3,52.3101913,21.1569401
71970,Ząbki,ul. Józefa Piłsudskiego 35,52.2870524,21.1087639
71420,Ząbki,ul. Stefana Batorego 11,52.2933603,21.1096599
482290,Słupno,ul. Szkolna 3,52.39963,21.1449736
68525,Strachówka,ul. Stefana Kmiecińskiego 3,52.4305116,21.6333552
69349,Postoliska,Plac 3-go Maja 18,52.4488195,21.4637686
87210,Mokra Wieś,ul. Marii Konopnickiej 12,52.4670967,21.5063855
84738,Kozły,ul. Niepodległości 50,52.4517997,21.4000574
83801,Jasienica,ul. Szkolna 8,52.4132837,21.4016751
84733,Miąse,ul. Kardynała Wyszyńskiego 44,52.3967333,21.4439316
84731,Stryjki,2,52.4194004,21.4928235
51804,Tłuszcz,ul. Kościelna 1,52.4312434,21.4429838
196291,Tłuszcz,ul. Radzymińska 2,52.4297127,21.429325
15225,Leśniakowizna,ul. Kasprzykiewicza 153,52.3129888,21.2758112
19633,Czarna,ul. Witosa 52,52.3690888,21.2264385
19627,Wołomin,ul. 1 Maja 19,52.339617,21.2435325
19629,Wołomin,ul. Lipińska 16,52.3420183,21.2478905
15224,Wołomin,ul. Poprzeczna 6,52.3473,21.2617614
19623,Wołomin,ul. Aleja Armii Krajowej 81,52.3509927,21.2417971
55331,Marki,ul. Okólna 14,52.3238601,21.0986186
55835,Marki,ul. Wspólna 42,52.3326127,21.1255095
82700,Marki,ul. Wczasowa 5,52.3581075,21.1369661
131373,Marki,ul. Kasztanowa 21,52.342554,21.1140041
54433,Cygów,ul. Szkolna 20,52.3337847,21.4299169
58672,Nowe Ręczaje,20A,52.3389937,21.3605813
56423,Zabraniec,ul. ks. Wł. Skonieckiego 8,52.2989832,21.3330724
72714,Słupno,Aleja Jana Pawła II 14,52.3835557,21.1543986
73306,Radzymin,ul. Marii Konopnickiej 24,52.416751,21.1665623
53691,Słupno,ul. Szkolna 3,52.39963,21.1449736
52351,Stare Załubice,ul. Mazowiecka 40,52.4817206,21.1167267
53711,Radzymin,ul. 11 Listopada 2,52.4138475,21.1837417
44114,Nadma,ul. Szkolna 7,52.3619825,21.1656875
57236,Ciemne,ul. Wołomińska 208,52.3888104,21.2025324
118381,Łąki,ul. Weteranów 207,52.4391849,21.1414487
480769,Radzymin,ul. Polskiej Organizacji Wojskowej 4,52.4178515,21.1838775
104967,Urle,ul. Żwirki i Wigury 4,52.51649,21.6237892
105551,Jadów,ul. 11 Listopada 15/17,52.4783418,21.6326999
57086,Myszadła,65A,52.47214,21.70136
86472,Szewnica,ul. Kościelna 28,52.4853602,21.562639
48898,Krusze,ul. Kryształowa 99 A,52.4415759,21.3648481
48900,Stary Kraszew,ul. Szkolna 5,52.4060174,21.2619759
81332,Klembów,ul. gen. Franciszka Żymirskiego 68,52.4063968,21.3315606
81330,Ostrówek,ul. Warszawska 2,51.7833299,21.1871306
48897,Dobczyn,ul. Mazowiecka 67,52.3870904,21.2997051
48899,Wola Rasztowska,ul. Szkolna 9,52.4415494,21.287128
86844,Kobyłka,ul. Jezuicka 1,52.3388662,21.1948913
87771,Kobyłka,ul. Elizy Orzeszkowej 3/5,52.3244396,21.2178094
82336,Kobyłka,ul. ks. Marcina Załuskiego 57,52.342268,21.2125589
106384,Marki,ul. Szkolna 9,52.3170922,21.1041642
262417,Marki,al. Marszałka Józefa Piłsudskiego 248/252,52.3623899,21.1381692
53788,Marki,ul. Pomnikowa 21,52.3402814,21.1136937
118815,Stare Babice,ul. gen. Władysława Sikorskiego 9,52.2523887,20.8462904
133420,Zielonki-Parcela,ul. Południowa 2,52.2484023,20.8222709
133421,Koczargi Stare,ul. Akacjowa 12,52.2658582,20.7955416
52984,Blizne Łaszczyńskiego,ul. Przyszłości 4,52.2408995,20.8846861
21170,Dziekanów Polski,ul. Rolnicza 435,52.3641489,20.847797
20793,Łomianki,ul. Warszawska 73,52.3372328,20.8948125
21172,Dziekanów Leśny,ul. por. Francisa Akinsa 6,52.3469733,20.8543502
25330,Łomianki,ul. Warszawska 141,52.342653,20.8801748
128445,Łomianki,ul. Krzysztofa Kamila Baczyńskiego 9,52.3367679,20.8989208
130341,Łomianki,ul. Warszawska 14,52.32417,20.9113852
263411,Łomianki,ul. Stanisława Staszica 2,52.3438108,20.8749434
133414,Łomianki,ul. Partyzantów 31,52.3195217,20.8836088
83774,Dąbrówka,ul. Tadeusza Kościuszki 20,52.45019,19.36263
103714,Józefów,ul. Kościelna 2,52.5033994,21.2177925
83818,Wszebory,ul. Trakt Napoleoński 45,52.47747,21.36092
83819,Guzowatka,81,52.4731151,21.2238237
26885,Bieniewice,ul. Błońska 62,52.182393,20.5638347
124290,Błonie,ul. Traugutta 14,52.1957885,20.613327
128276,Błonie,ul. Passowska 16A,52.2020626,20.6066328
262225,Błonie,ul. Narutowicza 4,52.197123,20.6158811
20480,Hornówek,ul. 3 Maja 49,52.2932884,20.8096749
126578,Kampinos,ul. Szkolna 5,52.2700727,20.4617483
31060,Leszno,ul. Leśna 13,52.260132,20.5862616
26514,Zaborów,ul. Stołeczna 182,52.2621139,20.6784466
72105,Święcice,ul. Poznańska 541,52.213143,20.6965714
71511,Ożarów Mazowiecki,ul. Lipowa 11,52.2146454,20.7747434
71921,Płochocin,ul. Lipowa 3,52.2078126,20.7193054
262613,Ożarów Mazowiecki,ul. Poznańska 183,52.2088615,20.7986309
72894,Ożarów Mazowiecki,ul. Szkolna 2,52.2120715,20.7948158
130629,Duchnice,ul. Duchnicka 25,52.1993454,20.7926444
19364,Stare Babice,ul. Polna 40,52.2539758,20.8411707
39022,Borzęcin Duży,ul. Warszawska 697,52.2519097,20.7363696
105297,Warszawa,ul. Jana Brożka 26,52.2419349,20.9371149
133623,Warszawa,ul. Grenady 16,52.2406639,20.960478
133625,Warszawa,ul. Smocza 19,52.247334,20.9839098
133627,Warszawa,ul. Księcia Janusza 45/47,52.2446602,20.9386564
272362,Warszawa,ul. Okopowa 59,52.2503175,20.9784872
20770,Warszawa,ul. Braci Załuskich 1,52.2666954,20.9692152
20767,Warszawa,ul. Mścisławska 1,52.2756531,20.9844977
103582,Warszawa,ul. Zygmunta Krasińskiego 1,52.2702784,20.9959339
123543,Warszawa,ul. Zygmunta Krasińskiego 31,52.2659073,20.976265
20768,Warszawa,ul. Or-Ota 5,52.2623915,20.9838707
133707,Warszawa,ul. Filarecka 2,52.2685302,20.9836313
133712,Warszawa,al. Aleja Wojska Polskiego 1A,52.2633989,20.9956834
277797,Warszawa,ul. Anny German 5A,52.2611533,20.9718736
10385,Błonie,ul. Poniatowskiego 19,52.1931016,20.6237409
196413,Błonie,ul. Okrzei 3,52.1926765,20.6177398
14768,Błonie,ul. Narutowicza 21,52.1964076,20.6111103
42063,Warszawa,ul. Deotymy 37,52.2432295,20.9474359
41455,Warszawa,ul. Esperanto 7a,52.245649,20.9793714
42185,Warszawa,ul. Ogrodowa 42/44,52.2386142,20.9864898
41649,Warszawa,ul. Elekcyjna 21/23,52.2341316,20.9475734
40898,Warszawa,ul. Redutowa 37,52.2340264,20.9401152
42023,Warszawa,ul. Jana Brożka 15,52.2421041,20.9390321
25025,Warszawa,ul. Ogrodowa 3a,52.2396461,20.9941545
70687,Warszawa,ul. Żelazna 103B,52.2418879,20.9844321
52983,Warszawa,ul. Józefa Bema 73/75,52.2276095,20.9584423
53017,Warszawa,ul. Karolkowa 49,52.2342934,20.9765499
133620,Warszawa,ul. Marcina Kasprzaka 1/3,52.22815,20.9771666
40545,Warszawa,ul. Jana Olbrachta 48/56,52.2353295,20.93634
40945,Warszawa,ul. Płocka 30,52.2380546,20.9660982
42836,Warszawa,ul. Żytnia 40,52.2394921,20.9742222
82713,Warszawa,ul. Hipolita Wawelberga 10,52.2360059,20.9697412
104258,Warszawa,ul. Eustachego Tyszkiewicza 42,52.2418936,20.9675626
30974,Warszawa,ul. Radarowa 4b,52.1922709,20.9658625
30971,Warszawa,ul. Przepiórki 16/18,52.2042118,20.9011578
128769,Warszawa,ul. 1 Sierpnia 8a,52.1920523,20.982749
130316,Warszawa,ul. Promienista 12a,52.2101751,20.9042563
53002,Warszawa,ul. Radarowa 6,52.1913558,20.9656415
124012,Warszawa,ul. Globusowa 38,52.2102872,20.9127974
129719,Warszawa,ul. Mikołajska 42,52.2091861,20.9316759
131706,Warszawa,ul. Zbigniewa Romaszewskiego 23,52.2754047,20.958279
272093,Warszawa,ul. Na Skraju 32,52.1603267,20.9383172
30973,Warszawa,ul. Cietrzewia 22a,52.2019157,20.9247749
40908,Warszawa,ul. Syreny 5/7,52.2341085,20.9623426
41174,Warszawa,ul. Ożarowska 69,52.2460422,20.9503648
25442,Warszawa,ul. Grzybowska 35,52.2350085,20.9949641
40717,Warszawa,ul. Grabowska 1,52.2284671,20.9533548
40716,Warszawa,ul. Miedziana 8,52.2287942,20.9917295
41126,Warszawa,ul. Esperanto 5,52.2441859,20.9803419
8472,Warszawa,ul. Przyczółkowa 27,52.1206775,21.1021022
30461,Warszawa,ul. Wiertnicza 26,52.1691538,21.0855855
7056,Warszawa,ul. Uprawna 9/17,52.1567932,21.0919266
6489,Warszawa,ul. Gubinowska 28/30,52.1738392,21.0688592
52982,Warszawa,ul. Wiertnicza 140,52.1774015,21.0758182
52998,Warszawa,ul. św. Urszuli Ledóchowskiej 3,52.1576796,21.0691514
121200,Warszawa,ul. Królewicza Jakuba 69,52.1750236,21.0722235
123511,Warszawa,ul. Kolegiacka 1,52.1675509,21.087932
128501,Warszawa,ul. Prymasa Augusta Hlonda 12,52.1586417,21.0657993
130612,Warszawa,ul. św. Urszuli Ledóchowskiej 10,52.155973,21.0693513
264708,Warszawa,ul. Wiertnicza 75,52.1722631,21.0802501
267771,Warszawa,ul. Prymasa Augusta Hlonda 20,52.1572512,21.0635971
274372,Warszawa,ul. Oś Królewska 25,52.1636893,21.0656179
41818,Warszawa,ul. Astronautów 17,52.1844159,20.9728445
29953,Warszawa,ul. Astronautów 11,52.1828445,20.9740153
30975,Warszawa,ul. Malownicza 31,52.1772882,20.9401008
52987,Warszawa,ul. Mieczysława Pożaryskiego 28,52.2071571,21.1739256
29542,Warszawa,ul. Króla Maciusia 5,52.2384381,21.1432063
29949,Warszawa,ul. Azaliowa 10,52.2371416,21.1537426
52988,Warszawa,ul. Mieczysława Pożaryskiego 28,52.2071571,21.1739256
105293,Warszawa,ul. Trakt Lubelski 40,52.1769564,21.1532244
105306,Warszawa,ul. Patriotów 90,52.1707385,21.2031266
277512,Warszawa,ul. Cyklamenów 28,52.1848755,21.1424454
87205,Warszawa,ul. Brata Alberta 46,52.2392235,21.1908217
54139,Warszawa,inne Trakt Brzeski 18,52.22337,21.22139
34237,Warszawa,ul. Armii Krajowej 9,52.2510252,21.2168181
43929,Warszawa,ul. Cieplarniana 23,52.2186625,21.2354531
53000,Warszawa,ul. Wspólna 55,52.2485436,21.19455
133545,Warszawa,ul. Klimatyczna 1,52.2171653,21.2399715
54132,Warszawa,ul. Armii Krajowej 39,52.2506813,21.2264503
54142,Warszawa,pl. Plac Wojska Polskiego 28,52.2554899,21.230459
482616,Warszawa,ul. Fabryczna 6a,52.2203464,21.2294101
274412,Warszawa,ul. Jerzego Zaruby 7,52.1284508,21.0730767
30878,Warszawa,ul. Michała Kajki 80/82,52.2210277,21.1637693
28624,Warszawa,ul. Wolna 36/38,52.1703475,21.2162922
30913,Warszawa,ul. Bajkowa 17/21,52.1880255,21.1764317
27990,Warszawa,ul. Przygodna 2,52.1977224,21.1333261
30870,Warszawa,ul. Mieczysława Pożaryskiego 2,52.2029357,21.1805353
27605,Warszawa,ul. Kadetów 15,52.2132479,21.1104995
83672,Warszawa,ul. Bartoszycka 45/47,52.163936,21.2220584
30166,Warszawa,ul. Poezji 5,52.1558833,21.2027232
26789,Warszawa,ul. Koryncka 33,52.2191197,21.1444065
29806,Warszawa,ul. Wilgi 19,52.1860287,21.1934586
82711,Warszawa,ul. Wał Miedzeszyński 141,52.1614721,21.1666487
31706,Warszawa,ul. Patriotów 347,52.2099353,21.1620144
31814,Warszawa,ul. Żwanowiecka 46/50,52.1742158,21.2052932
125191,Warszawa,ul. Stanisława Jachowicza 4,52.1530281,21.2046542
13192,Warszawa,ul. Patriotów 148,52.1817929,21.1922002
25029,Warszawa,ul. Wiolinowa 6,52.1591801,21.0277091
82709,Warszawa,ul. Nowoursynowska 139 U,52.150007,21.0600029
34221,Warszawa,ul. Marii Grzegorzewskiej 10,52.1515075,21.0557231
30711,Warszawa,ul. płk. Zoltána Baló 1,52.1328536,21.0609055
19870,Warszawa,ul. Wilczy Dół 4,52.1285214,21.0582151
25031,Warszawa,ul. Jerzego Zaruby 2,52.128141,21.0755418
105753,Warszawa,ul. Jagielska 2,52.1121737,21.0399146
133567,Warszawa,ul. Hawajska 14a,52.1508815,21.0414663
23460,Warszawa,ul. Mandarynki 1,52.1455043,21.0606591
34796,Warszawa,ul. Przy Bażantarni 3,52.1373548,21.0657872
118680,Warszawa,ul. Bażancia 16,52.1089279,21.0335286
122373,Warszawa,ul. Nowoursynowska 154 a,52.154132,21.0569457
127832,Warszawa,ul. Bogatki 23,52.1321901,21.0209349
133732,Warszawa,ul. Kajakowa 10,52.1306278,21.0207898
263733,Warszawa,ul. Poleczki 7,52.1532705,21.0136283
264398,Warszawa,ul. Jana Rosoła 10,52.1342075,21.0765144
75025,Warszawa,ul. gen. Kazimierza Sosnkowskiego 10,52.1894518,20.8903239
275580,Warszawa,ul. Ryżowa 33b,52.1932156,20.9094932
23372,Warszawa,ul. Leonida Teligi 3,52.1524231,21.0470175
60888,Warszawa,ul. Puszczyka 6,52.1578622,21.0249033
23529,Warszawa,ul. Witolda Małcużyńskiego 4,52.1357928,21.0563278
22206,Warszawa,ul. Taneczna 54/58,52.1465358,21.0162839
23047,Warszawa,ul. Hawajska 7,52.1490505,21.0411351
23401,Warszawa,ul. Edwarda Dembowskiego 9,52.1516921,21.031928
22214,Warszawa,ul. Koncertowa 8,52.1647911,21.030555
23079,Warszawa,ul. Jana Cybisa 1,52.1542838,21.0256103
23729,Warszawa,ul. Stefana Kopcińskiego 7,52.1566368,21.0536744
23395,Warszawa,ul. Związku Walki Młodych 10,52.1577223,21.0393229
23448,Warszawa,ul. Ludwika Hirszfelda 11,52.145169,21.0401658
22197,Warszawa,ul. Sarabandy 16/22,52.1133253,21.0145921
23626,Warszawa,ul. Eugeniusza Lokajskiego 3,52.1397441,21.0629327
31704,Warszawa,ul. Wacława Lachmana 2,52.1575504,21.0417955
133613,Warszawa,ul. Bartnicza 8,52.2874193,21.0289321
48843,Warszawa,ul. Turmoncka 20,52.2984677,21.0412293
48848,Warszawa,ul. Remiszewska 40,52.272142,21.0538334
119791,Warszawa,ul. Skrajna 10,52.2940555,21.0206216
133612,Warszawa,ul. Trocka 4,52.2744278,21.0608799
262848,Warszawa,ul. Skrajna 10,52.2940555,21.0206216
274382,Warszawa,ul. Rembrandta 8,52.281972,21.0503731
122172,Warszawa,ul. Orłów Piastowskich 47,52.2007543,20.8689973
74888,Warszawa,ul. Walerego Sławka 9,52.1926586,20.895426
34231,Warszawa,ul. Traktorzystów 16,52.1982814,20.889177
52992,Warszawa,ul. Henryka II Pobożnego 1,52.1995406,20.8664424
133576,Warszawa,ul. Warszawska 63,52.1936142,20.8615448
133574,Warszawa,ul. Konińska 2,52.1947661,20.8950578
133575,Warszawa,ul. Michała Drzymały 1,52.1873213,20.8880291
267728,Warszawa,ul. Dzieci Warszawy 42A,52.1970362,20.8997313
74989,Warszawa,ul. Mariana Keniga 20,52.1965768,20.8685889
53026,Warszawa,ul. Antoniego Malczewskiego 45,52.192646,21.0131584
124008,Warszawa,ul. Piękna 24/26,52.2238744,21.0180591
264241,Warszawa,ul. Świętojerska 24,52.249638,20.9997022
264822,Warszawa,ul. Karmelicka 26,52.2507971,20.9899244
275570,Warszawa,al. Aleja Wyzwolenia 7,52.2193688,21.022055
48846,Warszawa,ul. Krakusa 2,52.2916468,21.0258391
48842,Warszawa,ul. Samarytanka 11a,52.2804702,21.0576764
52372,Warszawa,ul. Radzymińska 227,52.2555602,21.0496379
48845,Warszawa,ul. Suwalska 29,52.2953785,21.0380215
56368,Warszawa,ul. Bartnicza 2,52.2860986,21.0236165
11490,Warszawa,ul. Gościeradowska 18/20,52.2744154,21.0451248
48844,Warszawa,ul. św. Hieronima 2,52.2936752,21.023386
44250,Warszawa,ul. Mieszka I 7,52.2677796,21.0689511
48841,Warszawa,ul. Balkonowa 4,52.2860843,21.0385547
82710,Warszawa,ul. Toruńska 23,52.2958432,21.0166087
133615,Warszawa,ul. Krasiczyńska 4/6,52.2944171,21.0468288
34635,Warszawa,ul. Wilcza 53,52.2237542,21.0108369
43840,Warszawa,al. Aleja Jana Pawła II 26a,52.2372829,20.9981672
43836,Warszawa,ul. Karmelicka 13,52.2468639,20.9921946
43837,Warszawa,ul. Nowy Świat 21a,52.2321032,21.0184324
35188,Warszawa,ul. ks. Ignacego Skorupki 8,52.2259697,21.0167148
34634,Warszawa,ul. Górnośląska 45,52.2238659,21.0295513
35094,Warszawa,ul. Ciasna 13,52.2518257,21.0054054
34633,Warszawa,ul. Dow Bera Meiselsa 1,52.2528637,20.9940513
31698,Warszawa,ul. Piękna 24/26,52.2238744,21.0180591
29947,Warszawa,"al. Aleja ""Solidarności"" 113c",52.2417141,20.9957305
38742,Warszawa,ul. Stefanii Sempołowskiej 4,52.2189703,21.0202672
41863,Warszawa,ul. Drewniana 8,52.2395706,21.0257535
120192,Warszawa,ul. Raszyńska 22,52.221079,20.9892532
34570,Warszawa,ul. Fabryczna 19,52.2241212,21.0380442
34983,Warszawa,ul. Niecała 14,52.2427271,21.0089944
52991,Warszawa,ul. Szwoleżerów 4,52.2165593,21.0426778
21235,Warszawa,ul. Kawęczyńska 2,52.2555365,21.049699
21344,Warszawa,ul. Kowieńska 12/20,52.263402,21.0417695
19491,Warszawa,ul. Otwocka 3,52.2593075,21.0572597
21253,Warszawa,ul. Białostocka 10/18,52.2540159,21.0392635
103585,Warszawa,ul. Kawęczyńska 23/25,52.2569428,21.0538766
133484,Warszawa,ul. Józefa Sierakowskiego 9,52.2504625,21.030977
61432,Warszawa,ul. Ignacego Paderewskiego 45,52.2630102,21.1564304
103940,Warszawa,ul. Niepołomicka 26,52.246773,21.1362137
88214,Warszawa,ul. Dwóch Mieczy 5,52.2529807,21.164313
81772,Warszawa,al. Aleja Sztandarów 2,52.2657221,21.1702931
103935,Warszawa,ul. Niepołomicka 26,52.246773,21.1362137
105304,Warszawa,ul. Strażacka 57,52.2594726,21.1324092
262429,Warszawa,"ul. gen. Karola Ziemskiego ""Wachnowskiego"" 22",52.2589768,21.177008
268561,Warszawa,ul. Cyrulików 87,52.2572477,21.1668213
44669,Warszawa,ul. Moliera 4/6,52.2442616,21.0116535
34745,Warszawa,ul. Leona Kruczkowskiego 12b,52.2360424,21.0283464
262236,Warszawa,ul. Boremlowska 6/12,52.2471817,21.1082704
262232,Warszawa,ul. Afrykańska 11,52.2274596,21.069347
105299,Warszawa,ul. Osowska 81,52.2464974,21.0940207
20653,Warszawa,ul. Zbaraska 3,52.2440508,21.0723618
21340,Warszawa,ul. gen. Tadeusza Bora-Komorowskiego 31,52.2252003,21.0874008
24685,Warszawa,ul. Cyrklowa 1,52.2314269,21.0796493
25027,Warszawa,ul. Paryska 25,52.2288379,21.0573472
53015,Warszawa,ul. Alfreda Nobla 16,52.233842,21.059397
80253,Warszawa,ul. Egipska 7,52.2254395,21.0681917
122233,Warszawa,ul. Mińska 1/5,52.2479871,21.0557907
262234,Warszawa,ul. gen. Romana Abrahama 10,52.2273637,21.0877879
277567,Warszawa,ul. Jana Nowaka-Jeziorańskiego 22,52.2314209,21.0977328
277594,Warszawa,ul. Tarnowiecka 4,52.2354828,21.1062147
481855,Warszawa,ul. Ostrobramska 95,52.2345634,21.0954362
21312,Warszawa,ul. Bertolta Brechta 8,52.2597373,21.0320367
25422,Warszawa,ul. Jagiellońska 7,52.2499974,21.0357476
34224,Warszawa,ul. Harfowa 2,52.200244,20.9651968
21304,Warszawa,ul. Osiecka 28/32,52.2377272,21.1048951
21969,Warszawa,ul. Białowieska 22,52.2381731,21.0925319
21572,Warszawa,ul. Kwatery Głównej 13,52.2440644,21.11291
23880,Warszawa,ul. Kamionkowska 36/44,52.2472443,21.0652321
22084,Warszawa,ul. Władysława Umińskiego 12,52.2274358,21.1012333
20888,Warszawa,ul. Międzyborska 64/70,52.2409372,21.0790038
23746,Warszawa,ul. Zwycięzców 44,52.2328411,21.0661132
20772,Warszawa,ul. Ludwika Michała Paca 44,52.2493439,21.0816577
23514,Warszawa,ul. Grzegorza Przemyka 5,52.2290726,21.0809455
21185,Warszawa,Aleja Stanów Zjednoczonych 27,52.2292755,21.0632876
21044,Warszawa,ul. Szaserów 117,52.2479431,21.0978873
31801,Warszawa,ul. Ostrobramska 76,52.2338844,21.1108634
25028,Warszawa,ul. Ostrobramska 72,52.2352403,21.1124956
34229,Warszawa,ul. ks. Jana Sztuki 13,52.2455918,21.1031865
262235,Warszawa,ul. Angorska 2,52.2375432,21.0578064
263454,Warszawa,ul. Janusza Kurtyki 4,52.18092,20.9998868
111978,Warszawa,ul. Stępińska 13,52.2038552,21.0374875
90364,Warszawa,ul. Rakowiecka 21,52.2081841,21.0162656
60286,Warszawa,ul. Niegocińska 2,52.1741847,21.0087092
481102,Warszawa,Aleja Wyścigowa 8A,52.1659873,21.0124841
103820,Warszawa,ul. Barska 4,52.2195069,20.9818265
23311,Warszawa,ul. Walentego Skorochód-Majewskiego 17,52.2029629,20.9725016
17902,Warszawa,ul. Mikołaja Reja 1,52.2172112,20.9927524
23289,Warszawa,ul. Trzech Budrysów 32,52.2085543,20.9660967
25238,Warszawa,ul. Powstańców Wielkopolskich 4,52.2048959,20.9682995
23192,Warszawa,ul. Spiska 1,52.2216995,20.9839966
16880,Warszawa,ul. Jasielska 49/53,52.2012661,20.9813904
23346,Warszawa,ul. Gorlicka 3,52.1949622,20.978329
23178,Warszawa,ul. Białobrzeska 27,52.2152883,20.9739519
31075,Warszawa,ul. Ludwika Krzywickiego 30,52.2195821,21.0006318
38438,Warszawa,ul. Wawelska 66/74,52.2167107,20.9843775
28118,Warszawa,ul. Obrzeżna 12a,52.1721131,21.0005128
52986,Warszawa,ul. Racławicka 14,52.1995673,21.0196396
52981,Warszawa,ul. Bełska 7,52.1916644,20.9988358
53025,Warszawa,ul. Niedźwiedzia 46,52.1772133,21.0200928
263079,Warszawa,ul. Czerniakowska 137,52.2125155,21.0466536
133455,Warszawa,ul. Jana III Sobieskiego 68,52.1846643,21.0556131
53020,Warszawa,ul. Chocimska 5,52.2078849,21.023577
60283,Warszawa,"ul. Jana Bytnara ""Rudego"" 19",52.1922752,21.0069818
60287,Warszawa,ul. Barcelońska 8,52.1763187,21.0553318
60289,Warszawa,ul. Wałbrzyska 5,52.1727511,21.0279107
60291,Warszawa,ul. Ludwika Narbutta 14,52.2073055,21.018706
60296,Warszawa,ul. Wiktorska 73,52.1979381,21.0092027
80397,Warszawa,ul. Gościniec 53,52.2118122,21.0736501
105308,Warszawa,ul. Dolna 19,52.2005232,21.0303941
128602,Warszawa,ul. Czerska 14,52.2063606,21.0451621
196257,Warszawa,ul. Mahatmy Gandhiego 13,52.1934658,21.0081264
60295,Warszawa,ul. Domaniewska 33,52.1827524,21.0101782
60278,Warszawa,ul. Konstruktorska 10,52.1858781,20.9907914
83750,Warszawa,ul. Piaseczyńska 114/116,52.1984863,21.0329303
60290,Warszawa,ul. Giordana Bruna 11,52.2085398,21.001672
60280,Warszawa,ul. Kazimierzowska 16,52.199897,21.0181716
81165,Warszawa,ul. św. Bonifacego 10,52.1772051,21.0486368
60281,Warszawa,ul. Czarnomorska 3,52.1832175,21.0483917
60292,Warszawa,ul. Jeziorna 5/9,52.1875302,21.0709377
60284,Warszawa,ul. Spartańska 4,52.1916538,20.9961421
29946,Warszawa,ul. Jana Sebastiana Bacha 2,52.1728062,21.0327339
31793,Warszawa,ul. Edwarda Józefa Abramowskiego 4,52.1848957,21.0173424
29860,Warszawa,ul. Puławska 97,52.198733,21.0251516
110104,Warszawa,ul. Bolesława Limanowskiego 15,52.1891787,21.0550016
81771,Warszawa,ul. Teresińska 9,52.2002369,21.0473642
60805,Warszawa,ul. Gwintowa 3,52.207812,21.0830386
28117,Warszawa,ul. Bachmacka 3,52.1939008,21.0044341
34222,Warszawa,ul. Kolektorska 9/11,52.2754817,20.9685674
133677,Warszawa,ul. Stanisława Przybyszewskiego 45,52.276314,20.9410418
133678,Warszawa,ul. Lwa Tołstoja 2,52.2842133,20.9329554
5120,Warszawa,ul. Josepha Conrada 6,52.2720535,20.9290118
26496,Warszawa,ul. Jana Kochanowskiego 8,52.2674274,20.954714
31811,Warszawa,ul. Kazimierza Wóycickiego 1/3,52.3128566,20.9174229
53024,Warszawa,ul. Marymoncka 34,52.2830317,20.9588947
128471,Warszawa,ul. Josepha Conrada 7,52.2711071,20.9277321
482101,Warszawa,ul. Arkuszowa 202,52.2876771,20.8773281
60275,Warszawa,ul. Bokserska 30,52.168349,21.0058676
60288,Warszawa,ul. Cieszyńska 8,52.1839923,21.0271796
60285,Warszawa,ul. Zakrzewska 24 B,52.2049464,21.0400639
60277,Warszawa,ul. Zwierzyniecka 10,52.20963,21.0504335
60299,Warszawa,ul. Artura Grottgera 22,52.2054887,21.0280764
92385,Warszawa,ul. Nowoursynowska 210/212,52.1735336,21.039039
60276,Warszawa,ul. Okrężna 80,52.1833958,21.0646975
23502,Warszawa,ul. Rudzka 6,52.2806148,20.9742003
23510,Warszawa,ul. Władysława Broniewskiego 99a,52.2722648,20.9387622
23501,Warszawa,ul. Aspekt 48,52.2757822,20.9315211
29951,Warszawa,ul. Władysława Smoleńskiego 31,52.2796476,20.9621429
31797,Warszawa,ul. Wolumen 3,52.284353,20.9395287
23509,Warszawa,ul. Józefa Balcerzaka 1,52.2924064,20.9338712
23504,Warszawa,ul. Antoniego Fontany 3,52.2782148,20.9496087
28116,Warszawa,ul. Kazimierza Wóycickiego 1/3,52.3128566,20.9174229
34507,Warszawa,ul. Szegedyńska 11,52.2914882,20.9428398
34499,Warszawa,ul. Antoniego Fontany 1,52.274046,20.9483518
23506,Warszawa,Aleja Władysława Reymonta 25,52.2836905,20.9390775
23505,Warszawa,ul. Leopolda Staffa 21,52.2740917,20.9568152
23507,Warszawa,ul. Jana Kasprowicza 107,52.2844927,20.9420273
23503,Warszawa,ul. Samogłoska 9,52.3107223,20.9199629
23508,Warszawa,ul. Wrzeciono 9,52.289303,20.9376361
52985,Warszawa,ul. Tomasza Nocznickiego 7,52.2961444,20.9385231
110249,Warszawa,ul. Myśliborska 25,52.3024178,20.9770573
110253,Warszawa,ul. Porajów 3,52.3149458,20.9589572
110254,Warszawa,ul. Strumykowa 21A,52.3310972,20.9438306
110255,Warszawa,ul. Erazma z Zakroczymia 15,52.3217817,20.948918
110252,Warszawa,ul. Podróżnicza 11,52.326323,20.9731529
38444,Warszawa,ul. Liczydło 3,52.3138314,20.979863
122579,Warszawa,ul. Głębocka 66,52.3117029,21.067355
263050,Warszawa,ul. Przytulna 3,52.3570333,20.9831708
24960,Warszawa,ul. Józefa Mehoffera 90,52.3362437,20.9641765
53022,Warszawa,ul. Białołęcka 186d,52.3110375,21.030507
122577,Warszawa,ul. Ceramiczna 11,52.3209988,20.960815
263047,Warszawa,ul. Płużnicka 4,52.3120481,20.9737798
263048,Warszawa,ul. Strumykowa 21,52.330628,20.9446585
263052,Warszawa,ul. Mariana Hemara 16,52.3272088,21.0382968
274375,Warszawa,ul. Ruskowy Bród 19,52.3440196,21.0566786
478003,Warszawa,ul. Modlińska 184a,52.3253108,20.9699472
15808,Warszawa,ul. Oławska 3,52.2591871,20.9255081
16905,Warszawa,ul. ppłk. Wacława Szadkowskiego 3,52.2519413,20.920443
25035,Warszawa,ul. Muszlowa 15,52.2343371,20.9116939
53028,Warszawa,ul. Lazurowa 67,52.228739,20.8957145
59641,Warszawa,ul. Karola Irzykowskiego 1a,52.2307584,20.9030356
63416,Warszawa,ul. Brygadzistów 18,52.2255088,20.9127414
123456,Warszawa,ul. Zachodzącego Słońca 25,52.2602614,20.9164307
134005,Warszawa,ul. gen. Waleriana Czumy 8,52.2360485,20.9106199
134006,Warszawa,ul. Rozłogi 10,52.2233098,20.9019938
134007,Warszawa,ul. Michała Elwira Andriollego 1,52.2515611,20.9279728
110251,Warszawa,ul. Juranda ze Spychowa 10,52.3164457,21.033057
28115,Warszawa,ul. Dziatwy 6,52.3307348,20.9693687
110248,Warszawa,ul. Zaułek 34,52.3272925,21.0668519
103920,Warszawa,ul. Kobiałka 49,52.363359,21.0454223
110250,Warszawa,ul. Leśnej Polanki 63/65,52.338058,20.9454388
110247,Warszawa,ul. Bohaterów 41,52.3402153,20.9933417
104013,Bieszków Dolny,87,51.2028303,20.987999
29544,Mirów Stary,34,51.1923187,21.028128
30653,Zbijów Mały,1,51.17241,21.02425
57148,Orońsko,ul. Szkolna 3,51.3134481,20.9901717
57152,Guzów,20,52.12525,20.33605
57153,Wałsnów,22a,51.2851699,20.9460428
90079,Ciepła,24B,51.312479,20.9193183
89340,Majdów,30,51.1586988,20.7780869
14074,Wysoka,37,51.2932128,20.8805398
88448,Szydłowiec,ul. Wschodnia 57,51.228977,20.8624472
13964,Szydłowiec,ul. Wschodnia 19,51.2239271,20.8632012
20769,Warszawa,ul. Przasnyska 18A,52.2647603,20.9644757
15297,Warszawa,ul. Stanisława Konarskiego 20,52.2405199,20.9188037
16899,Warszawa,ul. Stanisława Szobera 1/3,52.2356901,20.9015097
60578,Warszawa,ul. gen. Wiktora Thomméego 1,52.2607285,20.9019303
16233,Warszawa,ul. Tkaczy 27,52.2227876,20.9061906
63415,Sokołów Podlaski,ul. Węgrowska 22,52.4075453,22.2154746
80680,Sokołów Podlaski,ul. Kupientyńska 15,52.4105537,22.2551948
262750,Sokołów Podlaski,ul. Skłodowskiej-Curie 16,52.4085591,22.2386136
132912,Sokołów Podlaski,ul. Księdza Bosco 1,52.4052782,22.2427852
262747,Sokołów Podlaski,ul. Repkowska 3,52.4028256,22.2585842
70343,Skibniew-Podawce,ul. Szkolna 8,52.4967223,22.1851447
70349,Grochów Szlachecki,ul. Władysława Rawicza 1,52.3960055,22.1259576
70560,Nowa Wieś,ul. Szkolna 2,53.0883318,21.4111152
69239,Sterdyń,ul. Wojska Polskiego 17,52.5768284,22.2973098
69081,Łazów,7,52.56267,22.36884
84202,Budki Drugie,1,51.2064298,20.7925409
86996,Chlewiska,ul. Szkolna 15,51.2456177,20.7617494
84201,Cukrówka,57,51.26749,20.78359
40731,Gąsawy Rządowe,144A,51.2055135,20.9302046
40911,Wola Lipieniecka Duża,41,51.2664408,20.9974182
57614,Jastrząb,ul. Kościuszki 51B,51.2467635,20.9468572
107442,Kąty,74B,52.2362515,20.198998
70659,Paprotnia,ul. Sochaczewska 10,52.21179,20.43377
64422,Budki Piaseckie,17,52.1974307,20.3322159
64419,Teresin,al. Księcia Druckiego-Lubeckiego 3,52.1986349,20.4084388
64421,Szymanów,ul. Szkolna 35,52.1616414,20.3810754
18262,Rozbity Kamień,ul. Wiktora Szajkowskiego 7,52.3347203,22.1807331
18138,Bielany-Jarosławy,65,52.33631,22.24209
109151,Ceranów,206,52.6307826,22.2279919
56496,Jabłonna Lacka,ul. Klonowa 6,52.4765532,22.4422915
80143,Kosów Lacki,ul. Armii Krajowej 6,52.5960805,22.1471764
40199,Repki,ul. Osiedlowa 8,52.3857809,22.390667
40201,Wyrozęby-Podawce,1,52.3419819,22.4509722
40200,Skrzeszew,98,52.4007216,22.5131781
39645,Sabnie,ul. Słoneczna 1,52.5009994,22.3062034
8901,Nieciecz Włościańska,30,52.4606688,22.3026287
80679,Sokołów Podlaski,ul. Polna 8,52.4010397,22.2502046
3641,Kurdwanów,35,52.1358614,20.2424694
3688,Nowa Sucha,16,52.2548842,21.9988842
122070,Rybno,ul. Długa 11,52.2435709,20.1000348
74224,Sochaczew,ul. 15 Sierpnia 44,52.2158656,20.2279396
84898,Sochaczew,ul. Prezydenta Ryszarda Kaczorowskiego 5,52.2254569,20.2396393
13397,Sochaczew,ul. Fryderyka Chopina 99,52.2543967,20.2753271
196313,Sochaczew,ul. Stanisława Staszica 106,52.2386198,20.2453217
5908,Sochaczew,ul. Stadionowa 4,52.207691,20.2225202
74675,Sochaczew,ul. Stanisława Staszica 25,52.2331561,20.2391347
262628,Sochaczew,ul. Prezydenta Ryszarda Kaczorowskiego 7,52.225421,20.2411537
71676,Mokas,26,52.2729042,20.3257555
103700,Wyczółki,21A,52.1736633,20.2691908
82631,Żuków,104a,52.2717209,20.2658065
71677,Feliksów,20,52.3510768,19.5060972
71678,Gawłów,79A,52.2573085,20.2227908
262652,Wymysłów,17,52.2296829,20.3527318
92016,Szczutowo,ul. Lipowa 2,52.9352888,19.5766482
84864,Słupia,43,52.76233,19.85594
85114,Stropkowo,2,52.8092767,19.8306405
78968,Zawidz Kościelny,ul. Mazowiecka 47,52.8277244,19.8735798
51427,Śladów,101,52.3724,20.27803
51426,Brochów,27,52.3223447,20.2602895
262477,Lasocin,3,52.3063557,20.3229537
23898,Kaptury,5,52.3008878,19.9771213
26781,Brzozów Stary,67,52.3005738,20.0451694
23899,Iłów,ul. Płocka 14,52.3395204,20.0262978
18951,Załusków,8,52.3172498,19.9825008
92273,Młodzieszyn,ul. Wspólna 13A,52.2986514,20.1860491
92271,Kamion Poduchowny,9,52.3628464,20.1994022
92270,Janów,71A,52.268939,20.1656648
7317,Kozłów Biskupi,ul. Olimpijska 1,52.1920336,20.1926241
3660,Kozłów Szlachecki,54,52.1729548,20.134528
87755,Izdebki-Kosny,38,52.102568,22.5961118
72135,Ługi Wielkie,39,52.1211485,22.3945715
49610,Lelice,ul. Szkolna 1,52.7368131,19.7672
50447,Gozdowo,ul. Krystyna Gozdawy 21,52.723989,19.6862064
27352,Bożewo Nowe,ul. Szkolna 2,52.7169846,19.5650528
27413,Mochowo-Parcele,ul. Szkolna 1,52.7658333,19.5452778
27452,Ligowo,ul. Parkowa 2,52.8242472,19.4829422
47536,Łukomie,53a,52.9166373,19.717661
75513,Rościszewo,ul. Władysława Reymonta 4,52.9009267,19.7748102
24714,Sierpc,ul. Dworcowa 5b,52.8505222,19.6502726
25167,Sierpc,ul. Konstytucji 3 Maja 8,52.856619,19.6625627
24722,Sierpc,ul. Płocka 38a,52.8502227,19.6689878
65134,Goleszyn,ul. Niepodległości 2,52.7839836,19.7211256
65138,Borkowo Kościelne,ul. Szkolna 2,52.8409682,19.7140063
65135,Bledzewo,11A,52.8242717,19.6182841
107429,Gójsk,ul. Lipnowska 3B,52.9012413,19.5273605
47179,Dąbrówka-Stany,ul. Bohdana Arcta 4,52.1110955,22.0945766
47540,Skórzec,ul. Siedlecka 1,52.1091111,22.139491
47722,Grala-Dąbrowizna,65,52.0723301,22.110619
34678,Suchożebry,ul. Siedlecka 6,52.2612769,22.2541988
103430,Wiśniew,ul. Tadeusza Kościuszki 54,52.0729641,22.2947505
104448,Śmiary,68,52.0404074,22.2497221
104389,Radomyśl,46,52.0391383,22.3586908
263493,Gostchorz,53B,52.0472884,22.2980642
121376,Wodynie,ul. Siedlecka 7,52.0405263,21.9561634
69068,Ruda Wolińska,44,52.0575595,22.0549835
110219,Seroczyn,ul. Siedlecka 11,52.5695753,22.3495083
106644,Borki-Kosy,24,52.0866792,22.3683325
71497,Cielemęc,44,52.1419625,22.4337082
71687,Dziewule,ul. Kościelna 10,52.0496835,22.4001471
63456,Krzesk-Królowa Niwa,23,52.0586787,22.6134016
63462,Zbuczyn,ul. Jana Pawła II 3,52.0897875,22.4345132
22743,Kotuń,ul. Szkolna 2,52.1779129,22.0700859
15810,Mokobody,ul. Wiatraczna 14,52.2654877,22.1114012
22683,Niwiski,ul. Rynek 21,52.2207018,22.1709664
25431,Mordy,ul. Kilińskiego 13,52.2112989,22.5170678
263503,Wojnów,11,52.21637,22.57827
107687,Hołubla,ul. Unitów Podlaskich 35,52.2778494,22.436633
107672,Paprotnia,ul. Jana Pawła II 5,52.2995888,22.4698853
6711,Przesmyki,ul. Narutowicza 18,52.267829,22.5828795
6708,Łysów,89,52.2930101,22.6827109
9677,Żelków-Kolonia,ul. Siedlecka 202,52.1408441,22.2073273
11523,Białki,ul. Diamentowa 1,52.1314708,22.292458
6539,Golice,ul. Szkolna 2,52.198502,22.3370783
10046,Chodów,ul. Sokołowska 1,52.20418,22.2448
6583,Nowe Iganie,ul. Siedlecka 113,52.1728389,22.2063567
6360,Pruszyn,ul. Dolina Liwca 46,52.5648342,20.4329186
16265,Stok Lacki,ul. Siedlecka 135,52.1567664,22.3563348
70441,Siedlce,ul. Wiśniowa 5,52.1747811,22.2806327
64380,Siedlce,ul. Graniczna 1,52.1801403,22.2744119
70439,Siedlce,ul. Mazurska 10,52.1631378,22.2535443
68720,Siedlce,ul. Sokołowska 172,52.1909657,22.2676159
263091,Siedlce,ul. Szkolna 2,52.1678637,22.2635246
263096,Siedlce,ul. Pescantina 2,52.1601015,22.2447075
263088,Siedlce,ul. Stanisława Konarskiego 5,52.1709182,22.2830302
70020,Siedlce,ul. Józefa Mireckiego 28,52.1822279,22.2829482
70442,Siedlce,ul. Unitów Podlaskich 16,52.1553078,22.2432882
128678,Siedlce,ul. Brzeska 65,52.1606336,22.2898662
263110,Siedlce,ul. Szkolna 33,52.1685059,22.2602527
71326,Domanice-Kolonia,18,52.0439973,22.1852342
71344,Olszyc Szlachecki,25,52.0270635,22.1090803
105183,Korczew,ul. Szkolna 4,52.35062,22.61436
22745,Bojmie,ul. Południowa 6,52.2038725,21.9536517
22749,Żeliszew Podkościelny,13,52.13885,22.00891
4818,Wierzbica,ul. Żeromskiego 62,51.2469071,21.0713971
196243,Wierzbica,ul. Sienkiewicza 55,51.2468558,21.0670248
20274,Mniszek,101,51.3666726,20.8700348
16798,Bieniędzice,21,51.411488,20.9286858
16797,Sławno,49,51.3906517,21.0262177
21371,Wolanów,ul. Kolejowa 29,51.3795633,20.9756935
49239,Bielicha,ul. Przytycka 184,51.4154284,21.0874185
89390,Dąbrówka Podłężna,29B,51.477302,21.0501088
55621,Wola Taczowska,11B,51.4490575,21.0449448
84857,Zakrzew,58D,51.4456826,21.0018874
85819,Cerekiew,ul. Wesoła 2,51.4093726,21.0551472
263094,Siedlce,ul. Sekulska 10,52.1625123,22.2809004
92370,Siedlce,ul. Generała Gustawa Orlicz-Dreszera 3,52.1619963,22.2669251
70435,Siedlce,ul. 10 Lutego 18,52.1706896,22.2665168
70436,Siedlce,ul. Henryka Sienkiewicza 49,52.1650302,22.2734841
70438,Siedlce,ul. Starowiejska 23,52.1679851,22.2897031
107507,Jedlnia,93,51.4649807,21.3622388
107183,Czarna Wieś,5,51.4307051,21.4405974
107179,Jaroszki,21 A,51.4933596,21.346823
61883,Wrzeszczów,47,51.49824,20.82855
61884,Wrzos,6,51.4620049,20.8353288
58174,Przytyk,ul. Szkolna 3,51.4668994,20.9055732
84324,Skaryszew,ul. Bolesława Prusa 5,51.3105682,21.2523856
30841,Chomentów-Puszcz,ul. Ogrodowa 1,51.2865072,21.1827564
30843,Dzierzkówek Stary,90,51.2537572,21.2960867
84325,Odechów,77,51.2992132,21.3264949
30842,Maków,ul. Szkolna 6,51.3464267,21.2436691
87339,Makowiec,ul. Kościelna 2,51.3481677,21.2146639
4920,Ruda Wielka,ul. Radomska 10,51.2880872,21.0483591
4808,Dąbrówka Warszawska,117,51.28148,21.10797
4810,Polany,141,51.22597,21.11447
4809,Łączany,41a,51.2444257,21.1569158
41811,Jedlanka,ul. Główna 29,51.384173,21.567974
109598,Myśliszewice,15,51.41324,21.29051
2880,Słupica,84,51.41084,21.38722
109569,Jedlnia-Letnisko,ul. Słoneczna 5,51.4303531,21.3292505
109837,Natolin,59,52.14473,20.61615
35229,Bardzice,2c,51.3014892,21.1631912
35228,Kończyce-Kolonia,31,51.3665383,21.0598975
35230,Kowala-Stępocina,ul. Marii Walewskiej 6,51.3246477,21.0702786
35232,Mazowszany,ul. Wierzbicka 247,51.3415809,21.1278145
35233,Młodocin Mniejszy,47,51.3445383,21.0318904
262272,Parznice,ul. Szlachecka 2,51.3213446,21.1222174
92305,Pionki,ul. Niepodległości 3,51.4731386,21.4403906
92307,Pionki,ul. Targowa 9,51.4810001,21.4568014
107180,Laski,68,51.473009,21.5190799
107505,Suskowola,74,51.4551674,21.4790758
107181,Sucha,38a,51.4194155,21.509043
42202,Jasieniec Iłżecki Górny,75,51.1190913,21.1864075
80708,Pakosław,54,51.1921694,21.1781229
79702,Iłża,ul. Wójtowska 5,51.1624155,21.2373193
80711,Błaziny Dolne,163,51.1310283,21.2440009
92550,Maziarze Stare,40,51.1317928,21.3009561
19975,Jastrzębia,109,51.494316,21.2326813
4303,Mąkosy Stare,80,51.527198,21.3002798
4392,Wola Goryńska,45,51.54794,21.2356057
9205,Owadów,130,51.4882829,21.193975
6588,Kozłów,87,51.4664939,21.249538
66088,Wierzchowiny,30,51.5756557,21.1952435
42028,Stare Zawady,30A,51.5458,21.12806
54001,Ludwików,8,51.1073087,21.5240284
57705,Wsola,ul. Szkolna 1,51.4867179,21.1282235
53730,Jedlińsk,ul. Konopnickiej 2,51.5138697,21.1235619
54000,Bierwce,47,51.56631,21.16843
262310,Radom,ul. Sadkowska 16,51.4066207,21.1806432
58466,Radom,ul. Wośnicka 125,51.3791816,21.0851581
58471,Radom,ul. Malenicka 29,51.3773796,21.1881712
73489,Radom,ul. Oskara Kolberga 5,51.4009593,21.1718447
88027,Radom,ul. Energetyków 10,51.4391254,21.1888232
88028,Radom,ul. Ofiar Firleja 14,51.4437169,21.1491379
262309,Radom,ul. Krucza 2,51.4027349,21.1229068
262336,Radom,ul. Krychnowicka 1,51.3575744,21.083755
267644,Radom,ul. Jerzego Radomskiego 10,51.3771271,21.1709803
38643,Radom,ul. Wośnicka 121,51.3780702,21.0923217
17812,Kuczki-Kolonia,75,51.37388,21.33965
17813,Małęczyn,ul. Szkolna 64,51.3867036,21.2582204
17811,Gózd,ul. Starowiejska 130,51.3764721,21.3788857
15238,Klwatka Królewska,31,51.38741,21.30081
16258,Kłonówek-Kolonia,13,51.3361482,21.3335218
15790,Podgóra,10,51.3729205,21.4416665
40657,Radom,ul. Odrodzenia 37,51.3932459,21.1766347
48920,Radom,ul. Henryka Sienkiewicza 30,51.3967807,21.1597413
64669,Radom,ul. Stefana Jaracza 8,51.3950358,21.1528115
61436,Radom,ul. Gajowa 60,51.3760566,21.1472994
42237,Radom,ul. Sandomierska 19,51.3808435,21.153799
42212,Radom,ul. Aleksandra Tybla 7/11,51.4046946,21.1468821
40938,Radom,ul. Batalionów Chłopskich 16,51.3896105,21.1223873
49900,Radom,ul. Czarnoleska 10,51.3712852,21.1309941
58101,Radom,ul. Trojańska 5,51.3654239,21.1281844
70267,Radom,ul. Starokrakowska 124,51.3645405,21.0921434
52808,Radom,"ul. mjr. Jana Piwnika ""Ponurego"" 3",51.4172213,21.1756572
86863,Radom,ul. 25 Czerwca 70,51.404682,21.165466
42176,Radom,ul. Adama Rapackiego 24,51.4201805,21.1740217
65015,Radom,ul. Wierzbicka 81,51.3775151,21.1290931
262311,Radom,ul. Piastowska 17,51.4312825,21.1583293
262308,Radom,ul. Jurija Gagarina 19,51.3838327,21.1548291
20117,Sochocin,ul. Szkolna 17,52.6898865,20.4707992
13612,Kołoząb,31,52.6511687,20.4913264
13256,Kamienica,44a,52.4697298,20.4720147
13257,Stróżewo,50,52.51856,20.50497
13258,Kroczewo,ul. Warszawska 57,52.4765973,20.5597754
13259,Szczytno,3,52.54561,19.88574
72301,Radom,ul. Biała 6,51.3866761,21.1660262
41137,Radom,ul. gen. Józefa Sowińskiego 1,51.4128115,21.1622587
49375,Radom,ul. Kielecka 2/6,51.40701,21.121373
63252,Radom,ul. Powstańców Śląskich 4,51.4143969,21.1824651
56256,Radom,ul. Warszawska 3,51.4129821,21.1535178
73093,Radom,ul. Prospera Jarzyńskiego 3,51.3948714,21.1424369
40997,Radom,ul. Jana III Sobieskiego 12,51.4269381,21.1570508
72300,Radom,ul. Ceglana 14,51.4100401,21.1322692
41035,Radom,ul. Wyścigowa 49,51.3760822,21.1731908
73702,Radom,ul. Miła 18,51.4088315,21.1613057
20572,Zaborowo,77,52.54827,20.27126
105442,Nacpolsk,ul. Szkolna 18,52.5034914,20.2430348
75736,Nowe Miasto,ul. Ciechanowska 15,52.6563159,20.6307362
133790,Płońsk,ul. Wolności 4,52.6233263,20.3711908
42246,Płońsk,ul. Szkolna 30,52.629397,20.3663511
42866,Płońsk,ul. Stanisława Wyspiańskiego 4,52.624449,20.3645039
123687,Szerominek,ul. Południowa 1E,52.6312431,20.3363564
133791,Płońsk,ul. ks. Romualda Jaworskiego 25,52.6335315,20.3705738
51300,Siedlin,ul. Jana Pawła II 12,52.6040841,20.4099844
81810,Lisewo,48,52.602136,20.4791826
92879,Raciąż,ul. Kilińskiego 62B,52.7828553,20.1196727
29521,Koziebrody,5,52.8011916,20.0020823
31122,Unieck,80,52.8679451,20.1993139
4965,Stare Gralewo,13,52.7146342,20.1161523
29262,Krajkowo,8,52.79488,20.2001668
13613,Smardzewo,85,52.6977041,20.3939832
55088,Łąck,ul. Kolejowa 1,52.4663142,19.6109468
89984,Mystkowo,53,52.7046868,20.2088847
104813,Polesie,9,52.7527956,20.3164163
53829,Baboszewo,ul. Jana i Antoniego Brodeckich 6,52.6813829,20.2582764
89841,Sarbiewo,17,52.7008424,20.352801
109376,Czerwińsk nad Wisłą,ul. Warszawska 1,52.3940182,20.3123715
19318,Goławin,49C,52.43219,20.46688
19359,Grodziec,11A,52.46553,20.39051
19386,Chociszewo,47,52.4190928,20.390723
129750,Nowe Radzikowo,36,52.45393,20.36239
121651,Dzierzążnia,57,52.628587,20.2040708
93111,Nowe Kucice,46,52.5774707,20.2223958
103376,Królewo,58,52.6354434,20.5647228
108786,Joniec,69,52.6011565,20.5787813
104946,Naruszewo,17,52.5296969,20.3641927
20570,Radzyminek,17,52.5704798,20.3406245
109089,Mała Wieś,ul. Jana Kochanowskiego 1 7,52.8034475,20.0157893
80612,Podgórze,6,51.2112859,21.4181938
56579,Nowy Duninów,ul. Gostynińska 1,52.5801994,19.474531
104642,Radzanowo,ul. Szkolna 16,52.5727335,19.8944855
104641,Rogozino,ul. Mazowiecka 25,52.5682936,19.8123853
54403,Stara Biała,53,52.6126285,19.6534618
60611,Stare Proboszczewice,ul. Floriańska 4,52.6591286,19.6958846
68490,Wyszyna,2,52.6016626,19.5844866
60606,Maszewo Duże,ul. Szkolna 14,52.5771535,19.6339891
39892,Staroźreby,ul. Szkolna 7,52.6321617,19.9876359
41073,Nowa Góra,ul. Szkolna 6,52.6463892,20.0921295
55954,Słubice,ul. Płocka 30,52.3678014,19.940604
58492,Słupno,ul. Kościelna 16,52.5043271,19.8463292
58493,Liszyno,ul. Wawrzyńca Sikory 19,52.4931136,19.7975051
74943,Kobylniki,51,52.46921,20.22334
63443,Wyszogród,ul. Niepodległości 11,52.3916958,20.1904028
72651,Bodzanów,ul. Wyszogrodzka 1,52.5008478,20.0299052
70892,Cieśle,18,52.7640939,20.0263409
70973,Nowe Miszewo,ul. Szkolna 2,52.4880042,19.9293435
42903,Brudzeń Duży,ul. Płocka 12,52.6674993,19.5039296
55332,Siecień,84,52.6163,19.51759
53454,Sikórz,85,52.63853,19.57991
86453,Blichowo,61A,52.55916,19.99892
69496,Bulkowo-Kolonia,ul. Szkolna 2,52.5359263,20.1052672
84714,Nowe Łubki,7,52.5778358,20.033757
49230,Rogotwórsk,4,52.692743,20.0511824
92506,Łęg Probostwo,31/1,52.7083538,19.8911066
92508,Drobin,ul. Szkolna 3,52.7377981,19.9893151
85556,Nowe Grabie,Osiedle pod Jaworem 11A,52.44458,19.73986
85552,Gąbin,ul. Aleja Jana Pawła II 16,52.39942,19.73072
85553,Dobrzyków,ul. Obrońców Dobrzykowa 65,52.4695467,19.7485907
85555,Czermno,52,52.40353,19.80179
34835,Płock,inne Pasaż Vuka Karadzica 1,52.54789,19.69117
34820,Płock,ul. 1 Maja 11,52.5478795,19.6977039
22511,Płock,ul. Brzozowa 3,52.5376737,19.7092248
34821,Płock,ul. Jana Kochanowskiego 11,52.5522005,19.6981463
38737,Płock,ul. Walecznych 20,52.5410134,19.753492
55352,Płock,al. Jana Kilińskiego 12B,52.5435196,19.7093946
31112,Płock,ul. Krakówka 4,52.5251504,19.679327
38738,Płock,ul. Kolegialna 23,52.5422422,19.6970493
15794,Płock,ul. Żyzna 21A,52.5441,19.7623349
133692,Płock,al. Al. Stanisława Jachowicza 20,52.5486564,19.7005998
133695,Płock,ul. Faustyna Piaska 5,52.5443092,19.7255697
133697,Płock,ul. gen. Tadeusza Kutrzeby 2a,52.5406994,19.7584635
275007,Płock,ul. abp. Antoniego Juliana Nowowiejskiego 2A,52.54829,19.68427
88880,Ciachcin Nowy,54,52.62285,19.78678
4661,Bielsk,ul. Sierpecka 42,52.6713156,19.8049119
88884,Zągoty,11,52.662419,19.7433244
262647,Pułtusk,ul. Marii Konopnickiej 5,52.707875,21.0880954
92416,Winnica,ul. Pułtuska 19,52.6441741,20.9405089
92418,Błędostowo,23,52.5771938,20.9544633
63322,Pniewo,ul. 18 Maja 6,52.6478073,21.2539884
61011,Zatory,ul. Jana Pawła II 69,52.60618,21.18392
83816,Strzegocin,4,52.6858126,20.8407483
107503,Świercze,ul. Pułtuska 26a,52.6705367,20.7667997
24328,Płock,ul. Przyszkolna 22,52.5052675,19.6526623
34838,Płock,ul. Miodowa 18,52.5568956,19.676176
22771,Płock,ul. Czwartaków 6,52.5337642,19.7503298
78020,Płock,ul. Fryderyka Chopina 62,52.5488512,19.7125054
38778,Płock,ul. Janusza Korczaka 10,52.5160041,19.7629729
53368,Płock,ul. Jasna 8,52.5543405,19.6677261
31914,Płock,ul. Sierpecka 15,52.5767067,19.7254729
38779,Płock,ul. Królowej Jadwigi 4,52.5569464,19.6865395
35031,Płock,ul. Piasta Kołodzieja 7,52.5512522,19.6884683
123705,Nieznamierowice,3,51.4701838,20.5583851
12652,Rusinów,ul. Szkolna 47,51.4339033,20.5914809
68712,Wieniawa,ul. Szkolna 6,51.3606261,20.8106258
196367,Pogroszyn,49,51.31997,20.80303
3816,Przewodowo Poduchowne,21,52.7263048,20.9553243
3817,Skaszewo Włościańskie,25,52.7255732,20.860584
14630,Gzy,59,52.7445514,20.9257571
69359,Obryte,114,52.7169979,21.2598793
91659,Nowe Niestępowo,7,52.6509492,21.0428833
91275,Gzowo,5,52.6142402,21.0900243
262691,Dzierżenin,105,52.5741682,21.089085
14909,Pułtusk,ul. Aleja Tysiąclecia 14,52.7043509,21.0757964
26818,Pułtusk,ul. Polna 7,52.6914148,21.1090082
26777,Pułtusk,ul. New Britain 1,52.705546,21.0821508
26477,Przemiarowo,33,52.7601092,21.0667531
14127,Płocochowo,72,52.6806045,21.0284002
262502,Przasnysz,ul. Orlika 48,53.0227862,20.8903968
123889,Przasnysz,ul. Szosa Ciechanowska 6,53.0169439,20.8680276
80114,Leszno,189,52.980721,20.9198331
79850,Nowa Krępa,34a,53.0526234,20.9716506
81486,Bogate,11,52.9624563,20.9823117
18320,Rzuców,ul. Szkolna 33,51.2827045,20.7355209
17566,Borkowice,ul. ks. Jana Wiśniewskiego 8,51.3202915,20.6856214
69076,Bieliny,99,51.4235686,20.4989027
69077,Rozwady,72A,51.3747638,20.4353698
115629,Gielniów,ul. Szkolna 5,51.3997224,20.4762225
103950,Klwów,ul. Przysuska 4,51.5341643,20.637217
25929,Odrzywół,ul. Warszawska 51,51.5193078,20.555818
9709,Potworów,ul. Szkolna 5,51.5050332,20.7249486
30798,Przysucha,ul. Krakowska 76,51.3604559,20.621249
44132,Przysucha,ul. Skowyry 41,51.3508855,20.6232668
30800,Skrzyńsko,ul. Wjazdowa 9,51.374845,20.6488967
69549,Dawidy Bankowe,ul. Długa 49,52.1232448,20.979476
65288,Zaręby,41,53.308426,21.0332988
31425,Krukowo,87,53.2975651,21.0987586
60908,Duczymin,15,53.2551418,20.7964016
65286,Krzynowłoga Wielka,18,53.2102205,20.8475093
30118,Poścień-Wieś,47,53.2553221,21.052144
196395,Chorzele,ul. Szkolna 4b,53.2519922,20.8986506
86245,Czernice Borowe,ul. 21 Pułku Piechoty Dzieci Warszawy 10,53.03152,20.71764
106219,Jednorożec,ul. Odrodzenia 13,53.1404584,21.0505655
123360,Parciaki,22,53.1988792,21.1224752
12909,Zielona,37,52.936944,20.8492912
12911,Krasne,ul. Komisji Edukacji Narodowej 4,52.9186228,20.9688379
3322,Krzynowłoga Mała,ul. Szkolna 4,53.1552,20.78811
4982,Romany-Sebory,7,53.1080811,20.8552953
69962,Przasnysz,ul. Żwirki i Wigury 4,53.0200055,20.8949767
113583,Przasnysz,ul. Jana Kilińskiego 1,53.0194678,20.8817999
133334,Piastów,ul. Kazimierza Pułaskiego 6/8,52.1915625,20.8364708
130849,Piastów,ul. Aleja Tysiąclecia 5,52.1783406,20.8419425
9690,Piastów,ul. Józefa Brandta 22,52.183629,20.8546766
78209,Pruszków,ul. Jasna 2,52.1572256,20.7921168
49309,Pruszków,ul. Kościelna 5,52.1614973,20.8097933
84354,Pruszków,ul. Lipowa 31,52.159442,20.8141792
79156,Pruszków,ul. Mostowa 6,52.1778583,20.7980421
84352,Pruszków,ul. Obrońców Pokoju 44,52.1617054,20.7944067
133694,Pruszków,al. Wojska Polskiego 34,52.1603208,20.8005232
133696,Pruszków,ul. Hubala 4,52.164351,20.811168
77944,Pruszków,ul. Topolowa 10,52.1717382,20.8137024
86657,Pruszków,ul. Pływacka 16,52.168737,20.7877681
104649,Pruszków,ul. Stanisława Staszica 1,52.1637981,20.7877631
267059,Pruszków,ul. Jana Długosza 53,52.1882646,20.8153606
80115,Raszyn,ul. Szkolna 2,52.1583333,20.9241667
84069,Słomin,ul. Wierzbowa 5,52.4978905,20.211293
103625,Żółwin,ul. Szkolna 39,52.0975251,20.7249529
29783,Brwinów,ul. marsz. Józefa Piłsudskiego 11,52.1443523,20.7090852
104543,Brwinów,ul. Żwirowa 16,52.1326834,20.7116109
103627,Otrębusy,ul. dr. Mariana Piaseckiego 2,52.1272222,20.7613889
123856,Brwinów,ul. Szkolna 18,52.1461844,20.713875
87838,Michałowice,ul. Szkolna 15,52.1681226,20.8892325
48076,Komorów,ul. Aleja Marii Dąbrowskiej 12/20,52.1465036,20.8154522
47484,Nowa Wieś,ul. Główna 96,52.135176,20.8003161
84225,Nadarzyn,ul. Sitarskich 4,52.0947222,20.8075
20443,Wola Krakowiańska,ul. Jastrzębska 34,52.0308334,20.8038889
20352,Młochów,ul. Mazowiecka 46,52.0516259,20.7793047
20393,Kostowiec,ul. Matki Florentyny Dymman 5,52.0581946,20.7401372
20408,Rusiec,ul. Osiedlowa 72,52.0632955,20.786946
130638,Rusiec,ul. Główna 12,52.0793889,20.7948312
24649,Piastów,ul. Aleja Krakowska 20,52.1876773,20.8450077
24650,Piastów,ul. Żbikowska 25,52.188824,20.830113
73167,Piaseczno,ul. Zielona 14,52.0798028,21.0489141
120507,Józefosław,ul. Ogrodowa 14,52.1015869,21.0373437
122566,Piaseczno,ul. Pod Bateriami 60,52.0505754,20.9935509
124857,Zalesie Górne,ul. Przebudzenia Wiosny 32,52.0306339,21.018421
128019,Julianów,ul. Julianowska 66B i 66C,52.09105,21.05115
262274,Piaseczno,ul. Zgoda 14,52.0771749,21.0295312
270789,Piaseczno,ul. Jana Pawła II 55,52.0734573,21.0137537
120500,Józefosław,ul. Ogrodowa 20B,52.1026827,21.0399395
4698,Uwieliny,ul. Szkolna 2A,51.9704731,21.0462807
4699,Prażmów,ul. Franciszka Ryxa 72,51.9421776,20.9537316
122935,Ustanów,ul. Główna 10,52.0007751,21.0428507
123994,Krępa,ul. Wodników 5,51.9912925,21.0835968
6599,Suchostruga,ul. Szkolna 20,51.9647045,20.7344251
25962,Tarczyn,ul. Juliana Stępkowskiego 15,51.9802935,20.8339613
6638,Prace Małe,ul. Piaseczyńska 34,51.978501,20.8883552
119924,Kopana,ul. Anieli i Wojciecha Górskich 3,51.9418822,20.8579353
88349,Mysiadło,ul. Kwiatowa 28,52.1024152,21.0038923
103309,Mysiadło,ul. Wiejska 1,52.0996561,21.0268689
123934,Władysławów,ul. Wojska Polskiego 31,52.0649067,20.9236568
128458,Nowa Wola,ul. Postępu 102,52.1018296,20.976227
128465,Łoziska,ul. Kwitnącej Wiśni 13,52.0760588,20.9903227
277418,Zamienie,ul. Waniliowa 7,52.1130051,20.9651439
85167,Piaseczno,ul. Główna 50,52.0555617,20.9826398
83973,Zalesie Górne,ul. Sarenki 20,52.0256117,21.0326568
85420,Jazgarzew,ul. Szkolna 10,52.0408449,20.9925114
85706,Piaseczno,ul. Aleja Kasztanów 12,52.0586201,21.0147835
81660,Głosków,ul. Millenium 76,52.0371975,20.9426601
3951,Piaseczno,ul. Świętojańska 18,52.0647288,21.0288658
83972,Chylice,ul. Dworska 2,52.0784962,21.0635582
83978,Piaseczno,ul. Szkolna 14,52.077191,21.0211333
85526,Złotokłos,ul. Traugutta 10,52.0052202,20.9053324
84510,Józefosław,ul. Kameralna 11,52.1015364,21.0530171
57320,Brześce,ul. Wilanowska 55,52.032319,21.1806459
58847,Czersk,ul. Warszawska 17,51.9604054,21.227029
59580,Czaplinek,ul. Szkolna 5,51.9471885,21.1350235
60542,Kąty,ul. Puławska 4,52.0018904,21.172578
92718,Konstancin-Jeziorna,ul. Stefana Żeromskiego 15,52.0793892,21.1230687
103370,Konstancin-Jeziorna,ul. Szkolna 7,52.0904172,21.1114873
103373,Konstancin-Jeziorna,ul. Bielawska 57,52.1006357,21.1245729
103371,Słomczyn,ul. Wilanowska 218,51.8833064,20.9309663
77606,Opacz,9,52.1016383,21.1649458
103362,Konstancin-Jeziorna,ul. Mirkowska 39 B,52.1016311,21.1307298
92452,Konstancin-Jeziorna,ul. Wojewódzka 12,52.0787421,21.1007705
107387,Lesznowola,ul. Szkolna 6,51.9129216,20.9013411
106091,Łazy,ul. Księdza Kanonika Henryka Słojewskiego 1,52.0774528,20.8898108
103742,Nowa Iwiczna,ul. Ignacego Krasickiego 56,52.0909183,21.0016185
88601,Mysiadło,ul. Krótka 11,52.0999209,21.0053397
106087,Mroków,ul. Marii Świątkiewicz 2a,51.75552,21.80357
119008,Otwock,ul. Czerska 21,52.1030226,21.2477206
196452,Otwock,ul. Szkolna 31,52.103587,21.2554509
113780,Warszawice,13,51.9774687,21.3114258
113848,Sobienie-Jeziory,ul. Garwolińska 14,51.9311432,21.3026615
113779,Siedzów,30A,51.8981215,21.2769153
92770,Wiązowna,ul. Kościelna 20,52.1711968,21.3039625
106900,Glinianka,ul. Napoleońska 1,52.1311743,21.4170844
87608,Zakręt,ul. Szkolna 11,52.2179168,21.2855999
127555,Malcanów,ul. Mazowiecka 55,52.1475825,21.369495
129052,Zakręt,ul. Trakt Brzeski 75d,52.2195348,21.2783651
57874,Baniocha,ul. Szkolna 1,52.0217251,21.1301595
59852,Góra Kalwaria,ul. Kalwaryjska 3,51.9808058,21.2132901
59575,Czachówek,ul. Główna 56,51.960235,21.0888549
64554,Dobiesz,ul. Wolska 36,52.0006117,21.1048097
57114,Coniew,28,51.9276613,21.2188489
262353,Góra Kalwaria,ul. Księdza Zygmunta Sajny 16,51.9840943,21.2195488
11677,Kąty,ul. Królewska 58,52.0178228,21.4760131
11676,Kołbiel,ul. Szkolna 5,52.0648811,21.4804165
11678,Rudzienko,ul. Szkolna 11,52.1055921,21.4939443
11679,Człekówka,62,52.04579,21.4450709
20094,Augustówka,ul. Kolejowa 2,51.9847352,21.4924254
17798,Osieck,ul. Warszawska 61,51.9662,21.41875
82564,Otwock,ul. Gabriela Narutowicza 275,52.1126029,21.3347073
79709,Otwock,ul. Michała Andriollego 76,52.0971956,21.2694386
79704,Otwock,ul. Juliusza Słowackiego 66,52.1220411,21.2566142
79703,Otwock,ul. Ambasadorska 1,52.1076341,21.238581
79708,Otwock,ul. Stefana Żeromskiego 235,52.1366146,21.3318927
79701,Otwock,ul. Karczewska 14/16,52.1019818,21.262841
103425,Otwock,ul. Hugona Kołłątaja 80/82,52.1218307,21.2460096
196450,Otwock,ul. Józefa Poniatowskiego 47/49,52.0973774,21.2868106
196451,Otwock,ul. Tadeusza Kościuszki 28,52.1059322,21.2711865
196445,Otwock,ul. Majowa 267,52.1421228,21.2934612
27983,Ostrów,ul. Kościelna 1,52.1018409,21.3966157
28020,Regut,ul. Wiatraczna 13,52.0382329,21.384958
28037,Stara Wieś,ul. Fabryczna 6,52.083577,21.3564578
103954,Józefów,ul. Graniczna 26,52.1457205,21.2153382
61858,Józefów,ul. Mickiewicza 11,52.136083,21.2406242
56655,Józefów,ul. Główna 10,52.3946325,20.981093
69787,Józefów,ul. 3 Maja 129,52.1448544,21.2219635
262464,Józefów,ul. Leśna 39,52.1291584,21.2273322
262935,Józefów,ul. Piotra Skargi 13,52.1387804,21.2274855
478331,Józefów,ul. Graniczna 24A,52.1457135,21.216022
104462,Nadbrzeż,ul. Szkolna 4,52.0535017,21.2222257
7167,Karczew,ul. Otwocka 13,52.0822621,21.2492364
7088,Glinki,Kalwaryjska 69,52.0119365,21.2380013
15216,Otwock Wielki,ul. Zamkowa 4,52.0491934,21.2474444
196215,Karczew,ul. Franciszka Bielińskiego 7,52.07461,21.24834
63407,Sobiekursk,36,52.0252147,21.2854375
81390,Laskowiec,ul. Długa 90,53.1208066,21.6645512
5008,Kleczkowo,ul. Bielawska 2,53.0530189,21.8504359
5564,Troszyn,ul. Szkolna 4,53.0318627,21.7304343
79863,Łyse,ul. Szkolna 1,53.3658334,21.5518922
79862,Lipniki,ul. Ks.Kan.E.Sierbińskiego 30,53.32349,21.52866
80342,Zalas,1,53.4258559,21.564316
128730,Łączki,103,53.4705631,21.5673654
44013,Ostrołęka,"ul. gen. Augusta Emila Fieldorfa ""Nila"" 4/6",53.0803922,21.5730379
27351,Ostrołęka,ul. Henryka Sienkiewicza 15,53.0784814,21.5663403
27152,Ostrołęka,ul. gen. Józefa Hallera 12,53.0836138,21.5813273
27789,Ostrołęka,ul. ks. Franciszka Blachnickiego 16,53.0728265,21.5900766
62601,Ostrołęka,ul. Legionowa 17,53.0992849,21.6209039
106238,Ostrołęka,ul. Koszarowa 3,53.1000456,21.6203913
66148,Ostrołęka,ul. Ignacego Jerzego Skowrońskiego 8,53.0539529,21.6028866
44015,Ostrołęka,ul. Papiernicza 1,53.0887411,21.5823752
30396,Celestynów,ul. Wrzosowa 42,51.3667288,21.6961065
72351,Łęg Starościński,23,53.1494705,21.6666921
91900,Łęg Przedmiejski,80,53.1275411,21.5950342
91896,Lelis,ul. Szkolna 51 A,53.1779313,21.5570312
72348,Białobiel,ul. Szkolna 1,53.1148516,21.56025
104135,Wykrot,21c,53.3571477,21.4282117
109090,Wolkowe,1,53.4084652,21.387524
104125,Myszyniec,ul. Dzieci Polskich 1,53.3831962,21.3420723
74076,Krysiaki,29,53.4307432,21.4617859
89281,Nowa Wieś,ul. Szkolna 1A,53.0882161,21.4087844
69173,Antonie,ul. Szkolna 6,53.11852,21.52208
69171,Grabówek,20,53.1174035,21.3348293
81228,Olszewo-Borki,ul. Władysława Broniewskiego 17,53.0679398,21.5226162
107679,Ołdaki,8A,53.0955427,21.6932379
90363,Rzekuń,ul. Nowa 7,53.048365,21.6260703
81389,Borawe,107,52.9956117,21.5879241
90362,Dzbenin,6A,53.0693557,21.7732044
106702,Wola Błędowska,13,53.2517298,21.2094943
85998,Czarnia,42,53.2742927,21.6467256
86198,Surowe,194,53.3299912,21.1429084
87765,Czerwin,ul. Piastowska 23A,52.9495,21.7581
87643,Piski,ul. Juliusza Słowackiego 22,52.9922966,21.8652422
50312,Goworówek,43a,52.9043962,21.5651087
38804,Kunin,22a,52.8445564,21.5092008
39641,Pasieki,ul. Szkolna 2,52.8575137,21.5625035
43315,Chudek,36,53.17704,21.3919624
44150,Wach,96,53.2947513,21.3732507
30257,Dylewo,ul. Szkolna 1,53.1870449,21.4523214
118543,Jazgarka,54,53.3010496,21.4527837
23778,Kadzidło,ul. Kościuszki 13,53.2345757,21.4642685
91898,Obierwia,120A,53.1547706,21.4403459
72352,Nasiadki,37,53.1785366,21.6067185
72349,Dąbrówka,55,51.0244005,21.4811993
39232,Komorowo,ul. Mazowiecka 81,52.8332364,21.8370423
20938,Ugniewo,ul. Szkolna 28,52.79431,21.95863
11665,Dudy,19,52.7542766,21.8852591
70280,Dybki,18,52.7224883,21.7097006
16060,Jasienica,ul. Pawła Jasienicy 23,52.8043565,22.0402953
39231,Turka,40,52.7442468,21.814574
275377,Koziki,2,52.7947261,21.7740407
275872,Kalinowo,90,52.8260729,22.0200645
77614,Stary Lubotyń,7,52.9327368,21.9353538
107323,Szulborze Wielkie,ul. Szarych Szeregów 1,52.7602407,22.2282937
68485,Brudki Stare,73,52.8479615,21.655099
111054,Wąsewo,ul. Szkolna 1,52.87309,21.67353
69827,Rząśnik Włościański,30,52.85203,21.71597
90181,Zaręby Kościelne,ul. Farna 20,52.7571188,22.1248239
107594,Baranowo,ul. Niepodległości 27,53.1759729,21.2908672
106701,Jastrząbka,33,53.1248553,21.2647395
89283,Tymianki-Bucie,18,52.68105,22.41745
88341,Boguty-Pianki,ul. Aleja Papieża Jana Pawła II 62,52.7166399,22.4157652
28696,Brok,ul. Jana Pawła II 50,52.6989287,21.8601815
6639,Kiełczew,ul. Prymasa Tysiąclecia 49,52.6687322,21.9475051
6629,Orło,11,52.7320831,21.989321
7788,Prostyń,60,52.65734,21.9947
6642,Glina,83,52.696166,21.9599981
6453,Małkinia Górna,ul. Leśna 15,52.694401,22.0586967
7432,Małkinia Górna,ul. Ostrowska 58,52.6976056,22.0236804
86924,Nur,ul. Łomżyńska 14,52.6681622,22.3181055
87791,Ostrów Mazowiecka,ul. Partyzantów 39,52.798122,21.889843
115463,Ostrów Mazowiecka,ul. Szkoły Podchorążych Piechoty 1,52.8215855,21.8584359
115466,Ostrów Mazowiecka,ul. gen. Stefana Grota-Roweckiego 6,52.8058436,21.8952086
87795,Ostrów Mazowiecka,ul. Widnichowska 4,52.8071068,21.8796379
18796,Stare Lubiejewo,ul. Szkolna 15,52.8388753,21.8809259
49253,Jelonki,16,52.882583,21.8068066
78971,Budy Siennickie,67,52.5447808,20.7872521
133985,Nasielsk,ul. Staszica 1,52.5890676,20.8070746
128343,Nasielsk,ul. Ogrodowa 9,52.5875097,20.816695
11290,Nowy Dwór Mazowiecki,ul. Chemików 1A,52.4280792,20.7254155
24911,Nowy Dwór Mazowiecki,ul. gen. Józefa Bema 312,52.4376888,20.6667573
11312,Nowy Dwór Mazowiecki,ul. Młodzieżowa 1,52.4153106,20.7412829
14564,Nowy Dwór Mazowiecki,ul. Szkolna 3,52.4478116,20.7085147
133234,Nowy Dwór Mazowiecki,ul. Juliusza Słowackiego 2,52.4274376,20.7160265
264237,Nowy Dwór Mazowiecki,ul. Dębowa 13,52.4222025,20.7328299
60919,Stare Orzechowo,45,52.49562,20.86583
60917,Goławice Pierwsze,11,52.5109695,20.6872593
60902,Pomiechówek,ul. Nasielska 3,52.4719444,20.7336111
43937,Zakroczym,ul. Ojca Honorata Koźmińskiego 63,52.4333534,20.6116771
43939,Wojszczyce,4a,52.4945218,20.6135573
27289,Ołdaki-Polonia,2,52.8738246,22.2617217
27290,Andrzejewo,ul. Warszawska 4,52.8305612,22.2006931
8343,Stare Kosiny,1,53.0362722,20.3319169
92801,Wiśniewo,78,53.0656571,20.3446177
8344,Głużek,69,53.0608255,20.2591252
8342,Bogurzyn,84,53.0410316,20.26928
58311,Cząstków Mazowiecki,55,52.39106,20.7468
31992,Kazuń Nowy,ul. Główna 6,52.4188889,20.6847222
89319,Kazuń Polski,ul. Szkolna 2,52.4005556,20.6627778
90166,Łomna,ul. Jana Kochanowskiego 89,52.3818728,20.780028
77603,Sowia Wola,ul. Szkolna 108,52.3619444,20.6455556
74106,Małocice,ul. Wojska Polskiego 76,52.3626845,20.6856293
110327,Nowe Grochale,40,52.404282,20.5848059
110336,Leoncin,ul. Isaaca Bashevisa Singera 3,52.3936382,20.534073
81173,Nasielsk,ul. Tadeusza Kościuszki 21,52.5898012,20.8013132
90151,Cieksyn,ul. Marszałka Józefa Piłsudskiego 43,52.5742863,20.6677635
81175,Dębinki,12,52.5445651,20.7391729
90153,Stare Pieścirogi,ul. Kolejowa 65,52.5825404,20.7635499
262929,Mława,ul. Henryka Pogorzelskiego 4,53.1199834,20.3663777
111073,Radzanów,ul. Raciążska 53A,52.94307,20.09258
73673,Wróblewo,27,52.97786,20.16919
58611,Strzegowo,ul. Wyzwolenia 13,52.8936196,20.2852835
58613,Niedzbórz,19,52.9316026,20.3758857
29737,Dąbrowa,85,52.9634966,20.2817892
3492,Morawy,2,52.9967871,20.4468802
3494,Wyszyny Kościelne,ul. Szkolna 22,53.0464168,20.3927861
3471,Stupsk,ul. Henryka Sienkiewicza 11,53.0222244,20.4381223
122251,Szreńsk,ul. Budzyn 12,53.01147,20.12223
86749,Dębsk,104,53.1124655,20.4946214
86747,Nosarzewo Borowe,34,53.0781448,20.5234794
80377,Szydłowo,ul. Szkolna 2,53.0796888,20.4534707
92597,Windyki,20,53.1480769,20.4725755
92611,Uniszki Zawadzkie,24,53.1646039,20.4182804
93146,Wieczfnia Kościelna,56c,53.1957854,20.4799344
133910,Sulejówek,ul. Narutowicza 10,52.2426185,21.3056932
90025,Sulejówek,ul. Okuniewska 2,52.2523653,21.2776838
268308,Sulejówek,ul. Krasickiego 16,52.2458154,21.2688987
60728,Dzierzgowo,ul. Jagiellońska 21 A,53.1550837,20.663956
84653,Rzęgnowo,94,53.0989682,20.6853246
8978,Łomia,109,53.1116675,20.3297687
8977,Turza Mała,15,52.6941511,19.4750697
8975,Lipowiec Kościelny,212,53.1054508,20.1827641
8976,Zawady,60,52.22504,22.61443
18090,Mława,ul. Warszawska 52,53.106354,20.3927813
18227,Mława,ul. Graniczna 39,53.1275221,20.3541872
15255,Mława,ul. Żołnierzy 80 Pułku Piechoty 5,53.1176609,20.3849243
18397,Mława,ul. Ordona 14,53.1124453,20.371096
20070,Mława,ul. Zygmunta Krasińskiego 5,53.1151804,20.3712333
262917,Mława,ul. Sportowa 1,53.1099117,20.3778335
262954,Mława,ul. Stanisława Wyspiańskiego 3,53.1115748,20.3768136
110271,Janów,ul. Strażacka 18,52.1875644,21.660359
61894,Mrozy,ul. Szkolna 2,52.1687113,21.8070685
62427,Jeruzal,ul. Szkolna 8,52.0677228,21.8495566
60929,Grodzisk,ul. Mazowiecka 86,52.1598634,21.8553018
83381,Siennica,ul. Latowicka 16,52.0915526,21.6193996
83382,Starogród,ul. Szkolna 15,52.0280923,21.6431013
92449,Żaków,48A,52.0642833,21.663725
83384,Grzebowilk,ul. Mazowiecka 37,52.1166667,21.55
83629,Nowa Pogorzel,ul. Pałacowa 17,52.119204,21.5790897
110227,Pustelnik,ul. Szkolna 16,52.2711605,21.4607313
109927,Stanisławów,ul. Szkolna 4,52.2897723,21.5471724
109928,Ładzyń,ul. Szkolna 4,52.2418295,21.541075
87969,Sulejówek,ul. Głowackiego 47,52.2450674,21.3033099
90047,Sulejówek,ul. Idzikowskiego 2a,52.2442957,21.2679136
87971,Sulejówek,ul. Żeromskiego 18,52.2444309,21.2721685
123027,Sulejówek,ul. Jaśminowa 7,52.237215,21.2909216
56032,Kałuszyn,ul. Pocztowa 4,52.2087832,21.811881
59081,Wielgolas,ul. Szkolna 11,52.68993,21.22926
59078,Latowicz,ul. Rynek 24,52.0262727,21.8075415
39756,Mińsk Mazowiecki,ul. Mikołaja Kopernika 9,52.1811972,21.5532239
15188,Mińsk Mazowiecki,ul. Dąbrówki 10,52.1771155,21.5752731
133872,Mińsk Mazowiecki,ul. Budowlana 2,52.1845818,21.5730635
15341,Mińsk Mazowiecki,ul. Siennicka 17,52.1746858,21.569751
15466,Mińsk Mazowiecki,ul. Małopolska 11,52.189322,21.5560142
15765,Mińsk Mazowiecki,ul. gen. Kazimierza Sosnkowskiego 1,52.1746043,21.555605
39758,Mińsk Mazowiecki,ul. Tadeusza Kościuszki 27,52.1766466,21.5565281
110272,Marianka,ul. Wspólna 70,52.468369,19.3528306
111161,Cielechowizna,ul. Szkolna 31,52.1518405,21.5603984
111186,Stojadła,ul. Południowa 20,52.1872813,21.534169
110270,Brzóze,ul. Szkolna 20,52.222602,21.5391587
111180,Zamienie,ul. Kołbielska 34,52.1501809,21.5030437
111148,Stara Niedziałka,ul. Mazowiecka 154,52.202875,21.6078729
264028,Grębiszew,ul. Kołbielska 32,52.1232108,21.5006319
9411,Mlęcin,51,52.2786404,21.6809444
10556,Dobre,ul. Szkolna 3,52.32171,21.67852
9412,Drop,31,52.35448,21.72799
111755,Dębe Wielkie,ul. Warszawska 78A,52.1990146,21.4400042
91710,Ruda,ul. Szkolna 7,52.1822143,21.465019
71506,Górki,ul. Szkolna 3,52.1761419,21.4165869
111101,Brzeziny,ul. Aleksandra Świętochowskiego 1,52.1999634,21.378734
107534,Chobot,50,52.247112,21.3886342
112011,Okuniew,ul. Szkolna 4,52.2722806,21.3063932
89918,Cisie,ul. Mostowa 61,52.21984,21.38848
111105,Halinów,ul. Okuniewska 115,52.2312451,21.3493026
479626,Halinów,ul. Olszowa 9,52.2266781,21.3592077
103611,Jakubów,ul. Szkolna 10,52.2184446,21.679398
85083,Wiśniew,45A,52.2588167,21.7273296
85025,Mistów,ul. Szkolna 3,52.2281567,21.6157866
30259,Raki,55A,53.0789643,21.1703491
90565,Maków Mazowiecki,ul. Sportowa 9,52.8608884,21.1087876
90566,Maków Mazowiecki,ul. Generała Pułaskiego 15,52.8636667,21.0979534
50338,Młynarze,ul. Ostrołęcka 24,52.5315422,21.3661753
7599,Krasiniec,18,52.9327449,20.994416
3518,Chodkowo Wielkie,29,53.0273569,21.0456797
3516,Węgrzynowo,150,52.924166,21.0271091
3515,Płoniawy-Bramura,80A,52.9809886,21.0602134
269889,Jaciążek,64A,52.9512572,21.0768037
16703,Rzewnie,3,52.8374937,21.340823
55981,Różan,ul. Szkolna 3,52.8892595,21.399349
111945,Gąsewo Poduchowne,ul. Władysława Reymonta 12,52.9742448,21.2198904
111943,Sypniewo,ul. Władysława Broniewskiego 2A,53.00495,21.30335
12081,Stary Szelków,38,52.8211016,21.2076029
9717,Cegłów,ul. Poprzeczna 27,52.1470172,21.7381713
119554,Wiciejów,21,52.1544832,21.6726026
84406,Lipsko,ul. Zwoleńska 16,51.158513,21.6490099
114546,Krępa Kościelna,48,51.1536274,21.5544496
84407,Wola Solecka Pierwsza,173,51.1930469,21.7025761
92493,Grabowiec,ul. Wąchocka 20,51.1017138,21.3861827
103972,Rzeczniów,1b,51.1270145,21.427985
86569,Sienno,ul. Szkolna 6,51.08498,21.4734506
86654,Jawor Solecki,68,51.1532723,21.4915865
90302,Pawłowice,86,52.235805,20.446104
85798,Solec nad Wisłą,ul. Tadeusza Kościuszki 20,51.1375896,21.7701549
75638,Przedmieście Dalsze,1,51.1421764,21.7151163
263246,Solec nad Wisłą,ul. Wczasowa 44,51.143761,21.7740833
51846,Czerwonka Włościańska,37,52.89303,21.21781
73196,Karniewo,ul. Szkolna 9,52.8359237,20.9912847
56584,Krasnosielc,ul. Ogrodowa 2A,53.0335809,21.1575267
30208,Amelin,33,53.0654603,21.2373019
30233,Drążdżewo,62,53.0890641,21.1217851
55560,Białobrzegi,ul. Wojska Polskiego 21,52.4420051,21.0536271
262873,Stanisławów Pierwszy,ul. Jana Kazimierza 291,52.3932805,21.0357915
273797,Stanisławów Pierwszy,ul. Jana Kazimierza 283,52.3949,21.03462
20562,Serock,ul. Pułtuska 68,52.5135193,21.0731162
48871,Wola Kiełpińska,1,52.5042874,20.9857736
48867,Zegrze,ul. Oficerska 3,52.4608136,21.0321117
20563,Jadwisin,ul. Szkolna 46,52.4773058,21.0438599
52946,Łajski,ul. Kościelna 63,52.4289348,20.9530742
8529,Skrzeszew,ul. Szkolna 10,52.4015022,22.5041661
8524,Janówek Pierwszy,ul. Dworcowa 5,52.4390795,20.7819455
262659,Wieliszew,ul. Janusza Kusocińskiego 1,52.4474738,20.9688008
8521,Wieliszew,ul. Modlińska 60,52.4513465,20.9683231
111126,Chotcza-Józefów,68,51.2421285,21.77032
54335,Bąkowa,107,51.2101766,21.4619524
90287,Ciepielów,ul. Lekarska 1,51.2482289,21.5741193
114557,Długowola Pierwsza,103,51.0975474,21.6040531
131696,Jabłonna,ul. Chotomowska 81,52.3938808,20.8976194
262245,Chotomów,ul. Partyzantów 23,52.4098359,20.8843606
91247,Legionowo,ul. Jana Pawła I 2,52.4140827,20.9436127
90919,Legionowo,ul. Władysława Broniewskiego 7,52.3988995,20.9260509
89657,Legionowo,ul. Zegrzyńska 3,52.4102528,20.9484944
89664,Legionowo,ul. Zakopiańska 4,52.3908075,20.936744
89722,Legionowo,ul. Jagiellońska 67,52.4059012,20.9180204
93048,Legionowo,ul. marsz. Józefa Piłsudskiego 47,52.3920906,20.9264574
90551,Legionowo,ul. Targowa 22,52.412724,20.9313401
133457,Legionowo,ul. Adama Mickiewicza 35A,52.4032207,20.929326
86936,Legionowo,ul. Królowej Jadwigi 7,52.3940283,20.9261656
478636,Legionowo,ul. Gabriela Narutowicza 96,52.4143402,20.9390329
55556,Nieporęt,ul. Dworcowa 9,52.4232736,21.0354595
55561,Izabelin,ul. Szkolna 1,52.392766,21.0572462
55559,Józefów,ul. Szkolna 62,52.381107,21.001673
84613,Wólka Radzymińska,ul. Szkolna 79,52.4135986,21.0932852
5896,Wola Chodkowska,28,51.6631536,21.3922367
5897,Wólka Tyrzyńska,21,51.5850819,21.6133816
133701,Kozienice,ul. Nowy Świat 24,51.5787434,21.5579666
133702,Kozienice,ul. Głowaczowska 33,51.5856198,21.5441776
133703,Świerże Górne,25a,51.6581983,21.485921
5891,Kozienice,ul. Stanisława Konarskiego 4,51.5897858,21.5368009
86157,Przydworzyce,37,51.7150836,21.4118482
86156,Rozniszew,29,51.7988338,21.3068395
109555,Magnuszew,ul. Bohaterów Września 10,51.7624237,21.3828034
262698,Mniszew,41,51.8401158,21.2957281
89381,Słowiki Stare,9,51.5456591,21.6486002
105466,Zajezierze,ul. 28 Pułku Artylerii Lekkiej 18,51.5414611,21.8138832
104691,Sieciechów,ul. Szkolna 1,51.5404909,21.7451259
85817,Jabłonna,ul. Szkolna 2,52.3751405,20.9270297
61898,Chotomów,ul. Partyzantów 124,52.3974519,20.8948053
110489,Rajszew,ul. Modlińska 75,52.3947592,20.8383864
82657,Wrociszew,20,51.7455504,21.072245
111340,Nowa Wieś,69,51.8107107,21.0771943
82659,Michałów-Parcele,23,51.7144421,21.0508726
82656,Konary,20,51.8782473,21.2346839
79091,Garbatka-Letnisko,ul. Hanki Lewandowicz 2,51.4933539,21.6318482
44613,Gniewoszów,ul. Konopnickiej 19,51.4743655,21.8125648
24145,Augustów,ul. Wspólna 19,51.6853859,21.17441
104622,Grabów nad Pilicą,ul. Parkowa 4,51.7257087,21.2265001
9225,Głowaczów,ul. Warecka 10,51.6231797,21.3177054
68709,Brzóza,ul. Aleja Lipowa 4,51.6002614,21.3465655
62361,Ursynów,38A,51.5685801,21.3667398
5890,Kozienice,ul. Tadeusza Kościuszki 1,51.5811095,21.548194
75774,Ryczywół,ul. Warszawska 20,51.68976,21.42152
5895,Janików,1,51.5684636,21.5717728
5898,Brzeźnica,9,51.5570283,21.6236538
5899,Stanisławice,94,51.5716467,21.4914927
55922,Lesznowola,ul. Szkolna 1,51.9134897,20.9005041
16655,Zbrosza Duża,30,51.7542064,20.9616788
16656,Jasieniec,ul. Szkolna 7,51.6570593,21.2749579
24643,Mogielnica,ul. Przylesie 10a,51.6970914,20.7271012
24642,Kozietuły,83,51.7471049,20.7776026
262608,Mogielnica,ul. Nowomiejska 1,51.6906037,20.7196972
87267,Nowe Miasto nad Pilicą,ul. Szkolna 4,51.6184191,20.5888318
87434,Żdżary,75,51.6563953,20.4637356
263233,Nowe Miasto nad Pilicą,ul. Ogrodowa 16,51.6171849,20.587368
84240,Ciechlin,39,51.86562,20.6837
84246,Kruszew,57A,51.918797,20.7863648
84242,Jeziora,45,51.8903057,20.7609975
84244,Karolew,3,52.3832948,22.1108494
82655,Warka,ul. Warszawska 24,51.7851526,21.1855692
82661,Warka,ul. Polna 17,51.7862674,21.1887702
82658,Ostrołęka,3a,51.8297119,21.2600144
103472,Łęczeszyce,47,51.7773838,20.7699702
114665,Lipie,31,51.8233796,20.7050131
57710,Błędów,ul. Stary Rynek 9,51.7755596,20.6999922
64726,Wilków Drugi,82,51.7990812,20.6258217
66473,Budziszynek,5,51.8622145,21.0595454
103877,Chynów,ul. Szkolna 1,51.906049,21.0833255
71540,Drwalew,ul. Szkolna 4,51.8990877,21.0167714
66478,Watraszew,4B,51.8486522,21.1353946
66477,Sułkowice,ul. Ogrodowa 38a,51.9259745,21.090246
47665,Sielec,38,52.4075697,20.3204191
56150,Goszczyn,ul. Armii Krajowej 2,51.7322001,20.8538194
55926,Grójec,ul. Armii Krajowej 34,51.8681647,20.8657612
15412,Grójec,ul. Polna 17a,51.862245,20.8620674
15410,Grójec,ul. Józefa Piłsudskiego 68,51.8636614,20.8782405
55924,Bikówek,21,51.87897,20.81871
55921,Częstoniew-Kolonia,60,51.8544711,20.9590555
268506,Grodzisk Mazowiecki,ul. A. Dygasińskiego 1,52.10776,20.65041
42111,Jaktorów,ul. Warszawska 88,52.0904757,20.5476345
42112,Międzyborów,ul. Staszica 5,52.063921,20.4804872
58211,Milanówek,ul. Żabie Oczko 1,52.1227071,20.6586348
63992,Milanówek,ul. Literacka 20,52.1279422,20.6661278
52764,Milanówek,ul. Królewska 69,52.1211739,20.6808721
64965,Milanówek,ul. Warszawska 52b,52.1211943,20.6583525
58207,Milanówek,ul. Spacerowa 3,52.1246432,20.6562016
262913,Milanówek,ul. Brzozowa 1a,52.1217564,20.6603276
93122,Podkowa Leśna,ul. Jana Pawła II 20,52.1183784,20.7256112
25301,Podkowa Leśna,ul. Kościelna 4,52.1214296,20.7283079
7604,Ojrzanów,ul. Szkolna 1,52.0097404,20.7397986
7603,Józefina,ul. Mazowiecka 1,52.029365,20.6679623
91955,Belsk Duży,ul. Szkolna 3,51.8258436,20.8087878
83954,Zaborów,40,51.7789992,20.9002098
91956,Lewiczyn,94,51.7991782,20.8638145
15767,Trębki,1,52.31974,19.53929
21243,Szczawin Kościelny,ul. Jana Pawła II 1,52.36998,19.6118
121867,Gole,51,52.166489,20.4936506
122140,Kaski,ul. Królewska 23,52.171086,20.4381953
121799,Boża Wola,ul. 1 Maja 13,52.1880743,20.5248092
4471,Adamowizna,ul. Osowiecka 33,52.07615,20.62922
4470,Grodzisk Mazowiecki,ul. Sportowa 31,52.0988126,20.619121
6175,Grodzisk Mazowiecki,ul. Zielony Rynek 2,52.118063,20.614745
6164,Grodzisk Mazowiecki,ul. W. Westfala 3,52.11136,20.63903
11917,Grodzisk Mazowiecki,ul. 3 Maja 33,52.1113623,20.6362503
3798,Książenice,al. E. Marylskiego 3,52.07192,20.69503
123964,Książenice,ul. Mazowiecka 87A,52.0744917,20.6991042
52721,Odrano-Wola,ul. gen. S. Grota-Roweckiego 8,52.0893976,20.6257097
263134,Grodzisk Mazowiecki,ul. L. Zondka 6,52.10802,20.62357
4048,Grodzisk Mazowiecki,ul. W. Bartniaka 13A,52.10638,20.62938
263147,Adamowizna,ul. Osowiecka 98D,52.0765931,20.6301661
91141,Żelechów,ul. Ogrodowa 3,51.8096724,21.895505
82486,Stary Kębłów,23,51.7913993,21.8631461
83315,Wola Żelechowska,10,51.804577,21.85619
13052,Gostynin,ul. Józefa Ozdowskiego 2,52.4235579,19.4672819
13138,Gostynin,ul. gen. Józefa Bema 23,52.4343016,19.4676053
263055,Gostynin,ul. Polna 36,52.4200015,19.4610571
60828,Lucień,46,52.488347,19.4728184
60148,Krzywie,48,52.4646052,19.3901642
60374,Sokołów,10,52.3860173,19.3462346
81489,Sierakówek,1,52.3557804,19.4232002
58967,Białotarsk,34,52.4450499,19.3229782
87148,Stefanów,38,52.4565941,19.5373278
60568,Zwoleń,35,52.4283135,19.5563353
87085,Solec,6,52.4387021,19.3701919
85490,Pacyna,ul. Kopycińskiego 5,52.30067,19.71132
7372,Sanniki,ul. Warszawska 183,52.33089,19.86693
91611,Korytnica,106,51.7236446,21.7744069
89737,Wola Korycka Górna,36,51.7356144,21.7547975
88761,Życzyn,55A,51.6775047,21.7409541
88520,Podebłocie,109,51.6432741,21.7556372
31103,Mariańskie Porzecze,36,51.8837956,21.3323502
30457,Wilga,ul. Adama Mickiewicza 8,51.8515842,21.3769391
31138,Zakrzew,37,52.3619728,21.7672373
263757,Osiedle Wilga,ul. Plac Myśliwski 1,51.8278309,21.4110208
58900,Łaskarzew,ul. Kolejowa 13,51.7888109,21.5999813
55944,Łaskarzew,ul. Alejowa 23,51.7932941,21.5843757
60708,Wola Łaskarzewska,88,51.7894372,21.5277478
104602,Izdebno,1,51.8251298,21.5659667
60705,Krzywda,27A,51.8193851,21.5244053
104604,Stary Pilczyn,36,51.7975758,21.6308566
82484,Stary Goniwilk,41,51.8324386,21.8342762
90601,Stefanów,108,51.7971427,21.8064718
42338,Górzno,ul. Długa 6,51.8468159,21.7062446
50844,Łąki,78,51.8679259,21.7490612
50847,Unin,86B,51.9104218,21.6949566
15727,Maciejowice,ul. Tadeusza Kościuszki 19,51.692631,21.5531323
23093,Samogoszcz,2,51.7487504,21.470645
9851,Zgórze,30,51.8922201,21.7531764
10000,Miastków Kościelny,ul. Szkolna 8,51.8839967,21.8234993
4120,Parysów,ul. Książęca 11,51.9759282,21.6801952
70923,Puznówka,136,51.973567,21.5662811
49924,Trąbki,ul. Osadnicza 4,51.94964,21.58979
70925,Gocław,ul. Szkolna 2,52.0106073,21.5528956
77607,Pilawa,ul. Leśna 6,51.9595452,21.5271524
64769,Sobolew,ul. Kościuszki 17,51.741893,21.6682644
106023,Gończyce,106,51.7801528,21.7246173
278430,Anielów,16,51.7754545,21.7750265
88304,Trojanów,161,51.6948845,21.8349533
263535,Gołotczyzna,ul. Aleksandry Bąkowskiej 29,52.8025651,20.6967017
5746,Borowie,ul. Aleksandra Sasimowskiego 3,51.9487239,21.7671323
27549,Głosków,ul. Szkolna 6,52.0371672,20.9435881
27553,Iwowe,140,51.9789596,21.8500339
70421,Garwolin,ul. Aleja Żwirki i Wigury 16,51.9003435,21.6161871
86841,Garwolin,ul. Aleja Legionów 21,51.8830241,21.6275247
87121,Garwolin,ul. Janusza Korczaka 10,51.9024676,21.6058905
277051,Garwolin,ul. Zamojska 10,51.9059163,21.6034727
482382,Garwolin,ul. Jana Pawła II 5,51.8986429,21.6127654
49892,Rębków,ul. Starowiejska 8,51.877494,21.5550592
49720,Wola Władysławowska,27,51.8949803,21.4271286
48608,Michałówka,3,51.7772981,20.9763764
49963,Wilkowyja,48,51.8560532,21.5158516
50849,Wola Rębkowska,ul. Długa 90,51.9049944,21.5559577
49298,Ruda Talubska,ul. Akacjowa 10,51.852721,21.592292
50846,Samorządki,44A,51.8234835,21.7519605
68145,Ościsłowo,81,52.8305386,20.4629152
81251,Gołymin-Ośrodek,ul. ks. Michalaka 10C,52.8086905,20.8731745
87350,Grudusk,ul. Szkolna 2,53.0616402,20.625647
44647,Humięcino,20,53.01215,20.57681
3888,Kraszewo,57A,52.7917917,20.5722471
86846,Ojrzeń,ul. Przedszkolna 7,52.7669148,20.5427378
3886,Młock,72,52.789451,20.4714218
74873,Opinogóra Górna,ul. Zygmunta Krasińskiego 25,52.9038465,20.7143163
74874,Wola Wierzbowska,27,52.9619,20.74828
74875,Kołaczków,ul. Szkolna 2,52.895375,20.8019893
23609,Zeńbok,50,52.9758147,20.5808991
26884,Regimin,ul. Heleny Dobrzynieckiej 1,52.94148,20.55454
89315,Sońsk,ul. Szkolna 4,52.7813961,20.6961175
83502,Bądkowo,1,52.7453011,20.6362408
83504,Gąsocin,ul. Błotna 12,52.7377277,20.7156977
263530,Gołotczyzna,ul. Aleksandry Bąkowskiej 29,52.8025651,20.6967017
55748,Stare Siekluki,78,51.58356,20.99392
9148,Stromiec,ul. Radomska 27,51.6464554,21.0910141
9145,Bobrek-Kolonia,24,51.61119,21.05491
9146,Kolonia Sielce,46,51.617182,21.2020296
62364,Kostrzyn,ul. Szkolna 7,51.5766911,20.7298643
62365,Wyśmierzyce,ul. Adama Mickiewicza 4,51.6251076,20.8119331
29137,Ciechanów,ul. Władysława Broniewskiego 1,52.8879408,20.5997081
25735,Ciechanów,ul. Wiklinowa 4,52.878279,20.6059008
57848,Ciechanów,ul. Stefana Czarnieckiego 40,52.87067,20.59719
25740,Ciechanów,ul. Stanisława Wyspiańskiego 11A,52.8874042,20.5988479
133690,Ciechanów,ul. Orylska 3,52.8735572,20.6186358
29139,Ciechanów,ul. Płońska 143,52.8631448,20.6313361
63394,Ciechanów,ul. Powstańców Wielkopolskich 1,52.8824607,20.632446
126498,Ciechanów,ul. Ignacego Kraszewskiego 8a,52.8867284,20.6030305
6890,Gumowo,6,52.6090748,20.2677007
12892,Glinojeck,ul. Płocka 7,52.819174,20.2862655
23641,Żuromin,ul. Wyzwolenia 12,53.0716932,19.9085631
70466,Osuchów,ul. Szkolna 1,51.8980592,20.5885382
49725,Piekary,ul. Piekarska 47,51.915053,20.538416
49172,Mszczonów,ul. Warszawska 27,51.9739985,20.5127831
50407,Lutkówka,ul. Szkolna 1,51.9223908,20.6217135
17718,Puszcza Mariańska,ul. Konstytucji 3 Maja 3,51.9788831,20.3494459
7835,Bartniki,ul. Miodowa 47,52.00148,20.27119
5161,Waleriany,24,52.01274,20.38436
43810,Korytów A,ul. Szkolna 3,52.0360433,20.4715157
52528,Kuklówka Radziejowicka,ul. Szkolna 30,52.0433745,20.5910495
52527,Radziejowice,ul. Główna 2,52.0042375,20.5560438
59952,Wiskitki,ul. Kościuszki 25,52.0868993,20.3832461
12914,Miedniewice,86,52.08171,20.30207
13456,Franciszków,ul. Dębowa 25,51.8621255,21.0366429
13392,Guzów,ul. Rodu Łubieńskich 2,52.11709,20.33749
22674,Stare Szpaki,36,52.2336828,22.8975537
81716,Łosice,ul. Szkolna 3,52.2166563,22.7070372
31593,Łosice,ul. Bialska 15,52.2120041,22.7209911
48084,Niemojki,157,52.2623772,22.6981617
78206,Sławęcin,63,52.9638441,19.9987199
86336,Bieżuń,ul. Stefana Gołębiowskiego 1,52.9617996,19.8899936
106708,Kuczbork-Osada,ul. Adama Mickiewicza 6,53.0852777,20.0473242
106712,Zielona,ul. Szkolna 2,53.0932818,19.9628254
106550,Zieluń-Osada,ul. Szkolna 7,53.1738687,19.8602652
106553,Syberia,49,53.08693,19.71206
106555,Lubowidz,ul. Jana Pawła II 46 a,53.1216748,19.8407986
111213,Swojęcin,22,53.00266,19.85785
87268,Lutocin,ul. Szkolna 14,52.9813101,19.7659778
42790,Łaszewo,36,52.8589368,20.0899683
80943,Siemiątkowo,ul. Warszawska 3a,52.8796055,20.0340273
8848,Będzymin,ul. Główna 36,53.05006,19.82968
42560,Żyrardów,ul. Armii Krajowej 3,52.0543308,20.4435009
64774,Sokół,49,51.7581471,21.7088081
30397,Nowy Żabieniec,2,51.8382278,21.4861985
92098,Gościszka,82,53.11434,20.00286
126772,Jaworek,32,52.2803056,21.8134611
87532,Wyszków,29A,52.3059926,22.0107976
13020,Nowe Budy,32,52.63927,21.66235
123985,Sieczychy,43,52.71638,21.49384
4534,Bielino,32A,52.7636521,21.3523416
55342,Międzyleś,ul. Główna 12,52.3608231,21.4655512
278600,Wólka Dąbrowicka,41A,52.34532,21.4599
127702,Kobyłka,ul. Jana Brzechwy 5,52.3499723,21.2086841
106832,Marki,al. Marszałka Józefa Piłsudskiego 93,52.3264286,21.1059891
13697,Łomianki,ul. Równa 26,52.3235792,20.8957991
128589,Lubiczów,ul. Warszawska 57,52.243087,20.8659065
85210,Warszawa,ul. Wandy Rutkiewicz 2,52.1729662,21.0677053
105302,Warszawa,ul. Podmokła 4,52.1867732,21.2259917
31707,Warszawa,ul. Kruszyny 28,52.2169102,21.2162397
25033,Warszawa,ul. Stefana Dembego 18,52.1328326,21.0732944
133945,Warszawa,ul. Wąwozowa 18,52.1319978,21.0643045
268015,Warszawa,Aleja Wyzwolenia 7,52.2193688,21.022055
31812,Warszawa,ul. Krynoliny 9,52.2909236,21.0791793
128770,Warszawa,ul. Obrońców 25,52.2330773,21.0520131
125611,Warszawa,ul. Urbanistów 3,52.2059544,20.9662034
105688,Warszawa,ul. św. Bonifacego 81,52.1843909,21.0591183
106323,Warszawa,al. Władysława Stanisława Reymonta 16,52.27585,20.93913
109690,Warszawa,ul. Arkuszowa 202,52.2876771,20.8773281
121188,Warszawa,ul. Piwoniowa 18,52.3543535,20.9753943
88175,Sadek,170,51.2020253,20.8919506
106930,Borki-Wyrki,17,52.1117689,22.350202
2970,Gołąbek,ul. Szkolna 26,52.09196,22.19078
34681,Krześlin,67,52.2381286,22.3521728
21719,Radzików Wielki,ul. Szkolna 5,52.1422586,22.5280815
4928,Zalesice,31,51.2600142,21.1346558
92306,Pionki,ul. Jana Kochanowskiego 12,51.4742742,21.4613961
30844,Sołtyków,ul. Adama Mickiewicza 2,51.3490358,21.1764517
30845,Modrzejowice,68,51.2583446,21.2438353
43573,Seredzice,107,51.1517439,21.1852896
80709,Krzyżanowice,137,51.195208,21.2330039
4866,Lesiów,47,51.4719573,21.2108892
21345,Bartodzieje,18,51.7764685,20.9144004
131791,Radom,ul. Romualda Traugutta 34,51.404858,21.1500087
20571,Krysk,47,52.5324639,20.422997
55956,Świniary,4,52.29868,22.15663
58494,Święcieniec,10A,52.5259623,19.9167701
70798,Rębowo,41,52.4138577,20.1869636
85554,Borki,22A,52.44555,19.80215
59584,Płock,al. marsz. Józefa Piłsudskiego 31,52.7373351,19.9968327
91751,Nowe Kanigowo,17,52.53121,19.97148
103949,Kłudno,83,51.36989,20.81277
82807,Olszewka,80,53.1357126,21.4569341
4983,Ulatowo-Adamy,9,53.1650212,20.9328247
123896,Kosów,ul. Sadowa 34H,52.0486305,20.8253713
69176,Przystań,33,53.1197161,21.4142147
128732,Warmiak,16,53.4581758,21.4801904
72355,Olszewka,24A,52.8236305,20.7478499
74080,Wydmusy,117K,53.3480269,21.3792499
74083,Zalesie,36A,51.8926737,20.8283916
123750,Kaliszki,ul. Akacjowa 148,52.37363,20.74811
78969,Popowo Borowe,111,52.55259,20.89021
25707,Proszkowo,3,53.0123956,20.1979137
77599,Kaliszki,170,52.3681995,20.7386655
276102,Sulejówek,ul. Jaśminowa 15,52.2365434,21.2909677
263439,Mrozy,ul. Licealna 3,52.1568155,21.8023867
119011,Sulejówek,ul. Aleja Piłsudskiego 81,52.230792,21.2508607
71253,Cyganka,ul. Szkolna 21,52.0999639,20.3580899
58764,Kochanówka,83,51.0864121,21.3974019
85316,Wysokie Koło,22,51.4584467,21.8335944
66479,Zalesie,12,51.8861449,21.1518551
66474,Machcin,24,51.9140921,21.1479287
273509,Książenice,ul. Mazowiecka 188A,52.0872301,20.6847715
7605,Skuły,ul. Mszczonowska 3,51.9846227,20.6564756
121810,Baranów,ul. Armii Krajowej 49,52.12305,20.47315
4472,Izdebno Kościelne,ul. ks. M. Oziębłowskiego 9,52.1376443,20.521853
4121,Wola Starogrodzka,102a,52.0048987,21.6114233
23551,Szulmierz,78,52.9682073,20.6566857
7966,Gorysze,14,52.8946221,20.5357827
9147,Podlesie Duże,71,51.628952,21.1525177
124924,Studzieniec,5,51.9875674,20.3890667
268509,Kozerki,ul. Jowisza 92,52.0902969,20.5887195
105736,Gołosze,28,51.76275,20.60968
24340,Borowe,28,51.652483,20.7856219
89385,Michałowice,1,51.640272,20.7212909
17385,Chmielew,20A,51.8135178,21.3409072
121498,Dębe Małe,68,51.99551,21.75796
27288,Stara Ruskołęka,40a,52.8245337,22.1291725
74078,Olszyny,34A,53.3037566,21.2868073
107596,Zawady,51,53.2674418,21.2388904
60887,Czarnotrzew,16,53.1750519,21.3509368
90306,Drwęcz,44,53.0327106,21.6596446
128731,Dęby,9,53.3749933,21.4900423
128729,Wejdo,58,53.4028835,21.5542022
128728,Szafranki,33,53.2862235,21.5384887
272422,Józefów,ul. Nadwiślańska 137,52.1253006,21.1997002
262333,Cendrowice,ul. Szkolna 4,51.969004,21.1297795
266088,Piastów,ul. Bohaterów Wolności 43,52.1848168,20.8305591
91658,Pobyłkowo Duże,15,52.5559248,21.0179823
272263,Płock,ul. Kolegialna 23,52.5422422,19.6970493
49256,Cieszewo,14,52.6842739,19.9665272
88882,Zagroba,24,52.63873,19.89215
4663,Leszczyn Szlachecki,34,52.6293622,19.8371455
85558,Nowy Kamień,6,52.35864,19.72747
80611,Dzierżanowo,53,52.7943017,21.0755275
39888,Przeciszewo,26,52.66121,19.96536
55958,Piotrkówek,75,52.40042,19.96485
86862,Radom,ul. 25 Czerwca 70,51.404682,21.165466
262307,Radom,ul. Długojowska 6,51.3849954,21.1797273
107184,Augustów,33,51.5197764,21.4737484
40629,Krynica,33,52.3004679,22.2901509
87173,Nowy Bartków,19,52.33528,22.55972
104441,Warszawa,ul. Rakowiecka 21,52.2081841,21.0162656
90365,Warszawa,ul. Rakowiecka 21,52.2081841,21.0162656
133548,Warszawa,ul. Białostocka 4,52.2536587,21.0377838
133636,Warszawa,ul. Kawęczyńska 36,52.2572476,21.0579037
105312,Warszawa,ul. Koźmińska 7,52.2247622,21.0370111
52989,Warszawa,ul. Toruńska 23,52.2958432,21.0166087
133572,Warszawa,ul. Radzymińska 118a,52.2691985,21.0611391
53008,Warszawa,ul. Alpejska 16,52.2177829,21.1688506
121724,Warszawa,ul. Dzierzby 28,52.1345661,21.0194105
104254,Warszawa,ul. Eustachego Tyszkiewicza 42,52.2418936,20.9675626
133624,Warszawa,ul. Deotymy 25/33,52.2421484,20.9467615
478731,Warszawa,ul. Jana Ostroroga 18,52.2464567,20.9666459
103583,Warszawa,ul. Zygmunta Krasińskiego 1,52.2702784,20.9959339
89967,Knurowiec,1,52.66836,21.63108
13021,Turzyn,95,52.6107989,21.5244635
75668,Maksymilianów,30,52.4580356,21.7578788
86735,Zając,41,52.33414,22.06134
82539,Szydłówka,62,52.1305909,22.6164855
22762,Kobylany,114,51.30441,21.28786
106344,Mleczówka,41,53.08261,19.66531
111216,Przeradz Mały,9,53.0181,19.78021
7030,Michałów,39,51.965686,20.3137264
9850,Zwola,45,51.8810513,21.8740397
124655,Chotynia,33,51.7979285,21.6939137
278474,Kaleń Drugi,65,51.7116651,21.7078236
264914,Garwolin,ul. Janusza Korczaka 10,51.9024676,21.6058905
7705,Boże,1,51.6877748,21.1313418
8851,Kliczewo Duże,ul. Wspólna 68,53.0458795,20.0075528
2985,Lipno,25,52.3329528,22.8226079
114664,Warszawa,ul. Górczewska 13,52.236362,20.9686519
196263,Warszawa,ul. Zorzy 17,52.2168824,21.1691396
84199,Skłoby,1,51.25367,20.69413
128371,Nowy Dwór,11A,51.2407637,21.0045706
84204,Pawłów,230,51.2521082,20.8167117
4804,Przywózki,ul. Szkolna 3,52.3825066,22.201399
59058,Czekanów,20,52.4380504,22.4387864
91242,Bujały-Mikosze,9,52.45728,22.37455
80763,Osiek,5,52.8113487,19.9413098
121754,Grąbiec,11,52.81837,19.7821
123473,Wólka Twarogowa,21,51.2803765,21.3062426
39889,Smardzewo,4,52.6124388,19.9225735
196293,Rusinów,32,51.27678,20.67823
128531,Węgra,26,53.053086,20.7670836
86246,Rostkowo,14,52.6578828,20.1366289
31916,Chorzele,ul. Szkolna 4,53.2520198,20.8993035
88735,Jazgarzewszczyzna,ul. Okrężna 25A,52.0669748,20.9828867
12448,Szwelice,66,52.7884627,21.0241472
74367,Garwolin,ul. Aleja Legionów 11,51.8864785,21.6258773
12051,Wola Młocka,32,52.77739,20.42155
263819,Wołomin,ul. Kazimierza Wielkiego 1,52.3497458,21.2577939
85120,Jędrzejów Nowy,30,52.19029,21.72453
11892,Romanowo,12,52.8764973,21.0263155
133534,Warszawa,ul. Szczęśliwicka 50/54,52.2158254,20.9679633
263526,Płock,al. Jana Kilińskiego 4,52.5382069,19.7043424
6325,Brzegi,124,51.86747,21.79525
62578,Pupkowizna,38,53.3891344,21.6281789
66475,Pieczyska,13,51.9213307,21.0177496
119294,Kołodziąż,82,52.0042,21.95161
125097,Mrozy,ul. Leśna 8,52.1761113,21.8076049
129776,Grodzisk Mazowiecki,ul. 11 Listopada 48,52.10915,20.62197
129946,Warszawa,Ziemowita 39,52.2664355,21.069002
133614,Warszawa,Turmoncka 2,52.2965854,21.0303333
263162,Warszawa,Mińska 25,52.2487947,21.0594334
265871,Warszawa,ul. Armii Krajowej 121,52.2496447,21.2459786
267304,Warszawa,ul. Zygmunta Krasińskiego 31,52.2659073,20.976265
272684,Kaputy,Sochaczewska 215,52.23032,20.78393
273266,Kotarwice,ul. Wierzbicka 252,51.3385363,21.1265279
278442,Lubiczów,ul. Warszawska 65b,52.2419894,20.8741308
279201,Warszawa,ul. Wąchocka 9,52.2287066,21.0558601
479862,Warszawa,Na Uboczu 9,52.1395378,21.048888
480282,Jazgarzewszczyzna,ul. Okrężna 25A,52.0623,20.98633
483369,Warszawa,ul. Bitwy Warszawskiej 1920 r. 7,52.2113333,20.9761194
483813,Urszulin,ul. Legionistów 3,52.0731507,20.726052
483895,Płock,ul. Górna 30,52.5343046,19.7244056
484246,Warszawa,ul. Tkaczy 15,52.2209352,20.9079171
484577,Mińsk Mazowiecki,ul. Stefana Okrzei 10,52.1798502,21.5591157
485108,Warszawa,ul. Grójecka 208,52.1996195,20.9656659
2890,Szczekociny,ul. Śląska 86,50.6269,19.80746
2893,Wejherowo,ul. Obrońców Wybrzeża 1,54.60738,18.25049
2919,Łapy,ul. Polna 9,52.99451,22.88226
2971,Tomaszów Lubelski,ul. Żwirki i Wigury 6,50.44712,23.41212
2987,Łubin Kościelny,40,52.75859,23.00708
2992,Kielce,ul. Karczówkowska 27,50.86768,20.60997
2994,Piła,ul. Staromiejska 11,53.14703,16.7327
2996,Piła,ul. Roosevelta 12,53.15501,16.75014
3016,Tomaszów Lubelski,ul. Żołnierzy Września 1,50.4532,23.40528
3034,Kaliszkowice Kaliskie,38,51.52959,18.04781
3039,Żywiec,ul. ks. Prałata Stanisława Słonki 14,49.6786,19.19003
3046,Ciągowice,ul. Zwycięstwa 72,50.45239,19.37495
3059,Soborzyce,Plac Wolności 4,50.85979,19.61666
3068,Łekno,14,54.21564,16.01872
3069,Dobrzyca,53,54.18515,15.92184
3165,Ruszów,ul. Zgorzelecka 1C,51.39847,15.18141
3170,Czerwona Woda,ul. Kolejowa 22,51.25194,15.21698
3179,Skarżysko-Kamienna,ul. Konarskiego 17,51.11722,20.86378
3181,Węgliniec,ul. Kościuszki 2,51.28615,15.22108
3193,Rokitno Szlacheckie,ul. Szkolna 2,50.43245,19.43307
3197,Grabowa,ul. Szkolna 37,50.3884,19.45729
3204,Łęki Strzyżowskie,87,49.80532,21.66469
3205,Brodnica,ul. 3 Maja 4,53.25073,19.3981
3208,Ustrobna,1,49.74485,21.70078
3209,Kazimierza Wielka,ul. 1 Maja 1,50.26489,20.49457
3211,Wojaszówka,48,49.7773,21.67142
3212,Bielsko-Biała,ul. Krakowska 30,49.82135,19.06138
3213,Brodnica,ul. Kolejowa 62,53.27478,19.40948
3214,Inowrocław,ul. Wojska Polskiego 20,52.78264,18.23914
3219,Brodnica,ul. Nowa 34,53.24214,19.3999
3232,Osiek Łużycki,56,51.0813,14.99632
3233,Kamieńczyce,24,50.25197,20.41923
3243,Skarżysko-Kamienna,ul. Sportowa 30,51.09764,20.85514
3246,Rypin,ul. 3 Maja 3,53.06763,19.41548
3249,Gliwice,ul. Kozielska 39,50.30042,18.64742
3309,Giżycko,ul. 3 Maja 21,54.03771,21.76113
3315,Sokolina,19,50.30647,20.60281
3317,Żywiec,ul. Marii Skłodowskiej-Curie 2,49.67825,19.21861
3318,Osiny,101,51.18769,21.10615
3321,Trębowiec Duży,54,51.16113,21.07819
3335,Mysłowice,ul. 3-go Maja 19,50.20179,19.1068
3336,Żywiec,ul. Powstańców Śląskich 4,49.6873,19.21075
3344,Czarnocin,1,50.34128,20.51809
3347,Mysłowice,ul. Piastów Śląskich 8,50.18655,19.10281
3349,Żywiec,ul. Dworcowa 26,49.68173,19.18867
3356,Mysłowice,ul. Kosztowska 46,50.18668,19.1609
3370,Lińsk,37,53.69099,18.13792
3371,Śliwiczki,97,53.68958,18.19379
3372,Śliwice,ul. Szkolna 9,53.70728,18.17806
3378,Broniewice,3,52.74634,18.08406
3387,Mikstat,ul. Grabowska 13,51.53339,17.97614
3388,Mysłowice,ul. Piastowska 7,50.24642,19.1382
3389,Łoniowa,210,49.91069,20.69641
3406,Stary Garbów,82,50.77539,21.77388
3417,Mysłowice,ul. 1000-lecia Państwa Polskiego 6,50.23847,19.11128
3418,Kaliszkowice Ołobockie,1,51.5449,18.04825
3424,Mysłowice,ul. Mikołaja Reja 28,50.20624,19.15638
3431,Giżycko,ul. Gimnazjalna 1,54.04058,21.76832
3432,Czechówka,ul. Szkolna 72,49.90144,20.01963
3433,Mściów,100,50.70601,21.81443
3436,Rypin,ul. Młyńska 12,53.06295,19.41633
3458,Mysłowice,ul. Górnicza 4,50.23714,19.13732
3464,Mysłowice,ul. Wielka Skotnica 2,50.24579,19.12826
3466,Gałkowice,19,50.75744,21.73213
3469,Rychtal,ul. Kępińska 13,51.14526,17.85166
3470,Drożki,34,51.19933,17.86599
3491,Mysłowice,ul. Laryska 101,50.1981,19.12696
3497,Mysłowice,ul. ks. Kardynała Augusta Hlonda 14,50.22285,19.15833
3499,Kowale Oleckie,ul. Witosa 6,54.16395,22.42056
3501,Mysłowice,ul. Polskiego Czerwonego Krzyża 209b,50.18021,19.14386
3523,Stożne,6,54.1661,22.4244
3525,Niwka,25,50.05684,20.85325
3532,Długopole Dolne,36,50.2598,16.64079
3545,Szczecin,ul. Miernicza 10,53.39557,14.66628
3550,Rzepiennik Strzyżewski,402,49.80761,21.03555
3551,Rzepiennik Biskupi,292,49.78953,21.08622
3556,Rzepiennik Suchy,176,49.77904,21.12115
3557,Pławnica,2,50.27142,16.69935
3561,Góra,4,52.74928,18.36395
3567,Luboniek,73,52.29763,18.80831
3568,Stara Łomnica,64,50.35098,16.58212
3570,Orłowo,40,52.84272,18.27405
3571,Tupadły,95,52.74263,18.25344
3573,Kłodawa,ul. 3 Maja 5,52.24659,18.91297
3575,Gierlachów,96,50.70245,21.77423
3576,Słupcza,76,50.75181,21.8082
3577,Brzechów,41,50.82872,20.78688
3580,Rząsiny,95,51.0801,15.43528
3595,Skarżysko-Kamienna,ul. Norwida 3,51.11811,20.85833
3601,Skarżysko-Kamienna,ul. Zielna 29,51.12176,20.8808
3603,Skarżysko-Kamienna,ul. Podjazdowa 21,51.1134,20.88807
3605,Głodno,20,52.18478,18.36744
3609,Nowa Wieś Ujska,1,53.03395,16.74097
3653,Kamionna,263,49.79784,20.36715
3667,Kierlikówka,4,49.83107,20.37598
3668,Wrzeszczewice,14,51.6697,19.10124
3678,Jagatowo,ul. Żurawia 66,54.22702,18.54237
3679,Wróblowice,142,49.87619,20.85801
3680,Bobrowniki,ul. Wyzwolenia 16,52.78617,18.95284
3683,Rychwałd,120,49.90401,20.93132
3692,Ruszelczyce,59A,49.81065,22.52046
3704,Smólnik,20a,52.1569,18.37394
3719,Budzów,ul. Henryka Pobożnego 1,50.58289,16.69095
3728,Borowo,12,52.20536,18.3919
3734,Kamieniec Ząbkowicki,ul. Zamkowa 4,50.52271,16.87846
3750,Domostawa,79,50.6082,22.26917
3772,Legnica,ul. Głogowska 50,51.2172,16.15929
3773,Lipnica Dolna,54,49.85587,20.56398
3787,Cieśle,63,50.84016,20.20394
3801,Borków,ul. Klonowa 72,50.77145,20.75028
3848,Przeczyce,ul. Tysiąclecia 6,50.42731,19.17355
3892,Łaguszew,27A,52.15349,19.98203
3902,Dąbrowa Wielka,19,52.84587,22.40759
3911,Dąbrowa,ul. Szkolna 41,52.40336,16.74002
3919,Dopiewiec,ul. Szkolna 7,52.35971,16.70978
3944,Parlin,38,52.73016,17.89503
3955,Buków,53,52.14539,15.63583
3960,Pręgowo,ul. prof. Bronisława Bukowskiego 3,54.25663,18.47889
3973,Turzany,6,52.79014,18.33428
3986,Jaksice,ul. Szosa Bydgoska 11,52.85574,18.19304
3993,Stargard,"ul. Bolesława Limanowskiego 7, 9",53.34477,15.03667
4007,Legnica,ul. Jaworzyńska 47,51.19929,16.15891
4028,Wierzbowo,72,53.59172,22.4088
4029,Białaszewo,ul. Mikołaja Kopernika 2,53.51527,22.50749
4030,Danówek,7,53.62432,22.5054
4032,Patrzyków,2A,52.23112,18.36977
4053,Gdynia,ul. Starodworcowa 36,54.46462,18.49594
4062,Ludzisko,10,52.72412,18.16582
4063,Mokre,32,53.52823,15.21048
4064,Kołodziejewo,ul. Szkolna 10,52.70739,18.03444
4066,Radoszewice,ul. Niemojewskich 1B,51.24903,18.83234
4071,Góra,ul. Szkolna 4,54.6305,18.10935
4074,Kalsk,65,52.12493,15.59208
4076,Dzikowiec,95,50.57081,16.57219
4081,Kije,ul. Szkolna 5,52.09701,15.54019
4091,Bilczew,2,52.28537,18.42457
4102,Czerwonak,ul. Rolna 8,52.47053,16.98491
4105,Bolechowo-Osiedle,ul. Wojska Polskiego 6,52.54185,16.97583
4106,Koziegłowy,ul. Poznańska 17,52.44482,16.99089
4107,Kicin,ul. Gwarna 1,52.46266,17.02035
4108,Owińska,ul. Poprzeczna 10,52.51182,16.98335
4151,Orle,ul. Nadrzeczna 19,54.64034,18.165
4152,Gościcino,ul. Wejherowska 22,54.60814,18.16321
4153,Nowy Dwór Wejherowski,ul. Szkolna 1,54.54155,18.28802
4202,Inowrocław,ul. Najświętszej Marii Panny 22/24,52.79871,18.26579
4203,Inowrocław,ul. Szarych Szeregów 1,52.78069,18.24904
4205,Zamość,ul. Lwowska 15,50.70945,23.27929
4206,Inowrocław,al. Mikołaja Kopernika 18,52.79951,18.25093
4207,Inowrocław,ul. Chemiczna 9,52.75623,18.25428
4208,Inowrocław,ul. Stanisława Przybyszewskiego 119,52.76537,18.2759
4209,Inowrocław,ul. Jana III Sobieskiego 5/7,52.79068,18.26768
4210,Inowrocław,ul. Zygmunta Kurka 16,52.8007,18.28009
4218,Pakość,ul. Błonie 2,52.8077,18.08512
4221,Gdynia,ul. adm. J. Unruga 88,54.55321,18.50276
4227,Ociesęki,63,50.73605,20.96876
4254,Gdynia,ul. Cechowa 22,54.55287,18.51511
4269,Cigacice,pl. Szkolny 10,52.03374,15.61504
4277,Gdynia,ul. Artura Grottgera 19,54.5036,18.54511
4282,Gdynia,ul. Piotra Ściegiennego 8,54.53169,18.48417
4284,Gdynia,ul. Uczniowska 1,54.49957,18.50436
4285,Włodowice,ul. Krakowska 13,50.55037,19.45514
4289,Święciec,50,52.30817,18.41404
4290,Złotniki,61,50.30836,21.41278
4300,Gdynia,ul. Morska 192,54.53748,18.47523
4307,Gdynia,ul. Grabowo 12,54.52457,18.50742
4319,Gdynia,ul. Tatrzańska 40,54.51422,18.52371
4324,Gdynia,ul. Chabrowa 43,54.53391,18.44537
4330,Okup Mały,ul. Akacjowa 4,51.59226,19.06357
4331,Czarnca,ul. Szkolna 16A,50.81075,19.92478
4342,Gdynia,ul. Jana z Kolna 5,54.52316,18.54124
4346,Kolonia Bałucz,32,51.63974,19.06356
4359,Wasilków,ul. Polna 1/4A,53.20454,23.20387
4362,Bystrzyca Stara,89,51.07832,22.46869
4366,Miały,ul. Powstańców Wielkopolskich 13,52.80623,16.17023
4367,Polubicze Wiejskie Pierwsze,100,51.77825,23.1003
4369,Gdynia,ul. Cypriana Godebskiego 8,54.5509,18.53801
4378,Jabłoń,ul. Jadwigi Tokarskiej 2,51.7216,23.09011
4384,Stęszew,ul. Poznańska 25,52.28358,16.70544
4401,Wielki Dwór,9,53.90788,19.61072
4406,Skórzewo,ul. Poznańska 70,52.39217,16.7934
4408,Leszno,al. Aleje Zygmunta Krasińskiego 2,51.84073,16.57067
4416,Gulcz,ul. Czarnkowska 10,52.87903,16.3793
4419,Gdynia,ul. Lucjana Cylkowskiego 5,54.49343,18.55245
4425,Dzierżążno Wielkie,24,52.98659,16.20555
4429,Czostków,ul. Świerkowa 6,50.85075,20.15735
4440,Legnica,ul. Polarna 1,51.20903,16.18409
4482,Gdynia,ul. Wiczlińska 50A,54.48825,18.42866
4501,Toruń,ul. Wielkie Garbary 9,53.01049,18.60999
4520,Sosnowiec,ul. Ignacego Krasickiego 1,50.27666,19.18591
4529,Gdynia,ul. Zielona 53,54.57784,18.5377
4531,Dąbrówka Tuchowska,145A,49.87319,21.04499
4536,Kielce,ul. Marszałkowska 96,50.89227,20.64407
4537,Lubaszowa,126,49.85896,21.03688
4542,Dźwierzuty,ul. Sienkiewicza 2A,53.70292,20.96072
4548,Łowczów,96,49.91324,21.00057
4552,Kielce,ul. Karola Szymanowskiego 5,50.864,20.64902
4554,Piotrkowice,7,49.92435,21.01491
4557,Kielce,ul. Marszałka Józefa Piłsudskiego 42,50.89237,20.66717
4558,Łąkta Dolna,136,49.83886,20.39985
4559,Kielce,ul. Biskupa Adama Naruszewicza 25,50.87997,20.59469
4563,Gdynia,ul. Ignacego Krasickiego 28,54.50989,18.5451
4592,Runowo,55,54.15372,20.43847
4600,Wiślinka,ul. Szkolna 10,54.33134,18.80007
4601,Wiślina,ul. Mostowa 5,54.29331,18.71975
4604,Kraszewo,2,54.08431,20.54039
4610,Biskupice Zabaryczne,48,51.55814,17.99545
4623,Sopot,ul. Armii Krajowej 50/54,54.43617,18.55924
4644,Wałcz,ul. Robotnicza 23,53.27545,16.46683
4658,Łyna,26,53.43853,20.40658
4684,Jaworze,ul. Szkolna 180,49.79418,18.94452
4706,Żywiec,ul. Aleja Legionów 47,49.68955,19.19357
4732,Ośno Górne,2A,52.38901,18.578
4744,Kazimierz Biskupi,ul. Węglewska 12,52.30719,18.1637
4750,Brody,ul. Jagielnicka 97,52.06303,15.43291
4751,Małdyty,ul. Kopernika 13C,53.92185,19.74608
4757,Oleśnica,5,52.99339,16.85436
4766,Strzelce,10,53.01842,16.96698
4775,Kaszewy Dworne,19,52.21201,19.4653
4783,Stróżewo,59,52.9319,16.9087
4797,Sulechów,ul. Styczniowa 23,52.0933,15.62233
4799,Świątniki Górne,ul. Kazimierza Bruchnalskiego 35,49.93446,19.94444
4819,Pawłowice,94,50.5827,20.08895
4822,Kielce,ul. Generała Tadeusza Kościuszki 5,50.87041,20.63586
4831,Wałcz,ul. Aleja Tysiąclecia 19,53.27703,16.47548
4839,Szczecin,ul. 3 Maja 4,53.42171,14.54937
4875,Trzygłów,24,53.86047,15.16486
4891,Włodowice,25,50.57577,16.47765
4894,Ochojno,ul. Podhalańska 27,49.95047,19.97319
4895,Wrząsowice,ul. Szkolna 5,49.96096,19.94302
4896,Rzeszotary,ul. Pod Dębiną 45,49.93857,19.97356
4900,Żębocin,65,50.16986,20.31962
4901,Strzelce Wielkie,ul. Częstochowska 8a,51.13884,19.14284
4902,Zamoście-Kolonia,2,51.13769,19.17936
4949,Górzyca,20,53.97585,15.23696
4955,Sokółki,18,52.26144,18.20538
4956,Kozarzew,4,52.30498,18.11447
4957,Dobrosołowo,42,52.33747,18.06915
4963,Szczecin,al. Piastów 6,53.43166,14.53839
4968,Tychy,ul. Wojska Polskiego 10,50.13323,18.96759
4976,Biała Podlaska,ul. Mariana Langiewicza 44,52.02853,23.18517
4980,Wiewiec,26,51.13096,19.2285
4987,Reszel,ul. Marii Konopnickiej 2,54.04867,21.15088
4992,Sędziszów,ul. Przemysłowa 8A,50.56009,20.03737
5045,Piotrków Pierwszy,105,51.05218,22.63078
5050,Czerniejów,130,51.12299,22.60082
5051,Tuszów,159,51.09122,22.52452
5052,Skrzynice Pierwsze,110,51.1272,22.62876
5053,Łopoń,105,49.96698,20.7711
5054,Milówka,1,49.91933,20.79025
5061,Rybno,ul. Długa 17,53.75845,21.13774
5062,Choszczewo,62,53.87666,21.08652
5067,Szczodrowo,ul. Szkolna 1,54.10284,18.36795
5070,Pruszcz Gdański,ul. Jana Matejki 1,54.25534,18.63665
5075,Więckowy,25,54.05649,18.38829
5076,Wałbrzych,ul. Melchiora Wańkowicza 13,50.79284,16.25747
5084,Sopot,ul. Oskara Kolberga 15,54.45695,18.53225
5086,Ciechocin,167,53.05494,18.92429
5090,Sławków,ul. Browarna 55,50.29559,19.3918
5104,Świętosław,36,52.99783,18.98082
5107,Książnice Wielkie,37,50.16711,20.5302
5115,Piekary Śląskie,ul. Bytomska 207,50.38582,18.9429
5116,Bogatynia,ul. Młodych Energetyków 24,50.9474,14.90405
5119,Reda,ul. Rekowska 36,54.63354,18.35666
5124,Bydgoszcz,ul. Jana Henryka Dąbrowskiego 8,53.11914,17.98947
5127,Szczecin,ul. Jacka Malczewskiego 22,53.43628,14.55715
5129,Wyczechy,29,53.68774,17.04322
5130,Krzemieniewo,16,53.60741,17.00982
5132,Szczeglino,15,54.22651,16.29158
5133,Olszowice,ul. Świętego Floriana 18,49.92064,19.93603
5138,Sucha Koszalińska,ul. Morska 6,54.26109,16.26398
5141,Siewierz,ul. Długa 2,50.45623,19.25593
5144,Kiełczów,ul. Szkolna 3,51.13972,17.17636
5147,Szczodre,ul. Trzebnicka 42,51.19523,17.18515
5148,Studzianki,ul. Supraślska 2,53.23635,23.28219
5155,Szczecin,ul. Zakole 1a,53.4561,14.53789
5165,Szczecin,ul. Jana Zamoyskiego 2,53.44846,14.54321
5167,Szczecin,ul. Władysława Stanisława Reymonta 23,53.44483,14.51248
5168,Brzegi,ul. Halna 58,49.32239,20.12401
5189,Szczecin,ul. Bośniacka 7,53.40307,14.68384
5197,Kapałów,46,51.04465,20.28309
5198,Górniki,18,51.0571,20.33056
5199,Kłucko,39,51.02661,20.3593
5200,Radoszyce,ul. Szkolna 1,51.07484,20.25478
5201,Wilczkowice,34,51.0345,20.2168
5209,Tychy,ul. Katowicka 102,50.14591,18.99927
5212,Szczecin,ul. Złotowska 86,53.46587,14.53952
5213,Reda,ul. Aleksandra Zawadzkiego 12,54.59739,18.35497
5216,Szczecin,ul. Wacława Felczaka 13,53.43642,14.53872
5231,Czarna Góra,ul. Zagóra 149,49.38012,20.13255
5236,Orzyny,34,53.67711,21.0697
5240,Czarna Góra,ul. Nadwodnia 140,49.36685,20.12221
5242,Krasnopol,ul. Wojska Polskiego 63,54.11363,23.20256
5243,Szczecin,ul. Emilii Plater 20,53.43964,14.56616
5246,Szczecin,ul. Czorsztyńska 35,53.43956,14.50033
5259,Jurgów,177,49.33836,20.14288
5270,Szczecin,ul. Floriana Szarego 12,53.36508,14.59699
5277,Rzepiska,ul. Potok Bryjów bn,49.35455,20.15048
5284,Reda,ul. Gniewowska 33,54.59618,18.34409
5285,Legnica,ul. Hutników 3,51.20236,16.1497
5292,Teodory,62,51.57132,19.19119
5296,Zawiercie,ul. Harcerska 67,50.4776,19.50756
5300,Kielce,ul. Targowa 3,50.87864,20.63364
5314,Chojnice,ul. 31 Stycznia 21/23,53.69521,17.5579
5317,Szczecin,ul. Strzałowska 27a,53.46672,14.59143
5322,Tychy,ul. Lwa Tołstoja 1,50.10069,18.99143
5337,Rzeszów,ul. św. Jakuba 2,50.03869,21.89984
5338,Słotwina,ul. Księdza Ferdynanda Sznajdrowicza 11,49.69841,19.07361
5355,Guzew,ul. Edukacyjna 6,51.64185,19.45895
5356,Tadzin,24,51.6762,19.55708
5357,Rzgów,ul. Szkolna 3,51.66028,19.49578
5362,Międzybrodzie Bialskie,ul. Kasperków 8,49.80112,19.18464
5374,Bruki Unisławskie,ul. Akacjowa 3,53.23302,18.34702
5386,Tychy,ul. Borowa 123,50.11298,18.96372
5407,Tychy,ul. M. Curie-Skłodowskiej 4,50.11697,18.98548
5414,Wola Radzięcka,61,50.66475,22.73126
5425,Żary,ul. R. Kalinowskiego 15,51.63485,15.14654
5428,Borowa,ul. Parkowa 2,51.18842,17.27787
5453,Tychy,ul. Begonii 5,50.12366,18.9805
5454,Folusz,53,49.61518,21.38341
5459,Tymawa,47,53.79859,18.81039
5462,Szczekociny,ul. Senatorska 22,50.62518,19.8236
5478,Jerzmanowa,ul. Głogowska 19,51.59587,16.04424
5486,Gogolewo,11,53.83078,18.7692
5487,Sołonka,23,49.89975,21.94981
5488,Jaczów,ul. Główna 20,51.62603,16.07529
5505,Tychy,ul. Grzegorza Fitelberga 8,50.1144,19.00188
5515,Sopot,ul. Rzemieślnicza 33,54.42598,18.5648
5527,Osięciny,ul. Traugutta 1,52.62579,18.71954
5528,Kościelna Wieś,2,52.62893,18.72704
5529,Pocierzyn,35,52.68851,18.69057
5531,Żary,ul. Broni Pancernej 5,51.64025,15.13361
5534,Gdynia,ul. Halicka 8,54.48804,18.53083
5551,Szczecin,ul. Budzysza Wosia 8/9,53.44687,14.50811
5555,Lubenia,100,49.92684,21.93364
5561,Szczecin,ul. Generała Ludomiła Rayskiego 9,53.43377,14.54954
5569,Maków Podhalański,ul. Szkolna 3,49.73552,19.62495
5572,Wnory-Kużele,37,53.01498,22.50508
5573,Szczecin,ul. Chobolańska 20,53.41197,14.50018
5576,Pieszyce,ul. Świdnicka 53,50.72628,16.59734
5584,Rudniki,1A,50.82574,19.79109
5615,Szczecin,ul. Komuny Paryskiej 20,53.45306,14.56606
5621,Wrząsowice,ul. Spacerowa 8,49.97022,19.94487
5691,Starogard,12,53.76081,15.53343
5697,Lelów,ul. Szczekocińska 41,50.68338,19.63399
5701,Borowa,248,50.38649,21.35339
5706,Czechowice-Dziedzice,ul. Węglowa 54,49.92829,19.00718
5719,Bronów,ul. Kolorowa 2,49.87703,18.91915
5734,Grzybno,71,53.19532,18.44518
5739,Grodzisko,ul. Główna 35,50.58552,18.23682
5747,Zambrów,ul. Magazynowa 13,52.96943,22.24915
5762,Lisy,23,54.21254,22.05429
5763,Chodzież,ul. Stanisława Staszica 19,52.99132,16.92064
5798,Opole,ul. Władysława Reymonta 43,50.66446,17.93025
5817,Szczecin,ul. Dobrzyńska 2,53.39886,14.52394
5822,Opole,ul. Katowicka 35,50.66488,17.93581
5824,Szczecin,ul. Świętoborzyców 40,53.45016,14.55611
5827,Kielce,al. IX Wieków Kielc 15,50.87442,20.63545
5833,Szczecin,ul. św. Cyryla i Metodego 44,53.44496,14.55634
5836,Łapy,ul. Piękna 17,52.99052,22.89513
5846,Tychy,ul. Harcerska 25,50.11859,18.9741
5855,Czaniec,ul. kard. Karola Wojtyły 32,49.85035,19.2465
5862,Porąbka,ul. Krakowska 4,49.82054,19.21923
5865,Kokocko,ul. Szkolna 4,53.26521,18.32672
5867,Bolechowice,ul. Szkolna 7,50.14751,19.79343
5868,Brzezie,ul. Szkolna 1,50.12443,19.82207
5869,Kobylany,ul. Jana Pawła II 61,50.14645,19.76327
5870,Nielepice,ul. Długa 17,50.11027,19.70045
5873,Zabierzów,ul. Kolejowa 15,50.11691,19.79926
5884,Kraków,ul. Mieczysława Wrony 115,49.98782,19.87229
5910,Tychy,al. Marszałka Piłsudskiego 21,50.10872,18.98623
5919,Kraków,ul. Skotnicka 86,50.01668,19.87378
5928,Opole,ul. Budowlanych 40,50.68848,17.91438
5929,Tychy,ul. Generała Ch. de Gaulle'a 18,50.10814,19.00592
5938,Czepielowice,31,50.87755,17.56216
5948,Gliny Małe,99,50.41109,21.31415
5951,Borne Sulinowo,ul. Bolesława Chrobrego 25,53.5834,16.54728
5955,Lubsza,ul. Szkolna 2,50.91612,17.51944
5959,Gdynia,ul. Strażacka 15,54.49999,18.50974
5967,Sopot,ul. Józefa Golca 3,54.43544,18.57031
5968,Sarbinowo,ul. Nadmorska 27a,54.24852,15.95656
5970,Rzeszów,ul. Aleksandra Kamińskiego 12,50.04479,21.99188
5971,Górki,29,52.26088,22.82313
5976,Konarzewo,ul. Szkolna 16,52.33659,16.71908
5981,Gdańsk,ul. Miałki Szlak 74,54.34844,18.69566
5983,Skarszewy,ul. Dworcowa 27,54.07045,18.44007
5984,Toruń,ul. Targowa 17,53.01938,18.63422
5986,Kraków,ul. ks. Stefana Pawlickiego 1,50.04406,19.91849
5988,Lipiny,ul. Tarnowska 110,50.11726,21.05535
5989,Międzyrzec Podlaski,ul. Warszawska 40,51.99017,22.77671
5992,Tychy,ul. Feliksa Konecznego 1,50.1083,18.97196
5993,Olszyny,62,49.814,21.13744
5996,Włocławek,ul. Hutnicza 5/7,52.66654,19.04619
5997,Toruń,ul. Legionów 210,53.03057,18.60195
6005,Turza,2,49.76518,21.05823
6028,Lublin,ul. Diamentowa 2,51.20336,22.55868
6040,Tychy,ul. Alfonsa Zgrzebnioka 45,50.09081,19.00321
6041,Szczepanowo,ul. Szkolna 1,52.82297,17.92021
6059,Czaszyn,ul. Starowiejska 14,49.45641,22.22102
6060,Łukowe,64,49.42208,22.23619
6061,Poraż,ul. Szkolna 2,49.48668,22.22543
6062,Tarnawa Dolna,28,49.77695,19.5409
6070,Faściszowa,126,49.84977,20.84006
6084,Wola Dębińska,330,49.97009,20.71362
6101,Bukowie,ul. Lipowa 54,51.1429,17.58012
6104,Idzikowice,24,51.14622,17.69532
6106,Dębnik,14a,51.08436,17.64114
6107,Biadoliny Szlacheckie,44,49.98916,20.7526
6115,Piotrkowo,45,53.68112,19.49965
6141,Jaworsko,151,49.90783,20.75747
6143,Brzóstowa,200A,50.89014,21.48247
6157,Inowrocław,ul. Józefa Krzymińskiego 4,52.78826,18.2486
6178,Lubasz,ul. Szkolna 6,52.85034,16.52019
6181,Miłkowo,12,52.81812,16.52075
6185,Błotnica Strzelecka,ul. Toszecka 19,50.4887,18.41443
6218,Rydzewo,6,53.70076,22.54412
6227,Drobnin,25,51.85701,16.81433
6231,Nowy Belęcin,30,51.89062,16.85435
6246,Brodnica,ul. Matejki 7,53.24845,19.41471
6247,Żelowice,24,50.72773,16.90817
6249,Kamionna,ul. Powstańców Wielkopolskich 2,52.56399,15.96532
6292,Czatkowice,ul. Szosowa 2,51.51295,17.3746
6293,Dunkowa,1,51.53568,17.16797
6294,Nowe Grodzisko,9,51.55806,17.35764
6295,Wziąchowo Wielkie,47,51.58222,17.45445
6296,Sułów,ul. Szkolna 6,51.50219,17.17367
6300,Rzeszów,ul. Miła 58,49.99577,22.0039
6313,Skrzyszów,147A,49.98758,21.09706
6323,Grabno,285,49.92777,20.77842
6326,Wejherowo,ul. Klasztorna 9,54.60022,18.23994
6328,Łowyń,ul. Szkolna 1,52.50038,15.90941
6331,Łękawica,88,49.84172,19.60597
6338,Bogatynia,pl. Bohaterów Warszawy 1,50.90461,14.95499
6340,Niedźwiedza,130,49.89856,20.71363
6344,Borzymin,5,53.05605,19.33402
6345,Kock,ul. Przechodnia 11,51.64184,22.43704
6346,Ładna,98B,50.01316,21.09423
6348,Poręba Dzierżna,148,50.37552,19.74509
6370,Bydgoszcz,ul. Hetmańska 34,53.13409,17.99953
6383,Mysłowice,ul. Generała Jerzego Ziętka 116,50.21573,19.15693
6385,Mysłowice,ul. Józefa Wybickiego 79,50.2098,19.12483
6387,Kolno,27,53.99767,20.99328
6412,Dursztyn,ul. Pienińska 1,49.41414,20.19225
6438,Nowaki,45,50.52891,17.26495
6447,Siesławice,140,50.45731,20.69253
6448,Kołaczkowice,122,50.49481,20.85147
6449,Dobrowoda,26,50.40253,20.76617
6474,Skudzawy,27,53.00924,19.53378
6498,Przemyśl,ul. Wincentego Pola 5,49.78553,22.79064
6499,Przemyśl,ul. Pułkownika Marcina Borelowskiego 12,49.79238,22.77194
6500,Przemyśl,ul. Władycze 5,49.78144,22.77414
6503,Przemyśl,ul. Generała Mieczysława Boruty-Spiechowicza 1,49.79785,22.75811
6504,Przemyśl,ul. Stanisława Konarskiego 7,49.78148,22.78091
6505,Przemyśl,ul. Henryka Sienkiewicza 3,49.78208,22.76421
6506,Przemyśl,ul. Świętego Jana Nepomucena 10,49.78733,22.76331
6532,Czechowice-Dziedzice,ul. Studencka 2,49.91287,19.00914
6533,Stępowo,86,53.05749,19.53509
6545,Klementynów,1,51.28694,19.85086
6549,Biskupice Radłowskie,ul. Szkolna 2,50.12125,20.86649
6551,Rzeszów,ul. Antoniego Kopaczewskiego 2,50.04962,21.98306
6563,Starorypin Rządowy,13,53.09359,19.43076
6584,Zakrocz,45,53.02744,19.4609
6592,Rzeszów,ul. Bohaterów 1,50.03771,21.98258
6597,Goliszew,17,51.87232,18.18148
6631,Prószków,ul. Szkolna 6,50.5783,17.87428
6648,Lipowa,83A,50.39925,17.46901
6661,Prusinowice,ul. Szkolna 9,50.53845,17.40563
6664,Rogóż,92,54.16263,20.64477
6691,Nieciki,41,53.45786,22.26663
6700,Międzychód,ul. 17 Stycznia 92,52.60598,15.89877
6702,Drugnia,28,50.65542,20.84696
6705,Radomin,21,53.086,19.19373
6707,Czechowice-Dziedzice,ul. Klasztorna 21,49.90792,19.00313
6715,Legnica,ul. Marynarska 31,51.20319,16.14122
6735,Międzyrzec Podlaski,ul. Partyzantów 8,51.97818,22.78198
6737,Żary,ul. Karola Szymanowskiego 8,51.64308,15.12841
6751,Wałbrzych,ul. Poznańska 8,50.74611,16.29385
6754,Mierzęcice,ul. Wolności 68,50.44432,19.12619
6762,Mierzęcice,ul. Kolejowa 122,50.45859,19.09495
6772,Krzczonów,41,50.28844,20.64764
6783,Gdynia,ul. Leopolda Staffa 10,54.47265,18.49711
6792,Legnica,al. marsz. Józefa Piłsudskiego 3,51.2062,16.18199
6796,Nowe Warpno,pl. Zwycięstwa 6,53.72523,14.28144
6801,Babiak,ul. Poznańska 5,52.34436,18.66228
6805,Kraków,Osiedle Oświecenia 30,50.09024,19.98986
6820,Żary,ul. Gabrieli Zapolskiej 16,51.62827,15.13228
6830,Łukta,ul. Warszawska 17,53.80352,20.08971
6835,Międzychód,ul. Gorzycka 1,52.59967,15.88585
6842,Wysokie Mazowieckie,ul. Kościelna 1,52.91961,22.50772
6846,Bytonia,ul. Kasztelańska 3,53.92041,18.28594
6848,Gruczno,ul. Chełmińska 5,53.34803,18.31452
6849,Kielce,ul. Jurajska 7,50.88795,20.57945
6850,Gdynia,ul. Stawna 4,54.49421,18.50954
6864,Kraków,ul. Miodowa 36,50.05348,19.94722
6867,Chudów,ul. Szkolna 52,50.21059,18.77882
6879,Mokrzyska,ul. Wiślana 47,50.00345,20.61911
6891,Kielce,ul. Warszawska 340,50.90434,20.67579
6901,Czechowice-Dziedzice,ul. Chłopska 70,49.89317,19.00034
6908,Wejherowo,os. 1000-lecia PP 15,54.60421,18.22383
6909,Bebelno-Wieś,85,50.75832,19.99253
6918,Kielce,ul. Leopolda Staffa 7,50.88449,20.64807
6924,Wałbrzych,ul. 11 Listopada 75,50.77867,16.29692
6925,Opole,ul. Księdza Norberta Bonczyka 13,50.67073,17.91511
6926,Grodziszcze,4,50.62503,16.65633
6928,Biernatki,18,51.85395,18.17321
6939,Pogódki,ul. Szkolna 3,54.0262,18.32516
6943,Opole,ul. Cmentarna 7,50.67661,17.88248
6945,Kielce,ul. Króla Bolesława Chrobrego 105,50.87954,20.60945
6969,Opole,ul. Walerego Wróblewskiego 7,50.65662,17.90166
6970,Gdynia,ul. Wrocławska 52,54.48263,18.53646
6973,Sulewo-Kownaty,18,53.51306,22.42042
6975,Ławsk,107,53.47867,22.28627
6976,Wąsosz,ul. Piaskowa 31,53.51757,22.31435
6986,Sierosław,24,53.55116,18.28526
6987,Biczyce Dolne,30,49.63114,20.6486
6988,Wielogłowy,56,49.6716,20.68948
7004,Raczki,ul. Sportowa 1,53.9833,22.78662
7008,Malczyce,ul. Szkolna 6,51.2219,16.49084
7011,Królowa Wola,77,51.55234,20.1782
7020,Starogard Gdański,ul. Zblewska 18,53.96146,18.50178
7021,Ziółkowo,20,53.94275,22.78425
7028,Jeleniów,85,50.84436,21.11639
7031,Chomranice,12,49.67646,20.59074
7033,Opole,ul. Chabrów 65,50.68022,17.92873
7039,Międzyrzec Podlaski,ul. Leśna 2,51.99186,22.78385
7045,Kraków,ul. Smoleńsk 5-7,50.05933,19.93193
7046,Kraków,ul. Podedworze 16,50.01229,19.97473
7053,Działoszyn,33,50.97863,14.94914
7071,Starogard Gdański,ul. Józefa Wybickiego 17,53.97476,18.53019
7072,Białystok,ul. Wiatrakowa 18,53.14077,23.14161
7075,Kielce,ul. Kujawska 18,50.86729,20.64883
7094,Opolno-Zdrój,ul. Prezydenta Gabriela Narutowicza 7A,50.88586,14.92785
7100,Szerokie,107A,51.25506,22.46796
7108,Żarów,ul. Piastowska 10,50.93569,16.48896
7112,Gdynia,ul. Chylońska 227,54.54827,18.44649
7134,Marcinkowice,132,49.66854,20.64985
7139,Bełżec,ul. Rzeszowska 75,50.38321,23.42573
7144,Porajów,ul. Górnicza 1C,50.88424,14.8305
7147,Reda,ul. Brzozowa 30,54.61173,18.35312
7164,Starogard Gdański,ul. 2 Pułku Szwoleżerów Rokitniańskich 4,53.96607,18.51976
7168,Szaniec,ul. Szkolna 10,50.51609,20.69197
7169,Cieszków,ul. Grunwaldzka 3,51.62713,17.35494
7172,Zbludowice,ul. Świętokrzyska 9,50.44781,20.72732
7178,Działdowo,ul. Lenartowicza 1,53.24023,20.18421
7192,Mirocice,45A,50.88334,21.04055
7198,Kraków,Osiedle Stalowe 18,50.07327,20.05293
7199,Kraków,Osiedle Jagiellońskie 18,50.08493,20.02753
7200,Kraków,Osiedle Szklane Domy 2,50.07594,20.04161
7206,Rossosz,ul. Lubelska 37,51.85444,23.12964
7208,Sosnowiec,ul. Niepodległości 7,50.28384,19.1261
7210,Pogórze,ul. Szkolna 15,54.56548,18.47988
7213,Elbląg,ul. Ignacego Daszyńskiego 1,54.17418,19.39986
7216,Szczecin,ul. Tadeusza Zawadzkiego 75,53.45341,14.4948
7218,Motwica,40,51.7194,23.33243
7232,Straszewo,17,52.80613,18.65094
7233,Pokrzywianka,33,50.8951,21.12741
7248,Wólka Tanewska,ul. Główna 61,50.51128,22.2634
7249,Gliwice,ul. Jedności 35,50.28838,18.73099
7266,Rychwałdek,ul. Szkolna 46,49.68004,19.28431
7267,Przyłęków,ul. Wspólna 56,49.63834,19.25348
7279,Kielce,ul. Barwinek 31,50.84653,20.6299
7287,Żelazków,108,51.85007,18.17457
7295,Ligota,ul. Miliardowicka 46,49.89842,18.93457
7296,Bogatynia,ul. Leona Wyczółkowskiego 42A,50.90127,14.97314
7319,Brójce,ul. Polna 6,52.31503,15.66989
7322,Mnin,ul. Kościelna 38,50.98764,20.18949
7332,Żary,ul. Broni Pancernej 8,51.63948,15.13436
7335,Kraków,Osiedle Jagiellońskie 9,50.08828,20.02358
7340,Ogorzelczyn,3,52.08504,18.3372
7342,Gliwice,ul. Juliusza Ligonia 36,50.28994,18.64021
7364,Lipinki,12,53.63686,18.4829
7366,Rzeszów,ul. Słocińska 4,50.02556,22.04757
7420,Kielce,ul. Wspólna 17,50.87186,20.6208
7431,Żary,ul. Okrzei 19,51.63199,15.13206
7440,Rzeszów,ul. Dębicka 288,50.05087,21.9356
7448,Kędzierzyn-Koźle,ul. Piastowska 30,50.33876,18.13923
7457,Kraków,ul. Stawowa 179,50.0964,19.88484
7460,Dąbrowa Górnicza,ul. Sportowa 16,50.30594,19.27106
7463,Dubeninki,ul. Szkolna 1,54.28647,22.56259
7468,Długołęka,ul. Szkolna 40,51.17517,17.18902
7471,Mirków,ul. Adama Mickiewicza 19,51.16614,17.15809
7483,Gliwice,ul. Władysława Stanisława Reymonta 18A,50.29296,18.73268
7487,Kraków,ul. Katowicka 28,50.08443,19.88198
7490,Łyczanka,ul. Dworska 1,49.92033,19.98738
7505,Restarzew Cmentarny,11,51.36992,19.02676
7515,Starogard Gdański,al. Jana Pawła II 4,53.96294,18.5297
7520,Szczecin,ul. Jagiellońska 59,53.43325,14.52629
7538,Dębe,34A,51.79656,18.19897
7540,Staw,2,52.8681,14.92447
7549,Giżycko,ul. Wodociągowa 8,54.04388,21.78343
7564,Rdziostów,55,49.65792,20.66782
7569,Lubiszyn,ul. Polna 6,52.77761,14.94815
7573,Pakosławsko,58,51.61358,17.29848
7575,Opole,ul. Szymona Koszyka 21,50.66729,17.89899
7576,Budy Łańcuckie,333,50.12463,22.42179
7577,Białobrzegi,400,50.12041,22.33953
7578,Korniaktów Północny,51,50.11663,22.38542
7580,Gdynia,ul. mjr. Henryka Sucharskiego 10,54.55824,18.50558
7594,Lidzbark Warmiński,ul. Leśna 15,54.1209,20.58524
7598,Siepraw,ul. Księdza Jana Przytockiego 10,49.90966,19.96976
7612,Opole,ul. Zofii Nałkowskiej 16,50.65287,17.95655
7613,Żmudź,ul. Kasztanowa 7,51.01874,23.67283
7619,Zakliczyn,ul. Podgórska 123,49.88205,20.02204
7633,Opole,ul. Henryka Sienkiewicza 4,50.67108,17.92397
7637,Russów,6,51.84553,18.09806
7638,Skarszew,50,51.80056,18.15365
7640,Chrusty,60,50.97029,20.67646
7658,Nowa Sól,ul. kard. Stefana Wyszyńskiego 2,51.80219,15.69844
7660,Malbork,ul. Stanisława Hadyny 18,54.01821,19.02763
7664,Kraków,ul. Józefa Sawy-Calińskiego 12,50.09874,20.17854
7666,Rychława,45,53.67953,18.66771
7668,Opole,ul. Małopolska 20,50.67205,17.95506
7669,Gdynia,ul. Chwaszczyńska 26,54.47211,18.48796
7675,Opole,ul. Grudzicka 48,50.66559,17.98617
7678,Gdańsk,ul. Srebrniki 10,54.3774,18.58055
7680,Lisów,76,49.76581,21.32878
7682,Opole,ul. Wiktora Gorzołki 4,50.62606,17.96227
7689,Krasne Potockie,118,49.66837,20.58281
7690,Zbydniów,80,49.83707,20.32129
7692,Szczecin,ul. Dąbska 105,53.37016,14.66438
7696,Opole,ul. Wiejska 77,50.68319,17.95621
7702,Kraków,ul. Ignacego Krasickiego 34,50.0401,19.93925
7703,Kraków,ul. Stanisława Stojałowskiego 31,50.00617,19.95383
7704,Opole,ul. Groszowicka 12,50.64288,17.98596
7714,Kielce,ul. Generała Józefa Hauke-Bosaka 1,50.84674,20.64429
7715,Opole,ul. Szarych Szeregów 1,50.67582,17.95185
7726,Szymiszów,ul. Szkolna 2,50.53662,18.21979
7729,Szczecin,ul. Młodzieży Polskiej 9,53.3817,14.63634
7732,Gliwice,ul. Jana Śliwki 8,50.30936,18.66844
7740,Żary,ul. Partyzantów 9,51.6337,15.14782
7745,Kielce,ul. Adolfa Dygasińskiego 6,50.85228,20.62261
7747,Gdynia,ul. Nagietkowa 73,54.47144,18.46035
7763,Janiszów,32,50.81873,21.88243
7770,Kraków,ul. Żabia 20,50.0172,19.99605
7794,Bogoniowice,1,49.80201,20.97387
7795,Siekierczyna,68,49.76114,20.88023
7798,Katowice,ul. Panewnicka 172,50.23034,18.94859
7800,Katowice,ul. Juliusza Zarębskiego 2,50.26379,18.99833
7801,Katowice,Aleja Bolesława Krzywoustego 7,50.27459,18.98159
7806,Świerże,ul. Jana Pawła II 59,51.21647,23.73539
7820,Opoka Duża,5,50.86425,21.88347
7839,Lipiny,40,52.96924,17.18022
7840,Radwanki,31,52.94389,17.02167
7847,Bydgoszcz,ul. Czerkaska 8,53.14025,18.0239
7867,Kraków,ul. Półkole 11,50.06007,19.98187
7868,Kraków,ul. Stanisława Pigonia 2,50.09409,19.93392
7869,Kraków,ul. Sadzawki 1,50.08249,19.9751
7888,Trzciel,ul. Kościuszki 21,52.36742,15.87113
7890,Brzesko,ul. Legionów Piłsudskiego 23,49.97184,20.61144
7902,Gliwice,ul. Wrzosowa 14,50.34735,18.62718
7909,Dobiegniew,ul. Gdańska 8,52.97025,15.75773
7915,Wisznice,ul. Warszawska 19,51.79,23.20582
7918,Chojnice,ul. Dworcowa 6,53.69003,17.57086
7930,Stare Bożejewo,37,53.19053,22.29254
7933,Busko-Zdrój,ul. Tadeusza Kościuszki 1,50.46879,20.71896
7934,Zahutyń,111,49.5186,22.24126
7942,Słupsk,ul. Hubalczyków 7,54.45568,17.06194
7945,Brzesko,ul. Królowej Jadwigi 18,49.97451,20.60455
7949,Wleń,ul. Dworcowa 10,51.01666,15.67258
7957,Jabłonna Druga,45,51.08459,22.58895
7960,Legnica,al. Rzeczypospolitej 129,51.19287,16.1766
7973,Brzeście,1,50.51484,20.1436
7974,Lubcza,83,50.48144,20.32909
7975,Mierzawa,21,50.5695,20.23092
7976,Niegosławice,85,50.52472,20.30774
7977,Piotrkowice,41,50.51763,20.2424
7993,Gliwice,ul. Staromiejska 24,50.33735,18.61682
8004,Świebodzin,ul. Szpitalna 3,52.25156,15.53367
8008,Chojnice,ul. Wicka Rogali 18,53.69809,17.5724
8035,Jadowniki,ul. Szkolna 5,49.97925,20.64284
8037,Legnica,ul. Tatrzańska 9,51.19818,16.20636
8042,Niskowa,62,49.61692,20.6327
8052,Przemyśl,ul. Grunwaldzka 81,49.78462,22.75429
8060,Gdańsk,ul. Marcina Dragana 2,54.3395,18.60796
8062,Lutom,38,52.62709,16.14576
8063,Sieraków,ul. Poznańska 25,52.64581,16.08558
8076,Szczepanów,ul. Świętego Stanisława 5,50.00454,20.65491
8086,Czerniejów,8,51.08404,23.6235
8115,Bielawa,ul. Ludwika Waryńskiego 50,50.66682,16.60001
8116,Bielawa,Osiedle Włókniarzy 10,50.69038,16.61951
8117,Bielawa,ul. gen. Grota Roweckiego 6,50.68227,16.61652
8120,Kielce,ul. Prosta 27a,50.86316,20.63683
8124,Niedamowo,44,54.06487,18.09027
8125,Nowy Klincz,ul. Spacerowa 25,54.1217,18.03279
8126,Korne,ul. Młyńska 14,54.13538,17.85944
8127,Kaliska Kościerskie,ul. Szkolna 7,54.16492,18.03515
8135,Skorzewo,ul. Franciszka Peplińskiego 6,54.16858,17.97045
8138,Wielki Podleś,12,54.07246,18.0331
8141,Wąglikowice,ul. Kościerska 8,54.04548,17.91934
8157,Okalewo,62,53.06153,19.58968
8161,Ostrowiec Świętokrzyski,ul. Niska 9,50.92342,21.39156
8162,Ostrowiec Świętokrzyski,ul. Polna 56,50.94486,21.3826
8163,Ostrowiec Świętokrzyski,ul. Akademicka 20,50.95167,21.38952
8165,Ostrowiec Świętokrzyski,ul. Niewiadoma 19,50.93138,21.42019
8166,Ostrowiec Świętokrzyski,ul. Rzeczki 18A,50.97227,21.36465
8183,Smolna,70,51.15797,17.42929
8184,Kraków,Aleja Kijowska 3,50.06892,19.91338
8189,Przemyśl,ul. Franciszka Smolki 10,49.78019,22.77789
8193,Szczecin,ul. Rymarska 22a,53.34688,14.56851
8204,Kielce,ul. Jasna 20/22,50.87782,20.62553
8216,Skrwilno,ul. Bieżuńska 16,53.01501,19.628
8240,Więckowice,ul. Gromadzka 7,52.39672,16.63825
8248,Suwałki,ul. Emila Młynarskiego 2,54.11938,22.94649
8265,Lutry,8-9,54.01011,20.89597
8267,Krzemieniewice,59,51.17678,19.64833
8294,Kościerzyna,ul. 8 Marca 1,54.11986,17.97437
8300,Grzegorzew,ul. Szkolna 23,52.20213,18.73351
8310,Przytoczna,ul. Polna 17,52.57233,15.68029
8313,Wierzbno,31,52.57744,15.67964
8314,Legnica,ul. Władysława Grabskiego 5,51.19651,16.15603
8315,Gdańsk,ul. Opacka 7,54.41179,18.55583
8320,Gdańsk,ul. Kołobrzeska 49,54.40568,18.5932
8329,Tryl,98,53.61001,18.74363
8348,Lubstów,ul. Kościelna 1a,52.34146,18.49219
8389,Klęczany,1a,49.66778,20.62179
8392,Juchowo,28,53.6715,16.49059
8393,Jeleń,2,53.62179,16.59928
8399,Bogucice Pierwsze,ul. Stara Wieś 34,50.48667,20.59275
8400,Wejherowo,ul. Śmiechowska 36,54.60045,18.25241
8413,Międzybrodzie Bialskie,ul. Bielska 2,49.78748,19.19344
8438,Gdańsk,ul. Człuchowska 6,54.32515,18.58309
8452,Sosnówka,117,51.76002,23.34195
8469,Gdynia,ul. Orłowska 27/33,54.47973,18.55914
8486,Jadowniki,ul. Św. Prokopa 4,49.968,20.64416
8496,Reda,ul. Łąkowa 36,54.60247,18.35717
8552,Słupsk,ul. Orląt Lwowskich 1a,54.46269,16.98753
8563,Bogusławice,1A,52.3926,18.65587
8591,Brdów,ul. Adama Mickiewicza 8,52.34888,18.72835
8600,Typin,101 A,50.48904,23.57972
8618,Opatowiec,ul. Nowokorczyńska 4,50.24317,20.72197
8624,Chrostkowo,80,52.94209,19.25998
8633,Golub-Dobrzyń,ul. Zamkowa 19,53.11467,19.0521
8636,Kraków,ul. Dobczycka 20,50.01665,19.9557
8639,Rumy,19,53.76095,20.92257
8641,Gdańsk,ul. Opolska 9,54.40208,18.59936
8644,Wejherowo,Waśkowskiego 10,54.60448,18.27868
8688,Polichna Druga,26,50.82535,22.31498
8699,Rosochate Kościelne,ul. Mazowiecka 5,52.86398,22.34978
8714,Katowice,ul. Mieczyków 1A,50.17852,18.96905
8718,Gliwice,ul. Robotnicza 4,50.29105,18.69061
8719,Kraków,ul. Kaczorówka 4,50.10708,19.90579
8723,Wejherowo,ul. Nanicka 22,54.60929,18.23785
8751,Pasieki,87,50.43839,23.34596
8764,Wałbrzych,ul. gen. Władysława Andersa 50,50.78143,16.25263
8768,Rudniki,ul. Szkolna 11,50.52388,19.42315
8780,Sufczyn,250,49.95668,20.75187
8808,Rzeszów,ul. Podwisłocze 14,50.02316,22.00433
8809,Rzeszów,ul. Piotra Czajkowskiego 11,50.00481,22.03146
8819,Dorohucza,119,51.16298,23.00937
8820,Wejherowo,os. Kaszubskie 27,54.60583,18.25812
8821,Gliwice,ul. ks. Marcina Strzody 4,50.29348,18.6722
8822,Wałbrzych,ul. 1 Maja 105,50.76457,16.24893
8838,Cerkwica,ul. Szkolna 7,54.00674,15.10771
8876,Siostrzytów,97,51.17826,22.96935
8885,Świniarsko,132,49.60578,20.6522
8896,Kraków,ul. Jana Kurczaba 15,50.0134,20.00921
8899,Wałbrzych,ul. Stanisława Moniuszki 118,50.74448,16.26643
8914,Kraków,Osiedle Kalinowe 17,50.09132,20.01254
8917,Szczecin,ul. Hoża 3 i 25,53.46225,14.57801
8918,Serby,ul. Ogrodowa 18,51.68295,16.10652
8920,Przedmoście,ul. Szkolna 3,51.62862,16.16005
8928,Oleśniki,185,51.11588,23.02787
8933,Irządze,126,50.62449,19.68312
8937,Oława,ul. Kamienna 8,50.93608,17.29968
8938,Oława,ul. Żołnierzy Armii Krajowej 21,50.94107,17.29294
8966,Nowa Cerkiew,1,53.86388,18.65347
8968,Oława,ul. Rybacka 6a,50.94238,17.30508
9023,Czyżew,ul. Polna 5,52.7981,22.3224
9026,Wałbrzych,ul. Andrzeja Struga 3,50.76702,16.29737
9036,Kraków,ul. Aleksandry 17,50.01245,20.01672
9048,Mrowiny,ul. Wojska Polskiego 43,50.94076,16.49474
9074,Imbramowice,ul. Żarowska 45,50.96778,16.56971
9081,Gdańsk,ul. Stroma 19,54.28388,18.63649
9082,Gdańsk,ul. Piotra Czajkowskiego 1,54.35351,18.60285
9087,Okocim,ul. Goetzów Okocimskich 102,49.94854,20.60367
9089,Poręba Spytkowska,ul. Kasztelana Spytka 98,49.9385,20.56586
9090,Bolimów,ul. Sokołowska 24,52.07971,20.16225
9102,Lubno,ul. Plac Wyzwolenia 8,52.74266,15.02686
9118,Gołębie,11,52.92738,22.81948
9129,Jasień,ul. Zielna 1,49.96642,20.57587
9135,Gliwice,ul. Józefa Elsnera 25,50.32461,18.71141
9138,Kraków,ul. Bieżanowska 204,50.01903,20.02245
9140,Kraków,ul. Józefa Mackiewicza 15,50.09344,19.94583
9144,Kraków,ul. Księcia Józefa 337,50.04419,19.82477
9167,Rzeszów,ul. Bulwarowa 3,50.02742,21.99977
9175,Będzin,ul. Szkolna 3,50.31271,19.12676
9189,Ostrowiec Świętokrzyski,ul. Henryka Sienkiewicza 67,50.94665,21.37271
9202,Wałbrzych,al. Wyzwolenia 43,50.76823,16.28358
9226,Mielno,ul. Lechitów 19,54.25549,16.05473
9227,Łowce,159,49.93983,22.72707
9231,Sterkowiec,ul. Sosnowa 20,49.99538,20.67776
9233,Gołkowo,26,53.19701,19.56622
9250,Turowo,ul. Szkolna 1,52.12277,16.65409
9253,Grodków,ul. Morcinka 2,50.69338,17.38372
9254,Gnojna,119,50.72233,17.29083
9255,Kopice,32,50.64775,17.45303
9256,Kolnica,105,50.75283,17.34114
9257,Lipowa,79,50.72972,17.43516
9262,Uciechów,ul. Odolanowska 38,51.56702,17.58693
9276,Gniezno,ul. ks. Prym. Macieja Łubieńskiego 7,52.53516,17.60068
9277,Gniezno,ul. Stefana Czarnieckiego 7,52.53715,17.57934
9278,Gniezno,ul. Bolesława Chrobrego 12,52.53471,17.60107
9279,Gniezno,ul. Żwirki i Wigury 22,52.54101,17.60544
9280,Gniezno,ul. Pawła Cymsa 14,52.51783,17.60188
9281,Gniezno,ul. ks. Stanisława Staszica 5,52.54102,17.61686
9282,Gniezno,Osiedle Kazimierza Wielkiego 33,52.54962,17.59911
9294,Bobrowice,22,54.3425,16.63227
9296,Sławsko,97a,54.39407,16.70738
9297,Warszkowo,ul. Szkolna 17,54.36401,16.71368
9298,Wrześnica,19a,54.39941,16.77861
9299,Żukowo,65,53.28066,15.20394
9326,Kraków,ul. Piotra Stachiewicza 33,50.08612,19.91702
9340,Koleczkowo,ul. Wejherowska 24,54.49263,18.33695
9346,Częstkowo,ul. Szkolna 9,54.50214,18.15138
9347,Łebieńska Huta,ul. Kartuska 25,54.43616,18.17159
9348,Łebno,ul. Szkolna 1,54.46069,18.14311
9349,Jeleńska Huta,ul. Szkolna 5,54.4516,18.22822
9351,Ludwikowice Kłodzkie,ul. Wiejska 1,50.61521,16.48453
9371,Miesiączkowo,25,53.22854,19.60049
9376,Belno,25,50.81707,20.93301
9378,Gdańsk,ul. Kartuska 126a,54.34834,18.61849
9408,Radzionków,pl. Jana Pawła II 8,50.40234,18.90229
9409,Radzionków,ul. Szymały 36,50.39721,18.8979
9415,Boniewo,ul. Szkolna 32,52.46564,18.88023
9433,Wierzchowo,40,53.86126,16.61021
9435,Odolanów,al. Jana Pawła II 1,51.5774,17.6641
9441,Oława,ul. Władysława Broniewskiego 6,50.94561,17.28395
9456,Żółtnica,ul. Szkolna 13,53.67535,16.81037
9460,Górki,18,52.22381,18.87716
9466,Pińczów,ul. Szkolna 2,50.52316,20.52777
9470,Brudzowice,ul. Szkolna 41,50.49918,19.18718
9472,Wojkowice Kościelne,ul. Zachodnia 4,50.41174,19.20338
9480,Gdańsk,ul. Jagiellońska 24,54.41127,18.59835
9506,Wałbrzych,ul. Tytusa Chałubińskiego 13,50.78857,16.27849
9511,Szczecin,ul. bł. Królowej Jadwigi 29,53.42386,14.53885
9518,Parsęcko,69,53.72759,16.58441
9521,Ślęzany,38,50.6678,19.58865
9540,Gdańsk,ul. Mariana Smoluchowskiego 13,54.3673,18.62607
9542,Gościkowo,9,52.33835,15.54683
9543,Świebodzin,ul. Zachodnia 74a,52.25149,15.51106
9544,Świebodzin,Osiedle Łużyckie 28,52.23886,15.53581
9545,Świebodzin,park Chopina 1,52.2501,15.53626
9557,Grodzisk,ul. 1 Maja 34,52.58021,22.73141
9573,Kalisz,ul. 3 Maja 16,51.76711,18.09026
9582,Bożków,89E,50.51295,16.57154
9586,Szczecin,ul. Lucjana Rydla 6,53.37637,14.6537
9587,Gdańsk,ul. Obywatelska 1,54.38066,18.59397
9591,Chłopice,192A,49.94442,22.67382
9592,Bydgoszcz,ul. Józefa Dwernickiego 10,53.13742,18.02736
9593,Giby,75,54.03954,23.35484
9613,Pińczów,ul. 7 Źródeł 7,50.51689,20.53959
9616,Elbląg,ul. Szańcowa 2,54.15919,19.38789
9626,Jabłonica,127,49.79231,21.33183
9645,Podlesie,ul. Główna 79,50.75417,19.60538
9656,Toruń,ul. Żwirki i Wigury 1,53.02839,18.58603
9664,Zabrnie,582,50.59737,21.85377
9670,Nowa Brzeźnica,ul. Kościuszki 100,51.07732,19.17262
9671,Wałbrzych,ul. Ludwika Hirszfelda 1,50.81023,16.2777
9704,Gdańsk,ul. Małomiejska 8A,54.3307,18.62833
9732,Krawce,167,50.52128,21.92006
9735,Kalisz,ul. Juliana Tuwima 4,51.77478,18.08167
9737,Białystok,ul. Zwycięstwa 14/3,53.13678,23.13066
9738,Zastruże,19a,50.98648,16.51646
9743,Żarki,ul. Częstochowska 61,50.62806,19.35518
9747,Przybynów,ul. Szkolna 2,50.65355,19.31776
9748,Zawada,56,50.65569,19.37599
9756,Jaworznik,ul. Szkolna 35,50.60798,19.41558
9768,Żupawa,41,50.57974,21.78638
9804,Kraków,Osiedle Wysokie 7,50.0893,20.01668
9808,Kalisz,ul. Chełmska 18,51.7479,18.13826
9815,Mniszów,4,50.1558,20.37059
9818,Sokółki,47,54.12692,22.32151
9823,Margonin,ul. Polna 6,52.97549,17.09828
9835,Kraków,ul. Strzelców 5a,50.0918,19.97134
9837,Białystok,ul. Hetmańska 8,53.137,23.11975
9840,Toruń,ul. Łąkowa 13,53.02536,18.61433
9846,Giżycko,ul. Wiejska 50,54.05348,21.76652
9854,Milicz,ul. Mikołaja Kopernika 18,51.52399,17.26457
9886,Toruń,ul. gen. Józefa Bema 66,53.01583,18.58693
9897,Błonie,33A,49.95487,20.90251
9902,Ustka,ul. Darłowska 18,54.57349,16.8513
9918,Bydgoszcz,ul. Wyzwolenia 4,53.15096,18.17247
9919,Bydgoszcz,ul. gen. Tadeusza Bora-Komorowskiego 2,53.16198,18.17551
9920,Bydgoszcz,ul. Śląska 7,53.12866,17.98733
9921,Paszyn,410,49.62494,20.7814
9924,Unisław,ul. Lipowa 31,53.21043,18.38532
9927,Kraków,ul. Okólna 16,50.01584,19.98159
9928,Kraków,Osiedle Bohaterów Września 13,50.09795,20.00794
9936,Dobryń Duży,68,51.61821,19.23072
9937,Kraków,Osiedle Na Wzgórzach 13a,50.09736,20.06013
9938,Wólka Dobryńska,57,52.03716,23.48792
9958,Przemyśl,Plac Tadeusza Czackiego 2,49.78072,22.77099
9969,Kalisz,ul. Serbinowska 22A,51.74696,18.07334
9972,Kalisz,ul. Robotnicza 5,51.75878,18.07043
9978,Świnna,ul. Wspólna 58,49.66091,19.25496
9981,Leźnica Mała,36,52.04214,19.08675
9986,Czernięcin Główny,159,50.80567,22.80193
9987,Gdańsk,ul. VII Dwór 7,54.38771,18.57457
10008,Sulechów,ul. Piaskowa 52,52.08131,15.61633
10010,Legnica,ul. Kamienna 20a,51.21118,16.17393
10013,Wilków,ul. Głogowska 5a,51.69596,16.20158
10020,Mąkoszyce,ul. Pocztowa 4,50.94112,17.63486
10025,Stypułów,68B,51.7454,15.59843
10039,Kalisz,ul. Żwirki i Wigury 13,51.76386,18.10984
10040,Lechów,66,50.80461,20.99796
10042,Miedzichowo,ul. Szkolna 6,52.37411,15.95958
10044,Bolewice,ul. Sportowa 24a,52.39634,16.13139
10052,Skórowo,13a,54.50507,17.52847
10067,Gdańsk,ul. Na Stoku 43,54.34613,18.6419
10070,Huta Nowa,48,50.83906,20.98138
10075,Lubin,ul. Jana Kilińskiego 12,51.4028,16.2136
10077,Lubin,ul. Legnicka 1,51.38921,16.2028
10078,Lubin,ul. Prymasa Polski Stefana Wyszyńskiego 3,51.38586,16.20763
10079,Lubin,ul. Szpakowa 2,51.38388,16.21067
10080,Lubin,ul. Cypriana Kamila Norwida 10,51.40405,16.16874
10119,Makoszyn,100A,50.80798,20.96369
10122,Białystok,ul. Ludwika Waryńskiego 30,53.13764,23.15514
10134,Porąbki,1,50.86406,20.90489
10147,Będzelin,ul. Szkolna 10,51.70998,19.79863
10148,Długie,4,51.75005,19.86274
10149,Różyca,ul. Piotrkowska 11,51.73327,19.79085
10152,Gliwice,ul. Lewkonii 2,50.26015,18.57262
10154,Huta Podłysica,58A,50.85813,20.98825
10156,Katowice,ul. Stanisława Łętowskiego 18,50.20462,18.98657
10157,Sosnowiec,ul. Kościelna 9,50.27307,19.12977
10159,Huta Stara,25,50.84809,21.00716
10160,Chrząstowice,ul. Szkolna 1,50.66376,18.06784
10163,Sosnowiec,ul. Wawel 13,50.27972,19.14133
10166,Gdańsk,ul. Matki Polki 3a,54.37734,18.60316
10170,Sosnowiec,ul. Teatralna 8,50.2722,19.12527
10172,Katowice,ul. Kazimierza Lepszego 2,50.18243,18.9981
10175,Sosnowiec,ul. Braci Mieroszewskich 54,50.30429,19.18933
10179,Dąbrowa,ul. Szkolna 15,52.74373,17.93964
10180,Katowice,ul. Karola Marcinkowskiego 17,50.26197,19.05903
10182,Katowice,ul. Wincentego Witosa 23,50.25921,18.9717
10190,Katowice,ul. Zielonogórska 3,50.22422,18.97613
10226,Łozina,ul. Milicka 10,51.23381,17.18031
10237,Daniec,ul. Utracka 8,50.61765,18.13836
10239,Ustka,ul. Jagiellońska 1,54.57812,16.86809
10240,Kalisz,ul. Pomorska 7,51.77094,18.0974
10242,Karczemki,ul. Gdańska 23,54.44549,18.38669
10248,Lesko,ul. Smolki 2,49.46704,22.33565
10250,Olszowa,ul. Szkolna 7,50.45571,18.27622
10258,Gliwice,ul. Pszczyńska 22,50.28778,18.66868
10263,Grądy-Woniecko,20,53.14794,22.40412
10264,Kołomyja,35,53.07478,22.36404
10265,Rutki-Kossaki,ul. 11 Listopada 7A,53.08722,22.4421
10289,Radzionków,ul. ks. dr. Józefa Knosały 137,50.40777,18.89501
10294,Gdańsk,ul. Ubocze 3,54.32833,18.63774
10315,Bukowice,ul. Wrocławska 43,51.39612,17.36012
10318,Kalisz,ul. Jana Długosza 14,51.76541,18.0762
10347,Gdańsk,ul. Reformacka 18,54.34204,18.63076
10348,Pilona,5,54.10882,19.52356
10349,Węzina,16,54.07677,19.51531
10354,Ujazd,ul. Strzelecka 6,50.3913,18.35143
10363,Przysieki,88,49.73521,21.38086
10365,Kalisz,ul. Augustyna Kordeckiego 34,51.74861,18.09132
10373,Tychów Stary,69,51.12395,21.09645
10376,Skoków,84,51.11534,22.02567
10386,Kalisz,ul. Adama Mickiewicza 11,51.75314,18.06727
10388,Gdańsk,ul. Orłowska 13,54.424,18.58507
10396,Puszno Godowskie,99,51.09475,22.04624
10403,Charłupia Mała,ul. Szkolna 15 A,51.62271,18.67647
10404,Rzechta,84,51.58963,18.83911
10405,Wandalin,71,51.06555,22.00429
10425,Sąpolno,45,53.80637,17.33575
10439,Rzeszów,ul. Stefana Starzyńskiego 17,50.05987,21.98231
10455,Oława,ul. Jarosława Iwaszkiewicza 11,50.94558,17.2757
10474,Wnętrzne,35 A,51.88989,22.22178
10495,Dubiny,ul. Główna 1b,52.78082,23.59476
10506,Wędrzyn,1,52.44775,15.19832
10507,Trzemeszno Lubuskie,ul. Poznańska 63,52.43458,15.26232
10509,Gdańsk,ul. Stefana Czarnieckiego 2,54.37753,18.61297
10511,Kalisz,ul. Fabryczna 13-15,51.75704,18.08822
10521,Mieścisko,ul. Wągrowiecka 28,52.7448,17.32221
10529,Harklowa,353,49.71645,21.34387
10532,Katowice,ul. Studencka 18,50.21637,18.95957
10542,Wielki Komorsk,ul. Grudziądzka 3,53.58623,18.67157
10546,Kalisz,ul. Prymasa Stefana Wyszyńskiego 3B,51.7525,18.05591
10561,Gdańsk,ul. Stanisława Wąsowicza 30,54.40429,18.56734
10564,Nędza,ul. Jana Pawła II 41a,50.16337,18.311
10565,Sulęcin,Osiedle Kopernika 7,52.44562,15.11772
10569,Kalisz,ul. Sulisławicka 110,51.71401,18.0692
10571,Michałowice,18,50.89316,17.48207
10576,Gdańsk,ul. Szyprów 3,54.42247,18.57643
10577,Gorzkowice,ul. Kościelna 26,51.21857,19.59705
10580,Goraj,ul. Bednarska 8,50.72028,22.6671
10598,Rzeszów,ul. Bernardyńska 4,50.03899,22.00177
10604,Jeziernia,110,50.4119,23.41705
10625,Przeorsk,113,50.42082,23.50658
10634,Gdańsk,ul. Lilli Wenedy 19,54.38555,18.61714
10650,Borzechowo,ul. Szkolna 3A,53.88955,18.35212
10668,Kołobrzeg,ul. ppor. Edmunda Łopuskiego 15,54.17829,15.57412
10669,Kołobrzeg,ul. Kupiecka 1,54.1772,15.58391
10670,Kołobrzeg,ul. Krzysztofa Arciszewskiego 20,54.1762,15.5395
10671,Kołobrzeg,ul. Poznańska 9,54.16055,15.54645
10672,Kołobrzeg,ul. Bogusława X 22,54.17368,15.58719
10675,Kołobrzeg,ul. Lwowska 7,54.19282,15.66447
10709,Rzeszów,ul. Klementyny Hoffmanowej 11,50.03365,21.99473
10720,Kalisz,ul. Wykopaliskowa 45,51.72311,18.10539
10768,Kalisz,ul. 25 Pułku Artylerii 4-8,51.7288,18.02671
10769,Mogilno,ul. marsz. Piłsudskiego 18,52.66059,17.95403
10771,Kolonia Domaszewska,8,51.85183,22.38389
10774,Dębowiec,ul. Szkolna 3,49.81426,18.7202
10780,Lichnowy,ul. Szkolna 15,53.64559,17.598
10788,Piła,ul. aleja Wojska Polskiego 45,53.15247,16.71454
10794,Wałbrzych,ul. Grodzka 71,50.82357,16.27393
10796,Nieżychowice,55,53.66724,17.5306
10797,Ogorzeliny,ul. Obkaska 3,53.60189,17.55633
10798,Ostrowite,ul. Szkolna 3,53.63315,17.66795
10799,Kłodawa,49,53.74505,17.63771
10820,Kuźnia Raciborska,ul. Piaskowa 28,50.19645,18.31606
10828,Piła,ul. Lelewela 140,53.15313,16.78302
10829,Gdynia,ul. Stefana Żeromskiego 26,54.52271,18.54445
10842,Gdańsk,ul. Wczasy 3,54.40936,18.63069
10885,Horodyszcze,ul. Rynek 6,51.75398,23.18242
10901,Gródki Drugie,100,50.77441,22.69836
10903,Niepołomice,ul. 3 Maja 23,50.03524,20.21371
10904,Zakrzów,323,50.00323,20.14109
10905,Zagórze,81,49.99244,20.18937
10906,Suchoraba,79,49.97658,20.19638
10907,Niepołomice,ul. Krakowska 14,50.04102,20.16672
10908,Wola Batorska,597,50.05071,20.2716
10909,Wola Zabierzowska,1,50.07948,20.33106
10910,Podłęże,220,50.01332,20.16553
10911,Staniątki,5,50.0113,20.19451
10924,Radzionków,ul. gen. Władysława Sikorskiego 8A,50.38615,18.89744
10937,Bydgoszcz,ul. Żmudzka 12,53.12365,18.03801
10938,Bydgoszcz,ul. Grabowa 4,53.13564,18.03402
10939,Bydgoszcz,ul. Krzysztofa Kamila Baczyńskiego 1,53.1099,18.05692
10940,Bydgoszcz,ul. Średnia 98,53.14532,17.97414
10941,Bydgoszcz,ul. Gdańska 122,53.13538,18.01486
10942,Bydgoszcz,ul. Węgierska 11,53.10871,18.02598
10943,Bydgoszcz,ul. Romualda Traugutta 12,53.11718,18.0032
10944,Bydgoszcz,ul. Łowicka 45,53.13069,18.12634
10945,Bydgoszcz,ul. Kombatantów 2,53.10515,18.04849
10946,Bydgoszcz,ul. Karpacka 30,53.11226,18.01176
10951,Siedlec,16A,52.11206,19.14277
10969,Dąbrowa Zielona,Plac Kościuszki 49,50.84306,19.55691
10977,Golub-Dobrzyń,ul. Stefana Żeromskiego 11,53.10258,19.05461
10985,Olbrachcice,146,50.81808,19.56451
10990,Bydgoszcz,ul. Gdańska 53a,53.13021,18.00642
10991,Bydgoszcz,ul. Seweryna Goszczyńskiego 3,53.11051,17.99892
10992,Bydgoszcz,ul. Tomasza Golloba 7,53.154,18.15302
10993,Bydgoszcz,"ul. gen. Augusta Emila Fieldorfa ""Nila"" 3",53.14917,18.1252
10999,Wałbrzych,ul. Ksawerego Dunikowskiego 39,50.80994,16.28937
11003,Topola Królewska,66/67,52.07779,19.19768
11012,Kraków,ul. św. Marka 34,50.06276,19.94343
11018,Kalisz,ul. Świętego Michała 1,51.75469,18.04203
11022,Pruszcz,ul. Dworcowa 33,53.447,17.83023
11032,Kamień-Kolonia,55,51.11713,23.59357
11034,Wałbrzych,ul. Królewiecka 7,50.75401,16.26726
11065,Wałbrzych,ul. Palisadowa 48,50.82632,16.28007
11087,Kielce,ul. Krzemionkowa 1,50.86277,20.58655
11097,Bielawy,3,52.25582,16.57552
11101,Oporów,57a,52.26249,19.56539
11106,Wilczkowice Górne,35,52.04351,19.15013
11111,Kraków,ul. Konfederacka 12,50.049,19.92782
11118,Szczyt,6A,52.23755,19.49537
11124,Radostów Pierwszy,52,51.22542,18.30465
11125,Słupsk,ul. Witolda Lutosławskiego 23,54.45942,17.02898
11129,Gościnna,29B,51.21505,19.59684
11133,Tereszpol-Kukiełki,31,50.56053,22.92568
11134,Gdańsk,ul. Arkońska 17,54.40345,18.57876
11162,Słucz,114A,53.42802,22.34137
11164,Dębska Kuźnia,ul. Wiejska 53,50.66262,18.10734
11171,Radziłów,ul. Sportowa 1,53.41171,22.42235
11178,Żary,ul. gen. Pułaskiego 4a,51.60412,15.17211
11179,Gdańsk,al. Legionów 11,54.38629,18.61187
11199,Szczepidło,ul. Macierzanki 3,52.21692,18.32183
11200,Paprotnia,ul. Zielona 12,52.17247,18.41991
11216,Klimaszewnica,41,53.46796,22.49505
11219,Bytnica,85,52.14684,15.16216
11227,Nabyszyce,12,51.62786,17.6497
11232,Dębie,ul. Wiejska 18,50.6371,18.08958
11279,Dębołęka,7,52.51242,18.46309
11304,Tarchały Wielkie,ul. Szkolna 69,51.59311,17.69369
11307,Bycz,23,51.7285,15.78873
11311,Blizanów Drugi,56,51.90405,18.0139
11315,Lubiąż,ul. Adama Mickiewicza 1,51.27919,16.45742
11325,Mońki,ul. Leśna 3,53.39944,22.80373
11329,Drzycim,ul. Broniewskiego 2,53.50937,18.31153
11332,Kielce,al. Górników Staszicowskich 22a,50.85098,20.55412
11340,Kraków,ul. Doktora Judyma 10,50.00146,19.91879
11368,Gdańsk,ul. Heleny Marusarzówny 10,54.35834,18.57463
11370,Słupsk,ul. Henryka Pobożnego 2,54.46706,17.03885
11371,Słupsk,ul. Stefana Banacha 5,54.46885,17.00948
11372,Słupsk,ul. Stanisława Leszczyńskiego 17,54.47487,17.00565
11374,Sarbia,1,52.04326,15.00091
11383,Jędrzejewo,25,52.91028,16.39174
11385,Kuźnica Czarnkowska,ul. Szkolna 10,52.94795,16.51235
11386,Gębice,ul. Szkolna 2,52.90318,16.68978
11388,Porąbka Uszewska,306,49.93098,20.67823
11389,Niezdów,97,51.15112,21.92388
11391,Lipsko,126,50.6573,23.2213
11392,Pniówek,133,50.67619,23.29914
11393,Białowola,20,50.65417,23.26047
11401,Kobylin-Borzymy,ul. Lipowa 17,53.09119,22.67641
11405,Dębno,212,49.96121,20.71951
11429,Kraków,"ul. Batalionu ""Skała"" AK 12",50.08974,19.92282
11433,Czermno,ul. Kościelna 86,51.10803,20.02307
11457,Stale,ul. Tarnobrzeska 5,50.56171,21.74248
11470,Gdynia,ul. Jowisza 60,54.50159,18.45278
11471,Fałków,ul. Glinianki 47,51.13185,20.10849
11489,Charzykowy,ul. Szkolna 1,53.73544,17.51358
11496,Humin,44A,52.09882,20.2166
11497,Kęszyce-Wieś,50,52.13717,20.13244
11512,Kozubów,54a,50.43338,20.49405
11516,Gacki-Osiedle,25,50.44934,20.58691
11534,Rogów,ul. Szkolna 4,51.81681,19.88257
11570,Kraków,ul. ks. Franciszka Blachnickiego 1,50.05561,19.9514
11574,Chełm,ul. Prymasa Stefana Wyszyńskiego 15,51.12851,23.49706
11575,Chełm,ul. 1 Pułku Szwoleżerów 1,51.13472,23.48104
11580,Biała Panieńska,72,52.00344,18.14485
11581,Dąbroszyn,47,52.62117,14.70869
11587,Grochowy,2,52.03511,18.19743
11596,Jaroszewice Grodzieckie,38,52.06265,18.12154
11600,Wydrza,383,50.53808,21.86191
11606,Dopiewo,ul. Bukowska 13,52.35585,16.67235
11611,Charnowo,55,54.54099,16.92761
11613,Kuchary Kościelne,5,52.13371,18.13621
11618,Pradła,ul. Batalionów Chłopskich 14,50.57477,19.64468
11622,Czaple,23,53.45534,18.50704
11629,Dąbrówka,ul. Parkowa 1,53.57829,17.62058
11643,Bydgoszcz,ul. Staroszkolna 12,53.12894,17.97379
11645,Bydgoszcz,ul. Pijarów 4,53.13097,17.9414
11649,Bydgoszcz,ul. Mieczysława Karłowicza 2,53.12393,18.02267
11658,Kraków,ul. Ferdynanda Weigla 2,50.0144,20.0409
11662,Grębów,ul. Rynek 9,50.56575,21.87568
11688,Żelisławice,ul. Przyszłości 9,50.51247,19.26315
11690,Siewierz,ul. marsz. Józefa Piłsudskiego 31,50.47119,19.23279
11697,Kielce,ul. Leszczyńska 8,50.87388,20.64291
11698,Dziwnów,ul. Adama Mickiewicza 27,54.02277,14.74568
11708,Masłowo,8,52.01805,17.08632
11724,Rychwał,ul. Konińska 46A,52.0738,18.16472
11731,Bydgoszcz,ul. Kcyńska 49,53.11598,17.9724
11753,Prawiedniki,165,51.13896,22.51281
11757,Świecie,Aleja Jana Pawła II 8,53.40872,18.42984
11758,Ligota Prószkowska,ul. Szkolna 25,50.55342,17.83152
11779,Gliwice,ul. Płocka 16,50.32108,18.58735
11786,Bucze,ul. Okulicka 6,50.03527,20.61173
11813,Katowice,ul. Karliczka 15,50.22614,19.06429
11814,Katowice,ul. Deszczowa 14,50.27428,19.07532
11816,Mosty,ul. Szkolna 16,54.61016,18.5025
11845,Gorzków-Osada,ul. Główna 7,50.94696,23.01321
11846,Rzeszów,ul. Budziwojska 154,49.96922,21.98772
11858,Kamienna,ul. Szkolna 4,51.07868,17.76963
11861,Kraków,ul. Władysława Spasowskiego 8,50.06953,19.93444
11868,Terespol Pomorski,ul. Szkolna 10,53.41472,18.35498
11874,Siedlec,ul. Wrocławska 22,51.22927,17.11436
11878,Podczerwone,246,49.40266,19.82458
11880,Biała,63,51.18279,19.02044
11890,Rzeszów,al. prof. Adama Krzyżanowskiego 24,50.02579,22.02161
11894,Odrowąż,ul. Szkolna 25,51.13496,20.64429
11897,Bydgoszcz,ul. Koronowska 74,53.14717,17.96053
11900,Bydgoszcz,ul. Kapliczna 7,53.12765,18.10227
11910,Gliwice,ul. Jana Kilińskiego 1,50.27679,18.66916
11912,Bączal Dolny,101,49.76925,21.36844
11913,Świecie,ul. Wojska Polskiego 3,53.40217,18.40469
11918,Trzebinia,ul. Beskidzka 158,49.6506,19.22239
11926,Buczek,ul. Szkolna 3,51.49892,19.1631
11928,Dobkowice,182,49.9236,22.70596
11930,Kraków,ul. Jaskrowa 5,50.09988,20.12358
11935,Pewel Ślemieńska,ul. Krakowska 169,49.68821,19.33033
11940,Jankowice,37,49.9609,22.64777
11960,Łuków,ul. Siedlecka 56,51.93996,22.37684
11962,Sorbin,89,51.1041,20.68794
11963,Grupa,ul. Szkolna 2,53.5061,18.6431
11969,Dobra,ul. Mieszczańska 2,53.58283,15.30951
11978,Święcany,529,49.77755,21.27582
12007,Kraków,Aleja Modrzewiowa 23,50.06431,19.86504
12016,Mirocin Dolny,28,51.77776,15.54434
12033,Bratkówka,19,49.75631,21.71417
12048,Poniatowa,ul. Szkolna 9,51.18874,22.0624
12052,Bydgoszcz,ul. Bałtycka 59,53.12973,18.04848
12054,Bydgoszcz,ul. Nakielska 273,53.13295,17.92158
12057,Bydgoszcz,ul. Puszczykowa 11,53.14213,17.91801
12060,Bydgoszcz,ul. Adama Czartoryskiego 18,53.12429,17.9937
12062,Kraków,ul. Zdrowa 6,50.08931,19.94116
12064,Kielce,ul. Majora Jurija Gagarina 3,50.86205,20.62094
12071,Słupsk,ul. Artura Grottgera 10A,54.45789,17.00644
12085,Kożuchów,ul. 22 Lipca 1807 12,51.74471,15.60719
12095,Chlebówko,9,53.4613,15.18287
12104,Kraków,ul. Na Błonie 15d,50.07741,19.88398
12110,Smogóry,10,52.43818,14.99534
12114,Wiąg,50,53.43227,18.51957
12116,Kraków,Osiedle Albertyńskie 36,50.08094,20.01962
12119,Chmielnik,ul. Szkolna 7,50.61722,20.74512
12128,Bydgoszcz,ul. Glinki 117,53.10077,18.03595
12132,Niezabitów,46,51.24853,22.11318
12137,Kraków,ul. Bolesława Prusa 18,50.05577,19.91738
12139,Kraków,Osiedle Tysiąclecia 57,50.09208,19.99926
12141,Zielęcin,28,51.21753,19.09213
12149,Kraków,Osiedle 2 Pułku Lotniczego 21,50.07887,20.00857
12165,Bydgoszcz,ul. Sardynkowa 7,53.16147,17.91661
12169,Starcza,ul. Szkolna 44,50.66447,19.06346
12172,Karnkowo,os. Nowe 42,52.86107,19.24959
12184,Kraków,Osiedle Piastów 34a,50.09987,20.01798
12187,Gniezno,ul. Artyleryjska 1,52.51434,17.59663
12188,Gniezno,ul. Leopolda Okulickiego 3A,52.52057,17.59441
12206,Strzelce,ul. Szkolna 3,52.31942,19.41039
12211,Trzeszczany Pierwsze,199,50.81926,23.73102
12212,Nieledew,32,50.83264,23.78882
12213,Szerszenie,38,52.39545,22.957
12241,Blinów Drugi,10,50.8749,22.38642
12247,Wólka Domaszewska,17,51.84102,22.34574
12248,Kraków,ul. Bolesława Czerwieńskiego 1,50.08464,19.90272
12251,Chełmiec,ul. Marcinkowicka 9,49.63202,20.66654
12264,Dragacz,60A,53.50173,18.73448
12265,Świecie,ul. Sienkiewicza 3,53.41174,18.44387
12267,Wrocław,ul. Komuny Paryskiej 36-38,51.10249,17.0454
12271,Kraków,Osiedle Józefa Strusia 19,50.09019,20.00919
12336,Objazda,95,54.60069,17.04094
12349,Krzówka,37,51.66495,22.24341
12351,Czernichów,ul. Turystyczna 8,49.75167,19.2059
12352,Międzybrodzie Żywieckie,ul. Beskidzka 27,49.76688,19.2131
12353,Szymonków,ul. Wołczyńska 3,51.0932,17.97952
12356,Sopot,ul. Aleja Niepodległości 739a,54.43758,18.56191
12357,Rozkopaczew,34,51.41397,22.85431
12359,Kaznów-Kolonia,26,51.42355,22.84731
12360,Przechlewo,ul. Szkolna 4E,53.79848,17.26342
12363,Skałągi,ul. Wołczyńska 23,51.05117,18.11809
12369,Posadowo,30,52.45369,16.21734
12378,Bydgoszcz,ul. Słoneczna 26,53.12543,17.96054
12384,Wielgus,59,50.2285,20.46926
12386,Podszkle,47,49.51196,19.80189
12391,Kolechowice,125,51.46523,22.84819
12395,Wawelno,ul. Nowowiejska 14,50.6554,17.76181
12397,Domecko,ul. Opolska 52,50.61981,17.86057
12398,Ochodze,ul. Opolska 34,50.60997,17.81133
12404,Grudna Górna,85,49.93226,21.48075
12405,Wrocław,ul. Przystankowa 32,51.06878,17.03899
12412,Polska Nowa Wieś,ul. Lipowa 56,50.63795,17.80292
12413,Opole,ul. Nyska 1A,50.64864,17.86752
12426,Komprachcice,ul. Szkolna 18,50.63712,17.82364
12430,Odrowąż,41,49.49713,19.85871
12432,Bydgoszcz,ul. Krucza 5a,53.11361,17.97993
12434,Bydgoszcz,ul. Zacisze 16,53.1134,18.04977
12435,Bydgoszcz,ul. Bohaterów Westerplatte 2,53.10978,18.05156
12437,Bydgoszcz,ul. Stawowa 53,53.11824,17.96102
12446,Ostrów Lubelski,ul. Partyzantów 26,51.49686,22.85511
12447,Strzelce Opolskie,ul. Kozielska 34,50.50321,18.29284
12450,Kraków,ul. Adama Chmielowskiego 1,50.04611,19.94189
12452,Bydgoszcz,ul. Romualda Traugutta 5,53.11753,18.00428
12461,Wągrodno,35,51.1982,16.38454
12469,Kamienica Górna,172,49.90701,21.48333
12470,Smarżowa,49,49.91791,21.44512
12471,Kamienica Dolna,118,49.91133,21.3539
12472,Gorzejowa,174A,49.92329,21.38796
12473,Kraków,ul. Topolowa 22,50.06693,19.95305
12490,Brzostek,ul. Szkolna 13,49.87907,21.41415
12495,Kraków,ul. Komandosów 29,50.04261,19.93215
12499,Sopot,ul. Jana Jerzego Haffnera 55,54.44914,18.56262
12514,Przeczyca,84,49.88612,21.3642
12523,Wałcz,Osiedle Dolne Miasto 14A,53.26377,16.46626
12531,Wrocław,ul. Kleczkowska 2,51.1266,17.03435
12532,Kraków,ul. Branicka 26,50.05981,20.14236
12534,Zagrodno,181a,51.1861,15.87207
12544,Jabłonna,ul. Nowotomyska 9,52.20831,16.2044
12555,Dębogórze,ul. Pomorska 30,54.5912,18.4547
12591,Łysa Góra,275,49.93274,20.73585
12608,Nowe Czaple,ul. Wolności 6A,51.5529,14.77941
12612,Stare Kurowo,ul. Kościuszki 95,52.8556,15.66451
12625,Gostycyn,ul. Sępoleńska 12-12a,53.48952,17.80506
12633,Rostarzewo,ul. Rakoniewicka 23,52.13432,16.2029
12636,Kożuchów,ul. Chopina 11,51.74437,15.5924
12637,Wrocław,ul. Czeska 38,51.13687,17.02773
12640,Skołyszyn,222,49.75036,21.33347
12645,Jedlina-Zdrój,ul. Jana Pawła II 5,50.72453,16.34482
12647,Niwica,17,51.58147,14.84002
12648,Słupsk,ul. Stefana Starzyńskiego 6,54.46584,17.02397
12654,Garki,ul. Szkolna 2,52.17661,21.41547
12678,Wrzosowo,37,54.01677,14.81217
12679,Jarszewo,32,53.92658,14.78996
12681,Kamień Pomorski,pl. Katedralny 5,53.97253,14.77282
12682,Kamień Pomorski,ul. Wolińska 9,53.96124,14.77608
12700,Zajączkowo,21A,53.4424,19.7147
12706,Huta,63a,51.56101,17.72928
12712,Zwiniarz,4A,53.43778,19.84448
12715,Maszkienice,51,49.9871,20.69106
12743,Będargowo,1,53.38774,14.44448
12744,Czartajew,ul. Szkolna 4,52.46127,22.83844
12749,Chrząstów,156,50.35711,21.40118
12757,Kielce,ul. Zimna 16,50.86861,20.60725
12777,Nowe Kurowo,35,52.85496,15.71885
12780,Krzczonów,ul. Leśna 1,51.00733,22.71126
12794,Koszuty,17,52.28868,17.91761
12795,Cienin Zaborny,44,52.26897,17.97375
12796,Cienin Kościelny,82,52.26728,18.0091
12797,Młodojewo,92,52.31765,17.93583
12807,Kielce,ul. Wróbla 5,50.88952,20.61439
12836,Dobrzeszów,70,50.9806,20.32964
12837,Słone,ul. Szkolna 1,51.92415,15.39908
12849,Wielki Bukowiec,38A,53.82252,18.46573
12864,Stanisławów,64A,50.50959,23.13674
12866,Bogoria,ul. Południowa 2,50.64879,21.25784
12870,Sucha,ul. Kościelna 40,50.55724,18.22366
12876,Niedźwiedź,24,50.67939,21.15817
12898,Janowice,128,49.89202,20.85624
12899,Lichwin,182B,49.88665,20.95478
12901,Pleśna,228,49.92175,20.94496
12904,Szczepanowice,107,49.93946,20.90349
12906,Świebodzin,129,49.95511,20.96296
12934,Dorohusk-Osada,ul. Niepodległości 49,51.16797,23.79618
12940,Bydgoszcz,ul. Adama Grzymały Siedleckiego 11,53.11084,18.03394
12943,Bydgoszcz,ul. Toruńska 44,53.11885,18.01407
12944,Bydgoszcz,ul. Sielska 34,53.15074,18.15997
12945,Kożuchy,35,53.58818,22.12045
12947,Skarżyn,19,53.61188,22.22675
12948,Bemowo Piskie,ul. Generała Bema 1A,53.73282,22.05852
12960,Drygały,ul. Szkolna 2,53.68286,22.10226
12963,Cichawka,8,49.87638,20.34728
12967,Busko-Zdrój,ul. Janusza Korczaka 13,50.47055,20.71041
12986,Mąkolno,ul. Szkolna 31,52.35094,18.57336
12989,Rakoniewice,ul. Nowotomyska 1,52.14155,16.27374
12992,Łąkie,81,54.01825,17.29943
12994,Ruchocice,ul. Poznańska 23,52.18419,16.33765
12999,Kowala Druga,29,51.21703,22.06403
13010,Tołwin,1,52.48658,22.93572
13034,Zambrów,ul. Marii Konopnickiej 13,52.98948,22.24168
13036,Kalinowice,ul. Szkolna 1,50.50658,18.18017
13048,Kraków,ul. Łąkowa 31,50.07384,19.98426
13049,Kraków,ul. Drożyska 13,50.0556,20.19478
13054,Brzeg,ul. Bolesława Chrobrego 13,50.85885,17.47103
13055,Brzeg,ul. Kamienna 2,50.85904,17.47635
13056,Brzeg,ul. Robotnicza 22,50.86214,17.46118
13079,Kraków,ul. Wacława Popławskiego 17,50.02456,19.99023
13095,Pawłosiów,87,49.99558,22.64681
13109,Kadłub,ul. Powstańców Śląskich 26,50.61261,18.2632
13136,Izbica,ul. Szkolna 13,50.89295,23.16208
13153,Brzeg Głogowski,27,51.69423,15.91807
13174,Kraczewice Prywatne,78,51.20127,22.10161
13175,Poniatowa-Kolonia,13,51.18076,22.14371
13178,Dąbrowa Wronowska,41,51.16236,22.09036
13182,Lubsko,ul. Strzelecka 1,51.78502,14.95832
13183,Lubsko,ul. Bohaterów 6,51.78643,14.97544
13184,Lubsko,ul. Moniuszki 36,51.79445,14.96794
13185,Górzyn,1,51.82944,14.97764
13187,Lubsko,ul. Kolejowa 9,51.78061,14.96381
13188,Mierków,13,51.8012,14.91606
13210,Chocianowice,78,50.93642,18.2768
13212,Gronowice,58,50.9105,18.30259
13214,Orłów Drewniany,60A,50.90519,23.2087
13226,Szczecin,ul. Karpacka 29,53.51857,14.60796
13237,Lędziny,ul. Paderewskiego 5,50.12867,19.11145
13238,Lędziny,ul. Hołdunowska 13,50.14326,19.13128
13244,Połaniec,ul. Żapniowska 1,50.42617,21.28263
13245,Zakrzew,226,50.89437,22.58218
13246,Dębina,20,50.92865,22.47785
13249,Elbląg,ul. Janusza Korczaka 34,54.18855,19.41482
13251,Dziewkowice,ul. Strzelecka 3,50.51532,18.33536
13273,Szczecin,ul. Małopolska 22,53.42785,14.56298
13295,Świecie,ul. Mickiewicza 6,53.40612,18.45104
13296,Suwałki,ul. Sejneńska 12,54.10046,22.94264
13304,Grybów,Osiedle Biała Wyżna 48,49.6123,20.94905
13314,Wrocław,ul. Wojszycka 1,51.06996,17.01124
13350,Trzetrzewina,193,49.64096,20.61531
13367,Krempachy,ul. Kamieniec 46,49.43793,20.16845
13388,Dąbrowa Wielka,19,51.52806,18.71744
13402,Mokre,136,50.13172,21.36315
13405,Wola Wielka,31a,50.08123,21.34289
13410,Szczecin,ul. Małopolska 22,53.42785,14.56298
13421,Legnica,ul. Chojnowska 2,51.20797,16.15886
13422,Legnica,ul. Chojnowska 2,51.20797,16.15886
13428,Wrocław,ul. Żelazna 57,51.09966,17.00666
13449,Łomża,ul. Piękna 2,53.18163,22.07659
13450,Łomża,ul. Kierzkowa 7,53.17414,22.08106
13451,Kraków,ul. Kłuszyńska 46,49.99104,19.91317
13452,Łomża,ul. Księżnej Anny 18,53.16551,22.0832
13453,Łomża,ul. Juliana Ursyna Niemcewicza 17,53.1587,22.07228
13496,Łęgowo,ul. Szkolna 9,54.22326,18.64918
13497,Dębowiec,34,50.79981,23.32573
13498,Sulmice,12,,
13499,Tarnów,ul. Szewska 7,50.00949,20.9905
13500,Tarnów,ul. Marii Dąbrowskiej 6,50.01652,21.01474
13501,Tarnów,ul. 3 Maja 10,50.01583,20.9797
13502,Tarnów,ul. Mikołaja Kopernika 10,50.01313,20.9835
13503,Tarnów,ul. Skowronków 8,50.01651,21.00642
13504,Tarnów,ul. Bitwy pod Studziankami 5,50.01963,21.00395
13505,Tarnów,ul. Niedomicka 20,50.0393,20.95538
13506,Tarnów,ul. Ignacego Mościckiego 177a,50.01734,20.9511
13507,Tarnów,ul. Krzyska 118,50.04501,20.99238
13508,Tarnów,ul. Krupnicza 8,50.01585,20.99796
13549,Zrębin,38,50.44078,21.23754
13556,Nowy Dwór Gdański,ul. Szkolna 2,54.21786,19.11528
13565,Wrocław,ul. Podwale 57,51.10375,17.03624
13578,Michałów,125,50.74359,17.51055
13582,Klikuszowa,240,49.52123,19.99083
13583,Rozmierka,ul. Szkolna 3,50.56055,18.26908
13587,Nowy Dwór Gdański,ul. Adama Mickiewicza 10,54.2141,19.12242
13593,Cieszacin Wielki,201,49.99062,22.59234
13601,Morzeszczyn,ul. Kociewska 3,53.84093,18.6968
13608,Wierzchlas,ul. Szkolna 48,51.20744,18.66927
13615,Kraków,ul. Feliksa Szlachtowskiego 31,50.0733,19.90032
13631,Brzezna,447,49.6006,20.6183
13632,Brzezna,255,49.62089,20.57982
13633,Długołęka-Świerkla,64,49.62278,20.54882
13634,Gostwica,27,49.59564,20.58965
13636,Olszana,127,49.57132,20.51918
13637,Olszanka,24,49.55572,20.54207
13638,Rogi,53,49.58119,20.54377
13639,Stadła,30,49.58572,20.61204
13648,Janikowo,ul. Biskupa Michała Kozala 3,52.75014,18.10387
13673,Szczecin,ul. Mazurska 40,53.43346,14.55105
13685,Jaworzno,ul. Aleksandra Puszkina 5,50.22445,19.23875
13687,Nowe Piekuty,ul. Główna 3,52.85559,22.70561
13689,Jabłoń Kościelna,ul. Mazowiecka 1,52.91981,22.64879
13692,Września,ul. Szkolna 1,52.32909,17.5648
13720,Majdan Królewski,ul. Jagiellońska 1,50.37878,21.74748
13737,Miłoszewo,24,54.43783,18.01721
13738,Niepoczołowice,ul. Szkolna 1,54.4368,17.88513
13739,Pobłocie,ul. Szkolna 8,54.46796,18.07587
13740,Kętrzyno,9,54.49044,17.94118
13751,Szczecin,ul. Piaseczna 40,53.35006,14.74372
13755,Kraszkowice,ul. Szkolna 5,51.19362,18.71226
13767,Mierzyce,149,51.15211,18.69657
13777,Nielubia,80,51.63998,15.99729
13783,Wroniawy,ul. Dworcowa 33,52.05901,16.15573
13793,Katowice,ul. Gliwicka 276,50.27262,18.96386
13800,Stary Widzim,ul. Szkolna 2,52.05911,16.15728
13815,Stara Słupia,78,50.87081,21.12059
13835,Siedliska,165,51.81026,22.30199
13836,Oszczepalin Drugi,63,51.74987,22.41077
13838,Gwoździec,71,50.37166,22.00061
13843,Dąbrowa Górnicza,ul. Wirgiliusza Grynia 19,50.31606,19.16634
13851,Szczecin,ul. Bałtycka 1a,53.38552,14.76433
13869,Wrocław,pl. Muzealny 20,51.10406,17.02547
13880,Jeziorko,123A,50.89385,21.02687
13892,Strzepcz,ul. Głodnica 24,54.44079,17.98929
13894,Wrocław,ul. Trwała 17-19,51.09338,17.02317
13909,Czemierniki,ul. Kocka 45,51.6726,22.62761
13915,Toporów,ul. Szkolna 6,51.15482,18.73459
13917,Jajczaki,10,51.16277,18.6577
13934,Budy Łańcuckie,68,50.10071,22.40101
13976,Września,ul. Kościuszki 24,52.32131,17.57362
13983,Wola Bystrzycka,84,51.77503,22.35218
13984,Łomża,ul. Adama Mickiewicza 6,53.17078,22.06803
13985,Łomża,ul. Polna 40A,53.17904,22.0486
13991,Wrocław,ul. Nowowiejska 78,51.12062,17.05565
14008,Katowice,ul. Mikołowska 26,50.25489,19.01122
14014,Sitnik,47,52.07097,23.0188
14015,Sławacinek Stary,72,52.03141,23.0735
14016,Styrzyniec,ul. Dworska 29A,52.02338,23.00629
14017,Woskrzenice Duże,91,52.04298,23.26192
14018,Swory,ul. Szkolna 34,52.07373,22.93735
14019,Cicibór Duży,1A,52.0756,23.11946
14020,Grabanów,ul. Główna 47,52.05962,23.16143
14021,Hrud,33,52.09819,23.13178
14024,Dokudów Pierwszy,37A,51.95958,23.21437
14026,Ortel Książęcy Drugi,14A,51.98238,23.26694
14031,Wrocław,ul. Kowalska 105,51.13224,17.10723
14042,Tarnów,ul. Władysława Reymonta 30,50.0092,20.96919
14043,Tarnów,ul. Cypriana Kamila Norwida 22,49.99939,20.92789
14044,Tarnów,ul. Osiedle Legionów Henryka Dąbrowskiego 16,50.02708,21.00251
14047,Knurów,ul. Długa 6,49.48075,20.18622
14057,Wrocław,ul. Bobrza 27,51.12833,16.98767
14058,Kraków,ul. płk. Francesco Nullo 23,50.06321,19.96545
14060,Zielona Góra,ul. Stefana Wyszyńskiego 17,51.9315,15.49087
14063,Zielona Góra,ul. św. Kingi 1,51.93802,15.52069
14070,Zielona Góra,ul. Jaskółcza 66,51.92591,15.50218
14071,Zielona Góra,ul. Lisia 37,51.94413,15.49717
14072,Zielona Góra,ul. Francuska 10,51.93492,15.47385
14076,Wrocław,ul. Nyska 66,51.086,17.05361
14095,Grabowiec,ul. Wojsławska 1,50.81963,23.55044
14096,Wrocław,ul. Zygmunta Janiszewskiego 14,51.10964,17.06044
14098,Wrocław,ul. Henryka Michała Kamieńskiego 24,51.14172,17.03482
14132,Nowakowo,47,54.22494,19.34855
14134,Gronowo Górne,ul. Szmaragdowa 5,54.14063,19.46179
14163,Łapsze Wyżne,ul. Świętego Floriana 51,49.39475,20.19113
14175,Chełm,ul. Obłońska 51,51.13789,23.47561
14191,Stara Dąbia,4,51.66064,21.89407
14201,Słupsk,ul. Stanisława Małachowskiego 9,54.47372,17.02405
14230,Września,ul. Słowackiego 41,52.32471,17.58784
14231,Bilcza,75,50.6802,21.5801
14234,Bożepole Wielkie,ul. Szkolna 1,54.57613,17.97075
14235,Przyborów,ul. Szkolna 16,51.79866,15.7696
14243,Gniezno,ul. Gębarzewska 12,52.5019,17.58717
14265,Kleczanów,145,50.7173,21.57061
14271,Wrocław,Akacjowa 10-12,51.08337,17.01575
14289,Pleszew,ul. Szkolna 5,51.89638,17.79016
14322,Stargard,ul. Wielkopolska 30,53.34224,15.0099
14331,Chwalibogowo,38,52.28394,17.52286
14332,Nowiny,ul. Białe Zagłębie 21,50.82465,20.5333
14333,Kowala,51B,50.79803,20.57296
14334,Bolechowice,10,50.80157,20.52015
14340,Wietrzychowice,64,50.19046,20.76598
14353,Świedziebnia,51,53.15372,19.54895
14356,Janowo,145A,53.13872,19.59026
14360,Krauszów,55,49.47615,19.95894
14366,Kaczanowo,ul. Kaliska 1a,52.29676,17.57953
14368,Konary,88,50.68238,21.37217
14371,Brańsk,ul. Armii Krajowej 7,52.7483,22.83852
14377,Nawodzice,80,50.61825,21.43195
14386,Goźlice,28,50.69659,21.47435
14391,Pawłowo,ul. Tucholska 16,53.68149,17.63981
14396,Ossolin,21,52.30795,22.01652
14399,Zgierz,ul. Józefa Piłsudskiego 1,51.8614,19.40928
14400,Zgierz,ul. Szczawińska 2,51.86459,19.42527
14402,Zgierz,ul. Tadeusza Boya-Żeleńskiego 4,51.86007,19.38247
14403,Zgierz,ul. 1 Maja 63,51.84873,19.41482
14404,Zgierz,ul. Ozorkowska 68/70,51.87666,19.39252
14405,Zgierz,ul. Stanisława Dubois 26,51.85695,19.4252
14406,Zgierz,ul. Leopolda Staffa 26,51.86409,19.37969
14421,Kraków,ul. Pszczelna 13,50.02596,19.91598
14426,Klimontów,ul. Szkolna 1,50.65553,21.45248
14442,Kuźnica Czeszycka,1,51.48529,17.49117
14463,Silno,ul. Główna 39,53.65125,17.69912
14471,Chełmce,ul. Kościelna 51,50.93092,20.49358
14479,Włodawa,ul. Kopernika 3,51.54204,23.55026
14489,Czechowice-Dziedzice,ul. Lipowska 26,49.88071,19.01858
14490,Czechowice-Dziedzice,ul. Szkolna 6,49.9189,18.99517
14499,Zgierz,ul. Łódzka 2,51.85474,19.40515
14509,Włodawa,ul. Prof. Zbigniewa Sierpińskiego 4,51.5491,23.54299
14513,Rzeszów,ul. Rubinowa 4,50.06089,22.04681
14514,Rzeszów,ul. Lwowska 17,50.03823,22.02697
14515,Rzeszów,ul. bp. Józefa Sebastiana Pelczara 3,50.02006,22.00866
14517,Rzeszów,ul. Dominikańska 4,50.02141,21.98873
14518,Rzeszów,ul. Piotra Skargi 3,50.04537,22.01071
14557,Wrocław,ul. Ścinawska 21,51.11874,17.00928
14568,Wrocław,ul. Mennicza 21-23,51.1061,17.03577
14574,Krempachy,ul. Kamieniec 46,49.43793,20.16845
14596,Siedlisko,160,52.98549,16.39619
14606,Wrocław,bulw. Ikara 19,51.12677,16.97168
14629,Łomnica,7,53.09933,16.53537
14639,Pleszew,ul. Ogrodowa 2,51.89507,17.78409
14642,Wolsztyn,ul. Poniatowskiego 1,52.11218,16.10586
14654,Biała,ul. Radolińska 9,53.03859,16.53919
14656,Busko-Zdrój,ul. Grotta 3,50.4654,20.72618
14681,Wojkowice,ul. Jana III Sobieskiego 211b,50.36282,19.04155
14682,Wojkowice,ul. Jana III Sobieskiego 29,50.35872,19.05761
14685,Chojnice,ul. Tuwima 2,53.69964,17.54645
14699,Gdańsk,ul. Grobla IV 8,54.35278,18.65488
14704,Glinik Zaborowski,92,49.89558,21.82513
14716,Ostrowiec Świętokrzyski,ul. Grabowiecka 15,50.9564,21.36771
14744,Żarnów,ul. Przedborska 10,51.24642,20.16969
14767,Mońki,ul. Planetarna 13,53.40905,22.79815
14794,Wrocław,ul. Inżynierska 54,51.09417,16.98596
14795,Wrocław,ul. Bolesława Chrobrego 3,51.121,17.03538
14801,Wrocław,ul. Bolesława Prusa 64,51.12004,17.04968
14802,Wrocław,ul. Gliniana 30,51.09332,17.0375
14805,Wrocław,ul. Sycowska 22a,51.14687,17.10973
14806,Dziadowice,22,51.99093,18.35123
14807,Wrocław,ul. Wandy 13,51.08829,17.01111
14810,Wrocław,ul. Krakowska 2,51.09604,17.05743
14838,Wrocław,ul. Stefanii Sempołowskiej 54,51.10303,17.11038
14844,Wrocław,ul. Karpnicka 2,51.16241,16.90623
14845,Wrocław,ul. Fryderyka Pautscha 9,51.10039,17.09949
14846,Wrocław,ul. Łukasza Górnickiego 20,51.11763,17.05566
14849,Wrocław,ul. Fryderyka Pautscha 9,51.10039,17.09949
14858,Wrocław,ul. Szczęśliwa 28,51.0985,17.01157
14860,Korczyn,101,50.92787,20.34155
14866,Głębokie,68,49.54758,21.91272
14873,Wrocław,ul. Blacharska 13,51.0823,16.98961
14874,Wrocław,ul. Krępicka 50,51.15073,16.85981
14876,Wrocław,ul. Januszowicka 35-37,51.07977,17.01109
14878,Wrocław,ul. Jedności Narodowej 195,51.12766,17.05292
14887,Bzianka,191,49.63159,21.91787
14888,Wrocław,ul. Przedwiośnie 47,51.166,17.10537
14912,Katowice,ul. Kazimiery Iłłakowiczówny 13,50.2728,19.01962
14920,Gotelp,12,53.85179,18.01997
14921,Czersk,ul. Dworcowa 8,53.79702,17.97273
14929,Wrocław,ul. Polna 4,51.05961,17.08154
14934,Szewce Nadolne,14,52.17788,19.52715
14938,Trzcianka,ul. Fryderyka Chopina 36,53.04507,16.46273
14939,Niedźwiedź,56,50.95939,20.41632
14954,Żeronice,37A,52.14405,19.59931
14960,Zadzim,ul. Szkolna 20,51.77963,18.84245
14962,Białystok,ul. Józefa Ignacego Kraszewskiego 33,53.13863,23.17855
14963,Wrocław,ul. Sarbinowska 10,51.1273,16.94532
14965,Drzewiany,76,53.99591,16.68415
14970,Wrocław,ul. Zaporoska 28,51.0975,17.01624
14973,Plecka Dąbrowa,6,52.18586,19.64751
14978,Wrocław,al. Tadeusza Boya-Żeleńskiego 32,51.13517,17.05784
14988,Wrocław,ul. Grecka 59,51.10615,16.9622
14997,Pniewo Małe,21A,52.212,19.61876
15018,Zygry,71,51.76834,18.94018
15022,Gdańsk,ul. Tadeusza Kościuszki 111,54.38755,18.62517
15028,Wrocław,ul. Poznańska 26,51.11706,17.00674
15045,Katowice,ul. Józefa Lompy 17,50.25029,19.02349
15061,Wijewo,ul. Powstańców Wielkopolskich 12,51.91853,16.19061
15062,Gaszowice,ul. Rydułtowska 8,50.10722,18.42992
15066,Chełm,ul. Powstańców Warszawy 10,51.12614,23.47923
15068,Błażkowa,125,49.8506,21.37204
15081,Rudołtowice,ul. Anieli Krzywoń 5,49.95722,19.00179
15097,Brzyska,348,49.81946,21.38931
15098,Wrocław,ul. gen. Romualda Traugutta 37,51.10563,17.04657
15109,Zabrze,ul. Sportowa 5,50.28586,18.78925
15116,Pinczyn,ul. Sportowa 8,53.96473,18.34875
15120,Szczecin,ul. Orawska 1,53.40725,14.52423
15121,Legnica,ul. Tarasa Szewczenki 1,51.20575,16.14483
15122,Gdańsk,ul. Wolności 6A,54.39902,18.67118
15124,Gdańsk,ul. Poli Gojawiczyńskiej 10,54.35867,18.59236
15126,Gdańsk,ul. Janusza Meissnera 9,54.40129,18.60457
15130,Elbląg,ul. Adama Mickiewicza 41,54.15801,19.41723
15133,Straszewo,55,53.8193,19.03951
15134,Kraków,ul. Ćwikłowa 1,50.03584,19.88908
15135,Gdańsk,ul. Radarowa 26,54.38821,18.48324
15147,Janowszczyzna,42,53.35168,23.4318
15159,Katowice,ul. Wiosny Ludów 22,50.26222,19.09868
15173,Jarocin,ul. Aleja Niepodległości 8,51.97282,17.4986
15175,Bobolice,ul. Głowackiego 7d,53.95858,16.59371
15176,Ostrowiec Świętokrzyski,os. Stawki 35,50.94934,21.40662
15178,Ostrowiec Świętokrzyski,os. Ogrody 20,50.94456,21.40009
15185,Ostrowiec Świętokrzyski,ul. Henryka Sienkiewicza 65,50.94487,21.37224
15186,Pogorzela,ul. Parkowa 7,51.82438,17.23051
15191,Krynica-Zdrój,ul. Józefa Ignacego Kraszewskiego 158,49.39759,20.95606
15193,Łęczyca,ul. Ozorkowskie Przedmieście 6c,52.05217,19.20478
15198,Elbląg,ul. Romualda Mielczarskiego 45,54.14799,19.40685
15201,Miszewo,ul. Strażacka 9,54.38739,18.35892
15203,Niestępowo,ul. Raduńska 62,54.31519,18.43435
15204,Pępowo,ul. Gdańska 117,54.36864,18.39582
15205,Skrzeszewo,ul. Dworska 3,54.28487,18.35051
15207,Żukowo,ul. Gdyńska 7,54.34308,18.36388
15221,Piecki,ul. Zwycięstwa 23,53.75261,21.34062
15231,Łętkowice,113,50.25453,20.1652
15250,Przyborowo,ul. Bajkowa 2,52.55646,16.57554
15251,Frydman,ul. Szkolna 4,49.44805,20.22596
15252,Czernica,ul. Wolności 41,50.08239,18.39908
15253,Gdańsk,ul. Chłopska 64,54.41796,18.58664
15271,Raszczyce,ul. Szkolna 3,50.12389,18.2956
15280,Łapsze Niżne,ul. Długa 12,49.40268,20.22494
15283,Chrapowo,25,53.04594,15.24101
15292,Kacwin,ul. Jana Pawła II 41,49.37539,20.29492
15299,Będargowo,14,53.02417,15.36515
15304,Górne Grądy,2,52.11447,17.7401
15308,Zblewo,ul. Kościerska 39,53.93579,18.32793
15328,Wojkowice,ul. Jana III Sobieskiego 298,50.36868,19.03015
15344,Orły,ul. Szkolna 1,49.86916,22.8089
15347,Drohojów,151A,49.88452,22.78287
15349,Kaszyce,213,49.90628,22.73819
15350,Trójczyce,110,49.88446,22.75991
15351,Zadąbrowie,81,49.89373,22.82301
15352,Małkowice,102A,49.85706,22.82262
15354,Walawa,60,49.86401,22.88905
15355,Niziny,291,49.87976,22.88156
15361,Łężany,ul. Tadeusza Kościuszki 2,49.64571,21.8106
15365,Katowice,ul. Janusza Korczaka 11,50.26915,19.0841
15377,Szczerbice,ul. Szkolna 6,50.10047,18.44742
15385,Elbląg,ul. Modlińska 39,54.1795,19.41603
15402,Nowa Cerkiew,ul. Szkolna 11,53.70356,17.68431
15404,Swornegacie,ul. Szkolna 11,53.86219,17.50313
15421,Andryjanki,1,52.60634,23.00576
15423,Burzec,30,51.79546,22.26888
15431,Gdańsk,ul. Aksamitna 8,54.358,18.65267
15434,Elbląg,ul. Zbyszka Godlewskiego 1,54.15878,19.40161
15456,Zabrze,ul. Jurija Gagarina 2,50.326,18.77509
15480,Zabrze,ul. Buchenwaldczyków 25,50.2997,18.78347
15497,Zabrze,ul. Królewska 4,50.30074,18.77671
15498,Zabrze,ul. Klonowa 23,50.29364,18.78517
15518,Gręboszów,136,50.24443,20.78175
15521,Stargard,ul. Henryka Sienkiewicza 8,53.34648,15.0321
15531,Katowice,ul. Bielska 14,50.19908,19.04532
15537,Wrocław,ul. Orzechowa 62,51.07888,17.04243
15545,Trzcianka,ul. Władysława Broniewskiego 2,53.03793,16.46108
15548,Turów,76,51.84413,22.69449
15549,Żakowola Poprzeczna,43,51.88043,22.71818
15556,Książnice,91,50.25492,21.44277
15562,Podleszany,127,50.27327,21.41104
15574,Rydzów,33,50.24232,21.36699
15581,Knyszyn,ul. Białostocka 36,53.30983,22.92547
15585,Katowice,ul. Przyjazna 7a,50.22296,19.07038
15586,Lisewo,108,52.08575,17.68986
15587,Chochołów,184b,49.3699,19.81781
15588,Pieniążkowice,142,49.49409,19.87848
15596,Wrocław,ul. Juliana Ursyna Niemcewicza 29-31,51.12169,17.03942
15597,Wrocław,ul. Starogajowa 66-68,51.15112,16.8932
15598,Wrocław,ul. Głubczycka 3,51.07793,17.08084
15608,Kozodrza,175,50.09816,21.61791
15609,Wola Ociecka,114,50.1601,21.54091
15611,Ostrów,215,50.09967,21.58944
15612,Kamionka,206,50.15525,21.67062
15613,Skrzyszów,98,50.09379,21.55855
15614,Ocieka,352,50.14072,21.59045
15625,Stany,ul. Szkolna 8,50.436,21.97989
15627,Bojanów,ul. Parkowa 11,50.4224,21.94514
15632,Zabrze,ul. Pokoju 41,50.30434,18.75649
15635,Stargard,ul. Kuśnierzy 7,53.3401,15.04738
15642,Taczanów Drugi,32c,51.84375,17.75887
15651,Rzędzianowice,186,50.31794,21.39821
15659,Tylkowo,1,53.63616,20.7457
15661,Grom,67,53.65073,20.79193
15697,Stargard,ul. Armii Krajowej 1,53.31617,15.0329
15701,Suchy Las,ul. Szkolna 15,52.4746,16.8714
15707,Lasek,69,49.50372,19.97659
15711,Rzepiennik Marciszewski,200,49.82585,21.00808
15712,Brzozowa,80,49.83436,20.88863
15725,Zambrów,ul. Prymasa Stefana Wyszyńskiego 6A,52.9855,22.24889
15729,Piekary Śląskie,ul. Szpitalna 9,50.37376,18.95347
15740,Białystok,ul. Ks. Arcybiskupa Edwarda Kisiela 8,53.11338,23.13687
15742,Różanna,32,53.38007,18.25691
15743,Przysiersk,ul. Szkolna 5,53.43033,18.31005
15744,Bukowiec,ul. Dworcowa 26,53.43159,18.23784
15752,Ludźmierz,ul. Kazimierza Przerwy-Tetmajera 100,49.47232,19.96947
15759,Wieleń,ul. Szkolna 4,52.89236,16.17196
15773,Witonia,ul. Szkolna 4,52.14807,19.28758
15777,Chorzów,ul. gen. Henryka Dąbrowskiego 41,50.29195,18.95068
15785,Stargard,Plac Majdanek 13,53.33561,15.02093
15791,Chorzów,ul. Skrajna 2,50.26524,18.94102
15795,Stargard,ul. Romualda Traugutta 16,53.29175,15.02548
15818,Katowice,ul. Bolesława Chrobrego 5,50.2807,18.96804
15824,Chorzów,ul. dr Wincentego Styczyńskiego 32,50.2976,18.94156
15826,Piekary Śląskie,ul. Fryderyka Chopina 11,50.38113,18.938
15831,Gdańsk,ul. Modra 2,54.34116,18.66937
15876,Wawrzka,61,49.57162,21.00619
15897,Chorzów,ul. Podmiejska 62,50.26721,18.94713
15900,Bratkowice,606,50.12136,21.83602
15901,Mrowla,79B,50.09471,21.91895
15928,Przyłęk Duży,49,51.84286,19.90233
15961,Chorzów,ul. 3 Maja 78,50.30302,18.93625
15964,Kowalew,ul. Bolesława Chrobrego 36,51.88809,17.73356
15971,Miedźno,ul. Szkolna 1,50.96824,18.98684
15987,Działdowo,ul. Polna 11,53.23052,20.16835
15990,Nowy Sącz,ul. Nadbrzeżna 77,49.62114,20.71606
16006,Nowy Sącz,ul. Szkolna 9,49.62783,20.69844
16013,Sosnowiec,ul. Władysława Reymonta 36,50.2877,19.12632
16016,Nowy Sącz,ul. Władysława Broniewskiego 5,49.62706,20.71092
16018,Katowice,ul. Juliana Ordona 3d,50.26864,19.02936
16028,Chorzów,ul. Łagiewnicka 18,50.30914,18.94218
16031,Nowy Sącz,ul. Grzegorza Piramowicza 16,49.59835,20.68704
16036,Nowy Sącz,al. Aleje Stefana Batorego 76,49.60954,20.70022
16044,Nowy Sącz,ul. Jagiellońska 32,49.62055,20.69309
16046,Nowy Sącz,ul. Mała Poręba 57,49.56908,20.71704
16062,Sosnowiec,ul. Wojska Polskiego 84,50.2471,19.16151
16092,Boguszewo,67,53.33377,22.77606
16094,Bieliny,ul. św. Wojciecha 6,50.44112,22.29364
16102,Breń Osuchowski,64,50.31901,21.27899
16108,Lenartowice,59,51.90776,17.83229
16134,Wądroże Wielkie,169,51.11211,16.33138
16140,Piekary Śląskie,ul. księdza Gerarda Waculika 10,50.39583,18.95881
16170,Dąbrówka,15e,50.50508,22.31037
16171,Gdańsk,ul. Skarpowa 3,54.35173,18.62719
16179,Sosnowiec,ul. Stefana Okrzei 56,50.2968,19.1463
16203,Rawa Mazowiecka,ul. Miła 2,51.76507,20.25706
16210,Prudnik,ul. Szkolna 12,50.31758,17.57934
16221,Prudnik,ul. Podgórna 9,50.32041,17.596
16227,Gdańsk,ul. Emilii Hoene 6,54.327,18.62457
16241,Rzeszów,ul. Skrajna 1,50.06164,21.99721
16246,Piekary Śląskie,ul. Śląska 8,50.38691,18.95941
16254,Paszowice,124,51.01892,16.16634
16256,Piekary Śląskie,ul. Związkowa 14,50.37043,18.9739
16273,Piekary Śląskie,ul. Marii Curie-Skłodowskiej 108,50.3651,18.99804
16282,Głowienka,ul. Szkolna 8,49.6627,21.75292
16294,Gołuchów,ul. Czartoryskich 53,51.84307,17.92884
16306,Piekary Śląskie,ul. Biskupa Herberta Bednorza 29,50.34806,18.98105
16307,Czerwienne,89,49.39399,19.92159
16313,Rychlik,16,53.00385,16.33646
16357,Granice,77,51.06493,22.10479
16374,Gdańsk,ul. Mieczysława Boguckiego 44,54.33685,18.90928
16386,Miłomłyn,ul. Pasłęcka 15,53.76371,19.83202
16389,Piekary Śląskie,ul. Franciszka Kotuchy 40,50.33816,18.96317
16397,Kołczewo,ul. Zwycięstwa 3,53.96879,14.61841
16402,Stare Koźle,ul. Szkolna 5,50.30574,18.21603
16407,Szczurowa,ul. Rynek 14,50.1181,20.63633
16445,Rycerka Dolna,134B,49.48447,19.08423
16466,Uście Solne,80a,50.12077,20.51698
16475,Nowe Miasto Lubawskie,ul. Tysiąclecia 33,53.43412,19.59353
16477,Nowe Miasto Lubawskie,ul. Jagiellońska 3,53.42016,19.59516
16480,Górzno,ul. Fryderyka Chopina 1,53.19554,19.64065
16536,Kalisz,ul. Harcerska 1,51.75808,18.08279
16554,Zaborów,63,50.14743,20.68934
16558,Rudka,ul. Szkolna 2,52.72173,22.72847
16564,Gdańsk,ul. Sienna 26,54.35826,18.6917
16585,Niedzieliska,111,50.09101,20.63209
16598,Wola Przemykowska,102,50.17581,20.68066
16611,Strzelce Wielkie,60,50.1007,20.5814
16630,Piekary Śląskie,ul. Tarnogórska 40,50.41045,18.9478
16641,Gdańsk,ul. Kępna 38,54.36047,18.73751
16642,Szczecinek,ul. Pl. Wazów 1,53.69828,16.69908
16643,Szczecinek,ul. Jasna 2,53.71156,16.68207
16644,Szczecinek,ul. Kopernika 18,53.70655,16.7049
16645,Szczecinek,ul. Krakowska 1,53.71964,16.6696
16673,Zarzecze,ul. Świętego Jana Pawła II 7,49.98788,22.53838
16675,Siennów,227,49.96269,22.48855
16677,Maćkówka,210,50.03057,22.51681
16682,Żelisławice,13,50.76881,19.83751
16688,Pakosze,22,54.23629,20.12859
16700,Dobre Miasto,ul. Ułańska 6,53.98568,20.40902
16716,Piekary Śląskie,ul. Rycerska 15a,50.34305,19.00777
16723,Ruda Strawczyńska,ul. Częstochowska 11,50.93466,20.38227
16724,Boguszów-Gorce,ul. Mikołaja Kopernika 7,50.74786,16.22721
16750,Rokietnica,ul. Szkolna 3c,52.51038,16.74003
16790,Białaczów,ul. Szkolna 36,51.30246,20.29328
16791,Miedzna Drewniana,259,51.31609,20.2672
16792,Petrykozy,1,51.30873,20.35629
16793,Skronina,156,51.27956,20.36991
16820,Krośniewice,ul. Łęczycka 17,52.25076,19.16987
16821,Kopki,ul. Podborze 1,50.40908,22.30463
16823,Rudnik nad Sanem,ul. Kończycka 3,50.4423,22.24303
16825,Rudnik nad Sanem,ul. Marii Konopnickiej 58,50.4586,22.22101
16826,Przędzel,ul. Adama Mickiewicza 149,50.48919,22.22626
16827,Rudnik nad Sanem,ul. marsz. Józefa Piłsudskiego 7,50.43967,22.2513
16835,Kalisz,ul. Karpacka 3,51.73929,18.0795
16845,Suszec,ul. Szkolna 130,50.03745,18.79179
16848,Radostowice,ul. Dworcowa 56,50.00757,18.88724
16854,Kalisz,ul. Podmiejska 9a,51.74745,18.06787
16881,Seligów,39D,52.00805,19.96736
16889,Stachlew,76,52.00156,20.03113
16894,Kalenice,119a,51.95972,19.89182
16927,Chełm,ul. Hrubieszowska 102,51.12323,23.49842
16941,Zabrze,ul. ks. Józefa Wajdy 7,50.30571,18.77839
16942,Zabrze,ul. Gdańska 10,50.31717,18.78147
16954,Więcki,8,54.26037,21.83705
16956,Rogi,ul. Szkolna 2,49.61266,21.76
16957,Platerówka,213,51.06254,15.16929
16960,Świdnica,ul. Ogrodowa 36,51.89286,15.39832
16965,Zabrze,ul. Czołgistów 1,50.28982,18.77453
16972,Janowo,ul. Chorzelska 21,53.31649,20.67848
17004,Żarnowo Drugie,1,53.83035,22.89806
17024,Sosnowiec,ul. Zamkowa 17,50.2826,19.14473
17032,Muszaki,39,53.37227,20.60932
17033,Wólka Hyżneńska,28,49.91959,22.21692
17035,Poćkuny,7,54.10601,23.41041
17036,Krasnowo,17,54.21095,23.3532
17041,Nowe,36,52.24045,19.22671
17047,Knurów,ul. Antoniego Słoniny 1,50.22236,18.67643
17056,Kolnica,48,53.78702,23.05166
17059,Sosnowiec,ul. Przyjaciół Żołnierza 1,50.26818,19.14636
17066,Gdańsk,ul. Leśna Góra 2,54.37576,18.56156
17071,Mysłowice,ul. Długa 92,50.17522,19.21798
17081,Witnica,ul. Wiosny Ludów 14,52.68101,14.89318
17087,Pewel Mała,ul. Jana Pawła II 15,49.66704,19.27789
17093,Kobielice,ul. Topolowa 42,50.00671,18.85344
17102,Mysłowice,ul. Armii Krajowej 30,50.24003,19.13247
17103,Szklary,148,49.87502,22.24603
17125,Sosnowiec,ul. Składowa 5,50.27824,19.11393
17129,Brzezówka,111,49.92926,22.13984
17130,Janówka,48 A,53.90491,22.85855
17139,Kacice,80,50.25486,20.05813
17140,Jankowice,32,52.21986,19.12722
17149,Kleszczów,ul. Szkolna 4,51.22421,19.30016
17151,Łękińsko,ul. Szkolna 20,51.21667,19.34908
17170,Mysłowice,ul. Gwarków 1,50.25101,19.1325
17175,Lubliniec,ul. Marszałka Józefa Piłsudskiego 8,50.66829,18.67624
17178,Sosnowiec,ul. gen. Władysława Andersa 66,50.27006,19.16241
17181,Morawczyna,66,49.49508,19.94353
17192,Gdańsk,ul. Łąkowa 61,54.34663,18.66372
17194,Netta Pierwsza,14,53.78608,22.89456
17195,Knurów,ul. Wilsona 22,50.22285,18.66403
17196,Łupianka Stara,1,53.04007,22.84174
17200,Pstrążna,ul. Szkolna 5,50.09174,18.35733
17202,Zwonowice,ul. Sumińska 9d,50.1435,18.43781
17204,Brzeście,75a,50.54699,20.54574
17205,Młodzawy Duże,14a,50.46041,20.5037
17206,Stara Zagość,12,50.41717,20.60855
17210,Trzebownisko,965,50.07794,22.04041
17216,Dębica,ul. Paderewskiego 4,50.05655,21.40168
17217,Dębica,ul. Ogrodowa 22,50.04786,21.4098
17218,Dębica,ul. Kraszewskiego 37,50.04778,21.40107
17222,Rutki Nowe,1,53.85646,22.79299
17232,Grzegorzówka,173,49.9322,22.20614
17233,Nowa Biała,ul. Główna 13,49.43954,20.14665
17240,Łaszczówka,ul. Spółdzielcza 2,50.43248,23.44947
17250,Sosnowiec,ul. Zawodzie 34,50.23413,19.16757
17262,Charłupia Wielka,116,51.57175,18.62926
17264,Majdan Nepryski,18,50.483,23.08954
17276,Hyżne,615a,49.92505,22.15986
17278,Lubiana,6,53.09968,15.3392
17280,Pełczyce,ul. ks. kan. Henryka Raźniewskiego 3,53.04189,15.30037
17298,Głotowo,17,53.96039,20.3616
17301,Prusy,ul. Parkowa 1,50.75738,16.93503
17319,Gdańsk,ul. Wilhelma Stryjewskiego 28,54.36137,18.71229
17322,Dylągówka,29,49.9099,22.1968
17335,Legnica,ul. Piastowska 3,51.20816,16.15584
17339,Bełdów,37,51.82572,19.18661
17340,Sulejów,ul. Konecka 45,51.35217,19.89393
17344,Uhowo,ul. Szkolna 19,53.00509,22.91261
17347,Bodzanów,83,50.33673,17.3837
17348,Gdańsk,ul. Startowa 9,54.39524,18.59664
17350,Obidowa,37,49.54355,20.00839
17359,Kłoczew,ul. Długa 69,51.72326,21.95574
17363,Gościmiec,130,52.79386,15.65075
17364,Ruszcza,ul. Szkolna 2,50.40591,21.22457
17366,Pszczyna,ul. Marii Konopnickiej 44,49.97114,18.96101
17367,Poręba,ul. Szkolna 8,49.98431,18.87595
17373,Nowy Świętów,65,50.36678,17.36178
17392,Szczeglice,48,50.67779,21.31514
17394,Jurkowice,80,50.63504,21.37041
17401,Staszów,ul. Adama Mickiewicza 40,50.55771,21.18091
17410,Gdańsk,ul. Zielony Trójkąt 1,54.37855,18.62925
17422,Majdan Górny,ul. Długa 180,50.45972,23.49041
17424,Wągłczew,4,51.59555,18.54357
17428,Kościelna Wieś,ul. Kaliska 2,51.78343,18.01088
17430,Gdańsk,ul. Ignacego Krasickiego 10,54.40541,18.64433
17439,Gózd,109,51.75502,22.02649
17474,Daromin,128,50.77076,21.62492
17481,Dębica,ul. Wielopolska 162,50.04138,21.43354
17482,Dębica,ul. Grottgera 3,50.05396,21.41605
17487,Łąka Prudnicka,ul. Głuchołaska 13,50.31344,17.52852
17492,Bydgoszcz,ul. Ludwika Waryńskiego 1,53.12018,17.97433
17495,Bydgoszcz,ul. Hutnicza 89,53.10146,18.10628
17497,Podhorce,114 A,50.48658,23.52731
17503,Lyski,ul. Dworcowa 4,50.1213,18.39039
17509,Słomków Mokry,23,51.63148,18.54549
17511,Sulejów,ul. Rycerska 10,51.36923,19.87658
17512,Łęczno,12,51.32612,19.84961
17513,Włodzimierzów,ul. Łęczyńska 8,51.3722,19.82118
17514,Uszczyn,ul. Szkolna 12,51.39719,19.7709
17515,Witów-Kolonia,47,51.37418,19.7602
17518,Złotów,ul. 8 Marca 16,53.36945,17.02462
17520,Jedlec,154,51.85027,17.96162
17523,Gdańsk,ul. Jagiellońska 14,54.41174,18.59378
17531,Gdańsk,ul. Wielkopolska 20,54.31642,18.58961
17537,Czernic,95,51.6996,22.00696
17539,Czernin,29,54.13815,15.67158
17562,Aleksandrów Łódzki,al. Wyzwolenia 3,51.81972,19.30995
17579,Chojnice,ul. Grunwaldzka 1,53.6931,17.56124
17589,Zofiówka,85,51.29986,22.8355
17607,Kucharki,39,51.79899,17.92236
17618,Godziszewo,ul. Gdańska 7,54.0983,18.55537
17630,Jaworzyna Śląska,ul. Adama Mickiewicza 9,50.91565,16.43078
17631,Pastuchów,ul. Wyzwolenia 22,50.94886,16.43857
17632,Stary Jaworów,38,50.89053,16.42962
17641,Bąków,ul. Kasztanowa 1,50.96606,18.31231
17642,Bogacica,ul. Szkolna 10,50.96541,18.13297
17643,Kujakowice Dolne,ul. 1 Maja 27,51.00619,18.23423
17644,Kuniów,74,50.94933,18.22372
17645,Kluczbork,ul. Mickiewicza 10,50.97323,18.2083
17646,Kluczbork,ul. Wolności 17,50.97744,18.21617
17647,Kluczbork,ul. Konopnickiej 17,50.97941,18.20482
17658,Krośnice,ul. Parkowa 14,51.47698,17.35626
17679,Bydgoszcz,ul. Opławiec 157,53.18731,17.95857
17681,Bydgoszcz,ul. Marcina Kromera 11,53.16734,18.15685
17685,Dębica,ul. Huberta Wagnera 4,50.03654,21.38012
17692,Mała Nieszawka,ul. Toruńska 64,52.9903,18.54774
17693,Cierpice,ul. Szkolna 9,52.98637,18.48995
17710,Wierzbna,2,50.03354,22.60006
17728,Złotów,ul. Bohaterów Westerplatte 9,53.36065,17.04463
17747,Piotrków Trybunalski,ul. Wojska Polskiego 37,51.40984,19.69447
17760,Zielona Góra,ul. Spawaczy 3D,51.95967,15.5021
17768,Wola Gułowska,60,51.70093,22.20688
17781,Idzikowice,30b,51.44876,20.33967
17783,Domaszno,31,51.4907,20.51644
17784,Radzice Duże,169,51.45256,20.39515
17785,Brzustowiec,152,51.42776,20.462
17786,Drzewica,ul. Szkolna 18,51.45144,20.47004
17792,Wieliczki,ul. Lipowa 10,53.98448,22.56194
17803,Niedzica,ul. 3 Maja 97,49.4074,20.30006
17808,Wołów,ul. Zaułek Zielony 20,51.32613,16.63473
17823,Szczecin,ul. Kamienna 22,53.52464,14.59063
17826,Szczecin,ul. Przylesie 17,53.36485,14.74758
17842,Zielona Góra,ul. Stanisława Wyspiańskiego 23,51.94633,15.52645
17844,Stargard,Osiedle Zachód A,53.33856,15.01213
17876,Zielona Góra,ul. Francuska 25a,51.93392,15.47712
17887,Zielona Góra,ul. Osiedle Pomorskie 13,51.93621,15.55502
17889,Zielona Góra,ul. Kąpielowa 7,51.90835,15.50835
17909,Tarnobrzeg,ul. Wiejska 4,50.58546,21.68557
17910,Tarnobrzeg,ul. Jana Kochanowskiego 1,50.56941,21.66863
17911,Tarnobrzeg,ul. Marii Dąbrowskiej 10,50.57458,21.68682
17912,Tarnobrzeg,ul. Stanisława Piętaka 53,50.63541,21.74869
17913,Tarnobrzeg,ul. Olszowa 1,50.60347,21.75748
17926,Tarnobrzeg,ul. Stanisława Wyspiańskiego 10,50.56937,21.67364
17931,Tarnobrzeg,ul. Henryka Sienkiewicza 215,50.56836,21.72014
17962,Zabełków,ul. Rymera 7,49.93952,18.3217
17964,Tarnów,ul. Norberta Lippóczy'ego 4,50.02399,20.98406
17966,Tarnów,ul. Norberta Lippóczy'ego 4,50.02399,20.98406
17990,Kaźmierz,ul. Gimnazjalna 3,52.51184,16.58809
17992,Dębica,ul. Szkotnia 14,50.04556,21.42259
17993,Dębica,ul. Gajowa 9,50.03054,21.39593
17996,Pielgrzymowice,ul. Powstańców 6,49.90923,18.6551
17998,Pawłowice,ul. Pukowca 4,49.96231,18.70418
17999,Pawłowice,ul. Szkolna 1,49.96271,18.71438
18000,Warszowice,ul. Pszczyńska 2,49.99195,18.71428
18008,Secemin,ul. Struga 1B,50.76561,19.83458
18023,Orneta,ul. Zamkowa 26,54.11546,20.12801
18025,Nowy Targ,ul. Kowaniec 125a,49.50026,20.04264
18026,Nowy Targ,ul. Władysława Orkana 17,49.47952,20.03457
18027,Nowy Targ,al. Mikołaja Kopernika 28,49.47444,20.02747
18028,Nowy Targ,ul. Świętego Brata Alberta 35,49.49489,20.00442
18029,Nowy Targ,os. Na Skarpie 11,49.47203,20.00487
18030,Nowy Targ,pl. Evry 3,49.47207,20.03297
18052,Chorzów,ul. 17 Sierpnia 1,50.30913,18.9748
18054,Malbork,ul. gen. de Gaulle'a 91,54.02908,19.04398
18060,Sabaudia,47,50.47102,23.43779
18083,Bonin,2,54.14871,16.24773
18085,Zalesie,38,49.65231,21.83811
18093,Orneta,ul. Kopernika 13,54.11526,20.13485
18105,Wrocanka,ul. Długa 19,49.62922,21.73663
18106,Szarowola,126,50.49654,23.34804
18108,Przylesie,135b,50.79375,17.39269
18122,Rzeszów,ul. Staroniwska 55,50.0294,21.96633
18123,Rzeszów,ul. Beskidzka 5,50.00589,21.95902
18128,Rzeszów,ul. Ignacego Solarza 12,50.04406,21.97536
18129,Rzeszów,ul. Ptasia 2,50.05447,21.98352
18131,Rzeszów,ul. Bohaterów 12,50.03713,21.98151
18147,Targowiska,ul. Księdza Macieja Suchodolskiego 38,49.63466,21.81583
18166,Bażyny,17A,54.13208,20.04213
18167,Maciowakrze,ul. Kościuszki 20,50.18735,18.03454
18169,Kościelec,14,52.79593,18.15651
18176,Wojcieszków,ul. Parkowa 1 a,51.76863,22.31938
18185,Bytyń,ul. Szkolna 55,52.48693,16.50263
18205,Naczęsławice,ul. Główna 19,50.31322,17.94364
18215,Bukowiec,37,50.20017,21.77346
18223,Piotrkowice,ul. Franciszki Krasińskiej 1,50.66455,20.66334
18229,Gródek,338,49.62838,21.01312
18230,Bieganowo,16,52.27082,17.67872
18239,Domatków,198,50.20369,21.74202
18242,Stare Bystre,124,49.41578,19.89408
18243,Chorzów,ul. Główna 21,50.32262,18.97262
18257,Kolbuszowa Górna,348,50.22423,21.79657
18259,Grabowo Królewskie,1,52.23834,17.5983
18261,Lębork,ul. Kossaka 103,54.54596,17.7516
18266,Malbork,pl. Gabriela Narutowicza 15,54.0389,19.03435
18268,Gronów,ul. Główna 1,51.98985,15.22432
18269,Gdańsk,ul. Subisława 22,54.41974,18.57263
18273,Sokolniki,ul. Leśna 1A,52.25784,17.7082
18285,Rosnowo,34,54.06703,16.29668
18286,Przedbórz,153,50.18364,21.74548
18290,Morąg,ul. Żeromskiego 26,53.92519,19.92628
18294,Łączno,48B,53.95384,19.90553
18295,Żabi Róg,115A,53.86901,20.01474
18297,Słonecznik,117,53.83879,19.87921
18298,Morąg,ul. Zygmunta Wróblewskiego 17,53.90506,19.94279
18300,Morąg,ul. Kajki 2,53.91592,19.92621
18302,Chorzów,ul. Lwowska 36,50.29639,18.96645
18303,Januszkowice,60,49.85912,21.46416
18305,Nawsie Brzosteckie,206,49.88419,21.43944
18307,Siedliska-Bogusz,93A,49.91244,21.41544
18309,Zagórzyca,20,54.48038,17.22268
18319,Stara Wieś,162,49.63354,20.88614
18324,Werynia,382,50.25119,21.81969
18325,Nowy Folwark,ul. Nowa 5,52.35111,17.52454
18327,Marzenin,ul. ks. Twardego 22,52.38695,17.54579
18330,Otoczna,12,52.3341,17.68997
18335,Szczerców,ul. Łaska 8,51.33552,19.11195
18341,Elbląg,Aleja Józefa Piłsudskiego 4,54.17791,19.4126
18348,Zarębki,73,50.26526,21.78049
18350,Chorzów,ul. Kaliny 61,50.27536,18.93172
18365,Nowy Sącz,ul. gen. Wieniawy-Długoszowskiego 126,49.61256,20.73726
18379,Wieliczka,ul. Stanisława Moniuszki 1,49.9855,20.05969
18387,Józefów,ul. Górnicza 21,50.47705,23.05919
18400,Chorzów,ul. Kaliny 55,50.27627,18.932
18411,Ryjewo,ul. Grunwaldzka 63,53.84121,18.95916
18412,Kolbuszowa,ul. Tadeusza Kościuszki 1,50.24489,21.77782
18421,Średnia Wieś,172,49.4159,22.34658
18422,Damno,42,54.52719,17.31412
18432,Sobiesęki,11,51.61927,18.35274
18462,Cieniawa,140,49.6124,20.85022
18465,Wieliczka,os. Henryka Sienkiewicza 26,49.98474,20.0669
18473,Łęczna,ul. Jaśminowa 6,51.29179,22.88478
18477,Hoczew,157,49.42813,22.31955
18491,Chorzów,ul. Ratuszowa 20,50.27788,18.94825
18503,Ruszkowo,64,53.38463,20.12212
18505,Uzdowo,75,53.34485,20.09516
18506,Petrykozy,59,53.15831,20.1356
18509,Łopuszno,ul. Strażacka 5,50.94617,20.25303
18537,Brzeźce,ul. Pokoju 2,49.98503,18.83256
18541,Kolbuszowa,ul. Obrońców Pokoju 46,50.24229,21.7686
18548,Kraków,ul. Myślenicka 112,49.99329,19.94696
18549,Wieliczka,ul. Krzyszkowicka 18a,49.99077,20.03244
18555,Stalowa Wola,ul. ks. Józefa Skoczyńskiego 1,50.56325,22.06327
18559,Wałbrzych,ul. Armii Krajowej 35b,50.78543,16.2858
18570,Lębork,ul. Tadeusza Kościuszki 14,54.52974,17.75472
18571,Byszyce,1,49.92453,20.01247
18575,Kupno,81,50.19816,21.82559
18597,Nakło Śląskie,ul. Dworcowa 2,50.43639,18.90794
18599,Czarnków,ul. Wroniecka 30,52.90198,16.56513
18615,Krużlowa Wyżna,205,49.6498,20.88466
18623,Chojnik,287,49.85395,20.97214
18630,Sosny,14,52.71808,14.95972
18633,Krasna,53,51.07824,20.54874
18648,Skorogoszcz,ul. Zamkowa 6,50.76022,17.67894
18650,Łosiów,ul. Słowackiego 9,50.79319,17.57111
18665,Golkowice,454,49.96959,19.98037
18687,Gorzków,168,49.92257,20.02842
18693,Widełka,191,50.20295,21.88503
18703,Orzech,ul. Brzechwy 8,50.42202,18.9239
18704,Świerklaniec,ul. Młyńska 7,50.43909,18.93631
18707,Nowe Chechło,ul. Lasowicka 103,50.45127,18.92157
18721,Łapy,ul. Jana Matejki 10,52.98971,22.87147
18745,Chabielice,5,51.26297,19.11097
18756,Sicienko,ul. Bydgoska 8,53.20371,17.80301
18758,Wojnowo,1A,53.20842,17.84316
18765,Oleśnica,ul. Wileńska 32A,51.20947,17.41038
18767,Trzebień,28A,51.23188,18.12052
18771,Tarnowo Podgórne,ul. Szkolna 5,52.46747,16.66278
18776,Głuchołazy,ul. Kraszewskiego 30,50.31804,17.37457
18778,Dubiecko,ul. Przemyska 6,49.82367,22.39779
18783,Grabie,2,50.03949,20.13448
18798,Nowy Sącz,ul. gen. Tadeusza Bora-Komorowskiego 7,49.57983,20.73204
18818,Grajów,177,49.93781,20.1023
18819,Boguszów-Gorce,ul. Stanisława Staszica 5,50.76481,16.17013
18821,Przeźmierowo,ul. Kościelna 46/48,52.4252,16.78072
18823,Sokołowice,24,51.24516,17.44665
18830,Łapy,ul. Letnia 1,52.97616,22.8426
18835,Kruszyn,ul. Szkolna 6,53.15667,17.84081
18836,Strzelewo,1,53.16533,17.78042
18838,Lubiec,61,51.37546,19.14275
18841,Ceradz Kościelny,ul. Jankowicka 22a,52.43892,16.59287
18842,Janowice,1,49.95422,20.01344
18845,Kalinówka Kościelna,36,53.38752,22.9281
18876,Lusówko,ul. Dopiewska 5,52.42664,16.64691
18932,Poręba Radlna,119,49.95841,20.993
18934,Elbląg,ul. Wojciecha Zajchowskiego 12,54.16506,19.41255
18935,Lusowo,ul. Nowa 6,52.43246,16.70325
18954,Blizianka,72,49.86502,21.93997
18957,Jawornik,108,49.84627,21.88997
18966,Boguszów-Gorce,ul. Szkolna 4,50.75463,16.20634
18967,Elbląg,ul. Sadowa 2,54.15035,19.42645
18986,Nysa,ul. Krawiecka 6,50.45794,17.34995
18989,Wojska,ul. Zakładowa 8,50.48701,18.65898
18990,Chałupki,ul. Szkolna 7,49.921,18.3184
18992,Krzyżanowice,ul. Łąkowa 18,49.98309,18.27477
19011,Olszowa,ul. Granitowa 114,51.29578,18.04813
19013,Kamieniec Wrocławski,ul. Kolejowa 8,51.07788,17.17383
19015,Jankowo Dolne,9,52.55015,17.68344
19017,Goślinowo,14,52.57718,17.62933
19032,Baryczka,212,49.87724,21.90875
19045,Góra,ul. Pszczyńska 34,49.9727,19.10146
19052,Frydek,ul. Miodowa 17,49.99598,19.07458
19053,Miedźna,ul. Szkolna 24,49.97771,19.04825
19054,Wola,ul. Górnicza 47,50.01482,19.11407
19056,Wola,ul. Lipowa 3,50.01483,19.10092
19067,Sławno,ul. Stefanii Sempołowskiej 3,54.36966,16.67978
19071,Knurów,ul. Stefana Batorego 7,50.23051,18.6585
19077,Podegrodzie,6,49.57716,20.58938
19078,Kraków,ul. Wacława Lipińskiego 2,50.02917,19.92316
19080,Osiny,13,51.27729,19.18689
19089,Piotrowice,139,51.05068,16.12762
19120,Łęczna,ul. Szkolna 53,51.30486,22.89432
19130,Świętochłowice,ul. Wyzwolenia 50,50.29049,18.92453
19131,Świętochłowice,ul. Juliana Zubrzyckiego 38,50.302,18.91429
19132,Świętochłowice,ul. Fryderyka Chopina 1,50.28976,18.90619
19133,Świętochłowice,ul. Wiśniowa 9,50.28345,18.92639
19134,Świętochłowice,ul. Bolesława Chrobrego 4,50.3093,18.89689
19141,Knurów,ul. Jedności Narodowej 5,50.23289,18.6565
19146,Nadrybie-Dwór,88,51.34415,23.04558
19165,Świętochłowice,ul. Armii Krajowej 14,50.31268,18.90941
19166,Świętochłowice,ul. Szkolna 17,50.29229,18.92261
19171,Kraków,ul. Czarnogórska 14,50.01952,19.97093
19199,Lipa,ul. Szkolna 5,50.6934,22.06327
19203,Siemiechów,519,49.85277,20.89988
19205,Knurów,ul. Aleja Lipowa 12,50.23358,18.65415
19214,Kraków,Osiedle Handlowe 4,50.07382,20.03088
19216,Sosnowiec,ul. Anieli Urbanowicz 14,50.27677,19.13439
19229,Polna,30,49.67342,20.98973
19230,Mostki,56,50.61811,21.20287
19232,Kraków,Osiedle Słoneczne 12,50.07806,20.04198
19254,Olszanka,94,49.55655,20.54623
19257,Jankowice Wielkie,15,50.76684,17.44231
19269,Płonka Kościelna,82,53.00101,22.82748
19279,Kraków,ul. Kazimierza Wierzyńskiego 3,50.08459,19.84688
19280,Kraków,ul. Skośna 8,50.01151,19.89961
19285,Otrocz,34,50.81835,22.57242
19288,Głogówek,ul. Jana Pawła II 1,50.35555,17.86897
19298,Łuków,ul. 11 Listopada 20,51.93332,22.38283
19301,Łuków,ul. Partyzantów 15,51.92303,22.38105
19305,Wiązownica Duża,135,50.56764,21.35143
19311,Dargiń,47,54.01577,16.39441
19312,Kłanino,7,54.02921,16.46395
19323,Lubliniec,ul. Sądowa 9,50.66669,18.68439
19325,Głogówek,ul. Sobieskiego 6,50.34647,17.86667
19329,Szumsko,42b,50.70216,21.08945
19338,Łucka-Kolonia,125,51.42636,22.63549
19339,Nowodwór,60,51.44364,22.54473
19340,Skrobów-Kolonia,106,51.46802,22.54935
19341,Annobór,69,51.43335,22.59275
19342,Brzeziny,168,51.51815,22.61063
19344,Szczekarków,124,51.48727,22.62781
19346,Wólka Rokicka,90,51.4036,22.6819
19353,Nowy Sącz,ul. gen. Stefana Grota-Roweckiego 15,49.61293,20.70318
19357,Wyskitna,44,49.65687,21.00622
19369,Żurawiczki,82,50.01988,22.50117
19374,Kraków,ul. Grochowska 20,50.07358,19.96233
19376,Koźmice Wielkie,1,49.95097,20.03407
19377,Ostrówek,154,51.2673,22.98418
19392,Rybnik,ul. 3 Maja 22,50.09059,18.54385
19393,Dobiesławice,38a,50.21355,20.57096
19394,Czeszewo,ul. Szkolna 27,52.14489,17.51058
19396,Bugaj,7,52.19677,17.49224
19404,Mietniów,60,49.96127,20.07526
19407,Ruda-Bugaj,54,51.83484,19.28168
19411,Mójcza,9,50.85043,20.677
19412,Szczecno,172,50.73147,20.76252
19428,Bierutów,ul. Zygmunta Krasińskiego 3,51.12721,17.54164
19432,Gdańsk,ul. Stokłosy 1,54.35332,18.48115
19443,Podstolice,204,49.95706,19.99503
19444,Sobiechy,24,54.29411,21.80807
19446,Biedrzychowice,110,50.33704,17.93857
19457,Koniemłoty,ul. Staszowska 7,50.52096,21.11627
19458,Raciborsko,71,49.9351,20.06396
19459,Lubliniec,ul. Zwycięstwa 32,50.67654,18.67957
19460,Piaseczno,ul. Kardynała Wojtyły 15,53.80457,18.77726
19466,Kraków,Aleja Kijowska 8,50.07003,19.91451
19468,Twardawa,ul. Kozielska 6,50.34211,17.99
19480,Bejsce,233,50.24142,20.60175
19483,Siercza,428,49.97179,20.04042
19495,Stare Oleszyce,ul. Wiejska 114,50.17181,23.00128
19497,Zalesie,72,50.14825,22.98796
19498,Oleszyce,ul. Adama Mickiewicza 1,50.16796,23.02953
19500,Faliszówka,174,49.6424,21.60983
19501,Szczepańcowa,ul. Szkolna 3,49.6669,21.71126
19503,Czajkowa,60,50.37563,21.52279
19504,Borki Nizińskie,18,50.38849,21.41257
19516,Szonów,46,50.30386,17.84491
19518,Wrocław,ul. Młodych Techników 58,51.11868,17.01305
19519,Sygneczów,1,49.96991,20.013
19526,Garbów,ul. Szkolna 25,51.3488,22.33281
19531,Śledziejowice,203,50.01018,20.08453
19554,Węgrzce Wielkie,190,50.01575,20.11171
19590,Stalowa Wola,ul. Generała Leopolda Okulickiego 14,50.57086,22.05939
19597,Konin,ul. Kazimierza Błaszaka 4,52.22908,18.25954
19606,Przybysławice,1,51.36654,22.29567
19610,Szczecin,ul. Kablowa 14,53.42932,14.73746
19646,Polskie Gronowo,31,53.88235,18.84773
19653,Leszczyna,132,49.85916,20.39683
19654,Zdziechowice Drugie,212,50.78852,22.11113
19667,Olszewo,20,53.85963,21.67669
19670,Głuszyna,ul. Główna 115,51.16258,17.82193
19672,Ligota Książęca,ul. Główna 87b,51.02001,17.56631
19696,Przeworsk,ul. Marii Konopnickiej 5,50.06107,22.49068
19721,Brzeg Dolny,ul. Adama Mickiewicza 2,51.25769,16.71175
19722,Brzeg Dolny,ul. Zwycięstwa 10,51.27585,16.71653
19723,Sosnowiec,ul. Władysława Jagiełły 3,50.3066,19.18546
19726,Węgleszyn,50A,50.75192,20.15647
19732,Otałęż,15,50.35541,21.24335
19733,Czermin,454,50.33952,21.32881
19747,Wielkie Leźno,1,53.28811,19.69041
19748,Brzozie,51B,53.32687,19.60794
19750,Jajkowo,11,53.29774,19.50117
19754,Stalowa Wola,ul. Niezłomnych 1,50.56617,22.04933
19776,Ćwiklice,ul. Męczenników Oświęcimskich 71,49.97206,18.98788
19777,Pszczyna,ul. Staromiejska 41,49.98866,18.92455
19784,Parczew,ul. 11 Listopada 90,51.64403,22.91676
19785,Parczew,ul. Polna 34,51.63548,22.88847
19800,Szczecin,ul. Kazimierza Królewicza 63,53.445,14.56155
19804,Kraków,Osiedle Na Stoku 52,50.09204,20.05539
19817,Jastrzębie,ul. Opolska 68,51.01685,17.75234
19818,Wola Przybysławska,331,51.40199,22.33213
19820,Gdańsk,ul. Śluza 6,54.34206,18.65729
19844,Trzciana,3,49.84639,20.36551
19879,Kraków,ul. Strąkowa 3a,50.02645,19.92336
19892,Tarnów,ul. Zbylitowska 7,50.00831,20.9179
19930,Świba,146,51.30115,18.08366
19931,Odrzykoń,ul. ks. Ernesta Świątka 4,49.74118,21.74511
19932,Czajków Południowy,133,50.57327,21.28732
19947,Żeglce,242,49.6623,21.65228
19964,Grudziądz,ul. Bydgoska 24,53.47525,18.74277
19966,Knurów,ul. Jana Kilińskiego 6,50.18877,18.62575
19982,Szczecin,ul. Grodzka 23,53.42554,14.55909
20005,Ostrowy nad Okszą,ul. Szkolna 6,50.97675,19.05562
20007,Kraków,Aleja Edwarda Dembowskiego 12,50.0419,19.9551
20009,Lubięcin,82,51.88672,15.873
20015,Szastarka,ul. Szkolna 1,50.85598,22.33195
20017,Sosnowiec,ul. Grabowa 2,50.28075,19.11128
20034,Mokra,194,50.9623,18.91423
20059,Piasek,63b,52.97561,14.20846
20061,Staszów,ul. Niepodległości 4,50.56485,21.17136
20069,Końskie,ul. Armii Krajowej 2,51.19772,20.41249
20072,Sosnowiec,ul. Zagłębiowska 25,50.25333,19.1654
20075,Duszniki-Zdrój,ul. Sprzymierzonych 6,50.40152,16.39361
20084,Sawin,ul. Brzeska 14,51.27323,23.43756
20128,Szczecin,ul. Seledynowa 50,53.36441,14.65515
20139,Kluczkowice,128,51.08446,21.9362
20140,Lwówek,ul. Gimnazjalna 1,52.4461,16.19007
20144,Sosnowiec,ul. Stanisława Ligonia 3A,50.28133,19.22856
20148,Cierchy,1,50.97636,20.48582
20152,Zaborowice,160,51.03554,20.47649
20168,Wrocław,ul. Kleczkowska 35,51.12737,17.02953
20172,Sztum,ul. Nowowiejskiego 14,53.92343,19.03379
20175,Włodawa,ul. Żołnierzy WiN 19,51.55267,23.54119
20176,Szczecin,ul. Kaszubska 28,53.33619,15.00155
20178,Nowy Wiśnicz,ul. Zamkowa 1,49.91537,20.46342
20188,Wrocław,ul. Zemska 16c,51.11548,16.95108
20192,Sosnowiec,ul. Lubelska 51,50.2869,19.18571
20239,Rzuchowa,278,49.94925,20.93054
20244,Końskie,ul. Polna 6,51.18736,20.40916
20249,Wszechświęte,16B,51.19179,17.48493
20251,Opole Lubelskie,ul. Fabryczna 28,51.14645,21.97531
20261,Knurów,ul. Feliksa Michalskiego 27,50.20818,18.6421
20267,Gdańsk,ul. Stolema 59,54.34387,18.5622
20273,Wrocław,ul. Eugeniusza Horbaczewskiego 61,51.12297,16.97001
20280,Zawiercie,ul. Powstańców Śląskich 18,50.48389,19.42668
20288,Wabienice,92,51.18023,17.59157
20298,Przeworsk,ul. Lwowska 11,50.05835,22.49703
20308,Kurozwęki,ul. Szydłowska 9,50.58985,21.09796
20312,Paczków,ul. Wojska Polskiego 45,50.46185,17.01536
20313,Paczków,ul. 1 Maja 2,50.46389,17.01043
20315,Kamienica,94,50.4492,16.95182
20328,Domaniewice,ul. Główna 13,52.00746,19.80894
20330,Sosnowiec,ul. Stefana Kisielewskiego 4B,50.28914,19.17645
20332,Jarosław,ul. Łazy Kostkowskie 14,50.07182,22.65554
20343,Jarosław,ul. Spytka z Jarosławia 2,50.01952,22.682
20344,Jarosław,ul. Żeromskiego 4,50.02045,22.67321
20345,Jarosław,ul. Dolnoleżajska 110,50.04431,22.68057
20346,Jarosław,os. Słoneczne 7,50.01472,22.69675
20348,Jarosław,ul. Ignacego Kraszewskiego 39,50.02122,22.67515
20357,Jarosław,ul. Głęboka 1,50.01136,22.70261
20367,Sieniawa,ul. Rynek 4,50.17787,22.61072
20368,Rudka,79,50.2238,22.62416
20369,Czerwona Wola,39,50.13954,22.6846
20370,Wylewa,1,50.19086,22.62136
20377,Kraków,ul. Królowej Jadwigi 78,50.05582,19.90443
20385,Damnica,ul. Marii Konopnickiej 1,54.50013,17.27548
20399,Kraków,ul. Bolesława Śmiałego 6,50.01639,19.81069
20415,Braciejowice,137,51.17633,21.81453
20420,Biskupiec,ul. Adama Mickiewicza 8,53.86135,20.9586
20425,Lasowice Wielkie,83,50.87325,18.21833
20439,Sosnowiec,ul. Bolesława Prusa 253A,50.29471,19.16475
20445,Środa Wielkopolska,ul. 20 Października 2,52.22693,17.27125
20446,Środa Wielkopolska,ul. Dąbrowskiego 50,52.22599,17.28362
20461,Wietrzno,22a,49.60123,21.70415
20462,Iwla,22,49.55926,21.62326
20466,Dąbie,5a,51.22448,16.36343
20469,Prochowice,ul. Młyńska 3,51.27406,16.36634
20470,Bolków,ul. Bolka 8C,50.91906,16.09838
20471,Kaczorów,pl. Pollaka 14,50.90915,15.957
20472,Lipa,69,50.97163,16.01825
20473,Sady Górne,94,50.88664,16.16784
20479,Kraków,ul. Seweryna Goszczyńskiego 44,50.03712,19.99225
20484,Bogucin,64,51.3309,22.35858
20491,Wrocław,ul. ks. Marcina Lutra 2-8,51.12759,16.98392
20512,Staszów,ul. Wysoka 39,50.55869,21.16816
20513,Wrocław,ul. Inflancka 13,51.14418,17.13105
20534,Głojsce,ul. Szkolna 7,49.56427,21.61323
20536,Białousy,59,53.40803,23.21763
20551,Zaklików,ul. Sandomierska 56,50.75716,22.09406
20559,Rożental,140A,53.56884,19.76926
20590,Modliszewice,ul. Franciszka Gasińskiego 2,51.20555,20.36892
20591,Nowy Dziebałtów,85,51.14254,20.33872
20599,Gdańsk,ul. Otomińska 72,54.33995,18.5085
20631,Łęki Dukielskie,74,49.60514,21.66899
20640,Tuszewo,24,53.47307,19.76522
20645,Bożejowice,1,51.24437,15.54055
20651,Niepla,195,49.78326,21.61008
20652,Mrowiny,ul. Szkolna 6,50.94761,16.52397
20654,Zawiercie,ul. Ignacego Paderewskiego 49,50.48063,19.44156
20656,Aleksandrów Łódzki,ul. Bankowa 7/11,51.81784,19.30559
20672,Kraków,ul. Ludwika Rydygiera 20,50.00632,20.00599
20675,Osobnica,389,49.69641,21.3996
20678,Ujkowice,159,49.8382,22.72255
20681,Nehrybka,188A,49.75293,22.80419
20683,Grochowce,27,49.73103,22.75445
20685,Hermanowice,78,49.72314,22.8061
20689,Nowe Grodziczno,83,53.4099,19.75363
20691,Mroczno,22A,53.35445,19.70223
20698,Dźwirzyno,ul. Sportowa 27,54.15662,15.39996
20699,Drzonowo,13,54.09471,15.43414
20719,Stalowa Wola,ul. Wojska Polskiego 9,50.5774,22.05608
20720,Jareniówka,60,49.7556,21.44329
20721,Bratkowice,398,50.11495,21.85985
20723,Trzciana,168,50.07147,21.842
20725,Świlcza,336,50.07137,21.89759
20728,Leszczyny,ul. Świętokrzyska 72,50.87081,20.76985
20730,Skorzeszyce,ul. Szkolna 11,50.82955,20.87788
20733,Górno,ul. Szkolna 1,50.84962,20.82183
20735,Wola Jachowa,136,50.84253,20.86278
20749,Mroczków,25,51.13542,20.70208
20750,Brzeźnik,67,51.24334,15.46744
20774,Samsieczno,34A,53.21909,17.71109
20790,Łódź,ul. Zofii Nałkowskiej 2,51.73577,19.50239
20826,Strzelce Opolskie,ul. Kardynała Stefana Wyszyńskiego 2,50.51061,18.28419
20828,Jasionka,74,49.54636,21.72998
20829,Złotowo,66,53.51804,19.81193
20866,Tylawa,26,49.46458,21.69447
20876,Trzciana,289,50.30177,21.34136
20877,Wrocław,ul. Sołtysowicka 34,51.14675,17.07293
20889,Kraśnik Dolny,47,51.30791,15.60793
20890,Wrocław,ul. Osobowicka 127,51.14255,16.9902
20905,Burgrabice,140,50.35473,17.27844
20910,Kędzierzyn-Koźle,ul. Kościelna 19,50.34716,18.20996
20932,Kruszyn,ul. Kasztanowa 1,51.26031,15.61888
20936,Ocice,55,51.20123,15.49245
20953,Jarnołtówek,109,50.28319,17.42212
20957,Żeliszów,102,51.18801,15.63671
20961,Dąbrowa Bolesławiecka,43,51.3257,15.57328
20964,Wrocław,ul. Konstantego Ildefonsa Gałczyńskiego 8,51.05574,17.02697
20970,Wrocław,ul. Koszykarska 2-4,51.13737,16.95531
20973,Kozielice,73,53.10592,14.82341
20977,Wrocław,ul. Składowa 2-4,51.11935,17.027
20981,Ruda Śląska,ul. gen. Hallera 12,50.28864,18.87148
20983,Czersk,ul. Kościuszki 6,53.79543,17.96984
20985,Łąg,ul. Chojnicka 2a,53.82585,18.05804
20988,Draganowa,47,49.58955,21.62156
20993,Dąbroszyn,22,52.61793,14.7036
20994,Wrocław,ul. Ludwika Solskiego 13,51.0787,16.96554
20995,Lgota Mała,ul. Szkolna 1/3,50.98444,19.33768
21008,Kędzierzyn-Koźle,ul. Tadeusza Kościuszki 41,50.33869,18.1972
21016,Kruszyna,ul. Pocztowa 2,50.96753,19.27881
21017,Widzów,ul. Żwirki i Wigury 16,50.97276,19.38087
21019,Kraków,Osiedle Teatralne 35,50.07998,20.03419
21025,Gdańsk,ul. prof. Michała Siedleckiego 14,54.43066,18.46832
21026,Wrocław,ul. Rumiankowa 34,51.12104,16.92613
21029,Wodzisław,ul. Szkolna 4,50.51809,20.1894
21038,Lutcza,629,49.80547,21.8902
21040,Konieczkowa,58,49.8424,21.9256
21041,Niebylec,11,49.85877,21.90408
21050,Łada,118a,50.74246,22.63354
21053,Strupin Duży,122,51.09139,23.50276
21055,Staw,72,51.18641,23.39095
21057,Stołpie,11,51.16833,23.34833
21059,Uher,32,51.08008,23.40537
21061,Żółtańce-Kolonia,ul. Metalowa 89,51.12079,23.44372
21063,Okszów,ul. Chełmska 14,51.15936,23.49314
21070,Szebnie,222,49.76195,21.58998
21080,Tychowo,ul. Dworcowa 11,53.92519,16.25202
21082,Gwoźnica Górna,292,49.83086,21.99705
21084,Połomia,125,49.89741,21.87923
21086,Zawiercie,ul. Wierzbowa 4,50.49424,19.42788
21088,Tokary Pierwsze,43A,51.86721,18.52951
21089,Skarżyn,26 a,51.8965,18.43701
21107,Pleszew,ul. Bolesława Krzywoustego 4,51.88763,17.78076
21120,Strumień,ul. Młyńska 8,49.91339,18.75959
21126,Gdynia,ul. Władysława IV 54,54.51287,18.53722
21127,Dąbrowa Górnicza,ul. Konopnickiej 56,50.3324,19.19603
21138,Warzyce,205,49.7672,21.53932
21142,Ruda Śląska,ul. Gwarecka 2,50.26719,18.89417
21162,Kraków,ul. Eliasza Radzikowskiego 52,50.08348,19.90731
21177,Piotrawin,116,51.12108,21.80823
21187,Resko,ul. Bolesława Prusa 2,53.76976,15.39954
21191,Ścinawka Średnia,ul. Sikorskiego 34C,50.52287,16.49488
21192,Wambierzyce,ul. ks. Tadeusza Michalika 5,50.49053,16.45528
21194,Ścinawka Dolna,21A,50.49662,16.53596
21197,Radków,ul. Jagiellońska 5,50.50394,16.39595
21203,Zawiercie,ul. Filaretów 9,50.49366,19.49108
21205,Ruda Śląska,ul. Cypriana Norwida 10,50.31166,18.85655
21208,Konojad,ul. Szkolna 15,52.16164,16.53785
21209,Przyrów,ul. Szkolna 44,50.80564,19.52734
21213,Dąbrowa Górnicza,ul. Aleja Józefa Piłsudskiego 24,50.32858,19.21795
21215,Zbytowa,59a,51.11507,17.43067
21219,Zręcin,ul. Łukasiewicza 31,49.66512,21.69118
21223,Kędzierzyn-Koźle,ul. 1 Maja 3,50.34521,18.21591
21226,Stary Las,56a,50.38081,17.4099
21228,Polski Świętów,74a,50.38809,17.35214
21240,Ruda Śląska,ul. Bytomska 8,50.32062,18.87992
21249,Przeworsk,ul. Gorliczyńska 148,50.08474,22.49322
21257,Huta-Dąbrowa,ul. Hutnicza 30,51.81085,22.0475
21269,Zaduszniki,4,50.46452,21.46744
21270,Czarne,7,52.78715,19.25685
21273,Kamieniec,ul. Stawowa 28,52.16529,16.45451
21274,Stare Juchy,ul. Mazurska 11,53.92015,22.17045
21279,Kędzierzyn-Koźle,ul. Jurija Gagarina 3,50.34444,18.22431
21282,Piotrkowice,27,52.35398,18.34374
21283,Ostrowąż,21,52.41897,18.23536
21284,Szyszyńskie Holendry,162,52.3992,18.30439
21285,Licheń Stary,ul. Konińska 48,52.31565,18.35443
21289,Wąsosze,73,52.33293,18.31493
21291,Parzęczewo,25,52.14362,16.43535
21298,Dąbrowa Górnicza,ul. Gustawa Morcinka 4,50.33499,19.21359
21299,Michałów,ul. Laurowa 54,50.70955,19.09207
21301,Różanystok,13B,53.6333,23.40491
21318,Tapin,134,49.90733,22.68255
21337,Kolonia Poczesna,ul. Szkolna 2,50.7129,19.15374
21347,Kędzierzyn-Koźle,ul. Aleja Partyzantów 30,50.33602,18.19972
21348,Sternalice,8,50.97041,18.56223
21350,Łękawica,ul. Sportowa 5a,49.72034,19.26381
21368,Kościeliska,28,50.97392,18.5054
21370,Ruda Śląska,ul. 1 Maja 173,50.2587,18.85834
21385,Ruda Śląska,ul. Główna 1,50.27625,18.86003
21387,Golasowice,ul. Z. Nałkowskiej 2,49.91207,18.68097
21389,Krzyżowice,ul. Szkolna 7,49.98623,18.67528
21409,Kraków,ul. Mirtowa 2,49.984,19.94999
21411,Kraków,ul. Basztowa 8,50.06634,19.93771
21422,Mikorzyn,ul. Papieska 5,51.36465,18.02645
21425,Myjomice,ul. Jana Pawła II 5,51.32515,18.02668
21483,Kobylany,187,49.60743,21.64549
21504,Wrocław,ul. Strachocińska 155-157,51.103,17.15464
21509,Wrocław,ul. Suwalska 5,51.1538,16.92844
21515,Wrocław,ul. Częstochowska 42,51.13475,16.88708
21517,Cieklin,337,49.64542,21.38727
21518,Dębowiec,500,49.6861,21.46274
21519,Dobrynia,53,49.63396,21.40986
21524,Zarzecze,143,49.67742,21.4806
21528,Rudna Wielka,60,50.08719,21.95374
21530,Wrocław,ul. Stanisławowska 38-44,51.09521,16.95083
21535,Wąbrzeźno,ul. Tysiąclecia 1,53.28576,18.9448
21536,Wrocław,ul. Wietrzna 50,51.07426,16.98979
21537,Wrocław,ul. Wieczysta 105,51.08661,17.03985
21548,Tychy,Plac Wolności 4,50.13212,18.97861
21549,Cisna,58,49.20795,22.32584
21571,Nowy Sącz,ul. 29 Listopada 22,49.60318,20.71318
21587,Piotrków Kujawski,ul. Włocławska 37,52.551,18.50465
21590,Reda,ul. Cypriana Kamila Norwida 59,54.59619,18.35984
21607,Markowice,28,52.70604,18.21873
21608,Strzelno,ul. Kardynała Wyszyńskiego 2,52.62791,18.164
21619,Kraków,ul. Urzędnicza 65,50.07414,19.92122
21660,Gaboń,67,49.53173,20.56054
21662,Gołkowice Górne,65,49.54342,20.57612
21663,Popowice,115,49.54222,20.66762
21677,Wrocław,ul. Kłodnicka 36,51.12334,16.98016
21688,Kraków,ul. Porzeczkowa 3,50.10225,19.94428
21722,Nysa,ul. Emilii Gierczak 8,50.47162,17.33265
21723,Nysa,ul. 11 Listopada 6,50.46033,17.33702
21724,Nysa,ul. Bohaterów Warszawy 7,50.47388,17.32828
21733,Brzeziny,ul. Wrocławska 17,51.59334,18.25266
21758,Gowino,ul. Wejherowska 60,54.57573,18.19963
21760,Gromnik,ul. Witosa 4,49.8402,20.96046
21768,Krzywda,ul. Osiedlowa 5,51.79427,22.19798
21777,Strzeleczki,ul. Sienkiewicza 37,50.45888,17.85797
21782,Wielgie,ul. Szkolna 5,52.74585,19.2604
21785,Kraków,ul. Aleksandra Fredry 65,50.02106,19.94236
21805,Toruń,ul. Jurija Gagarina 36,53.01727,18.56536
21806,Osobnica,99,49.69893,21.40348
21808,Żytniów,29,51.01417,18.57181
21815,Modlna,29,51.97657,19.38025
21818,Lubosz,ul. Powstańców Wielkopolskich 1,52.5289,16.18315
21825,Wrocław,ul. Grochowa 36-38,51.09707,17.00351
21828,Bachowice,ul. ks. Gołby 1,49.96664,19.49382
21842,Kłomnice,ul. Szkolna 1,50.92428,19.36138
21844,Rzerzęczyce,ul. Skrzydlowska 91,50.88985,19.33563
21861,Solca Wielka,58,51.98745,19.23061
21863,Cieciułów,19,51.0014,18.62182
21871,Giebło,ul. Edukacyjna 6,50.47934,19.60251
21880,Trzcinica,72,49.73325,21.40777
21883,Mirowszczyzna,43,51.0301,18.64359
21887,Maciejowa,83,49.52981,20.82104
21893,Leśmierz,17,52.02356,19.28333
21894,Wrocław,ul. Rafała Krajewskiego 1,51.10958,17.09549
21924,Toruń,ul. Zygmunta Krasińskiego 45/47,53.0108,18.58695
21927,Stojeszyn Pierwszy,5,50.75894,22.26789
21928,Wierzchowiska Drugie,165,50.79426,22.40779
21930,Modliborzyce,ul. Ogrodowa 2,50.75541,22.32468
21942,Dąbrowa Górnicza,ul. Jaworowa 6,50.31743,19.17675
21949,Komorniki,ul. Szkolna 4,50.43354,17.90062
21957,Podzamcze,ul. Szkolna 6,50.45159,19.54539
21972,Racławiczki,ul. Szkolna 6,50.46931,17.79278
21981,Stalowa Wola,ul. Energetyków 18,50.54357,22.08356
21984,Spiczyn,8,51.33985,22.75556
21989,Zielina,ul. Prudnicka 8,50.44079,17.79885
21992,Opacie,b/n,49.76133,21.39632
21998,Paszkówka,ul. Wadowicka 38,49.93961,19.67813
21999,Sosnowice,ul. Szkolna 1,49.93979,19.71405
22011,Wierzbica Górna,39A,51.03018,17.98109
22014,Aleksandrów Łódzki,ul. Ludwika Waryńskiego 22/26,51.81553,19.3096
22017,Mikołajki Pomorskie,ul. Szreibera 10-12,53.85337,19.16451
22019,Wola Rzędzińska,435B,50.03578,21.06336
22047,Czarne,ul. Parkowa 4,53.68115,16.94125
22048,Połoski,45A,51.94491,23.43822
22055,Dalachów,217,51.07625,18.58973
22079,Przytok,ul. Pałacowa 1,51.95539,15.62517
22092,Zagórów,pl. Szkolny 1,52.16737,17.89926
22093,Łukom,2,52.12909,17.84305
22107,Miodnica,54,51.69452,15.30217
22108,Bukowina Bobrzańska,45,51.59549,15.42364
22111,Kraków,ul. Myśliwska 64,50.04568,19.99248
22144,Strzelce Opolskie,ul. Sosnowa 3,50.51722,18.28489
22161,Srebrna,81,52.88813,22.14021
22190,Tarłów,ul. Rynek 42,51.00171,21.71487
22194,Białystok,ul. Transportowa 2,53.11242,23.12454
22200,Baczyna,ul. Szkolna 1,52.75695,15.1144
22209,Trzebień,ul. Leśna 9,51.39045,15.59959
22212,Ściechów,84,52.81302,14.99018
22235,Kraków,ul. Tyniecka 122,50.02951,19.85843
22242,Tworków,ul. Zamkowa 13,50.00841,18.23773
22245,Bieńkowice,ul. Szkolna 1,50.02524,18.21058
22248,Kępno,ul. Sienkiewicza 21,51.27608,17.9872
22269,Tworóg,ul. Szkolna 15,50.53303,18.72886
22274,Tarnów,ul. Gumniska 47,50.00793,21.00148
22275,Tarnów,ul. Jana Matejki 6,50.01471,20.98133
22284,Tursko,10,51.8786,17.93224
22293,Staniewice,61,54.43465,16.73259
22298,Stradunia,ul. Powstańców Śląskich 40,50.40928,18.04495
22326,Dąbrowa Górnicza,ul. Łęknice 35,50.34732,19.21493
22330,Krasne,742,50.05015,22.09204
22339,Szczecin,ul. Jodłowa 21,53.42981,14.50777
22347,Baranowo,29,53.82645,21.45247
22348,Głogów,ul. Aleja Wolności 74,51.66826,16.07423
22349,Głogów,Plac Mieszka I 22,51.64336,16.11259
22350,Głogów,ul. Tadeusza Kościuszki 18,51.65596,16.07886
22351,Głogów,ul. Ignacego Daszyńskiego 11,51.65952,16.08851
22352,Głogów,ul. Andromedy 62,51.65349,16.06293
22353,Głogów,ul. Mikołaja Gomółki 43,51.65267,16.07425
22354,Głogów,ul. Akacjowa 10,51.6531,16.12663
22355,Głogów,ul. Królewska 12,51.64742,16.10081
22384,Ryczów,ul. Szkolna 18,49.9802,19.54399
22396,Rzeczenica,ul. Przechlewska 6,53.75739,17.11214
22400,Elbląg,ul. Józefa Wybickiego 20,54.18874,19.39586
22420,Smarchowice Wielkie,ul. Brzegowa 58,51.04255,17.68818
22424,Świecie,ul. Sądowa 20,53.40894,18.45576
22431,Zakrzów,25A,51.19445,21.81431
22432,Zalesie,ul. Szkolna 10,52.03814,23.35923
22435,Trzcińsko-Zdrój,ul. 2 Lutego 3,52.96666,14.60785
22437,Rąbino,57,53.86848,15.94692
22442,Binczarowa,26,49.56292,20.9439
22472,Przyborów,136,50.04858,21.34234
22473,Róża,69,50.11522,21.28971
22483,Przyszów,ul. Jana Pawła II 64,50.48127,21.99614
22494,Kościerzyna,ul. Mestwina II 2,54.11854,17.99124
22507,Grybów,ul. Szkolna 1,49.62677,20.94201
22515,Lewin Brzeski,ul. Kościuszki 61,50.75481,17.61573
22533,Mikołajki,ul. Papieża Jana Pawła II 7,53.7999,21.58095
22544,Dąbrowa Górnicza,ul. Idzikowskiego 139 c,50.38958,19.31359
22560,Sokołów Dolny,91,50.72458,20.4393
22571,Elbląg,ul. Węgrowska 1,54.18445,19.40274
22579,Ryczów,ul. Armii Krajowej 26,50.42556,19.59277
22585,Kopytowa,59,49.66459,21.61172
22602,Dobrowo,24,53.98842,16.11754
22604,Radawnica,ul. Uniwersytecka 6,53.44719,16.98843
22605,Osina,54,53.60693,15.01201
22611,Elbląg,ul. Urocza 4,54.16926,19.40727
22653,Limanowa,ul. Marii Konopnickiej 4,49.70778,20.42274
22654,Dąbrowa Górnicza,ul. Mieszka I 20,50.40011,19.24957
22675,Niechlów,ul. Szkolna 23,51.68992,16.36681
22686,Maków,ul. Główna 4,51.94736,20.05037
22689,Dąbrowice,86,51.93207,20.10437
22699,Imielno,ul. Kościelna 3,50.58433,20.44292
22704,Słomków,ul. Główna 68,51.95023,20.00119
22713,Dąbrowa Górnicza,ul. Gołonoska 23,50.34975,19.32987
22722,Wola Makowska,25B,51.97638,20.05842
22723,Świerzowa Polska,ul. Szkolna 31,49.67614,21.69381
22727,Radlin,ul. Wiosny Ludów 287,50.03999,18.49903
22731,Brzostków,1,50.31393,20.9119
22732,Nowy Korczyn,ul. Partyzantów 13,50.29767,20.80213
22737,Stary Korczyn,85,50.29481,20.75153
22748,Raczyce,64,50.57975,20.88272
22760,Starachowice,ul. Ostrowiecka 134,51.0086,21.10619
22773,Elbląg,ul. Słoneczna 14,54.16263,19.40958
22779,Kotlin,ul. Marii Konopnickiej 22,51.91863,17.6455
22785,Parzew,6A,51.95555,17.68566
22788,Wola Książęca,103,51.95467,17.59976
22833,Czartowczyk,8,50.58231,23.60829
22838,Czerników,11,52.04337,19.41921
22854,Marcyporęba,ul. św. Floriana 19,49.94049,19.61908
22875,Rzeszów,ul. Jana III Sobieskiego 15,50.03927,22.00727
22880,Kłobuck,ul. Krzysztofa Kamila Baczyńskiego 2,50.909,18.9381
22887,Morakowo,54,52.91958,17.34102
22889,Panigródz,24,52.95713,17.3989
22891,Smogulec,13,53.02976,17.32782
22906,Ligota Polska,3,51.23989,17.54203
22907,Kłodzko,ul. Jana Pawła II 4,50.43733,16.64651
22910,Tuszów Narodowy,231,50.37027,21.46329
22918,Kościerzyna,ul. Kalinowa 37,54.1162,17.95586
22933,Trawniki,606,51.13651,22.99807
22946,Warnice,30,53.25388,14.99488
22955,Katowice,ul. Wincentego Witosa 18,50.25898,18.96986
22964,Jaślany,432,50.39812,21.48435
22969,Katowice,ul. Wincentego Witosa 18,50.25898,18.96986
22977,Dąbrowa Górnicza,ul. Żołnierska 188,50.34507,19.45529
23003,Starachowice,ul. Stanisława Moniuszki 117,51.03007,21.04773
23006,Perlejewo,12,52.56739,22.56396
23007,Daleszyn,76,51.91825,16.9714
23008,Gola,17,51.87105,16.94475
23009,Kunowo,ul. Szkolna 5,51.93673,17.0139
23010,Siemowo,102,51.90147,16.89448
23011,Sikorzyn,16B,51.83018,16.98265
23014,Białowieża,ul. Stoczek 2,52.70242,23.85086
23023,Pawonków,ul. Szkolna 1,50.68472,18.57523
23025,Dąbrowa Górnicza,ul. Górna 1,50.3289,19.38425
23029,Ligota Mała,15,51.14241,17.3655
23049,Gnojno,148,50.60394,20.84012
23058,Kośmidry,ul. Szkolna 3,50.66481,18.56794
23063,Łódź,ul. dr. Seweryna Sterlinga 24,51.77559,19.46945
23065,Łódź,al. Harcerzy - Zatorowców 6,51.79549,19.39054
23067,Łódź,ul. Łęczycka 23,51.74635,19.48435
23068,Łódź,ul. Janusza Kusocińskiego 116,51.74742,19.38783
23069,Łódź,ul. Wiosenna 1,51.72482,19.45296
23070,Łódź,ul. Stanisława Przybyszewskiego 15/21,51.7431,19.46594
23071,Łódź,ul. Hufcowa 20a,51.75027,19.40491
23072,Łódź,ul. Juliusza Jurczyńskiego 1/3,51.76071,19.54549
23073,Łódź,ul. inż. pilota Wigury 8/10,51.75658,19.46184
23074,Łódź,al. Ks. Kardynała Stefana Wyszyńskiego 100,51.74191,19.38855
23075,Łódź,ul. Gdańska 16,51.77519,19.44934
23076,Łódź,ul. Ciesielska 14a,51.78893,19.44679
23077,Łódź,ul. Kpt. Stefana Pogonowskiego 27/29,51.7705,19.44199
23078,Łódź,ul. Przędzalniana 70,51.75505,19.48384
23080,Łódź,ul. Rysownicza 1/3,51.79711,19.45803
23081,Łódź,ul. Michała Lermontowa 7,51.75634,19.5456
23082,Łódź,ul. Mieczysławy Ćwiklińskiej 9,51.75597,19.53725
23083,Łódź,ul. Generała Tadeusza Kutrzeby 4,51.78522,19.43328
23084,Łódź,ul. płk. dr. St. Więckowskiego 35,51.77222,19.44715
23085,Łódź,ul. Szpitalna 9,51.76503,19.50392
23086,Łódź,ul. Krochmalna 21,51.73456,19.48558
23087,Łódź,ul. Ksawerego Praussa 2,51.77565,19.41334
23088,Łódź,ul. Rajdowa 18,51.75087,19.41289
23089,Łódź,ul. Przyszkole 42,51.73225,19.44647
23090,Łódź,ul. Janusza Kusocińskiego 100,51.74837,19.39074
23098,Starachowice,ul. Oświatowa 5,51.05413,21.07627
23103,Łódź,ul. Bojowników Getta Warszawskiego 3,51.78237,19.45742
23104,Łódź,ul. kpt. pilota Żwirki 11/13,51.75568,19.45287
23105,Łódź,ul. Rydzowa 15,51.79716,19.3732
23106,Łódź,ul. Konstantego Ciołkowskiego 11a,51.72823,19.46273
23108,Myślachowice,ul. Trzebińska 15,50.18377,19.47749
23114,Starachowice,ul. Leśna 2,51.05233,21.08867
23115,Bolęcin,ul. Zakopiańska 14,50.11365,19.47798
23118,Psary,ul. Szkolna 17,50.17463,19.53399
23122,Dulowa,ul. Paderewskiego 65,50.15026,19.52136
23124,Starachowice,ul. Słoneczna 1a,51.04819,21.08582
23128,Boronów,ul. Poznańska 2,50.67593,18.90757
23143,Starachowice,ul. Ignacego Prądzyńskiego 2,51.03752,21.06154
23146,Kraków,ul. Józefa Dietla 70,50.05584,19.94438
23163,Kraków,ul. Mazowiecka 70,50.07591,19.92249
23185,Teodorówka,64,50.69504,22.74823
23191,Kwilcz,ul. Kardynała Stefana Wyszyńskiego 20,52.55194,16.08479
23194,Spytkowice,ul. Szkolna 14,49.99632,19.50731
23195,Tychy,ul. Stefana Czarnieckiego 22,50.12019,18.98183
23197,Tychy,al. Niepodległości 190,50.11062,19.00139
23203,Bąkowice,ul. Szkolna 6,50.93263,17.7014
23204,Dąbrowa,ul. Parkowa 4,50.97109,17.79902
23217,Trzcianka,ul. Spokojna 2,53.04335,16.46307
23233,Muszyna,ul. Kościuszki 54,49.33299,20.90947
23237,Piława Górna,ul. Tadeusza Kościuszki 1,50.68084,16.75448
23242,Przewale,3,50.61345,23.64103
23244,Łódź,ul. Wróbla 5,51.78512,19.44129
23245,Łódź,ul. Antoniego Mackiewicza 9,51.7954,19.4352
23254,Łódź,ul. Podmiejska 21,51.73614,19.47507
23256,Łódź,ul. Marcina Kasprzaka 45,51.77833,19.42768
23264,Tyszowce,ul. Kościelna 25,50.6125,23.70561
23265,Błogie Rządowe,39,51.38816,19.9652
23266,Bukowiec nad Pilicą,34,51.41917,20.0235
23267,Boruszowice,ul. Szkolna 2,50.51106,18.77311
23280,Radlin,ul. Józefa Rymera 170,50.04691,18.44952
23295,Sokolniki,ul. Szkolna 1,51.3068,18.32433
23297,Dobrzyca,ul. Szkolna 4a,51.86734,17.59791
23298,Zielona Góra,ul. Drzonków-Szkolna 2,51.90174,15.57104
23299,Zielona Góra,ul. Ochla-Szkolna 1,51.8786,15.47375
23300,Zielona Góra,ul. Przylep-8 Maja 6,51.96525,15.45755
23301,Zielona Góra,ul. Stary Kisielin-Szkolna 14,51.93554,15.58273
23302,Zielona Góra,ul. Zawada-Szkolna 24,51.99302,15.55677
23323,Miączyn,50A,50.73719,23.49882
23326,Kotlice,190,50.70734,23.58486
23332,Muchówka,135,49.85629,20.44992
23341,Walichnowy,ul. Szkolna 28A,51.29973,18.3759
23353,Sierosławice,53,50.14112,20.46206
23376,Kościerzyna,ul. Marii Skłodowskiej-Curie 19,54.1214,17.96706
23389,Łódź,ul. Wspólna 5/7,51.79495,19.44851
23390,Łódź,ul. Pryncypalna 74,51.72152,19.46862
23391,Łódź,ul. Zamknięta 3,51.7202,19.49139
23392,Łódź,ul. Stefana Jaracza 44/46,51.77383,19.46579
23399,Radlin,ul. mjr. Piotra Iwanowicza Rogozina 55,50.05137,18.47495
23403,Łódź,ul. Unicka 6,51.7331,19.46632
23404,Łódź,ul. Milionowa 64,51.75558,19.51995
23405,Łódź,ul. Ratajska 2/4,51.81092,19.37362
23416,Bielsko-Biała,ul. Karpacka 150,49.80008,19.01761
23419,Bielsko-Biała,ul. Cypriana Kamila Norwida 30,49.82364,19.06626
23426,Wylatowo,29,52.60976,17.93518
23427,Strzelce,15,52.67574,18.10028
23428,Wszedzień,7,52.6996,17.9648
23429,Marcinkowo,72,53.69188,20.65744
23452,Przedmieście Dubieckie,140,49.83677,22.37253
23457,Czarnocin,ul. Główna 134,51.59066,19.68204
23482,Łódź,ul. Centralna 40,51.80584,19.48136
23483,Łódź,ul. Jesionowa 38,51.82042,19.42381
23525,Miejsce Piastowe,ul. Szkolna 24,49.63587,21.78258
23528,Starachowice,ul. Aleja Armii Krajowej 1,51.04318,21.08562
23543,Skaratki,44A,52.0298,19.78713
23547,Jemielno,41A,51.52346,16.54036
23548,Irządze,27,50.63147,19.70529
23558,Rumia,ul. Kujawska 8A,54.56669,18.41685
23571,Grzybowo,32,52.91478,20.56758
23580,Racibórz,ul. Kornela Makuszyńskiego 1,50.05729,18.19518
23589,Malinie,220,50.34689,21.46246
23598,Szumowo,ul. Szkolna 14,52.91362,22.09679
23604,Goleniów,ul. Szarych Szeregów 14,53.56202,14.83648
23617,Lębork,ul. Mireckiego 10,54.53892,17.73905
23630,Kamieniec,ul. Gliwicka 3,50.4001,18.71369
23635,Dąbrowa Górnicza,ul. Aleja Zwycięstwa 77,50.38155,19.24797
23658,Izbiska,71,50.25226,21.24825
23668,Milejczyce,ul. Szkolna 2,52.51889,23.13642
23670,Dąbrowa Górnicza,ul. Uczniowska 24,50.42432,19.2585
23673,Wadowice Dolne,65,50.273,21.24823
23693,Żukowo,ul. Klasztorna 18,54.34102,18.36339
23696,Bielsko-Biała,ul. Dywizji Kościuszkowskiej 2,49.81402,19.00462
23697,Bielsko-Biała,ul. Antoniego Osuchowskiego 8,49.82505,19.03392
23698,Bielsko-Biała,ul. Emilii Plater 3,49.81912,19.02525
23699,Bielsko-Biała,ul. Kazimierza Brodzińskiego 3,49.81561,19.01837
23701,Bielsko-Biała,ul. Józefa Piłsudskiego 47,49.82538,19.05629
23702,Bielsko-Biała,ul. Lipnicka 226,49.81848,19.08411
23703,Bielsko-Biała,ul. Teofila Aleksandra Lenartowicza 17,49.81198,19.06124
23704,Bielsko-Biała,ul. Żywiecka 239,49.78782,19.0722
23705,Bielsko-Biała,ul. Pocztowa 28a,49.7853,19.05022
23706,Bielsko-Biała,ul. Złoty Potok 7,49.7979,19.09507
23707,Bielsko-Biała,ul. Zofii Kossak-Szczuckiej 19,49.81297,19.02604
23708,Bielsko-Biała,ul. Wyzwolenia 343,49.85062,19.09334
23709,Bielsko-Biała,ul. Czereśniowa 20,49.85176,19.04208
23710,Bielsko-Biała,ul. Zapłocie Duże 1,49.82388,19.01186
23711,Bielsko-Biała,ul. Cieszyńska 393,49.80731,18.98358
23712,Bielsko-Biała,ul. Łagodna 26,49.80457,19.06369
23713,Bielsko-Biała,ul. Doliny Miętusiej 5,49.80324,19.03448
23728,Nowe Brzesko,ul. Krakowska 29,50.13029,20.37345
23735,Zalesice,ul. Nadrzeczna 3,50.76975,19.49052
23736,Lidzbark Warmiński,ul. Szkolna 2,54.12206,20.58108
23759,Łęka Opatowska,ul. Szkolna 4,51.2138,18.10462
23762,Opatów,ul. Poznańska 7,51.2134,18.14605
23775,Oświęcim,ul. Królowej Jadwigi 12,50.03504,19.22245
23776,Oświęcim,ul. Jędrzeja Śniadeckiego 26,50.03651,19.23968
23782,Wampierzów,81,50.28982,21.27565
23795,Chełmno,ul. 22 Stycznia 4,53.34718,18.42241
23800,Chomentów,72,50.68044,20.5333
23801,Lipa,6a,50.66579,20.5581
23802,Sobków,ul. Źródłowa 4,50.6992,20.45934
23830,Siemianice,ul. Szkolna 2,51.18329,18.14509
23841,Oświęcim,ul. Eugeniusza Kalicińskiego 5,50.03675,19.20399
23847,Kandyty,77,54.31408,20.37164
23852,Rzeczyca Długa,176,50.6377,22.06277
23856,Biskupice,ul. Józefa Piłsudskiego 15,51.15168,22.94971
23868,Wrocław,ul. Stalowowolska 24,51.09113,16.99906
23917,Myszków,ul. Pińczycka 2,50.54908,19.29194
23921,Oświęcim,ul. Aleja Juliusza Słowackiego 2A,50.02719,19.24136
23927,Zabrze,ul. Józefa Lompy 78,50.28708,18.81405
23928,Zabrze,ul. ks. Doktora Antoniego Korczoka 98,50.30017,18.83911
23929,Zabrze,ul. Olchowa 2,50.30044,18.82291
23930,Zabrze,ul. Bytomska 26,50.31919,18.81816
23931,Zabrze,ul. Zamkowa 2,50.32536,18.82851
23932,Zabrze,ul. Johanna Pestalozziego 16,50.31135,18.74199
23933,Zabrze,ul. Tarnopolska 85,50.34081,18.77588
23934,Zabrze,ul. prof. Tadeusza Kotarbińskiego 18,50.3149,18.76309
23935,Zabrze,ul. Stanisława Ogórka 9,50.33772,18.76883
23936,Zabrze,ul. Ireny Kosmowskiej 43,50.36694,18.78654
23937,Zabrze,ul. Ludwiki Wawrzyńskiej 11,50.37872,18.80393
23938,Zabrze,ul. dr. Henryka Jordana 7,50.36562,18.79991
23939,Zabrze,Plac Warszawski 6,50.30412,18.78878
23945,Zabrze,ul. Filipiny Płaskowickiej 2,50.29363,18.81461
24016,Zabrze,ul. Konrada Sitki 55,50.26999,18.7916
24027,Buk,ul. Szkolna 12,52.35662,16.52259
24028,Szewce,ul. Bukowska 151,52.30331,16.5051
24031,Dobieżyn,ul. Powstańców Wlkp. 3,52.33102,16.5402
24036,Zaświatycze,46,,
24043,Padniewo,55,52.65712,17.87906
24067,Lidzbark Warmiński,ul. Lipowa 17a,54.1285,20.57818
24069,Złotoria,159A,53.1692,22.9437
24073,Baby,ul. Piotrkowska 20,51.5359,19.71249
24075,Gazomia Stara,29,51.49788,19.74207
24076,Jarosty,ul. Leśna 14,51.45607,19.68781
24094,Ciepłowody,ul. Szkolna 2,50.67323,16.90937
24103,Krupski Młyn,ul. Krasickiego 4,50.57674,18.62404
24111,Kwieciszewo,45,52.61954,18.03901
24119,Kłobuck,ul. Szkolna 1,50.90363,18.93847
24122,Lgota,ul. Południowa 138,50.84974,19.01438
24147,Goleniów,ul. Jodłowa 33,53.5421,14.86165
24155,Kraków,ul. Stroma 5,50.04172,19.94433
24157,Ożarów,160,51.31229,22.30836
24177,Ostrów Wielkopolski,ul. Partyzancka 15,51.64724,17.81237
24178,Ostrów Wielkopolski,ul. Bema 30,51.64608,17.78566
24179,Ostrów Wielkopolski,ul. Asnyka 26,51.63841,17.82792
24187,Krynica-Zdrój,ul. Marszałka Józefa Piłsudskiego 91,49.43119,20.95223
24189,Tylicz,ul. Kazimierza Wielkiego 9,49.39667,21.02627
24194,Ogrodzieniec,ul. Kościuszki 67,50.4513,19.51723
24232,Równe,ul. Długa 41,49.59369,21.71994
24262,Dukla,ul. Kościuszki 13,49.55281,21.68429
24266,Zawiercie,ul. Oświatowa 55,50.5082,19.4143
24272,Świątki,95,53.92764,20.24568
24295,Mała Słońca,ul. Długa 1,54.00395,18.8286
24335,Bieruń,ul. Krakowska 30,50.09063,19.09264
24336,Solec-Zdrój,ul. 1 Maja 18,50.37077,20.88935
24348,Starachowice,ul. 1 Maja 11,51.05605,21.05673
24358,Drelów,ul. Szkolna 11,51.91025,22.86913
24382,Bieruń,ul. Węglowa 11,50.07748,19.16664
24385,Zborów,ul. Zwierzyniec 3,50.38608,20.89685
24393,Pichlice,1,51.3282,18.3932
24410,Łęczyca,ul. Zachodnia 23,52.0592,19.18997
24411,Szóstka,8,51.87411,22.7793
24428,Księży Dwór,32,53.21649,20.13601
24437,Gródek,ul. Aleksandra i Grzegorza Chodkiewiczów 18,53.09343,23.67428
24444,Witów,119,49.33416,19.8252
24446,Dzianisz,ul. Szkolna 1,49.33284,19.8654
24449,Kościelisko,ul. Szeligówka 11,49.28994,19.88921
24453,Żerocin,32,51.94998,22.91212
24454,Goleniów,ul. Konstytucji 3 Maja 29,53.5612,14.83386
24456,Ostrów Wielkopolski,Aleja Słowackiego 33A,51.65502,17.81312
24460,Kielce,ul. Leopolda Staffa 7,50.88449,20.64807
24461,Chojne,ul. Główna 1,51.53839,18.8095
24470,Mastki,1,52.20816,19.87513
24474,Racibórz,ul. Cecylii 30,50.09995,18.23205
24526,Rokietnica,525,49.87564,22.63988
24567,Tuligłowy,19A,49.89157,22.60036
24568,Wadowice Górne,133E,50.26113,21.2846
24569,Jamy,81,50.2427,21.2011
24572,Dankowice,ul. Szkolna 4,49.93309,19.10322
24573,Pisarzowice,ul. św. Floriana 28,49.8775,19.14073
24582,Stary Sącz,ul. Mickiewicza 59,49.55731,20.63694
24591,Ostrów Wielkopolski,ul. Staroprzygodzka 112,51.62575,17.80095
24598,Opole,"ul. Majora ""Hubala"" 2",50.68121,17.95017
24600,Ostrów Wielkopolski,ul. Grabowska 1-3,51.65044,17.83016
24611,Rudy,ul. Rogera 2,50.1925,18.44765
24612,Lębork,ul. Jacka Malczewskiego 34,54.54603,17.74781
24628,Bieżyń,111,51.97895,16.93974
24635,Gołańcz,ul. Klasztorna 3,52.94582,17.30305
24648,Racibórz,ul. Kozielska 19,50.09932,18.21121
24683,Lidzbark Warmiński,ul. Polna 36,54.13639,20.58785
24684,Serokomla,ul. Warszawska 28,51.70039,22.33806
24705,Cianowice,ul. Szkolna 30,50.19675,19.87341
24716,Krzymów,ul. Główna 1,52.19591,18.44001
24724,Brzeźno,ul. Kwiatowa 20a,52.19452,18.3037
24727,Tarnówka,ul. Plac Szkolny 1,53.34008,16.85275
24752,Witoroż,2A,51.92123,22.99058
24767,Częstochowa,Aleja Jana Pawła II 126,50.81715,19.10197
24768,Opole,ul. Bogumiła Wyszomirskiego 6,50.64721,17.90886
24780,Białystok,ul. Kalinowa 5,53.15084,23.1281
24782,Toruń,ul. Rudacka 26/32,53.00583,18.64437
24785,Złota,121,50.66613,21.69395
24787,Skotniki,64,50.61219,21.64092
24788,Zawierzbie,67,50.64841,21.71206
24791,Smroków,44a,50.28086,20.0323
24804,Góra,ul. Jarocińska 6,51.97698,17.36949
24805,Nosków,ul. Szkolna 28,51.93587,17.39739
24806,Wojciechowo,1,51.94138,17.30465
24825,Złotoryja,pl. Niepodległości 7,51.12252,15.91528
24828,Złotoryja,ul. Wilcza 41,51.11497,15.90542
24889,Domaradz,349,49.78929,21.94436
24892,Golcowa,284,49.76556,22.0506
24903,Kraków,Osiedle Złotego Wieku 4,50.0976,19.99995
24940,Gostyń,ul. Stanisława Helsztyńskiego 8,51.87965,17.01642
24941,Gostyń,ul. Wrocławska 264,51.87785,17.01165
24942,Gostyń,ul. Graniczna 1,51.88558,17.0068
24954,Kraków,ul. Grzegorza Korzeniaka 18,50.07345,19.83362
24956,Kraków,ul. Janusza Meissnera 20,50.07462,19.97753
24976,Grudziądz,ul. Moniuszki 14,53.48479,18.75804
24977,Grudziądz,ul. Jaśminowa 2,53.50512,18.82811
24978,Grudziądz,ul. Sienkiewicza 24,53.49225,18.75422
24979,Grudziądz,ul. Dąbrówki 7,53.50188,18.77136
24999,Brzozie Lubawskie,43a,53.34251,19.56684
25001,Tereszewo,9a,53.38587,19.47031
25008,Trzcińsk,14,54.04604,18.5315
25009,Dąbrówka,ul. Starogardzka 47,53.90856,18.52865
25010,Rokocin,ul. Parkowa 2,53.94513,18.46687
25041,Hanulin,ul. Powstańców Wlkp. 1a,51.30894,17.9852
25042,Chełm,ul. Mikołaja Reja 54,51.13366,23.51089
25047,Barcin,ul. Plac 1 Maja 8,52.86383,17.94409
25048,Barcin,ul. Artylerzystów 13,52.85392,17.9444
25058,Gniew,ul. Gdańska 16,53.83673,18.82047
25069,Czchów,ul. Szkolna 2,49.83486,20.67491
25087,Doruchów,ul. Kaliska 5,51.41889,18.07856
25105,Ćmielów,ul. Długa 164,50.88836,21.51775
25128,Mycielin,42A,51.9514,18.24708
25130,Kostrza,ul. Stefana Żeromskiego 22,50.98219,16.26645
25146,Berest,14,49.50179,20.97437
25153,Kłocko,11,51.56741,18.68164
25157,Kościerzyna,ul. Szkolna 1,54.13008,17.97269
25160,Białobrzegi,75,53.80061,22.96839
25162,Toruń,ul. Osikowa 11,53.02459,18.64956
25172,Racibórz,ul. Kapitana Serafina Myśliwca 16,50.07444,18.26381
25174,Toruń,ul. Turystyczna 19,53.01722,18.6816
25175,Oleśnica,ul. Szkolna 9,50.45379,21.07004
25176,Piotrków Trybunalski,ul. Stronczyńskiego 1,51.40958,19.69401
25182,Jonkowo,ul. ks. Jana Hanowskiego 29,53.82598,20.30835
25184,Wrzesina,43,53.79441,20.25811
25186,Nowe Kawkowo,25,53.8576,20.20658
25192,Łódź,ul. Turoszowska 10,51.78997,19.41474
25193,Łódź,ul. Młynarska 42/46,51.79034,19.45791
25194,Łódź,ul. Pojezierska 10,51.7973,19.44011
25195,Łódź,ul. Rewolucji 1905 r. 22,51.77527,19.45974
25196,Łódź,ul. Rojna 58c,51.79261,19.37401
25197,Łódź,ul. Pomorska 138,51.77834,19.49028
25198,Łódź,ul. Emilii Plater 28/32,51.79299,19.47355
25203,Strzegom,ul. Brzegowa 1,50.9557,16.34968
25213,Stary Dzierzgoń,4,53.83906,19.40738
25214,Myślice,16,53.91073,19.50046
25219,Racibórz,ul. Wojska Polskiego 8,50.09162,18.21594
25221,Iłowa,ul. Piaskowa 2-2a,51.50185,15.20438
25225,Kozubszczyzna,40,51.22164,22.44777
25234,Racibórz,ul. Bojanowska 5,50.06758,18.19379
25276,Krzywin,ul. Królewiecka 42,53.08977,14.45782
25315,Konstantynów,ul. Nowa 2,52.2095,23.09035
25332,Zawiercie,ul. Wojska Polskiego 55,50.48703,19.41063
25346,Racibórz,ul. ks. Stanisława Staszica 12,50.08716,18.21903
25355,Radawiec Duży,145,51.20773,22.38704
25356,Rożyńsk Wielki,31,53.67509,22.23917
25362,Gdańsk,al. Legionów 3,54.38404,18.61459
25372,Garbatówka,9,51.35779,23.11321
25374,Głębokie,4,51.2893,23.10195
25375,Malinówka,62,51.26587,23.07319
25376,Stawek,5,51.277,23.20178
25378,Wojnowice,ul. Poznańska 5,52.33044,16.46642
25380,Błędów,20,52.19128,19.9625
25392,Skalbmierz,ul. ppor. Sokoła 55,50.31766,20.38988
25398,Motycz,33,51.23961,22.37885
25409,Racibórz,ul. Juliana Tuwima 1,50.07888,18.17194
25413,Łódź,ul. Dzwonowa 18/20,51.7114,19.44599
25425,Stasin,61,51.21313,22.47876
25427,Łódź,ul. Gościniec 1,51.70938,19.55293
25436,Łódź,ul. Florecistów 3b,51.74445,19.41018
25444,Nowy Sącz,ul. Towarowa 6,49.57959,20.66481
25457,Rozogi,ul. Rynek 13,53.48109,21.36223
25459,Klon,96,53.47111,21.27394
25466,Przezchlebie,ul. Szkolna 46,50.36667,18.67715
25469,Prostki,ul. 1 Maja 19,53.69436,22.43886
25471,Zemborzyce Tereszyńskie,2,51.18311,22.4619
25477,Bytom,ul. Szymały 124,50.39445,18.88578
25493,Złochowice,ul. Wesoła 3,50.92041,18.83175
25494,Iwanowice Duże,ul. Częstochowska 63,50.97245,18.80506
25495,Wilkowiecko,ul. Szkolna 1,50.95502,18.81938
25496,Opatów,ul. Szkolna 5,50.95463,18.82278
25497,Waleńczów,ul. Szkolna 19,50.92374,18.86589
25498,Zwierzyniec Pierwszy,ul. Szkolna 2,50.9385,18.7707
25518,Krosno Odrzańskie,ul. Moniuszki 30,52.05403,15.09052
25520,Krosno Odrzańskie,ul. Bohaterów Wojska Polskiego 21,52.04137,15.09862
25521,Krosno Odrzańskie,ul. Pułaskiego 3,52.05548,15.10723
25524,Radnica,146,52.05504,15.09721
25549,Kietrz,ul. Głowackiego 37,50.07909,18.01257
25551,Jasienica Rosielna,223,49.75029,21.93624
25565,Kłobuck,ul. Wincentego Witosa 21,50.91013,18.96998
25577,Gierałtowiec,42,51.17808,15.99211
25578,Rokitnica,35,51.12858,15.98282
25581,Wilków-Osiedle,ul. Szkolna 6,51.08389,15.94767
25586,Świebodzice,ul. Świdnicka 13,50.85836,16.32486
25595,Bytom,ul. Henryka Siemiradzkiego 9,50.34737,18.90214
25618,Kolbudy,ul. gen. Józefa Wybickiego 33,54.27815,18.47749
25634,Zawiercie,ul. Zarzecze 2,50.50491,19.39461
25680,Krępsko,ul. Szkolna 2,53.59626,14.74265
25692,Kołaczkowo,ul. Krakowska 1,52.21698,17.63077
25701,Dąbrowa Górnicza,ul. Aleja Józefa Piłsudskiego 4,50.32859,19.21418
25766,Grudziądz,ul. Kochanowskiego 19,53.49311,18.76959
25773,Wola,71a,52.93914,19.06587
25775,Łódź,ul. Senatorska 11,51.74701,19.47078
25789,Pogalewo Wielkie,12H,51.25863,16.63128
25804,Grudziądz,ul. Narutowicza 6,53.47952,18.74971
25806,Dobroń,ul. Sienkiewicza 39,51.63494,19.24484
25809,Lębork,al. Wolności 31,54.54426,17.74701
25823,Toruń,ul. Świętopełka 5,53.02416,18.6174
25827,Ostrów Wielkopolski,ul. Tuwima 12,51.65581,17.8214
25831,Ostrów Wielkopolski,ul. Batorego 2,51.6589,17.78829
25833,Ostrów Wielkopolski,ul. Świetlicowa 9,51.645,17.86349
25834,Ostrów Wielkopolski,ul. Ludwika Waryńskiego 29,51.64465,17.83095
25857,Drohiczyn,ul. Warszawska 51,52.40201,22.64807
25858,Mogilno Duże,21,51.60708,19.26011
25862,Rumia,ul. Górnicza 19,54.56014,18.39432
25865,Bytom,ul. Strażacka 2,50.34859,18.92288
25866,Bytom,ul. Bolesława Chrobrego 9,50.35061,18.92245
25867,Bytom,ul. Aleja Legionów 6,50.35352,18.91527
25871,Bielkówko,ul. Brunona Gregorkiewicza 11,54.26015,18.51325
25872,Kraków,ul. Wileńska 9B,50.08113,19.95519
25873,Kraków,ul. Feliksa Wrobela 79,50.04419,20.0659
25874,Kraków,ul. Erazma Jerzmanowskiego 6,50.01829,20.00711
25875,Bytom,ul. Królowej Jadwigi 2,50.34559,18.93216
25876,Bytom,ul. Jana Matejki 15,50.34811,18.92791
25891,Chełm,ul. Partyzantów 27A,51.12962,23.4785
25898,Chełm,ul. Wołyńska 1,51.13601,23.49132
25910,Gierałcice,154,50.34385,17.31639
25918,Raciszyn,ul. Działoszyńska 65,51.10147,18.86186
25928,Borkowo,ul. Akacjowa 2,54.29826,18.59578
25935,Czekanów,ul. Szkolna 26,50.34889,18.73516
25939,Boniowice,ul. Gliwicka 6,50.39812,18.71237
25940,Bogusza,195,49.56808,20.88761
25941,Bór Zajaciński,78,50.8482,18.68333
25942,Ziemięcice,ul. Szkolna 6,50.37022,18.70932
25946,Gózd,125,50.98339,20.76668
25954,Czyżów Szlachecki,2,50.82562,21.78496
25958,Królowa Polska,1,49.58765,20.82149
25987,Udanin,ul. Główna 19,51.03521,16.45752
25989,Olszany,138,50.91206,16.32992
26004,Prabuty,ul. Obrońców Westerplatte 11,53.75208,19.20713
26005,Obrzynowo,37,53.77753,19.26226
26006,Rodowo,14,53.82125,19.21102
26007,Trumiejki,42,53.67535,19.16804
26021,Narewka,ul. Nowa 4,52.83902,23.75898
26036,Łódź,ul. św. Franciszka z Asyżu 53,51.72721,19.42945
26037,Łódź,ul. Giewont 28,51.78083,19.53386
26038,Łódź,ul. Zakładowa 35,51.7416,19.56089
26039,Łódź,ul. Łupkowa 6,51.81514,19.49758
26043,Rusko,ul. Szkolna 29,51.90946,17.36066
26062,Annopole Stare,5A,51.66025,18.85654
26063,Strzegom,ul. Aleja Wojska Polskiego 3-5,50.96076,16.34995
26081,Wola Jasienicka,108,49.75478,21.89655
26082,Brzeg Dolny,ul. Wilcza 4,51.27185,16.70067
26087,Kłodzko,ul. H. Sienkiewicza 61,50.4394,16.6725
26091,Lipsk,ul. Szkolna 1,53.7308,23.40534
26092,Łódź,ul. Kuźnicka 12,51.70464,19.42504
26093,Łódź,ul. Tatrzańska 69a,51.74229,19.49242
26094,Łódź,ul. 28 Pułku Strzelców Kaniowskich 52/54,51.76336,19.4422
26095,Łódź,ul. Obrońców Westerplatte 28,51.78984,19.46733
26096,Łódź,ul. Okólna 183,51.84672,19.47394
26097,Łódź,ul. Władysława Anczyca 6,51.73412,19.49905
26105,Poniec,ul. Szkolna 8,51.76675,16.80491
26112,Maksymilianowo,ul. Szkolna 7,53.21535,18.03992
26126,Jurków,150,49.85221,20.69205
26132,Łódź,ul. Andrzeja Struga 24a,51.76447,19.45145
26133,Łódź,ul. Powszechna 15,51.7165,19.49237
26134,Łódź,ul. Walerego Wróblewskiego 65,51.7492,19.42525
26135,Niemcz,ul. Bydgoska 35,53.1813,18.03279
26173,Rzejowice,91,51.09496,19.69254
26194,Mogilno,ul. Sądowa 13,52.65522,17.95559
26196,Okrzeja,ul. Szkolna 1,51.74147,22.08504
26203,Dolsk,ul. Kościańska 4,51.98928,17.06139
26212,Brody,1,52.43827,16.2947
26224,Domosławice,24,49.86325,20.72635
26242,Miastkowo,ul. Łomżyńska 15,53.15193,21.82576
26255,Kluczbork,ul. Ligonia 12,50.9801,18.20847
26266,Łódź,ul. Szamotulska 1/7,51.78771,19.4242
26267,Łódź,ul. Napoleońska 7/17,51.77958,19.3848
26268,Łódź,ul. Miedziana 1/3,51.76183,19.47733
26270,Łódź,ul. Jaskrowa 15,51.80411,19.45415
26276,Pieski,45,54.36719,17.75721
26300,Gołdap,ul. Szkolna 4,54.30746,22.30584
26301,Gołdap,ul. 1 Maja 25,54.31837,22.31479
26302,Gołdap,ul. Tadeusza Kościuszki 25,54.30495,22.29493
26306,Grabowo,54,54.22612,22.23658
26315,Luboń,ul. Józefa Poniatowskiego 16,52.35014,16.86247
26331,Dąbrówka,ul. Malinowa 41,52.37589,16.73886
26341,Kliniska Wielkie,ul. Piastowska 11,53.46239,14.77431
26344,Luboń,ul. Żabikowska 40,52.3466,16.87909
26351,Wilczyce,177,50.74934,21.65669
26352,Łukawa,83,50.76271,21.70291
26359,Siemirowice,ul. Szkolna 15,54.39898,17.75866
26360,Wytrzyszczka,15,49.80255,20.65047
26368,Kańczuga,ul. Szkolna 5,49.98446,22.41383
26388,Luboń,ul. Jana Henryka Dąbrowskiego 2a,52.34802,16.89753
26396,Chmielinko,55,52.41666,16.19738
26401,Pogorzel,27,54.21363,22.41213
26416,Śrem,ul. Jana Kochanowskiego 2,52.08358,17.02117
26423,Racibórz,ul. Sudecka 2,50.08769,18.23705
26440,Sławoszewek,ul. Parkowa 12,52.38632,18.20024
26448,Luboń,ul. 1 Maja 10,52.33323,16.87989
26449,Szczecin,ul. Staromłyńska 13,53.42659,14.55448
26451,Łebunia,ul. Sportowa 7,54.44956,17.81615
26454,Strachocin,26,53.32349,15.09164
26462,Łódź,ul. Henryka Sienkiewicza 46,51.76371,19.46248
26463,Łódź,ul. Konstantego Ildefonsa Gałczyńskiego 6,51.73103,19.49208
26464,Łódź,ul. Pomorska 27,51.77715,19.46077
26465,Łódź,ul. Łanowa 16,51.79331,19.39949
26468,Zębowo,ul. Długa 1,52.46767,16.08562
26478,Leszno,pl. pl. Jana Amosa Komeńskiego 1,51.84071,16.57671
26479,Leszno,ul. Henrykowska 1,51.82524,16.57112
26480,Leszno,ul. Łowiecka 50c,51.86583,16.58463
26491,Skopanie,ul. Kardynała Wyszyńskiego 1,50.47461,21.5555
26495,Złotków,48,52.3966,18.13089
26503,Fredropol,42,49.69336,22.74815
26508,Maszewo Lęborskie,ul. Szkolna 5,54.4714,17.73242
26527,Koziegłowy,1,52.37335,18.09258
26528,Trzemeszno,ul. 1 Maja 11,52.55926,17.82071
26529,Pakosław,152,52.43458,16.24855
26544,Mochnaczka Wyżna,103,49.45127,20.98066
26548,Starachowice,ul. Iłżecka 39,51.04065,21.08966
26571,Porażyn,7,52.31034,16.35122
26576,Sowno,ul. Szkolna 4,53.41795,14.9075
26577,Szymonowo,15,53.85931,19.77656
26626,Nowy Sącz,ul. św. Ducha 2,49.62575,20.69277
26628,Nowy Sącz,ul. Jagiellońska 63,49.6151,20.69498
26656,Biała,ul. Kościelna 4,51.92954,19.44653
26661,Ostrów Wielkopolski,ul. Kościuszki 21,51.64198,17.81139
26666,Bytom,ul. Macieja Rataja 3,50.33562,18.86812
26667,Bytom,ul. Worpie 14-16,50.34951,18.87253
26668,Bytom,ul. Stanisława Wojciechowskiego 6,50.39523,18.87266
26669,Bytom,ul. Armii Krajowej 40,50.32504,18.9343
26670,Bytom,ul. Matki Ewy 9,50.35858,18.85225
26675,Krotoszyn,ul. Sienkiewicza 9,51.69405,17.43089
26683,Dakowy Mokre,ul. Szkolna 8,52.26769,16.48316
26684,Łódź,ul. Syrenki 19a,51.82413,19.44415
26685,Łódź,ul. Juliusza Kossaka 19,51.7385,19.49847
26686,Łódź,ul. Jacka Malczewskiego 37/47,51.72916,19.48493
26688,Łódź,ul. Małej Piętnastki 1,51.74459,19.50103
26689,Łódź,ul. Józefa Elsnera 8,51.75647,19.53105
26690,Łódź,ul. Jugosłowiańska 2,51.79292,19.58738
26693,Łódź,ul. Tadeusza Gajcego 7/11,51.73922,19.61045
26694,Łódź,ul. Dąbrówki 1,51.74376,19.56259
26695,Łódź,ul. Łozowa 9,51.82649,19.43119
26698,Kraszewice,ul. Plac Wolności 1,51.51525,18.22341
26699,Kuźnica Grabowska,106,51.50727,18.26535
26709,Pieniężno,ul. Ornecka 8,54.22934,20.12489
26722,Rudniki,87,52.34594,16.40186
26723,Zakopane,ul. Władysława Orkana 6,49.29188,19.95002
26734,Konin,ul. Kolejowa 2,52.23066,18.2473
26736,Łyszkowice,ul. Księstwa Łowickiego 11,51.98259,19.91287
26751,Popowo,1,54.47833,17.85538
26762,Dzierżysław,ul. Szkolna 4,50.04662,17.96796
26763,Besiekierz Rudny,20,51.9534,19.49066
26785,Grzędzice,ul. Gryfa 6,53.35916,14.97266
26786,Gryfice,ul. Sienkiewicza 10,53.91672,15.18535
26790,Wola Baranowska,ul. Szkolna 4,50.46258,21.56587
26792,Dąbrówka Wielka,ul. Główna 49,51.89128,19.4264
26812,Wojtkowa,40,49.57363,22.55281
26813,Bytom,ul. Tysiąclecia 7,50.39377,18.86805
26814,Krotoszyn,ul. 23 Stycznia 20,51.70321,17.43626
26815,Bytom,ul. Janusza Korczaka 1,50.40293,18.87358
26822,Konina,211,49.61253,20.12327
26845,Ośno Lubuskie,ul. Jeziorna 3,52.4574,14.87482
26854,Ińsko,ul. Poprzeczna 1,53.43896,15.55167
26899,Ustjanowa Górna,84,49.42376,22.55383
26903,Mosty,4,53.54905,14.95493
26909,Gieczno,ul. Szkolna 2,51.99392,19.45097
26925,Czerwionka-Leszczyny,ul. Broniewskiego 11,50.13969,18.62172
26939,Złotniki,ul. Opolska 40,50.60158,17.89241
26942,Zimnice Wielkie,ul. Szkolna 5,50.5597,17.93618
26948,Starogard Gdański,ul. Tadeusza Kościuszki 112,53.96398,18.54329
26952,Bydgoszcz,ul. Nowodworska 17,53.11818,17.99682
26960,Nowy Sącz,ul. św. Heleny 44,49.62734,20.67295
26989,Gowidlino,ul. Prymasa Wyszyńskiego 5,54.32399,17.79824
26991,Tuchlino,16B,54.31233,17.85555
26993,Szopa,8,54.36182,17.97378
26996,Kamienica Królewska,ul. Szkolna 19,54.3896,17.8905
27004,Suwałki,ul. Tadeusza Kościuszki 36,54.09737,22.92887
27007,Niedźwiedź,131,49.62458,20.08364
27016,Dąbrowica,78,50.48832,21.61712
27039,Bydgoszcz,ul. Pod Reglami 1,53.1638,18.1555
27041,Łódź,ul. Zbaraska 19,51.74121,19.50261
27042,Łódź,ul. Tuszyńska 31,51.73006,19.46834
27058,Łódź,ul. Aleksandrowska 159,51.80609,19.35527
27075,Kraków,ul. Romana Prawocheńskiego 7,50.06978,20.15719
27083,Chełm,ul. Rejowiecka 76,51.14486,23.45031
27098,Barczewo,ul. Wojska Polskiego 36,53.83537,20.69447
27105,Strzegom,ul. Adama Mickiewicza 1,50.96841,16.34885
27112,Stary Ochędzyn,55,51.29962,18.25821
27137,Osowo,ul. Wielewska 23,53.87277,17.89139
27143,Łódź,ul. Deotymy 7,51.73429,19.49139
27146,Dylaki,ul. Szkolna 5,50.73858,18.19037
27147,Krasiejów,ul. Szkolna 5,50.66682,18.24269
27153,Zawichost,ul. Szkolna 15,50.80825,21.86028
27168,Tereszpol-Zaorenda,ul. Szkolna 16,50.5792,22.87574
27194,Prandocin,64a,50.2661,20.09158
27216,Niepruszewo,ul. Starowiejska 26,52.38324,16.60554
27273,Łódź,ul. Józefa Babickiego 15,51.75164,19.40025
27278,Kołacin,105A,51.85312,19.81902
27292,Grotniki,ul. Brzozowa 4,51.89294,19.31177
27294,Wąbrzeźno,ul. Wolności 30,53.2766,18.94664
27298,Dobrzykowice,ul. Sukcesu 2,51.09085,17.18436
27302,Trzemeszno,ul. Jana i Jędrzeja Śniadeckich 18,52.55937,17.82616
27311,Turobin,ul. Józefa Piłsudskiego 34,50.82521,22.74479
27315,Rajcza,rynek Rynek 2,49.50478,19.10254
27319,Niedźwiedź,ul. Szkolna 11,50.22715,20.09385
27327,Ratowice,ul. Wrocławska 36,51.03411,17.26721
27337,Szczedrzyk,ul. ks. Maksymiliana Brolla 1,50.69736,18.15574
27355,Słowik,ul. Gdańska 42,51.92953,19.35233
27358,Katowice,ul. ks. Franciszka Ścigały 17,50.26513,19.03919
27363,Konin,ul. Kolska 2,52.20439,18.25446
27365,Biała Piska,ul. Moniuszki 7,53.61013,22.05165
27367,Skoraszewice,15a,51.73149,17.06331
27369,Pępowo,ul. Powstańców Wielkopolskich 44,51.75795,17.11373
27388,Liniewo,ul. Szkolna 2,54.07807,18.22127
27394,Kopienica,ul. 1 Maja 3,50.44923,18.6505
27397,Brzyszów,ul. Szkolna 2,50.79743,19.27999
27401,Kruchowo,1,52.60876,17.80946
27454,Waganowice,19,50.2318,20.13595
27456,Ozimek,ul. Częstochowska 26,50.68148,18.22123
27503,Gałków Duży,ul. Dzieci Polskich 14,51.7337,19.72461
27504,Koluszki,ul. Zagajnikowa 12,51.7486,19.81102
27508,Koluszki,ul. Kościuszki 16,51.74218,19.82302
27521,Makowisko,17,50.04619,22.81484
27522,Morawsko,203b,49.96887,22.70062
27523,Munina,ul. 3-go Maja 93,49.99778,22.72603
27524,Pełkinie,198,50.06294,22.62466
27525,Surochów,67a,50.0238,22.76343
27526,Tuczempy,ul. Jana Pawła II 11,49.97725,22.74449
27527,Wólka Pełkińska,137b,50.09279,22.60836
27604,Raków,ul. Łagowska 25,50.67951,21.05124
27629,Konopki-Monety,39,53.43038,22.14784
27630,Huwniki,"2,8",49.65329,22.70454
27634,Zduńska Wola,ul. Wodna 32,51.60955,18.93073
27636,Rogoźnica,ul. Parkowa 1,51.01214,16.28998
27641,Hrubieszów,ul. Żeromskiego 29,50.81329,23.88324
27673,Osjaków,ul. Częstochowska 24,51.2863,18.79036
27705,Ustrzyki Dolne,ul. Dobra 6,49.43245,22.58429
27707,Ustrzyki Dolne,ul. 29 Listopada 21,49.43074,22.594
27747,Zdziechowa,136,52.58675,17.56049
27749,Suwałki,ul. Wojska Polskiego 13,54.0901,22.92968
27779,Zakopane,ul. Chramcówki 27,49.30214,19.96142
27784,Ropienka,111,49.53626,22.50585
27790,Kościerzyna,ul. Strzelecka 1,54.1245,17.97506
27793,Rączki,30,53.41011,20.32858
27798,Murzynowo,ul. Kościelna 7,52.64186,15.44659
27816,Lubniewice,os. Słowiańskie 4,52.50818,15.2413
27820,Kamionka Wielka,162,49.56714,20.82887
27823,Napiwoda,25A,53.40823,20.48198
27825,Zakopane,ul. Cyrhla 57,49.29203,20.00987
27861,Iława,ul. gen. Władysława Andersa 7,53.58723,19.56501
27862,Iława,ul. Niepodległości 11A,53.59668,19.56187
27863,Iława,ul. Marii Skłodowskiej-Curie 31,53.58471,19.55846
27886,Poręba Wielka,222,49.60735,20.0618
27891,Bytom,ul. Chorzowska 28H,50.33503,18.93676
27892,Bytom,ul. Generała Grota-Roweckiego 6,50.33438,18.8898
27893,Bytom,ul. Zakątek 20,50.33854,18.89492
27894,Bytom,ul. Bolesława Prusa 10,50.35324,18.92875
27896,Bytom,ul. Reptowska 86,50.37298,18.85266
27897,Bytom,ul. Łużycka 12a,50.35297,18.89773
27912,Zakopane,ul. Harenda 21,49.32035,19.98063
27927,Namysłów,ul. Łączańska 1,51.07453,17.72873
27942,Szczytno,ul. Wojciecha Kętrzyńskiego 6,53.57109,20.9961
27944,Szczytno,ul. Bohaterów Września 1939 r. 2,53.56772,21.00835
27950,Goleniów,ul. Szczecińska 36,53.55875,14.81934
27954,Szczytno,ul. Marii Curie-Skłodowskiej 2,53.56078,20.99087
27957,Boguszyce,ul. Opolska 17,50.59175,17.93259
27965,Kawęczyn,49a,51.90873,18.53126
27967,Kowale Pańskie-Kolonia,34,51.93769,18.53452
27976,Łosiniec,23A,50.42587,23.29756
27979,Węgorzyno,ul. Grunwaldzka 2,53.53975,15.55957
27980,Skoki,ul. Poznańska 2,52.67093,17.14532
27987,Leszno,al. Aleje Jana Pawła II 10,51.84025,16.58263
27989,Leszno,ul. ks. Kardynała Stefana Wyszyńskiego 57,51.84665,16.55958
28007,Zaborowo,2,53.30161,20.36856
28017,Słobódka,9,54.25159,23.08621
28084,Łódź,ul. Krokusowa 15/17,51.77853,19.52319
28114,Piątek,ul. Szkolna 1,52.06915,19.48351
28119,Moszczenica,ul. Dworcowa 9,51.50211,19.70095
28155,Opalenie,ul. ks. Ludwika Warneckiego 10,53.74261,18.82008
28158,Cięcina,ul. Świętej Katarzyny 246,49.5937,19.15826
28161,Rojęczyn,17,51.73975,16.69478
28164,Rydzyna,ul. Wolności 14a,51.79058,16.66319
28167,Dąbcze,82,51.82227,16.65608
28171,Kotulin,ul. Gliwicka 13,50.46368,18.41555
28172,Paczyna,ul. Wiejska 80,50.40598,18.55621
28173,Pniów,ul. Szkolna 4/1,50.42456,18.6049
28174,Toszek,ul. Wilkowicka 2,50.45401,18.52745
28196,Nowe Rybie,138,49.78575,20.33242
28210,Sułkowice,ul. Tysiąclecia 17,49.84243,19.79239
28219,Nowy Dwór-Parcela,60,51.86317,20.28375
28220,Trzcianna,14,51.92039,20.25348
28222,Łódź,ul. Inżynierska 2/4,51.75145,19.44249
28227,Biedrusko,ul. 7 Pułku Strzelców Konnych 35,52.54093,16.94333
28228,Skrzatusz,ul. Rafała Leszczyńskiego 1,53.20492,16.57866
28251,Myszków,ul. Jedwabna 93,50.56697,19.34283
28252,Myszków,ul. Wapienna 2,50.59931,19.30268
28261,Bóbrka,ul. Ignacego Łukasiewicza 18,49.63282,21.70291
28268,Kniażyce,108A,49.71554,22.74823
28486,Chorkówka,199,49.64993,21.67412
28494,Złota,50,49.8735,20.69859
28497,Tworkowa,36,49.85295,20.65874
28500,Tymowa,376,49.85119,20.62118
28504,Krzyż Wielkopolski,ul. Wojska Polskiego 31,52.88174,16.00833
28524,Nasiedle,ul. Szkolna 6,50.04802,17.88899
28528,Leszno,ul. Jagiellońska 7,51.84402,16.58257
28529,Leszno,ul. Rumuńska 6ab,51.84601,16.60003
28530,Leszno,ul. Tadeusza Rejtana 1,51.83229,16.60215
28538,Łódź,ul. Wincentego Kadłubka 33,51.73079,19.50059
28539,Łódź,ul. Gdyńska 3,51.79636,19.43415
28563,Wilamów,50,52.04386,18.75974
28577,Koźliny,50,54.16289,18.80253
28584,Poznań,os. Przyjaźni 136,52.43041,16.92323
28591,Cieszyn,ul. Jana Matejki 3,49.75013,18.6342
28595,Krzywaczka,41,49.89035,19.82946
28599,Rudnik,ul. Szkolna 55,49.85464,19.83266
28608,Kąty,168,53.31604,21.93897
28628,Warta,ul. Świętojańska 5,51.70665,18.62396
28630,Rossoszyca,ul. Sieradzka 7,51.69998,18.79094
28646,Jabłowo,ul. Szkolna 5,53.92558,18.5751
28681,Zawda,14,53.5788,19.16175
28685,Szonowo,81A,53.51712,19.14909
28691,Racibórz,ul. Juliusza Słowackiego 48,50.08638,18.20691
28694,Wielenin-Kolonia,30A,52.01051,18.83487
28701,Sumin,38,53.9185,18.44643
28702,Oświęcim,ul. Budowlanych 68,50.03674,19.23391
28735,Sypniewo,ul. Szkolna 1,53.37014,17.32452
28737,Runowo Krajeńskie,58,53.32675,17.4508
28740,Więcbork,ul. Wyzwolenia 19,53.34643,17.48413
28741,Zakrzewek,25,53.37321,17.43576
28742,Marklowice Górne,ul. Szkolna 25,49.89174,18.57201
28744,Kończyce Małe,ul. Jagiellońska 56,49.8521,18.62926
28750,Zduńska Wola,ul. Spacerowa 90,51.59557,18.95239
28752,Biertowice,ul. Królewska 295,49.87286,19.79229
28754,Harbutowice,ul. Beskidzka 214,49.81004,19.77743
28757,Gdańsk,ul. Stanisława Worcella 44a,54.33866,18.62641
28764,Różanystok,2,53.63563,23.40407
28888,Działoszyn,ul. Ogrodowa 3a,51.12008,18.87242
28893,Trębaczew,ul. Szkolna 5,51.13088,18.91972
29035,Chechło Drugie,ul. Lipowa 1,51.6442,19.28656
29036,Ostrowsko,ul. Jana Pawła II 13,49.47464,20.09933
29061,Zabrzeg,ul. Karola Pytla 1,49.91583,18.94014
29065,Grabów,ul. Szkolna 4,52.22634,19.62188
29070,Godów,56,50.97072,21.18943
29071,Jadowniki,49,50.95467,21.07447
29072,Łomno,20,50.9113,21.043
29074,Okleśna,ul. Nowowiejska 3,50.02925,19.53535
29115,Mszalnica,127,49.6093,20.81415
29117,Wąsosz,Aleja Niepodległości 10,51.56656,16.69756
29118,Hrubieszów,ul. Listopadowa 12,50.80187,23.90148
29122,Waśniewo-Grabowo,4,53.25476,20.56727
29124,Wrzosowa,ul. Szkolna 4,50.74611,19.15238
29126,Słowik,ul. Podlaska 4,50.74731,19.17847
29140,Poręba Żegoty,ul. Szembeków 24,50.0577,19.56609
29141,Czerniewice,ul. Mazowiecka 88,51.65791,20.16394
29148,Pietrzwałd,94,53.58025,19.91713
29149,Szyldak,ul. Szkolna 12,53.62042,20.06885
29152,Zwierzewo,36,53.70901,20.04641
29159,Goryń,88,53.55386,19.27235
29162,Łęgowo,75,53.63658,19.29523
29163,Żychlin,ul. Łukasińskiego 21,52.24426,19.62985
29167,Krzątka,27,50.40175,21.82522
29178,Nowa Słupia,ul. Szkolna 10,50.85926,21.08475
29184,Oksa,ul. Pl. M. Reja 19,50.72788,20.10277
29189,Chorzów,ul. Józefa Ryszki 55,50.28541,18.95314
29196,Regulice,ul. Aleja Jana Pawła II 10,50.08494,19.53187
29203,Cieszyn,ul. Fryderyka Chopina 37,49.75582,18.63482
29212,Komorów,116,50.34706,21.73903
29218,Izabelów,50,51.62371,18.89643
29233,Jastrzębiec,17,53.3557,17.59805
29240,Trzemżal,56,52.54472,17.89475
29243,Sierakośce,36,49.65837,22.76495
29248,Zduny,ul. Łacnowa 26,51.64473,17.37851
29258,Wola Rusinowska,69,50.35849,21.82963
29261,Witosław,9,53.24124,17.48927
29263,Mordarka,204,49.69875,20.46117
29270,Wąsowo,ul. Lipowa 51,52.35702,16.24973
29284,Grudziądz,ul. Forteczna 29,53.50013,18.75745
29287,Rębielice Szlacheckie,93,51.02241,18.85565
29297,Haczów,593,49.66861,21.88935
29301,Chorzów,ul. Wolności 133,50.28595,18.93797
29308,Wojsławice,105,51.65142,18.91813
29322,Studzienice,ul. św. Jana Pawła II 74,50.01647,18.98269
29324,Wisła Wielka,ul. Hodowców 38,49.95292,18.853
29326,Czarków,ul. Powstańców Śląskich 25,50.01114,18.90952
29329,Gdańsk,ul. Tęczowa 6,54.34489,18.82932
29330,Piasek,ul. Szkolna 4,50.00948,18.94622
29333,Studzionka,ul. Henryka Jordana 3,49.96029,18.77481
29334,Wisła Mała,ul. Sokola 10,49.93351,18.79413
29349,Tomaszów Mazowiecki,ul. Leona Witolda May'a 11/13,51.52289,20.01019
29351,Tomaszów Mazowiecki,ul. Ludwikowska 113/115,51.51315,20.04341
29353,Tomaszów Mazowiecki,ul. Stolarska 21/27,51.52585,20.00749
29355,Tomaszów Mazowiecki,ul. Wiejska 29/31,51.52515,20.02093
29356,Tomaszów Mazowiecki,ul. J. U. Niemcewicza 50/56,51.53733,20.01944
29357,Tomaszów Mazowiecki,ul. Juliusza Słowackiego 32/42,51.52768,19.99869
29365,Krobanów,12C,51.59517,18.99664
29377,Stalowa Wola,ul. Romana Dmowskiego 9,50.56722,22.05242
29378,Stalowa Wola,ul. Prymasa Stefana Wyszyńskiego 14,50.56717,22.0702
29379,Budzyń,ul. Rogozińska 52,52.88466,16.9843
29382,Mikołów,ul. Zamkowa 1,50.17675,18.85412
29386,Starkówiec Piątkowski,2b,52.20857,17.41578
29402,Namysłów,ul. Władysława Stanisława Reymonta 56,51.07193,17.71422
29404,Namysłów,ul. Kazimierza Pułaskiego 22,51.0841,17.72329
29409,Wysoka,ul. Szkolna 4,53.18473,17.08908
29413,Kamienica Polska,ul. Adama Ferensa 12A,50.671,19.13106
29415,Topola,259,50.3048,20.44765
29427,Poznań,ul. Solna 12,52.41274,16.92721
29428,Poznań,ul. Solna 12,52.41274,16.92721
29452,Biadki,ul. Szkolna 3,51.67219,17.55314
29453,Gorzupia,ul. Lipowa 2,51.69222,17.51636
29455,Roszki,ul. Krotoszyńska 10,51.74231,17.59993
29456,Lutogniew,ul. Krotoszyńska 150,51.71742,17.37841
29457,Tomaszów Bolesławiecki,96,51.26141,15.6793
29497,Łódź,ul. Pomorska 83/85,51.77763,19.4736
29514,Trzebinia,ul. Styczniowa 47,50.17607,19.44945
29515,Trzebinia,Osiedle Gaj 39,50.20113,19.44046
29520,Cieszyn,ul. gen. Józefa Hallera 8,49.74165,18.64678
29524,Szczytnica,34,51.27984,15.71792
29534,Mrocza,ul. marsz. Józefa Piłsudskiego 4,53.24228,17.60106
29539,Rzeczyca,ul. Ks. Jędrzeja Kitowicza 4,51.59742,20.29388
29543,Libiąż,Plac Zwycięstwa 2,50.09958,19.30555
29557,Chorzów,ul. św. Piotra 9a,50.30475,18.94555
29572,Mystków,208,49.60447,20.78725
29578,Huta Komorowska,102,50.38889,21.71638
29596,Puchaczów,ul. Adama Mickiewicza 19,51.3079,22.97394
29642,Budziska,ul. Szkolna 12,50.20327,18.27625
29645,Kobierno,ul. Kobierska 3,51.7222,17.48481
29660,Skarbimierz-Osiedle,ul. Akacjowa 28,50.84516,17.4215
29676,Zakopane,ul. Skibówki 2d,49.28999,19.93128
29679,Gliwice,ul. Bałtycka 8,50.29166,18.63803
29684,Wiśniewa,14,53.43628,17.47001
29692,Baszków,34,51.67999,17.28464
29705,Śnieciska,ul. Kościelna 2,52.19292,17.18687
29708,Pyzówka,ul. Władysława Orkana 4,49.51402,19.93655
29712,Zabrze,ul. gen. Władysława Sikorskiego 74,50.28108,18.81444
29716,Zabrze,ul. ks. Jerzego Badestinusa 30,50.36376,18.76371
29719,Świnków,ul. Szkolna 4,51.68745,17.59397
29725,Zabrze,ul. Daleka 2,50.26197,18.75527
29732,Stalowa Wola,ul. Józefa Poniatowskiego 55,50.58186,22.06119
29733,Zabrze,ul. Cmentarna 7,50.30794,18.79238
29739,Zabrze,ul. Gwarecka 15,50.34016,18.83071
29759,Nadbory,1A,53.32095,22.44085
29760,Jedwabne,ul. Wojska Polskiego 17,53.28222,22.3088
29764,Nowy Tomyśl,ul. Wierzbowa 1,52.3124,16.13532
29779,Batorz Pierwszy,80,50.84979,22.49325
29790,Katowice,ul. Zofii Kossak-Szczuckiej 24,50.23369,18.98539
29807,Boruja Kościelna,ul. Szkolna 14,52.26679,16.12656
29823,Opalenica,ul. Poznańska 37,52.30925,16.41753
29837,Słupia pod Kępnem,ul. Szkolna 5,51.23971,18.04136
29839,Wytomyśl,ul. Szkolna 18,52.37776,16.17834
29846,Błażek,196,50.84566,22.42287
29853,Rywałd,ul. Szkolna 4,53.98383,18.61384
29873,Sątopy,ul. Szkolna 3,52.31755,16.20894
29895,Poznań,ul. Gołębia 8,52.40654,16.93447
29926,Kraków,ul. Jana i Jędrzeja Śniadeckich 12b,50.06005,19.95566
29940,Oleśnica,ul. Północna 16,51.21914,17.37049
29954,Kępno,ul. Tysiąclecia 1,51.28457,17.99033
29956,Chełm,ul. Synów Pułku 15,51.142,23.43981
29969,Sól,111,49.48976,19.05104
29974,Libiąż,ul. Świętej Barbary 5,50.09901,19.32392
29979,Hajnówka,ul. Działowa 1,52.72089,23.5723
29986,Zwardoń,2b,49.50571,18.98057
30003,Pszczyna,ul. ks. bp. Bogedaina 1,49.97538,18.94444
30012,Zakopane,ul. Janosówka 15b,49.30881,19.99364
30020,Witkowice,ul. Częstochowska 22,50.91227,19.30812
30022,Śrem,ul. Ignacego Paderewskiego 4,52.08195,17.00254
30023,Bodzyniewo,35,52.02843,17.00529
30025,Pysząca,ul. Śremska 12,52.0661,17.06088
30030,Krzyżanowo,44,52.09793,16.91055
30047,Rąbkowa,59,49.73771,20.66574
30048,Michalczowa,87,49.76771,20.60915
30054,Smolajny,39,54.02504,20.40356
30062,Rycerka Górna,183,49.47097,19.03267
30066,Katowice,ul. Pijarska 7,50.19737,18.98269
30094,Niedźwiada,261,49.98739,21.50727
30095,Rawicz,ul. Adama Mickiewicza 16,51.60738,16.85604
30102,Kraków,ul. Golikówka 52,50.04592,20.03383
30103,Kraków,Osiedle Dywizjonu 303 66,50.08347,20.00625
30104,Kraków,Osiedle Na Skarpie 8,50.07013,20.04218
30105,Gałązczyce,78,50.6894,17.28149
30110,Zawadka Osiecka,174,49.63421,21.45271
30121,Suwałki,ul. Szpitalna 66,54.12344,22.92234
30123,Zalesie,36,53.51185,17.64211
30133,Komarowo,8,53.53326,14.75676
30151,Konin,ul. Sosnowa 16,52.23353,18.28143
30158,Cieszyn,pl. Wolności 7a,49.74606,18.63469
30161,Ropczyce,ul. Stanisława Konarskiego 4,50.05986,21.60434
30173,Manasterz,575,49.93422,22.34524
30175,Jawornik Polski,ul. Szkolna 209,49.89188,22.2877
30180,Konin,ul. Kardynała Stefana Wyszyńskiego 24,52.22868,18.26914
30186,Stańkowa,101,49.73269,20.56264
30189,Czarnoborsko,10,51.61436,16.69793
30191,Zboże,10,53.39165,17.52272
30209,Raciborowice Dolne,3,51.19281,15.69461
30211,Łączki Kucharskie,469,50.02232,21.54073
30228,Kołbaskowo,57,53.33672,14.43482
30235,Kraków,ul. Centralna 39,50.06896,20.01377
30239,Kosowo,22,53.19782,17.5826
30243,Poznań,ul. Szczepankowo 131,52.35581,17.02852
30256,Górki Noteckie,ul. Cmentarna 5,52.79072,15.50328
30258,Słomniki,ul. św. Jana Pawła II 2,50.24474,20.08541
30264,Jankowice,ul. Baziowa 17,50.0021,18.98937
30265,Pszczyna,ul. Księżycowa 25,49.96514,18.93591
30303,Miłakowo,ul. Olsztyńska 9a,54.01259,20.07763
30307,Koczała,ul. Szkolna 16,53.9054,17.06264
30314,Zielkowice,ul. Starowiejska 101,52.09472,19.96701
30315,Tarnów,ul. Błotna 2,50.00468,21.01065
30329,Mikołów,ul. ks. bp. Bandurskiego 1,50.16551,18.89997
30330,Mikołów,ul. Katowicka 122,50.18845,18.9215
30331,Mikołów,ul. Katowicka 24,50.17397,18.90626
30346,Luzino,ul. Szkolna 13,54.56246,18.10589
30370,Konin,ul. Fikusowa 8,52.2349,18.21009
30374,Rawicz,ul. Wały Jarosława Dąbrowskiego 1,51.612,16.85388
30375,Rogoźnik,69,49.44347,19.94543
30399,Łowicz,ul. Poznańska 4,52.11824,19.97196
30400,Gnojnica,504,50.01766,21.63696
30401,Kobiór,ul. Juliana Tuwima 33,50.06075,18.93047
30411,Łowinek,ul. Szkolna 2,53.35989,18.12912
30412,Niewieścin,45,53.28843,18.23118
30413,Serock,ul. Wyzwolenia 47,53.35498,18.07237
30419,Dziepółć,97,51.05323,19.5286
30423,Szlembark,ul. ks. kardynała Karola Wojtyły 44,49.47578,20.21189
30424,Cieszyn,ul. Katowicka 68,49.77331,18.63597
30437,Chodorówka Nowa,17,53.53466,23.1056
30439,Słupia Kapitulna,ul. Dubińska 127,51.60644,16.96646
30444,Borki Wielkie,35,53.86295,20.95573
30445,Kąty Wrocławskie,ul. 1 Maja 59,51.03419,16.75845
30450,Bredynki,24,53.89309,21.03345
30470,Golce,37,50.54187,22.38354
30477,Białuń,ul. Sielankowa 4,53.61057,14.85029
30478,Gwiździny,ul. Wiejska 27,53.39515,19.65287
30479,Radomno,17,53.50936,19.57004
30480,Skarlin,72,53.46592,19.47591
30486,Rudna Mała,345,50.09887,21.96017
30493,Wyszecino,ul. Szkolna 2,54.51075,18.08075
30499,Drawski Młyn,ul. Szosa Dworcowa 2,52.86162,16.08616
30501,Pęckowo,ul. Powstańców Wielkopolskich 1,52.8354,16.08675
30506,Drawsko,ul. Powstańców Wielkopolskich 83-85,52.85393,16.03071
30513,Bęczków,ul. Jana Pawła II 16,50.87865,20.80268
30515,Piłka,24,52.78751,16.05786
30517,Krajno Pierwsze,ul. Łysicka 165,50.88011,20.85029
30522,Radlin,86,50.86163,20.75796
30534,Ogrodniczki,ul. Zagórna 7,53.18585,23.26716
30542,Ciecierzyce,ul. Borkowska 2,52.70321,15.34046
30553,Szemud,ul. Szkolna 4,54.48755,18.22104
30610,Supraśl,ul. Józefa Piłsudskiego 1,53.20312,23.33906
30613,Gdańsk,ul. Do Studzienki 38,54.36753,18.60941
30614,Rytel,ul. ks. Antoniego Kowalkowskiego 6,53.75369,17.77361
30620,Masłowo,ul. Śląska 58,51.60334,16.82903
30622,Stopnica,ul. Kazimierza Wielkiego 23,50.44048,20.93163
30630,Barwałd Dolny,ul. Szkolna 1,49.86597,19.57491
30632,Stanisław Górny,ul. ks. Zygmunta Kuźmy 76,49.91078,19.62919
30634,Zielona Wieś,72,51.57122,16.94728
30635,Kębłowo,ul. Wiejska 49,54.59574,18.10099
30637,Sychowo,ul. Szkolna 4,54.5458,18.15006
30642,Konieczno,80,50.78982,20.03335
30644,Ostrówki,66B,51.84512,22.81903
30658,Biskupiec,ul. Bolesława Chrobrego 15,53.86469,20.95995
30659,Zduńska Wola,ul. Złota 67,51.58774,18.92089
30660,Modrze,ul. Tadeusza Kościuszki 14,52.21468,16.6324
30661,Rybnik,ul. Borki 37D,50.11089,18.51626
30684,Nowa Wieś Malborska,ul. Stanisława Moniuszki 24,54.01231,19.06672
30692,Strachosław,76B,51.09079,23.55298
30697,Skrzętla-Rojówka,66,49.70977,20.60563
30720,Bychlew,13,51.64071,19.36007
30723,Dobrzyniówka,40,53.04416,23.36926
30724,Rafałówka,64,53.05599,23.33901
30726,Krzywiń,ul. Strzelecka 13,51.95848,16.82357
30736,Petrykozy,52,51.6912,19.31893
30764,Smętowo Graniczne,ul. Gdańska 23,53.74398,18.69133
30768,Dąbrowa Górnicza,ul. Mireckiego 1,50.32164,19.17273
30781,Sobolewo,ul. Podlaska 8,53.11275,23.26781
30791,Bieliny,ul. Partyzantów 17,50.84668,20.94117
30795,Michorzewo,ul. Szkolna 2,52.37387,16.34569
30797,Żbikowice,55,49.73853,20.58347
30804,Zakopane,ul. Mieczysława Karłowicza 6,49.28361,19.97961
30807,Kietlin,ul. Radomszczańska 61,51.08936,19.50567
30812,Kalnik,69,53.99792,19.8323
30849,Witowice Dolne,95,49.7795,20.64093
30851,Dobre Miasto,ul. Wojska Polskiego 22,53.99045,20.39505
30875,Ponikiew,ul. św. Aleksego 1,49.83103,19.45804
30879,Pilszcz,ul. Owsiana 3,49.99841,17.91996
30882,Zduńska Wola,ul. Zielona 46a,51.60014,18.95028
30899,Kaletnik,46,54.17543,23.0827
30902,Młynisko,39,51.23722,18.38816
30911,Rybnik,ul. Gustawa Morcinka 18,50.06091,18.46179
30912,Tęgoborze,ul. św. Floriana 20,49.70908,20.64044
30918,Jastarnia,ul. Mariana Stelmaszczyka 4,54.70045,18.67437
30920,Białopole,ul. Żołnierzy I AWP 35,50.98777,23.74709
30932,Rybnik,ul. ks. Henryka Jośki 25,50.09868,18.52704
30955,Nowy Tomyśl,ul. 3 Stycznia 12,52.31947,16.12576
30992,Łopiennik Dolny,56,51.04391,23.00117
31009,Ruciane-Nida,ul. Mazurska 15,53.65339,21.56347
31011,Zduńska Wola,ul. Stefana Żeromskiego 2/4,51.60266,18.93693
31014,Ukta,70,53.68987,21.49584
31022,Płoszów,ul. Radomszczańska 41,51.10359,19.50303
31023,Wapno,pl. Mickiewicza 2,52.91251,17.46976
31028,Ropczyce,ul. Wyspiańskiego 8,50.05183,21.61526
31031,Bystry,9A,54.02131,21.81326
31038,Dąbkowice Dolne,50,52.07758,19.86575
31039,Wola Mokrzeska,ul. Główna 7,50.82589,19.45783
31045,Ostrowy Tuszowskie,100A,50.31785,21.65532
31052,Śrem,ul. Prymasa Stefana Wyszyńskiego 11,52.09293,17.0196
31061,Dobre Miasto,ul. Gdańska 13,53.9851,20.39134
31069,Łopiennik Nadrzeczny,5A,51.0479,23.03716
31071,Odrzechowa,ul. Szkolna 1,49.5447,21.97779
31076,Malinówka,42,49.69606,21.92426
31078,Wzdów,121,49.63723,21.9957
31081,Trześniów,107,49.64538,21.94332
31083,Jabłonica Polska,178,49.69961,21.89824
31086,Jasionów,195,49.6585,21.98285
31092,Nowy Dwór,ul. Kolejowa 2,53.63208,23.54585
31096,Karsin,ul. Długa 167,53.90763,17.91967
31099,Wiele,ul. Wicka Rogali 5,53.92166,17.86296
31106,Dąbrowa Górnicza,ul. Strzemieszycka 390,50.31398,19.29112
31107,Kmiecin,ul. Żuławska 6,54.18954,19.15984
31110,Ślęzaki,75,50.46603,21.64046
31116,Baranów Sandomierski,ul. Kościuszki 6,50.49901,21.54028
31125,Pielnia,ul. Dębowa 1,49.54036,22.0571
31128,Goleniów,ul. Szkolna 13,53.56678,14.83554
31136,Hańsk Pierwszy,ul. Szkolna 1,51.40383,23.41124
31154,Strzałków,ul. Kolumba 2,51.05082,19.49963
31156,Księżyno,ul. Szkolna 7,53.0807,23.10194
31160,Juchnowiec Górny,ul. Szkolna 5,53.016,23.13469
31162,Kleosin,ul. Zambrowska 20,53.09768,23.1228
31167,Zarszyn,ul. Bieszczadzka 19,49.58258,22.01483
31169,Śrem,ul. Stanisława Staszica 1,52.07681,17.02368
31203,Marzęcino,ul. Polna 5A,54.23525,19.23042
31229,Bolesławiec,ul. Heleny i Wincentego Tyrankiewiczów 22,51.2593,15.56942
31233,Dobre Miasto,ul. Garnizonowa 20,53.98666,20.41303
31234,Koszalin,ul. Podgórna 55,54.19843,16.18058
31251,Szczepocice Rządowe,19c,51.02731,19.35098
31266,Orzechowo,ul. Szkolna 18,52.12513,17.48002
31298,Mikołów,ul. Szkolna 1,50.18426,18.8
31304,Wadowice,os. Pod Skarpą 10,49.87226,19.49811
31305,Zawadka,ul. Górska 62,49.85612,19.48157
31332,Dąbrowa Górnicza,ul. Krasińskiego 34,50.32179,19.20966
31401,Borzymy,22,53.81866,22.68535
31405,Branew Szlachecka,19,50.73624,22.55936
31407,Ostróda,ul. Seweryna Pieniężnego 30A,53.6915,19.96123
31408,Ostróda,ul. Olsztyńska 7,53.70525,19.9619
31409,Ostróda,ul. Rycerska 5,53.69001,19.97139
31410,Ostróda,ul. Tadeusza Kościuszki 14,53.69594,19.9601
31411,Ostróda,Osiedle Młodych 8,53.69361,19.9438
31428,Dołha,1,52.00555,22.91213
31466,Poznań,ul. Rawicka 12,52.37423,16.87215
31467,Smardzewice,ul. Główna 10,51.48096,20.03047
31475,Pogwizdów,38,50.96488,16.09413
31487,Poznań,ul. Bydgoska 4,52.41167,16.95547
31494,Wiśniewo,10,53.01226,22.30124
31496,Borek Strzeliński,ul. Szkolna 3,50.8669,17.06498
31512,Włocławek,ul. Cyganka 6/10,52.65859,19.07222
31538,Grabowo Kościerskie,ul. Starowiejska 68,54.16341,18.14188
31540,Nowa Karczma,ul. Szkolna 4,54.13115,18.20239
31552,Łuszczacz,1,50.48795,23.24627
31555,Zwierzyniec Wielki,17,53.66366,23.19873
31557,Dąbrowa Białostocka,ul. Południowa 13,53.65067,23.34991
31570,Pyzdry,ul. Szkolna 2,52.16749,17.69099
31580,Krotoszyn,ul. Władysława Jagiełły 4,51.70563,17.41963
31600,Stryków,ul. Warszawska 39,51.90174,19.60417
31645,Rogoźnica,96,52.03126,22.86269
31688,Borowe,ul. Długa 75,50.82264,18.87937
31689,Kuleje,ul. Szkolna 1,50.83896,18.79342
31717,Kutno,ul. Konduktorska 13,52.23306,19.31948
31722,Dzwono-Sierbowice,2,50.50858,19.65368
31727,Kutno,ul. Łąkoszyńska 9,52.22252,19.36312
31728,Kutno,ul. Papieża Jana Pawła II 2,52.23121,19.36433
31729,Kutno,ul. Narutowicza 22,52.23368,19.3521
31745,Grudziądz,droga Mazurska 2,53.42913,18.72786
31751,Grudziądz,ul. Żeromskiego 8,53.46802,18.74012
31753,Grudziądz,ul. Nauczycielska 19,53.46663,18.77064
31755,Pęperzyn,33,53.30508,17.54392
31778,Czelatyce,2,49.91525,22.61359
31800,Sypitki,3,53.78765,22.5643
31803,Krążkowy,29,51.30109,18.00576
31817,Pigłowice,32A,52.18248,17.24676
31818,Racibórz,ul. Ocicka 52,50.08418,18.19684
31822,Krzywcza,107,49.80082,22.54984
31823,Babice,27,51.77432,19.24198
31844,Rogóż,4,53.36042,20.25618
31846,Tolkmicko,ul. Szpitalna 6,54.31688,19.52512
31847,Szkotowo,51,53.40006,20.28428
31849,Pogrodzie,33b,54.291,19.59603
31852,Łęcze,29,54.27,19.46734
31854,Suchacz,ul. Zakopiańska 3,54.28247,19.44059
31856,Łąkorz,99,53.44382,19.35554
31860,Jarczew,55,51.81316,21.95439
31864,Skarżysko-Kamienna,ul. Książęca 149,51.14133,20.87603
31872,Gawłuszowice,5,50.41357,21.38177
31880,Wrocław,ul. Kłodnicka 36,51.12334,16.98016
31884,Rawicz,ul. Władysława Broniewskiego 5,51.60419,16.85429
31890,Srock,ul. Łódzka 5,51.53279,19.62733
31891,Rybnik,ul. Śląska 18a,50.07209,18.54326
31895,Lipinki,7,51.84504,16.05852
31909,Szczytniki Duchowne,27,52.51892,17.66994
31917,Zgierz,Leśmiana 1B,51.86067,19.39023
31925,Lisikierz,22A,51.87399,21.96182
31928,Głubczyce,ul. Dworcowa 2,50.19615,17.82433
31931,Głubczyce,ul. Jana Kochanowskiego 2,50.20128,17.82705
31932,Skowierzyn,13,50.67277,21.90272
31935,Zbydniów,ul. Sandomierska 210,50.63638,21.93431
31938,Zaleszany,ul. Sandomierska 95,50.64814,21.88793
31949,Gorlice,ul. Piękna 9,49.65344,21.15956
31953,Rybnik,ul. Władysława Stanisława Reymonta 69,50.09053,18.52568
31957,Sierakowo,ul. Przyjmy Przyjemskiego 35,51.61712,16.85814
31964,Gorlice,ul. kard. Stefana Wyszyńskiego 16,49.67501,21.16739
31995,Zbrosławice,ul. Wolności 67,50.41523,18.74548
31999,Tuszyn,ul. Piotrkowska 15,51.60077,19.5467
32003,Gorlice,ul. Zygmunta Krasińskiego 9,49.65877,21.16198
32013,Kolno,33,53.38641,18.50214
32025,Rawicz,ul. Szkolna 3,51.63179,16.9059
32026,Kuny,137,52.15285,18.43721
32028,Krasiczyn,117,49.77705,22.65396
32038,Natalia,22,52.1399,18.49429
32039,Chylin,87A,52.11862,18.4343
32042,Wyszyna,ul. Turkowska 1,52.13588,18.40188
32043,Biała Podlaska,ul. Zygmunta Augusta 2,52.04472,23.10613
32049,Biała Podlaska,ul. Sportowa 7,52.02219,23.11881
32051,Biała Podlaska,ul. Akademicka 8,52.03726,23.10023
32059,Turbia,37,50.61961,21.98596
32060,Władysławów,ul. Jagiellońska 1B,52.10036,18.46941
32070,Gorlice,ul. gen. Józefa Hallera 79,49.66403,21.15781
32071,Ostrowite,34,54.02579,17.38539
32073,Tarnowskie Góry,ul. Stanisława Wyspiańskiego 1,50.44292,18.849
32076,Konary,ul. Szkolna 3,50.91764,19.40628
32077,Zawada,ul. Częstochowska 8,50.93822,19.42248
32078,Garnek,ul. Szkolna 18,50.88624,19.45462
32082,Wieszowa,ul. Bytomska 62,50.38282,18.76905
32085,Chomęcice,ul. Poznańska 112,52.33369,16.74157
32091,Słubice,ul. Wojska Polskiego 1,52.35316,14.56232
32092,Słubice,ul. Wojska Polskiego 38,52.3593,14.56412
32093,Elbląg,ul. Wyżynna 3,54.15998,19.43248
32096,Słubice,ul. Kilińskiego 8,52.35048,14.57149
32097,Kunowice,ul. Słubicka 18,52.35059,14.63177
32098,Golice,ul. Słubicka 1,52.42941,14.65909
32106,Andrzejów,163,50.76823,22.44314
32108,Godziszów Trzeci,14,50.74022,22.50838
32118,Ozimek,ul. Janusza Korczaka 12,50.67818,18.22173
34203,Białków,72,52.17037,14.80049
34204,Janowiec Kościelny,61,53.2914,20.52427
34226,Kalety,ul. 1 Maja 6,50.56466,18.88783
34243,Katowice,Aleja Bolesława Krzywoustego 11,50.2753,18.9782
34253,Biała Nyska,ul. Nyska 11,50.43409,17.30622
34255,Goświnowice,ul. Kolejowa 5,50.48623,17.25476
34257,Koperniki,16A,50.41212,17.28149
34259,Niwnica,127,51.12508,15.47809
34262,Poryte-Jabłoń,103,53.0129,22.21713
34265,Kutno,ul. Władysława Jagiełły 6,52.22625,19.37743
34266,Kutno,ul. Kanclerza Andrzeja Zamoyskiego 1,52.23999,19.35896
34272,Lipowina,2,54.34079,19.97789
34273,Wiśniowo Ełckie,40A,53.75817,22.5292
34280,Zaniemyśl,ul. Poznańska 28,52.16098,17.15757
34315,Skórcz,ul. gen. Józefa Hallera 7A,53.7973,18.5318
34316,Pączewo,124,53.84454,18.53017
34339,Rogienice Wielkie,ul. Długa 1,53.27191,22.08119
34340,Mały Płock,ul. Jana Kochanowskiego 25,53.31202,22.02284
34341,Chludnie,2,53.26528,22.00214
34371,Medyka,292,49.80656,22.93183
34376,Poznań,ul. Romana Brandstaettera 1,52.42545,16.93493
34378,Gole,33,52.40682,19.10452
34379,Kanibród,27,52.4177,19.23466
34387,Cielce,16,51.73627,18.56476
34388,Raczków,23b,51.68174,18.55334
34389,Włyń,10,51.70483,18.67602
34390,Ustków,26,51.76599,18.60038
34391,Jeziorsko,43,51.79676,18.64778
34392,Jakubice,15a,51.65782,18.62553
34394,Uniechów,16,53.59792,17.13336
34402,Biała-Parcela,12,51.26684,18.44733
34404,Naramice,125,51.29723,18.43741
34425,Stary Laskowiec,14,52.98499,22.24139
34427,Mikołów,ul. Wolności 27,50.2087,18.82115
34428,Stare Zakrzewo,15,52.99266,22.1745
34434,Korzenica,1,50.03998,22.92381
34449,Stalowa Wola,ul. Rozwadowska 10,50.58974,22.04656
34451,Katowice,ul. Jagiellońska 18,50.25439,19.02202
34452,Katowice,Aleja Walentego Roździeńskiego 82,50.26031,19.03852
34473,Rybnik,ul. Komisji Edukacji Narodowej 29,50.14384,18.54052
34475,Rybnik,ul. Stanisława Małachowskiego 44,50.06128,18.5992
34479,Rybnik,ul. Józefa Lompy 6,50.04858,18.60606
34481,Borowina Sitaniecka,49,50.76891,23.2904
34482,Łęgajny,ul. Ogrodowa 7,53.8204,20.63113
34485,Orzesze,ul. Bukowina 21,50.14933,18.77918
34488,Dobra,ul. Witanówek 8,51.87008,19.55895
34489,Niesułków,68,51.88413,19.6816
34490,Koźle,65,51.93787,19.58929
34491,Bratoszewice,ul. Łódzka 30,51.92536,19.64528
34492,Stryków,ul. Targowa 21,51.89727,19.60452
34497,Mokre,303,50.68726,23.19647
34498,Słonowice,4,54.38991,16.90423
34500,Kończewo,ul. Szkolna 1,54.38298,16.96448
34502,Kwakowo,ul. Słupska 5,54.36583,17.02303
34517,Jedlno Pierwsze,33A,51.07152,19.26504
34518,Bolesławiec,ul. Dolne Młyny 60,51.27396,15.55946
34528,Kozłowo,ul. Szkolna 6,53.30366,20.28756
34540,Węglewo,16,52.51508,17.30559
34541,Bielsko-Biała,ul. Józefa Lompy 9,49.81831,19.04181
34554,Bolesławiec,ul. Mikołaja Brody 12,51.25964,15.56723
34556,Bolesławiec,ul. Ceramiczna 5,51.26705,15.5452
34564,Chojna,ul. Żwirki i Wigury 10,52.94922,14.41287
34565,Lubaczów,ul. Juliusza Słowackiego 9,50.1602,23.12611
34569,Myśligoszcz,42,53.5662,17.29856
34575,Dobryszyce,ul. Leśna 1,51.14651,19.41282
34577,Blok Dobryszyce,ul. Kolejowa 24,51.12681,19.44728
34589,Wólka Wieprzecka,57,50.63822,23.12057
34602,Jasionka,301,50.12308,22.05746
34603,Orzesze,ul. Stuska 10,50.14591,18.74713
34606,Małe Łunawy,21,53.37984,18.59242
34607,Zawada,46,50.72191,23.12624
34610,Kłodzino,37,53.10965,15.1066
34624,Strykowo,ul. Bukowska 2,52.2472,16.615
34628,Wagi,16,53.35033,22.37883
34645,Adamów,ul. Kościelna 2,51.02259,21.15547
34647,Brody,ul. Szkolna 77,51.02534,21.21938
34648,Dziurów,ul. Słoneczna 1,51.01336,21.12813
34649,Krynki,ul. Szkolna 1,51.01486,21.20177
34650,Lubienia,ul. Iłżecka 20,51.04909,21.18869
34652,Czarnogłowy,ul. Lipowa 11,53.76668,14.90486
34685,Biała Podlaska,ul. Stanisława Moniuszki 36,52.03638,23.12395
34697,Łódź,al. marsz. Józefa Piłsudskiego 101,51.76172,19.4901
34709,Dębowa Góra,42A,51.91739,20.13056
34711,Jeziorki,ul. Pocztowa 12,52.31342,16.59441
34716,Krościenko Wyżne,ul. Szkolna 34,49.6764,21.82915
34733,Dziadkowice,1D,52.56423,22.91501
34734,Katowice,ul. J. Gallusa 5,50.24275,18.99376
34753,Stare Gronowo,2,53.5385,17.38844
34772,Cieszyna,76,49.86527,21.61352
34773,Glinik Górny,47,49.84877,21.54373
34797,Osiek,80,53.16912,19.38587
34798,Gromoty,20,53.59817,19.69938
34799,Strzygi,46,53.12148,19.3886
34815,Franciszkowo,18,53.64302,19.74481
34826,Gołuszowice,34,50.20163,17.78348
34829,Grobniki,ul. św. Jana 13,50.19453,17.86863
34830,Klisino,68,50.30155,17.8047
34832,Łąka,224b,50.08792,22.11068
34836,Różanka,43,50.19294,16.63784
34839,Markuszowa,16,49.8631,21.71093
34841,Wiśniowa,76,49.87167,21.66873
34845,Szufnarowa,101,49.9031,21.63054
34847,Pawłowiczki,ul. Korfantego 3,50.24409,18.04434
34848,Jaszczurowa,31,49.90884,21.56825
34850,Koszyce,ul. Marii Skłodowskiej-Curie 4,50.16943,20.57465
34868,Kraśnik,ul. Kolejowa 28,50.93007,22.27867
34872,Grabowo,ul. Szkolna 7,53.46837,22.15384
34878,Kościan,ul. abpa Antoniego Baraniaka 1,52.08976,16.65264
34880,Nowy Staw,ul. Wiejska 1C,54.13588,19.00385
34884,Kościan,ul. Wyzwolenia 24,52.07442,16.63212
34889,Tomice,ul. Wrzesińska 2,52.06133,17.7437
34890,Konieczki,64,50.90757,18.78191
34894,Aleksandrów,31,50.91149,18.72494
34903,Moszczenica Niżna,64,49.53237,20.60795
34909,Kalinowo,ul. M. Kajki 1,53.87349,22.67162
34918,Łubno,22,54.15372,17.22624
34989,Miękisz Nowy,100,50.03867,22.99019
34994,Golcowa,456,49.77267,22.02354
35012,Katowice,ul. Sokolska 23,50.2635,19.01914
35013,Sorkwity,ul. Szkolna 17B,53.84035,21.13323
35022,Hucina,ul. Wspólna 54,50.25165,21.63723
35023,Trześń,173,50.22086,21.6687
35024,Hucisko,51,50.2036,21.6848
35025,Niwiska,465,50.22765,21.63684
35026,Kosowy,ul. Szkolna 108,50.27791,21.64672
35027,Siedlanka,72,50.25844,21.6779
35028,Przyłęk,216,50.2718,21.60422
35038,Pogrzybów,1A,51.71378,17.7231
35054,Miękisz Stary,19a,50.02356,22.95482
35055,Kamionki,63,50.9933,20.80461
35088,Stary Uścimów,43,51.47144,22.94259
35098,Pomierzyn,10,53.33759,15.88801
35103,Kalisz Pomorski,ul. Błonie Kaszubskie 2,53.30069,15.91329
35105,Huta Stara B,ul. Adama Mickiewicza 12,50.73711,19.13848
35110,Łódź,ul. Czerwona 8,51.74545,19.45828
35115,Rybnik,ul. Bolesława Chrobrego 29,50.09286,18.54937
35121,Okulice,51,50.05981,20.53059
35129,Donaborów,1,51.27149,18.06113
35130,Jodłówka,274,49.99012,20.53912
35132,Baranów,ul. Orlika 2,51.26472,18.00788
35134,Łęka Mroczeńska,55a,51.22762,17.94932
35139,Miedary,ul. Główna 26,50.45349,18.76281
35150,Panki,ul. Tysiąclecia 17,50.8827,18.74411
35151,Grabów nad Prosną,ul. Szkolna 1,51.50953,18.11183
35152,Marszałki,30,51.46147,18.09026
35153,Bukownica,39,51.46908,18.05259
35158,Smólnik,17B,52.60283,19.25115
35162,Libiąż,ul. Heleny Kmieć 2,50.09985,19.31003
35164,Osowiec,22,52.92798,22.25609
35171,Gościęcin,ul. Szkolna 22,50.28082,18.00632
35182,Gorlice,ul. Krakowska 5,49.65736,21.15319
35184,Ropczyce,ul. Robotnicza 48,50.07761,21.58627
35190,Gdynia,ul. Wiceadmirała Kazimierza Porębskiego 21,54.56072,18.49195
35191,Konin,ul. Leopolda Staffa 5,52.28727,18.25617
35200,Słopnice,363,49.67491,20.31892
35203,Cieszyn,ul. Bielska 247,49.76447,18.68456
35208,Zelów,ul. Tadeusza Kościuszki 40/42,51.4659,19.21377
35215,Wietlin,18a,50.00382,22.81042
35216,Kruszyn,ul. Szkolna 15,52.56824,18.99403
35240,Frysztak,ul. Józefa Piętniewicza 7,49.83509,21.60638
35246,Żuków,38,53.15546,15.11084
35249,Torzym,ul. W. Reymonta 6,52.31063,15.07428
35250,Boczów,ul. gen. Sikorskiego 4,52.32255,14.9453
35253,Rybnik,ul. Bernarda Kuglera 8a,50.16482,18.54693
35254,Skarżysko-Kamienna,ul. Słowackiego 29,51.11305,20.86629
35255,Łukawiec,423,50.10251,22.1184
35267,Judziki,5,54.11458,22.51121
35269,Babki Oleckie,12,54.08533,22.50296
35274,Olecko,ul. Kościuszki 20,54.02945,22.5083
35275,Olecko,ul. Kolejowa 33,54.03411,22.49837
35276,Olecko,Osiedle Siejnik I 14,54.02405,22.48937
35279,Dębówiec,19,52.4586,18.13278
35305,Sadlinki,ul. Grudziądzka 14a,53.66108,18.87384
35307,Nebrowo Wielkie,ul. Szkolna 6,53.648,18.75486
35309,Janków Zaleśny,77,51.69058,17.64338
35320,Krotoszyn,pl. Szkolny 19,51.69366,17.45938
35325,Orpiszew,ul. Szkolna 6,51.71667,17.60736
35328,Benice,ul. Armii Krajowej 9,51.74966,17.3849
35349,Katowice,ul. Nasypowa 16,50.22844,18.99043
35367,Zduńska Wola,ul. 1 Maja 27,51.5766,19.00252
37676,Wola Zaradzyńska,ul. majora Hubala 55,51.66264,19.41851
38458,Kurów,ul. Lubelska 16,51.38884,22.19226
38480,Szczecinek,ul. Słowiańska 2,53.70191,16.70832
38488,Kalety,ul. Orzeszkowej 10,50.55167,18.95331
38499,Nowa Wieś,200,50.09681,22.04537
38501,Stobierna,357,50.13946,22.07052
38506,Zaczernie,249a,50.0949,21.9963
38511,Wólka Podleśna,438,50.11773,22.11351
38513,Muszyna,ul. Rynek 13,49.35659,20.8981
38517,Złockie,69,49.37367,20.87954
38520,Powroźnik,ul. Międzyzdroje 1,49.37074,20.94524
38530,Tychy,ul. Jedności 51,50.0871,19.01883
38533,Tychy,ul. Cmentarna 54,50.12504,19.02117
38534,Tychy,al. Niepodległości 53,50.11409,18.9981
38546,Stobierna,954,50.16018,22.07545
38556,Ostrożnica,ul. Kościelna 42,50.24362,18.08935
38562,Jakubowice,2c,50.20169,18.0395
38569,Katowice,ul. Morawa 86,50.26481,19.1029
38577,Honiatycze,104,50.75353,23.76377
38580,Malice,37,50.71275,23.7508
38582,Podhorce,110,50.78794,23.78422
38586,Hostynne-Kolonia,30,50.74706,23.68234
38700,Lublin,ul. Balladyny 22,51.24547,22.51777
38701,Police,ul. Gen. Władysława Sikorskiego 8,53.54952,14.57033
38720,Rybnik,ul. Wodzisławska 46,50.09051,18.53292
38721,Rybnik,ul. Wolna 17,50.09626,18.58417
38723,Rybnik,ul. Wodzisławska 123,50.08128,18.52659
38724,Rybnik,ul. Maksymiliana Buhla 3,50.10215,18.49286
38726,Rybnik,ul. 1 Maja 51,50.0625,18.55156
38728,Rybnik,ul. Rybacka 55,50.12094,18.52854
38730,Rybnik,ul. Włościańska 39e,50.05555,18.62666
38735,Hajnówka,ul. 3 Maja 54,52.7356,23.59442
38747,Ropczyce,ul. Szkolna 33,50.07183,21.63023
38748,Gnojnica,268,50.04347,21.65643
38758,Stężyca,ul. Królewska 2a,51.57615,21.77187
38760,Nowa Rokitnia,81,51.62527,21.79458
38766,Ksawerów,ul. Zachodnia 33,51.68227,19.39494
38777,Katowice,pl. Wyzwolenia 18,50.24275,19.08332
38794,Leszno,ul. Gabriela Narutowicza 57,51.84836,16.57542
38796,Romanowo Dolne,124,52.94691,16.59334
38797,Modzerowo,ul. Szkolna 28,52.6319,19.18464
38799,Warząchewka Polska,ul. Wspólna 1,52.59431,19.08751
38801,Bolesławiec,ul. Juliusza Słowackiego 2,51.26363,15.57131
38803,Bolesławiec,ul. Jana Pawła II 38c,51.26171,15.58536
38809,Czernica,ul. św. Brata Alberta Adama Chmielowskiego 9,51.04696,17.24853
38811,Ścinawa,ul. Królowej Jadwigi 9,51.41059,16.42849
38820,Lublin,ul. Hiacyntowa 69,51.26363,22.57778
38830,Dąbrowy,238,53.43949,21.37362
38861,Rybnik,ul. Ziołowa 3,50.0786,18.61222
38871,Bochnia,ul. Biała 2,49.96861,20.42769
38875,Bochnia,ul. Oracka 6,49.97037,20.42453
38876,Bochnia,ul. Konfederatów Barskich 27,49.96944,20.44071
38878,Bochnia,ul. Kazimierza Wielkiego 71,49.96415,20.42202
38879,Bochnia,ul. gen. Tadeusza Jakubowskiego 12,49.96526,20.4105
38880,Konin,ul. Tadeusza Szeligowskiego 5,52.23467,18.257
38892,Orzesze,ul. Żorska 101,50.10767,18.75884
38896,Orzesze,ul. Norwida 2,50.08484,18.76306
38897,Orzesze,ul. Bolesława Chrobrego 64,50.09928,18.81425
38904,Wielmoża,ul. Szkolna 55,50.26008,19.80831
38906,Sułoszowa,ul. Szkolna 9,50.25946,19.74211
38909,Koło,ul. Szkolna 2A,52.19966,18.64086
38946,Pszów,ul. Romualda Traugutta 12,50.0406,18.39859
38947,Pszów,ul. Armii Krajowej 54,50.05489,18.38687
38948,Pszów,ul. Karola Miarki 16 A,50.04668,18.38671
38960,Leszkowice,12A,51.55093,22.60987
38967,Stoczek Łukowski,pl. Stanisława Wielgoska 5,51.95767,21.97176
38969,Lubanie,14,52.74885,18.91901
38999,Zelów,ul. Stefana Żeromskiego 53,51.46959,19.2103
39015,Sławniowice,56,50.33371,17.26147
39016,Krzeczów,ul. Szkolna 2,49.9875,20.47809
39023,Hartowiec,40,53.39774,19.84054
39026,Koszelewy,78,53.32461,19.97626
39028,Rumian,12,53.41722,19.93198
39029,Rybno,ul. Wyzwolenia 12,53.38064,19.93725
39030,Żabiny,26,53.34255,19.98613
39037,Cedynia,ul. Mieszka I 21,52.88126,14.20524
39046,Biskupów,76,50.37405,17.29951
39051,Nienadowa,373,49.82826,22.42706
39054,Iskań,27,49.78654,22.44374
39056,Gdańsk,ul. mjr. Mieczysława Słabego 6,54.37172,18.52417
39057,Charbielin,26,50.33364,17.43051
39061,Barycz,238,49.81389,22.04144
39064,Skrudzina,42,49.51987,20.57995
39066,Gdańsk,ul. Tęczowa 26,54.34708,18.82173
39070,Gdańsk,ul. Zbigniewa Burzyńskiego 10,54.39551,18.60826
39079,Poznań,ul. Żonkilowa 34,52.38433,16.81493
39081,Poznań,os. Winiary 2,52.43327,16.90768
39100,Katowice,ul. Kukułek 2a,50.22942,19.00527
39120,Łabuńki Pierwsze,178,50.68618,23.3365
39121,Łabunie,ul. Zamojska 1,50.64615,23.37291
39137,Ujście,ul. Czarnkowska 31,53.05275,16.7282
39224,Zduńska Wola,ul. Jana Kilińskiego 27,51.60531,18.94717
39609,Rybnik,ul. Niedobczycka 191,50.07045,18.50002
39616,Człuchów,ul. Średnia 4a,53.66737,17.35447
39621,Pawlikowice,103,51.60555,19.35057
39622,Ochotnica Dolna,Osiedle Centrum 105,49.52636,20.33345
39683,Nowe,ul. Myśliwska 2,53.6522,18.72928
39689,Kołczygłowy,ul. Szkolna 10,54.24223,17.22766
39694,Gnieździska,85,50.86768,20.2849
39702,Polanów,ul. Korczaka 4,54.1257,16.66262
39709,Wolbrom,ul. Mariacka 28,50.38736,19.76141
39715,Chełm,ul. Wolbromska 21,50.35948,19.75553
39717,Jeżówka,253,50.4149,19.83751
39718,Olsztynek,ul. Ostródzka 2,53.58358,20.28106
39720,Kąpiele Wielkie,75a,50.42705,19.73186
39721,Łobzów,220,50.40744,19.76806
39732,Kurzyna Średnia,35a,50.50978,22.36304
39733,Laszki,280,50.02253,22.90669
39740,Bydgoszcz,ul. Bośniacka 3,53.11633,18.01799
39742,Dębów,47,50.04519,22.43461
39743,Ochotnica Dolna,Osiedle Skrodne 240,49.51888,20.28788
39744,Wężyska,162,52.01515,14.94115
39746,Wygiełzów,17,51.45356,19.109
39747,Kociszew,32,51.4961,19.29816
39750,Kozłowice,ul. Nowa 2,50.98175,18.40339
39771,Wilkasy,ul. Szkolna 8,54.01369,21.73404
39883,Kłodzko,ul. Ignacego Daszyńskiego 12,50.43696,16.65427
40046,Ochotnica Górna,Osiedle Zawady 207,49.51255,20.24822
40047,Tylmanowa,Osiedle Mastalerze 32B,49.51455,20.40265
40077,Trzebieszowice,150,50.34887,16.77587
40079,Lądek-Zdrój,ul. Kościelna 31,50.34615,16.86889
40084,Chocianów,ul. Wesoła 16,51.41283,15.91024
40085,Trzebnice,113a,51.38149,16.01033
40086,Parchów,29,51.48365,15.94947
40087,Szklary Dolne,ul. ks. Kardynała Stefana Wyszyńskiego 48,51.4262,16.04783
40095,Bełchatów,osiedle Dolnośląskie 112a,51.35902,19.36382
40106,Ligota,ul. Kaliska 2,51.78693,17.69914
40115,Huta Tarnawacka,30a,50.53099,23.39569
40118,Koło,ul. Kolejowa 5,52.20749,18.62849
40127,Ruciane-Nida,ul. Gałczyńskiego 2,53.64152,21.54071
40130,Ruże,5,53.0331,19.17048
40137,Subkowy,ul. Józefa Wybickiego 19b,54.00042,18.76816
40139,Mięcierzyn,49,52.67043,17.6816
40143,Rybnik,ul. Boczna 17,50.05776,18.48296
40144,Rybnik,ul. Leopolda Staffa 42a,50.05384,18.51254
40147,Dęblin,ul. 1-go Maja 3,51.56139,21.85621
40171,Koło,ul. Toruńska 68,52.20158,18.63089
40173,Kobylnica,ul. Główna 63,54.43901,16.99884
40183,Biskupice,22,51.08018,18.19241
40184,Byczyna,ul. Borkowska 3,51.11617,18.22407
40185,Roszkowice,88,51.11191,18.26584
40186,Kostów,ul. Główna 26,51.16342,18.15374
40194,Ostróda,ul. Plebiscytowa 50,53.71646,19.98466
40216,Hajnówka,ul. Walerego Wróblewskiego 2,52.74836,23.58395
40218,Koło,ul. Toruńska 315A,52.22469,18.60381
40220,Kazimierz Dolny,23,51.29115,21.94444
40221,Wągrowiec,ul. Krótka 4,52.807,17.20847
40499,Babica,ul. Górska 38,49.90068,19.55004
40524,Wieliczka,ul. Jana Mikołaja Daniłowicza 2,49.9817,20.05661
40540,Gniezno,ul. Gdańska 106,52.55639,17.60743
40560,Błaszki,ul. Szkolna 1,51.65374,18.43638
40566,Wągrowiec,ul. Reja 10,52.81679,17.20841
40567,Wągrowiec,ul. Klasztorna 19,52.80474,17.19379
40606,Skarżysko-Kamienna,ul. Zwycięzców 13,51.09302,20.82215
40614,Obrazów,118,50.69025,21.65727
40615,Ełk,ul. Grodzieńska 1,53.83269,22.34673
40617,Ruda Śląska,ul. Główna 40,50.27601,18.85416
40620,Wiaderno,1,51.49131,19.97029
40624,Grabowno Wielkie,139a,51.34904,17.42096
40625,Goszcz,ul. Szkolna 1,51.39384,17.47935
40626,Twardogóra,ul. Stefana Batorego 5,51.36484,17.46178
40630,Poznań,ul. Jesionowa 14,52.36775,16.8944
40634,Łososina Dolna,82,49.7405,20.6247
40636,Krokocice,2,51.76175,18.98793
40637,Prusinowice,49,51.72837,18.91587
40655,Łask,ul. 9 Maja 12,51.59033,19.13433
40661,Frycowa,177,49.5487,20.7724
40662,Żeleźnikowa Wielka,ul. św. Jana Pawła II 93,49.5547,20.69513
40663,Żeleźnikowa Mała,38,49.53637,20.72095
40664,Bącza-Kunina,37,49.53599,20.74302
40665,Homrzyska,41,49.51933,20.76241
40666,Nawojowa,ul. Parkowa 1,49.5549,20.74691
40668,Świdwin,ul. Plac Jana Pawła II 5,53.77497,15.77419
40677,Rutki,2,53.2145,22.34559
40683,Brzeziny,ul. Henryka Sienkiewicza 17,51.80023,19.76007
40685,Brzeziny,ul. Stanisława Moniuszki 21,51.79803,19.74477
40690,Katowice,ul. Sportowa 29,50.27415,18.99773
40702,Bochotnica,ul. Zamłynie 1,51.34095,21.99514
40714,Polskowola,131,51.9299,22.65529
40730,Płoty,ul. Stefana Batorego 15,53.81314,15.26335
40733,Gruszczyce,45,51.60986,18.46807
40748,Kraśnik,ul. Grunwaldzka 2,50.96436,22.16535
40749,Olsztyn,ul. Stanisława Moniuszki 10,53.78685,20.49365
40776,Dąbrowa,58,50.97676,21.14412
40798,Kartuzy,ul. 3 Maja 14,54.33623,18.20329
40814,Klonowo,62,52.98134,19.11633
40827,Wiewiórczyn,ul. Szkolna 1,51.60603,19.12371
40832,Załęcze Małe,35,51.08218,18.73773
40848,Śmigiel,ul. Konopnickiej 5,52.01701,16.52155
40878,Machnów Nowy,ul. Św. Jana Pawła II 16,50.36752,23.6584
40894,Zalezianka,49a,51.00264,20.79418
40895,Wola Dalsza,189,50.10738,22.25965
40896,Krypno Kościelne,48,53.28173,22.87453
40897,Białobrzegi,31,50.1016,22.33097
40910,Zbelutka-Stara Wieś,14,50.72821,21.15621
40913,Piotrów-Gułaczów,1,50.80263,21.1227
40923,Pątnów,105,51.14536,18.61614
40933,Upałty,11,54.00255,21.86634
40942,Dzietrzniki,105,51.11742,18.60902
40958,Łubnice,62,50.40934,21.14914
40961,Gace Słupieckie,85,50.36392,21.15027
40962,Wilkowa,47,50.45534,21.16405
40980,Zalesie,265,49.62426,20.34757
40981,Zasadne,91,49.58398,20.2966
40989,Granowo,ul. Konstytucji 3 Maja 1A,52.2192,16.53246
40992,Bieganin,27,51.75692,17.76142
40994,Nakło nad Notecią,ul. Bydgoska 24,53.139,17.60648
40998,Kąkolewnica,ul. Szkolna 4,51.89961,22.69913
41001,Mieszkowice,ul. Henryka Sienkiewicza 56,52.78527,14.4978
41006,Brzozowica Duża,83,51.95028,22.61601
41012,Hajnówka,ul. Nowowarszawska 20,52.74174,23.5759
41015,Kętrzyn,ul. Stanisława Moniuszki 1,54.07651,21.36722
41025,Wierzchowo,ul. Długa 26A,53.45605,16.09674
41036,Niestachów,271,50.84314,20.75145
41041,Sieraków,38,50.81171,20.88412
41045,Daleszyce,ul. Henryka Sienkiewicza 11B,50.80278,20.80185
41048,Królikowo,ul. Szkolna 7,52.95764,17.62473
41050,Tur,ul. Bydgoska 28,53.08524,17.73511
41051,Lubiszewo Tczewskie,ul. Sambora 3,54.09037,18.70439
41054,Radziszewo,ul. Szczecińska 54,53.32448,14.54085
41055,Miłobądz,ul. Szkolna 6,54.13609,18.71815
41056,Swarożyn,ul. Wyzwolenia 18,54.03798,18.66383
41061,Turze,ul. Kościelna 7,54.09531,18.62438
41069,Gdańsk,ul. Dworska 34,54.40299,18.62737
41074,Strażów,270A,50.06687,22.1258
41078,Malawa,199A,50.03148,22.10113
41084,Kościelec,9,51.90664,18.20961
41085,Palikówka,271,50.07374,22.12549
41089,Staw Kunowski,ul. Szkolna 6,51.00888,21.24719
41104,Świdwin,ul. Szturmowców 1,53.77755,15.82536
41105,Gałkówek-Kolonia,38,51.75743,19.70656
41106,Dąbrówka Duża,60,51.85179,19.72808
41107,Bogdanka,5,51.77013,19.78155
41110,Szczodrkowice,3,50.19361,19.90015
41111,Minoga,12,50.24201,19.90067
41112,Skała,ul. Topolowa 25,50.23238,19.84947
41113,Smardzowice,ul. Szkolna 15,50.19302,19.85304
41119,Szydłów,ul. Szkolna 10 i 12,50.59111,21.00006
41120,Solec,22,50.56596,20.96464
41121,Kamionka Wielka,154,49.57861,20.78879
41124,Ruda Śląska,ul. ks. Józefa Niedzieli 61,50.27608,18.82906
41154,Poznań,os. Rusa 56,52.39061,16.98623
41155,Kleczew,ul. Świętej Kingi 7,52.36184,18.18602
41156,Łasin,ul. Curie-Skłodowskiej 14,53.51562,19.08392
41158,Wielkie Drogi,ul. Jana Brandysa 8,49.96069,19.70168
41172,Poznań,os. Piastowskie 27,52.39359,16.94348
41178,Ełk,ul. św. Maksymiliana Marii Kolbe 11,53.80023,22.35039
41179,Kamionka,24,51.90957,21.99499
41182,Wożuczyn,182,50.56526,23.58087
41183,Rachanie,ul. Partyzantów 47,50.53793,23.5512
41187,Domaszowice,ul. Kolejowa 3,51.04464,17.88253
41207,Osiecznica,ul. Szkolna 15,52.07299,15.05024
41213,Chełmno,ul. Kościuszki 11,53.35211,18.43222
41218,Chełmno,os. Marii Curie-Skłodowskiej 16,53.34621,18.442
41223,Suwałki,ul. Tadeusza Kościuszki 58,54.09928,22.9287
41226,Żabnica,ul. Długa 20,53.28646,14.4976
41234,Mętów,124,51.15498,22.58401
41237,Wilczopole-Kolonia,97,51.167,22.64913
41240,Kalinówka,78,51.20139,22.65955
41256,Wólka,1,52.32139,17.77511
41261,Bobrowa,131,50.11839,21.44163
41264,Góra Motyczna,31,50.0923,21.36905
41268,Nagoszyn,93,50.13988,21.40418
41270,Straszęcin,115,50.06326,21.36067
41278,Żyraków,77,50.08774,21.40023
41283,Ruda Śląska,ul. Energetyków 15,50.24159,18.82368
41385,Rudnik,ul. Ostrowiecka 42,51.00022,21.2294
41393,Kętrzyn,ul. Bydgoska 1,54.07052,21.37415
41396,Mała,35,49.96599,21.51541
41398,Wierzbno,84,50.93435,17.17937
41414,Wisłok Wielki,26A,49.38968,21.98782
41417,Szubin,ul. gen. Kazimierza Grudzielskiego 21,53.00742,17.74433
41422,Rakszawa,677,50.17044,22.23243
41428,Słubice,ul. Sadowa 2,52.35902,14.56057
41453,Kiernozia,ul. Sobocka 2b,52.26737,19.86965
41458,Radecznica,ul. Gwarna 4,50.7553,22.82371
41462,Zaburze,100,50.72552,22.84935
41464,Gorajec-Stara Wieś,114,50.6813,22.83568
41495,Rakszawa,946,50.18765,22.22711
41638,Budzisław Kościelny,ul. Szkolna 17,52.43747,18.07781
41642,Czarnystok,129A,50.65548,22.83892
41644,Kunowa,89,49.73477,21.33424
41647,Radzięcin,82,50.68806,22.70083
41648,Pisanica,65,53.82292,22.58038
41790,Ostrowy,8,52.30849,19.164
41791,Imielno,41B,52.32823,19.22646
41793,Suchodolina,1,53.6137,23.30777
41798,Częstochowa,ul. Księżycowa 6,50.82344,19.12051
41805,Komańcza,249,49.34075,22.05335
41813,Kętrzyn,ul. Mikołaja Kopernika 12,54.07992,21.37146
41821,Przełęk,15,50.41085,17.33306
41823,Opole,ul. Chabrów 54,50.68194,17.93456
41828,Piwniczna-Zdrój,ul. Krynicka 2,49.43491,20.71099
41830,Piwniczna-Zdrój,inne Kosarzyska 23,49.42831,20.66621
41833,Głębokie,6,49.46383,20.69928
41857,Kronowo,6,53.88066,20.72589
41864,Ruda Śląska,ul. Kukułcza 4,50.26844,18.87972
41866,Rykoszyn,ul. Świętokrzyska 112,50.86315,20.41039
41868,Bolestraszyce,Dmowskiego 81,49.8134,22.85126
41869,Buszkowice,Wesoła 1,51.33885,20.66021
41871,Kosienice,60,49.88242,22.70462
41876,Żurawica,ul. Ojca Św. Jana Pawła II 194,49.82409,22.79573
41878,Rybnik,ul. Gzelska 7,50.13338,18.48506
41890,Wola Mędrzechowska,127,50.26723,21.01365
41891,Mędrzechów,440,50.28225,20.94751
41897,Biesiekierz,60,54.13741,16.03547
41909,Stara Wieś,ul. Dolna 12,49.91031,19.11205
41916,Kuryłówka,431,50.29821,22.46534
41934,Oświęcim,ul. Aleja Juliusza Słowackiego 41,50.03372,19.24253
41935,Krosno,ul. Jana i Stanisława Magurów 1,49.69844,21.74997
41951,Chlina,135A,50.44769,19.82928
41955,Moryń,ul. Dworcowa 6A,52.85886,14.39308
41964,Węgliska,171,50.16532,22.20112
41968,Boże,18,53.95488,21.37221
41982,Kunowo,45a,53.32748,14.93575
41991,Łódź,ul. Częstochowska 36,51.75148,19.49323
41993,Łódź,ul. Łucji 12/16,51.81913,19.45133
42012,Radkowice-Kolonia,5,50.98119,21.03179
42019,Poznań,ul. Łozowa 77,52.36659,16.90847
42059,Nętno,38,53.61831,15.81241
42060,Mielenko Drawskie,47,53.49086,15.79629
42062,Drawsko Pomorskie,ul. Obrońców Westerplatte 13,53.52917,15.81108
42064,Mielec,ul. Władysława Warneńczyka 2,50.28462,21.46501
42072,Leszno,178,49.85104,22.94974
42078,Ramsowo,87,53.85172,20.81544
42092,Częstochowa,ul. Krzysztofa Kamila Baczyńskiego 2a,50.83574,19.12875
42096,Narok,ul. Szkolna 19,50.74297,17.7887
42098,Opole,ul. Opolska 34,50.70432,17.85989
42110,Wydrze,259,50.21017,22.25188
42121,Samborzec,79,50.64555,21.6468
42124,Chobrzany,110A,50.63966,21.57905
42137,Wybcz,ul. M. Konopnickiej 4,53.18016,18.45541
42145,Moszczenica,ul. Leśna 5,49.72381,21.10084
42153,Pysznica,ul. Sportowa 1,50.56874,22.13386
42155,Jastkowice,ul. Mickiewicza 1,50.60347,22.10432
42158,Kwidzyn,ul. Kamienna 18,53.7252,18.92252
42163,Kędzierzyn-Koźle,ul. Karola Szymanowskiego 19,50.34993,18.16301
42169,Ruda Śląska,ul. Ignacego Łukasiewicza 7,50.2526,18.90928
42173,Straszyn,ul. Starogardzka 48,54.27324,18.58208
42175,Rotmanka,ul. Aleja Piłsudskiego 37,54.26929,18.60937
42184,Adamów,ul. Szkolna 4a,51.7464,22.25826
42210,Rybnik,ul. Alojzego Szewczyka 6,50.13977,18.60375
42214,Kraśnik,ul. Aleja Niepodległości 54,50.9633,22.15209
42226,Marchwacz,27,51.72536,18.29355
42227,Iwanowice,ul. ks. Augustyna Kordeckiego 11,51.65593,18.32904
42230,Radliczyce,72,51.72721,18.34624
42232,Staw,ul. Szkolna 3,51.7056,18.38127
42234,Popów,54,51.68523,18.32685
42235,Łętownia,54,49.81433,22.70083
42240,Warcino,ul. Klonowa 7,54.22537,16.85703
42244,Brzezinki,43,50.92373,20.76826
42245,Świemino,19,54.08886,15.94233
42255,Lubań,ul. Braci Czarlińskich 23,54.11529,18.16472
42256,Stara Kuźnia,ul. Szkolna 3,50.30026,18.34214
42258,Dziergowice,ul. Kozielska 8,50.24004,18.28596
42264,Wschowa,ul. Kazimierza Wielkiego 10,51.79826,16.31541
42266,Wschowa,ul. Wolsztyńska 4,51.80803,16.3127
42267,Łysiny,2,51.81627,16.2171
42268,Lgiń,6,51.86923,16.23789
42271,Konradowo,63,51.77685,16.27211
42272,Osowa Sień,45F,51.84103,16.33902
42287,Kwidzyn,ul. Staszica 16,53.73431,18.93962
42290,Grzymiszew,ul. Nowa 2,52.04772,18.36837
42295,Ropczyce,ul. 3 Maja 424,50.03874,21.58258
42300,Motkowice,ul. Szkolna 2,50.60495,20.48919
42303,Mierzwin,11,50.55804,20.40135
42307,Kwidzyn,ul. Warszawska 13,53.73742,18.93297
42325,Jaworzno,ul. Leśna 49,50.20528,19.25441
42329,Osiek,ul. Główna 450,49.94155,19.30167
42346,Dzierzbin-Kolonia,32,51.99851,18.24316
42351,Tuliszków,ul. Nortowska 1,52.07625,18.28619
42360,Krotoszyn,al. Powstańców Wlkp. 13,51.69586,17.44194
42374,Świbie,ul. Szkolna 2,50.51109,18.53971
42379,Ełk,ul. Jana Kilińskiego 48,53.80877,22.36382
42385,Torki,51,49.83548,22.92052
42388,Chwaliszew,ul. Ostrowska 39,51.64411,17.53203
42391,Bystrzyca,52a,49.98446,21.72606
42393,Wiercany,73,50.01208,21.75131
42394,Nockowa,1,50.01817,21.78596
42398,Olchowa,3,50.05475,21.76104
42403,Częstochowa,ul. Szczytowa 28/30,50.79202,19.13307
42410,Lubzina,188,50.06205,21.52752
42432,Micigózd,ul. Częstochowska 21,50.89768,20.45878
42436,Horyniec-Zdrój,ul. Jana III Sobieskiego 8,50.18895,23.36239
42448,Leźno,ul. Aleja Lipowa 44,54.34658,18.43295
42450,Przyjaźń,ul. Szkolna 2,54.30759,18.3877
42453,Ruszków Pierwszy,ul. Brudzewska 3,52.15226,18.64454
42454,Trzęśniew,24,52.19393,18.51501
42457,Dobrów,ul. Szkolna 1,52.14426,18.67446
42462,Hureczko,100,49.78878,22.85464
42472,Borek,148,50.01705,20.52959
42488,Siedliska,115,49.75821,22.88089
42516,Biała,ul. Tysiąclecia 16,50.38508,17.66875
42517,Radziki Duże,9,53.16595,19.27829
42518,Długie,70,53.1101,19.32544
42519,Kojszówka,154,49.69567,19.73291
42520,Półwiesk Mały,37,53.14145,19.22095
42521,Wąpielsk,114,53.13221,19.2928
42527,Styków,ul. Świętokrzyska 22,50.9999,21.14689
42548,Wojcieszów,ul. Stefana Żeromskiego 8,50.94622,15.93057
42562,Brzezinka,ul. Słoneczna 5,49.82666,19.31932
42566,Stare Bielice,ul. Kościelna 5,54.17865,16.11555
42744,Krzaki,ul. Nowa 15,50.5589,22.21364
42747,Rzeczyca,1,51.59399,16.26026
42758,Jaworzno,ul. 3 Maja 18,50.20772,19.2706
42767,Kędzierzyn-Koźle,ul. Szkolna 3,50.35874,18.26469
42778,Krasna,ul. Krośnieńska 71,49.78093,21.85446
42792,Trzcianne,ul. 3 Maja 9,53.34113,22.68344
42793,Radłów,ul. Wiejska 52,51.67571,17.77238
42802,Poznań,os. Orła Białego 120,52.38007,16.96721
42803,Poznań,ul. Chojnicka 57,52.47746,16.78079
42805,Perły,33,54.29947,21.66791
42808,Kamionek Wielki,82A,54.32021,19.5273
42812,Stepnica,ul. Bolesława Krzywoustego 4,53.65192,14.62683
42813,Racimierz,ul. Niepodległości 9,53.74217,14.65737
42814,Maszewo,ul. Jedności Narodowej 7,53.49833,15.05803
42815,Dębice,29,53.53683,15.12046
42816,Rożnowo Nowogardzkie,60,53.4816,14.97991
42835,Gromiec,ul. Husarska 2,50.05495,19.28452
42843,Częstochowa,ul. Festynowa 24,50.79195,19.02552
42854,Jeżów,ul. Wojska Polskiego 2,51.8131,19.97312
42855,Rząśnia,ul. 1 Maja 16,51.21819,19.04244
42856,Dąbrówka,1,50.03313,20.55945
42858,Kąty Wrocławskie,ul. Brzozowa 6,51.03421,16.76739
42859,Gniechowice,ul. Szkolna 4,50.99083,16.83279
42860,Małkowice,ul. Szkolna 3,51.07663,16.82454
42861,Sadków,ul. Szkolna 9,51.05048,16.83667
42865,Radzyń Chełmiński,ul. Ziemowita Maślanki 1,53.38503,18.93713
42872,Kosewo,31,53.83413,21.38667
42897,Gdynia,ul. Rozewska 33,54.53954,18.46439
42902,Rybnik,ul. Gliwicka 105,50.12254,18.55022
42912,Korlino,4A,54.50937,16.61567
42914,Jarosławiec,ul. Bałtycka 65B,54.53948,16.54151
42920,Ruda Maleniecka,105,51.14837,20.21681
42924,Wola Uhruska,ul. Gimnazjalna 34,51.32366,23.61985
42925,Ruda Śląska,ul. Wyzwolenia 11,50.25376,18.89905
42985,Częstochowa,ul. Warszawska 31,50.81533,19.12818
43312,Rzepedź,ul. Osiedle A 30,49.36993,22.11238
43331,Jaworzno,ul. Kasztanowa 33,50.18709,19.3234
43347,Pisz,ul. dr. Władysława Klementowskiego 2,53.62862,21.80154
43348,Głobino,ul. Główna 47,54.439,17.1068
43357,Bobrowniki,ul. Sienkiewicza 163,50.37939,18.99191
43381,Nakło nad Notecią,ul. Mrotecka 1A,53.14304,17.60181
43382,Kobylanka,ul. Szkolna 10,53.34269,14.86771
43412,Gdańsk,ul. Pilotów 2,54.39074,18.59517
43426,Choczewo,ul. Szkolna 2,54.73983,17.89341
43460,Kasinka Mała,432,49.72178,20.05199
43461,Kasinka Mała,733,49.72955,20.09067
43462,Glisne,70,49.66452,20.01871
43464,Łętowe,238,49.65084,20.1553
43465,Łostówka,245,49.67648,20.12988
43467,Lubomierz,345,49.61487,20.18611
43468,Lubomierz,302,49.59653,20.21239
43477,Dąbrowa Górnicza,ul. Karola Adamieckiego 12,50.3195,19.19993
43513,Konikowo,47,54.15238,16.18025
43514,Zegrze Pomorskie,32A,54.0526,16.21565
43526,Kraków,ul. Piotra Michałowskiego 10,50.0662,19.92834
43548,Kędzierzyn-Koźle,ul. Mieszka I 4,50.35031,18.23393
43551,Suchowola,31,50.53433,21.4107
43583,Zasań,91,49.82005,20.05196
43590,Ostrzeszów,ul. Łąkowa 1,51.42358,17.93783
43591,Szklarka Przygodzicka,53a,51.4786,17.79832
43592,Siedlików,58d,51.47796,17.96632
43593,Krzykosy,ul. Główna 39,52.10996,17.37284
43596,Ostrzeszów,ul. Piastowska 3,51.42677,17.92572
43599,Niedźwiedź,18,51.4826,17.8772
43600,Rogaszyce,ul. Szkolna 82,51.39492,17.95883
43615,Jastrzębie-Zdrój,ul. Tadeusza Kościuszki 19,49.94743,18.57096
43618,Wiewiórka,122,50.10757,21.33626
43621,Dąbrowica,6a,50.29045,22.56516
43623,Stąporków,ul. 1 Maja 18,51.13802,20.5439
43625,Poznań,ul. Romana Brandstaettera 6,52.42567,16.93421
43632,Pliskowola,135B,50.51546,21.38535
43633,Szynczyce,8,51.57623,19.64236
43634,Brzyska Wola,169,50.33364,22.56931
43637,Rawa Mazowiecka,ul. Kościuszki 19,51.76201,20.24862
43638,Świdwin,ul. Armii Krajowej 19,53.78085,15.77892
43644,Jelonko,5,54.3133,17.91039
43646,Chorzów,ul. Stefana Batorego 46,50.26863,18.93721
43655,Łyśniewo Sierakowickie,17,54.35432,17.84159
43656,Mojusz,Sianowska 10,54.34593,17.96683
43657,Załakowo,6,54.38147,17.84591
43659,Sierakowice,ul. Kubusia Puchatka 7,54.34421,17.88709
43660,Lisie Jamy,2,54.30249,17.95323
43662,Puzdrowo,32,54.34011,17.86026
43666,Kłyżów,ul. Mickiewicza 70,50.54633,22.167
43685,Opole Lubelskie,ul. Szkolna 5,51.15618,21.97226
43688,Wieprz,ul. Centralna 19,49.89104,19.36012
43698,Kikół,ul. Targowa 6,52.9122,19.12871
43700,Bukowina,60,50.37099,22.67893
43701,Gózd Lipiński,81,50.44141,22.55405
43703,Łąka,ul. Grzegorza Fitelberga 1,49.95845,18.90681
43719,Ciełuchowo,8,52.93148,19.16207
43721,Szwagrów,126A,50.46138,21.40377
43723,Frydrychowice,ul. Wadowicka 77,49.89913,19.41976
43725,Poznań,ul. Garbary 82,52.41021,16.93858
43734,Ruda Śląska,ul. ks. Ludwika Tunkla 125,50.26828,18.90465
43735,Kalinowa,86,51.69323,18.49096
43736,Ruda Śląska,ul. 11 Listopada 15,50.27119,18.89227
43749,Poznań,ul. Leśnowolska 35,52.43646,16.82223
43754,Mikołów,ul. Gliwicka 299,50.22346,18.81763
43763,Padew Narodowa,ul. Szkolna 1,50.43319,21.49863
43770,Zimnowoda,7,51.87666,17.30435
43786,Kwasków,5,51.65557,18.4961
43787,Jaćmierz,ul. Szkolna 40,49.61597,22.01559
43788,Długie,ul. Sanocka 121,49.57615,22.04855
43789,Częstochowa,ul. Jerzego Waszyngtona 62,50.81046,19.10495
43791,Kolniczki,11A,52.04509,17.36204
43792,Boguszyn,ul. Śremska 35,52.06297,17.33039
43803,Rawa Mazowiecka,ul. Kazimierza Wielkiego 28,51.77414,20.26046
43804,Jabłonowo Pomorskie,ul. Słoneczna 2,53.38817,19.16045
43812,Tomaszowice-Kolonia,40A,51.27591,22.36885
43813,Choszczno,ul. Obrońców Westerplatte 1a,53.16579,15.41768
43814,Płouszowice,17,51.26917,22.41599
43815,Snopków,ul. Szkolna 1,51.30729,22.4816
43816,Choszczno,ul. Wolności 62a,53.1665,15.40267
43818,Panieńszczyzna,al. Warszawska 43,51.30289,22.43692
43825,Jastrzębie-Zdrój,ul. Mazurska 6,49.9488,18.60381
43826,Lamkowo,29,53.91711,20.68566
43845,Tychy,ul. Leśna 66,50.14289,18.95041
43846,Dąbrowa Górnicza,ul. Gospodarcza 1,50.37289,19.27501
43847,Gogolewo,18,53.38211,15.17085
43849,Bełchatów,ul. Dąbrowskiego 11,51.363,19.37696
43850,Bełchatów,ul. Lipowa 11,51.36307,19.36215
43851,Bełchatów,ul. Sienkiewicza 25,51.37055,19.38322
43852,Poznań,ul. Franciszka Stróżyńskiego 16,52.45435,16.90518
43853,Bełchatów,ul. Szkolna 10,51.33615,19.37917
43854,Bełchatów,ul. Witolda Budryka 7,51.35625,19.38988
43855,Bełchatów,ul. Juliusza Słowackiego 8,51.34891,19.36239
43867,Sędzimirowice,10,51.71252,18.43803
43872,Górale,11,53.38533,19.24642
43882,Pięczkowo,ul. Szkolna 5,52.12,17.44023
43884,Gomulin,ul. Szkolna 2,51.41635,19.5601
43904,Komorów,ul. Tomaszowska 1,51.53474,19.89843
43910,Włocin-Kolonia,36,51.5805,18.38464
43925,Ruda Śląska,ul. ks. Pawła Lexa 3,50.2451,18.8419
43928,Tworyczów,124,50.79328,22.9121
43953,Praszka,ul. Listopadowa 18,51.05169,18.45122
43960,Jarocin,ul. Marii Curie-Skłodowskiej 4,51.96343,17.50764
43961,Mieszków,ul. Radliniecka 11,52.02747,17.46704
43964,Witaszyce,ul. Szkolna 1a,51.94036,17.56402
43965,Golina,ul. Jarocińska 32,51.91386,17.48272
43969,Łazy,50,49.97198,20.51698
43977,Bachorzew,ul. Szkolna 8,51.99332,17.5583
44004,Kryry,ul. Nierad 86,50.0075,18.81331
44007,Rudziczka,ul. Woszczycka 20,50.03923,18.75494
44017,Srokowo,ul. Szkolna 3,54.2151,21.51769
44030,Libiąż,ul. Ignacego Paderewskiego 2,50.10332,19.32418
44031,Ruda Śląska,ul. Chryzantem 10,50.3026,18.8466
44054,Jastrzębie-Zdrój,ul. Śląska 6,49.94955,18.60036
44060,Jadwisin,3,51.96949,18.95567
44065,Baborowo,18,52.59283,16.64625
44091,Borek Wielkopolski,ul. Szkolna 1,51.9189,17.24014
44097,Wola Kalinowska,ul. Szkolna 12,50.2251,19.80958
44100,Niedźwiada,40,49.98871,21.54962
44101,Kaliska,ul. Długa 53,53.90641,18.2107
44111,Murzynowo Leśne,ul. Poznańska 74,52.15534,17.33925
44118,Goleszów,ul. 1 Maja 1,49.73613,18.73727
44119,Poznań,ul. Harcerska 3,52.42059,16.97149
44126,Żywiec,ul. Moszczanicka 26,49.70175,19.23318
44149,Brodziszewo,ul. Szkolna 1,52.56962,16.52077
44172,Stryszawa,278 b,49.7324,19.52623
44178,Ruda Śląska,ul. Bytomska 45,50.32258,18.8774
44206,Słopnice,336,49.66187,20.34285
44225,Modlimowo,20,53.86165,15.33363
44234,Jastrzębie-Zdrój,ul. Wielkopolska 22,49.94366,18.59593
44255,Barlinek,ul. Kombatantów 3,53.0014,15.20707
44256,Mostkowo,37d,52.99413,15.06195
44275,Murzynno,51,52.85776,18.49407
44276,Kijewo,40,52.88301,18.52709
44278,Szadłowice,36,52.84672,18.33799
44279,Wierzchosławice,19,52.86969,18.35362
44280,Gniewkowo,ul. Toruńska 40,52.89561,18.41523
44285,Ruda Śląska,ul. Joanny 13,50.31421,18.88084
44367,Opatówek,ul. Szkolna 3-7,51.7386,18.20501
44372,Kwidzyn,ul. Grunwaldzka 54,53.72409,18.93224
44375,Żywiec,ul. Niezapominajki 14,49.72841,19.2417
44439,Radostów Średni,54,51.12143,15.36288
44444,Barłomino,ul. Szkolna 3,54.53256,18.09935
44448,Ruda Śląska,ul. Jana Gierałtowskiego 15,50.31923,18.85
44462,Przecław,27a,53.37742,14.47308
44468,Januszowa,5,49.6481,20.72621
44507,Olsztyn,ul. Tadeusza Kościuszki 70,53.7769,20.48792
44508,Zgłobice,ul. Zgłobicka 4,49.97729,20.90322
44512,Lublin,ul. Czwartaków 11,51.24692,22.53201
44521,Starogród,33,53.31232,18.38023
44525,Pieszcz,46,54.45964,16.77792
44526,Jarząbkowo,4,52.40757,17.62036
44541,Orzesze,ul. 1000-lecia 3,50.12874,18.79866
44543,Orzesze,ul. Kobiórska 1,50.08142,18.8321
44547,Jastrzębie-Zdrój,ul. Zielona 2a,49.95132,18.60819
44549,Wola Sernicka,242,51.45344,22.67291
44550,Częstochowa,ul. Sabinowska 7/9,50.79508,19.10357
44552,Nowa Wola,95,51.41705,22.72314
44553,Brzostówka,88,51.43504,22.7812
44554,Serniki,78,51.43676,22.66006
44555,Sarnów,19B,51.85716,22.3013
44557,Drezdenko,ul. Szkolna 11,52.83986,15.82804
44558,Sulęcin,ul. Długa 24,52.11568,17.30617
44560,Rogowo,ul. Szkolna 7,52.72789,17.65132
44576,Książenice,ul. Księdza Pojdy 100,50.15868,18.59974
44577,Przegędza,ul. Szkolna 1,50.12112,18.6303
44607,Chełst,113,52.8188,15.9497
44610,Ustronie Morskie,ul. Wojska Polskiego 8,54.21497,15.75591
44611,Łopatki,21,51.56961,19.10178
44625,Zachowice,ul. Słoneczna 4,50.98207,16.78715
44631,Wizna,pl. kpt. Władysława Raginisa 12,53.19193,22.38637
44633,Mamlicz,72,52.88925,18.00254
44634,Olsztyn,ul. Kołobrzeska 13m,53.77702,20.49952
44646,Poznań,os. Lecha 37,52.39036,16.97151
44649,Jastrzębie-Zdrój,ul. Szkolna 7,49.94956,18.61928
44651,Obiechów,47,50.57107,19.85795
44656,Bukowiec,ul. Kościelna 75,52.29093,16.25824
44670,Bucz,ul. Kasztanowa 8,52.00182,16.37916
44672,Boćwinka,12,54.09026,21.92732
44681,Siciny,78,51.72561,16.42834
44683,Królików,82,52.05955,18.01642
44685,Wola Rzeczycka,254,50.65979,22.02821
44696,Wola Rzędzińska,253A,50.04575,21.10057
44706,Mysłakówko,12,52.78844,19.45906
44717,Augustów,ul. Tartaczna 21,53.85402,23.03215
44740,Trzebicz,ul. Szkolna 1,52.81166,15.75543
46538,Braniewo,ul. PCK 4,54.38417,19.81491
46539,Braniewo,ul. Moniuszki 22a,54.37693,19.82437
46540,Braniewo,ul. Konarskiego 13,54.38465,19.83164
46544,Karwia,ul. Wojska Polskiego 47,54.83064,18.20474
46558,Połajewo,ul. Leśna 1,52.79695,16.73171
46564,Jaworznia,93,50.86124,20.48237
46570,Iwięcino,7,54.29788,16.27906
46576,Uniejów,ul. Kościelnicka 26/28,51.97672,18.78884
46577,Turza Śląska,ul. Ligonia 2b,49.96588,18.44761
46578,Nowosielce,ul. Szkolna 2,49.56916,22.06638
46583,Bełchatów,osiedle Dolnośląskie 204A,51.35254,19.36804
46591,Bluszczów,ul. Wiejska 8,49.98964,18.32919
46592,Czyżowice,ul. Wodzisławska 111,49.98449,18.40486
46594,Olza,ul. Szkolna 24,49.95401,18.34558
46595,Rogów,ul. Szkolna 2,49.98963,18.35339
46596,Gorzyce,ul. Raciborska 55,49.96078,18.38985
46602,Karłowice,ul. Kolejowa 9,50.8778,17.7037
46650,Chmielnik,316,49.99271,22.10696
46656,Góra Świętej Małgorzaty,42,52.05736,19.32029
46664,Postomino,15a,54.48973,16.71269
46846,Brzoza,18,51.47232,19.64018
46859,Kamienna Nowa,41,53.69227,23.26108
47007,Cybinka,ul. Szkolna 15,52.19631,14.79688
47065,Drawno,ul. Szkolna 25,53.21702,15.75591
47066,Bukowo,19,54.17446,16.59587
47068,Chynowa,70a,51.5666,17.92801
47069,Czarnylas,ul. Odolanowska 42,51.50835,17.76257
47071,Janków Przygodzki,ul. Szkolna 4,51.59607,17.78992
47074,Popielów,ul. Powstańców 14,50.82512,17.74088
47075,Stare Siołkowice,ul. Klapacz 62,50.8138,17.76851
47081,Tumlin-Węgle,ul. Grodowa 2,50.96504,20.58597
47082,Samsonów,24,50.99108,20.61757
47083,Zabłocie,1,50.95042,20.69135
47088,Zastawie,9,51.93577,22.16625
47089,Zagnańsk,ul. Turystyczna 59,50.9786,20.66704
47092,Świebodzice,ul. Ofiar Oświęcimskich 58,50.8537,16.30954
47093,Poznań,os. Jana III Sobieskiego 105,52.46519,16.908
47108,Piechowice,ul. Szkolna 6,50.85058,15.596
47112,Nowy Sącz,ul. Rokitniańczyków 26,49.61191,20.71936
47115,Częstochowa,ul. Rakowska 42,50.77179,19.15257
47117,Polanów,ul. Wolności 14,54.11833,16.68477
47119,Purda,23,53.70837,20.70247
47120,Jaszkowa Dolna,63E,50.41678,16.69293
47122,Trzeciewnica,ul. Powstańców Wielkopolskich 25,53.15849,17.63241
47125,Olszewka,22,53.15591,17.54792
47131,Bystre,72a,50.37617,22.39716
47135,Nidek,ul. św. Judy Tadeusza 2,49.90285,19.32408
47140,Goniądz,ul. Konstytucji 3 Maja 18,53.48665,22.73072
47147,Debrzno,ul. Królewska 8,53.54221,17.23346
47151,Połomia,ul. Szkolna 21,49.99174,18.56208
47153,Sługi,44,52.08509,19.3611
47154,Bierna,57,51.03806,15.12145
47156,Sulików,ul. Zgorzelecka 28,51.07785,15.06443
47177,Świnice Warckie,ul. Szkolna 5,52.04222,18.92052
47188,Mełgiew,ul. Partyzancka 19,51.23428,22.78517
47190,Jacków,ul. Laurowa 1,51.22042,22.75864
47193,Krępiec,ul. Szkolna 3,51.19911,22.73087
47194,Dominów,78,51.21761,22.84201
47195,Krzesimów,116,51.25258,22.81894
47208,Buków,ul. Szkolna 9,50.86332,20.19897
47216,Białogard,ul. Kołobrzeska 23,54.00911,15.97029
47217,Konary,ul. Szkolna 13,49.93813,19.9324
47218,Libertów,ul. Jana Pawła II 43,49.97216,19.89854
47219,Lusina,ul. Zdrojowa 68,49.9676,19.92953
47220,Przybradz,ul. Szkolna 50,49.9331,19.42354
47222,Pasłęk,ul. Sprzymierzonych 9,54.07208,19.6566
47257,Kędzierzyn-Koźle,ul. Stoczniowców 11,50.35696,18.12877
47264,Kazimierz,ul. Sienkiewicza 25,51.77013,19.21756
47270,Zabrze,ul. Tarnopolska 3,50.32853,18.78919
47278,Chmielnik,169A,49.96761,22.15338
47288,Zajeziorze,38,52.95357,19.13429
47304,Żarnowiec,ul. Krakowska 23,50.48276,19.86224
47311,Nowa Sól,ul. Botaniczna 22,51.82162,15.71215
47322,Troszyn,3,52.76769,14.55488
47324,Siekierczyna,31,49.67489,20.45934
47342,Gierałtowice,ul. św. Marcina 7,49.93932,19.38437
47343,Mszana,ul. Sportowa 3,49.97028,18.52618
47345,Poznań,os. Kosmonautów 111,52.43918,16.94337
47376,Gniazdów,ul. Szkolna 85,50.58988,19.10075
47479,Szczecyn,50,50.81681,21.99341
47491,Olsztyn,ul. Gdyńska 17,53.7604,20.50496
47512,Kozenin,34,51.36763,20.11464
47523,Olsztyn,ul. Aleja Przyjaciół 42,53.78604,20.45648
47531,Zabratówka,47,49.95402,22.20515
47603,Trzebinia,Osiedle Widokowe 21,50.16048,19.47782
47604,Polnica,72,53.75204,17.40047
47610,Trzebinia,ul. 1 Maja 60,50.16681,19.44696
47620,Kamień,64,51.43773,20.14384
47625,Mielec,ul. Kilińskiego 37,50.29029,21.4143
47626,Wola Rafałowska,139,49.99118,22.166
47628,Szalejów Górny,48,50.42828,16.55715
47630,Stare Skoszewy,19,51.84987,19.63503
47632,Zaborów,99,49.91763,21.82553
47642,Poznań,os. Przyjaźni 127,52.43226,16.92584
47648,Stowięcino,37,54.56466,17.4784
47650,Nurzec-Stacja,ul. Szkolna 6,52.46303,23.08071
47657,Grojec,ul. Bartosza Głowackiego 11,50.08784,19.56175
47658,Lipiny,14,51.80668,19.67195
47662,Kolsko,ul. Piastowska 48,51.96064,15.9623
47663,Brynica,ul. Przyszkolna 1,50.90468,20.49771
47664,Konotop,pl. Powstańców Wlkp. 7,51.93026,15.90311
47672,Uszyce,35,51.10253,18.34915
47676,Częstochowa,ul. św. Rocha 221,50.83276,19.06588
47684,Zebrzydowice,ul. Jana Kochanowskiego 55,49.87595,18.61654
47686,Kaczyce,ul. Harcerska 13,49.83445,18.59151
47739,Szydłów-Kolonia,47,51.44501,19.5942
47760,Dobrzyjałowo,ul. Zdrojowa 1,53.2678,22.19201
47761,Jeziorko,ul. Długa 49,53.21665,22.15654
47762,Rakowo-Boginie,49,53.12787,22.22449
47764,Kisielnica,1,53.24696,22.1179
47765,Olszyny,ul. Wiśniowa 19,53.21604,22.2496
47766,Drozdowo,ul. Główna 15,53.15059,22.17458
47767,Piątnica Poduchowna,ul. Szkolna 31,53.19477,22.09553
47772,Niepoględzie,ul. Puttkamerów 2,54.29535,17.37659
47781,Nowa Wieś,152,49.92382,21.80669
47952,Wola Kamocka,30,51.48007,19.57735
47956,Częstochowa,ul. Polskiego Czerwonego Krzyża 18,50.831,19.11083
47962,Przemęt,ul. Szkolna 1,52.00872,16.29938
47994,Lubień,885,49.71545,19.97838
47995,Tenczyn,171,49.6838,19.9719
47996,Skomielna Biała,1,49.64054,19.9157
48001,Kudowa-Zdrój,ul. Tadeusza Kościuszki 58,50.45183,16.2443
48030,Poznań,ul. Swoboda 53,52.40602,16.87191
48042,Osiek Jasielski,122,49.63603,21.487
48070,Krapkowice,ul. Żeromskiego 34,50.48122,17.98238
48087,Jelenia Góra,ul. PCK 14a,50.86114,15.69193
48101,Chwarstnica,ul. Gryfińska 19,53.21954,14.60879
48118,Dmosin,1C,51.92555,19.7525
48142,Sycewice,ul. Szkolna 1,54.42378,16.86633
48143,Wodzisław Śląski,ul. 26 Marca 66,50.01022,18.46998
48144,Wodzisław Śląski,ul. ks. Antoniego Roboty 7,50.00104,18.43818
48153,Wodzisław Śląski,Osiedle XXX Lecia 63,50.01212,18.45832
48166,Gnieżdżewo,ul. Dworcowa 6,54.74739,18.37984
48185,Swarzewo,ul. Szkolna 36,54.75372,18.39729
48186,Połczyno,ul. Szkolna 21,54.70676,18.35748
48190,Żywocice,ul. Średnia 48,50.45802,17.97086
48195,Pruchnik,ul. Księdza Bronisława Markiewicza 22,49.9054,22.51234
48199,Bieniądzice,50,51.24141,18.59568
48202,Masłowice,1,51.25373,18.63716
48203,Sieniec,81B,51.23949,18.67863
48217,Gaszyn,ul. Harcerska 1,51.19883,18.55893
48273,Łęka,1,52.13219,18.60665
48276,Bieśnik,102,49.66986,21.04854
48277,Biesna,70,49.73081,21.00249
48281,Winiary,2,50.77478,21.82017
48284,Dwikozy,ul. Spółdzielcza 21,50.73776,21.78205
48289,Koźminek,ul. Szkolna 1,51.79996,18.33478
48290,Nowy Nakwasin,48,51.78917,18.2922
48291,Moskurnia,9a,51.76795,18.41336
48292,Katowice,ul. Ignacego Paderewskiego 46,50.25005,19.03789
48293,Katowice,ul. Ks. bpa Stanisława Adamskiego 24,50.25186,19.00194
48294,Katowice,ul. Jana Dekerta 1,50.28449,19.01599
48295,Lubieszów,53,51.7967,15.66032
48296,Katowice,ul. Krzyżowa 12,50.27816,19.0071
48297,Katowice,ul. Michała Wolskiego 3,50.26607,18.98642
48298,Katowice,ul. Zielona 5,50.23481,18.95926
48299,Katowice,ul. Walerego Wróblewskiego 42,50.26784,19.04189
48321,Marianowo,ul. Jeziorna 15,53.37822,15.26686
48322,Moszczanka,166A,50.29562,17.48371
48324,Szybowice,72,50.35191,17.48367
48326,Rudziczka,266A,50.38049,17.52712
48342,Grabowo,117,53.55313,19.82907
48344,Kazanice,83A,53.55439,19.72284
48346,Prątnica,9,53.47612,19.81325
48349,Sampława,4,53.49767,19.67052
48353,Lututów,ul. Wieruszowska 28a,51.37069,18.43111
48355,Szamotuły,ul. Kapłańska 18,52.61113,16.57728
48356,Szamotuły,ul. Stanisława Staszica 1,52.6073,16.58577
48357,Szamotuły,ul. Szczuczyńska 5,52.61834,16.57611
48359,Otorowo,ul. Łąkowa 3,52.56337,16.43407
48362,Posadowa Mogilska,131,49.64849,20.84373
48367,Gryfice,ul. Rodziewiczówny 6,53.91294,15.20536
48371,Małkocin,54,53.40442,15.02306
48388,Dytmarów,1a,50.31718,17.65673
48399,Zawidów,ul. Szkolna 4,51.02578,15.0632
48416,Borzytuchom,ul. Szkolna 1,54.2019,17.37664
48427,Jasło,ul. św. Jana z Dukli 94,49.71891,21.47091
48434,Sośnica,ul. Kolejowa 1,49.90047,22.87143
48441,Drezdenko,ul. Portowa 1,52.85258,15.8408
48449,Biskupiec,ul. Grudziądzka 38,53.5016,19.34266
48450,Lipnica,279,50.28867,21.88968
48454,Bielice,120,50.55724,17.49404
48469,Zagorzyn,172,49.58152,20.39165
48470,Kadcza,89,49.53486,20.54379
48472,Lublin,ul. Plażowa 9,51.2378,22.55346
48473,Lublin,ul. Kalinowszczyzna 70,51.25265,22.59142
48474,Sianów,ul. Dworcowa 26A,54.23268,16.29891
48480,Trzycierz,68,49.67752,20.80484
48481,Wojnarowa,278,49.67289,20.90896
48502,Staświny,27,53.96417,21.86029
48509,Ossala,26A,50.48376,21.37897
48519,Jasło,ul. Lwowska 36,49.75546,21.49249
48535,Żory,Osiedle 700-lecia Żor 16,50.04803,18.68725
48539,Żory,ul. Bankowa 1,50.02902,18.70042
48540,Cynków,ul. Strażacka 1,50.55405,19.11746
48541,Siedlec Duży,ul. Jana Pawła II 34,50.63034,19.13432
48542,Koziegłówki,ul. Lipowa 6,50.58614,19.1836
48543,Żory,ul. Dąbrowskiego 15,50.03795,18.68106
48547,Żory,ul. Słoneczna 2,50.05428,18.7071
48548,Szwarcenowo,36,53.54322,19.40012
48550,Hrubieszów,ul. Zamojska 16,50.79966,23.89046
48567,Rokietnica,108,49.89873,22.64357
48568,Komorniki,99,51.53736,19.83517
48569,Golesze Duże,23,51.46501,19.89076
48570,Wolbórz,ul. Modrzewskiego 105,51.49686,19.83372
48581,Nowy Kazanów,ul. Konecka 12,51.18277,20.34744
48584,Rogów,ul. ks. Marcelego Prawicy 18b,51.2013,20.4368
48591,Stadnicka Wola,55,51.17691,20.40811
48594,Nieświń,ul. Szkolna 6,51.22967,20.48976
48596,Pomyków,25A,51.18209,20.44057
48600,Kuklinów,40,51.73458,17.32593
48601,Smolice,27,51.70522,17.1645
48602,Zalesie Małe,15,51.7533,17.18995
48614,Okół,82,51.02725,21.63402
48616,Solec Kujawski,ul. Juliusza Słowackiego 4,53.08147,18.21839
48619,Chotyniec,114,49.95266,22.99084
48621,Czerwone,56,53.42794,21.88746
48622,Janowo,35,53.35243,21.90664
48623,Lachowo,21,53.47417,22.01196
48626,Borkowo,72,53.37043,21.96877
48631,Chludowo,ul. Szkolna 3,52.5556,16.84555
48634,Jarantowice,84 C,53.32896,18.94293
48638,Ryńsk,ul. Szkolna 4,53.23242,18.82152
48645,Krosno,ul. Stefana Kisielewskiego 18,49.68273,21.75317
48674,Jasło,ul. Rafineryjna 3a,49.7271,21.4505
48681,Sianów,ul. Bolesława Chrobrego 4,54.22586,16.29408
48683,Myszków,ul. Leśna 1,50.57389,19.30664
48685,Myszków,ul. Jaworznicka 34,50.57461,19.35547
48689,Myszków,ul. Kościuszki 30,50.57735,19.33164
48692,Myszków,ul. Traugutta 43,50.54086,19.36752
48697,Myszków,ul. Sikorskiego 20a,50.57629,19.34089
48700,Borcz,ul. Kościerska 34,54.27243,18.28989
48702,Rydzewo,ul. Mazurska 94,53.96588,21.76209
48705,Kudowa-Zdrój,ul. Słone 72,50.4379,16.21267
48709,Tłuchowo,ul. Szkolna 3,52.74772,19.4715
48727,Częstochowa,ul. Kazimierza Przerwy-Tetmajera 40,50.78786,19.14732
48731,Lublin,ul. Niecała 1,51.24974,22.56085
48734,Praszka,ul. Styczniowa 7,51.05509,18.45777
48736,Poznań,ul. Pogodna 84,52.38705,16.87457
48737,Osielsko,ul. Centralna 7,53.18684,18.07511
48744,Niemodlin,ul. Reymonta 9,50.6384,17.63158
48745,Niemodlin,ul. Szkolna 5,50.6431,17.61632
48749,Egiertowo,ul. Kartuska 1,54.23952,18.20247
48766,Kołaczkowo,ul. Szkolna 6,53.03224,17.78482
48769,Jasło,ul. Adama Mickiewicza 108,49.76664,21.42274
48774,Biedrusko,ul. Wojskowa 5,52.54189,16.94665
48776,Mielec,ul. Solskiego 8,50.29806,21.43826
48793,Mąchocice-Scholasteria,56a,50.91077,20.79711
48803,Biała Rawska,ul. Mickiewicza 22/24,51.81089,20.47733
48804,Lublin,ul. Kresowa 7,51.24736,22.59858
48805,Babsk,ul. Lipowa 12,51.83689,20.35779
48809,Cyców,ul. Chełmska 44,51.30281,23.13512
48820,Sędziszów,ul. Tadeusza Kościuszki 7,50.56439,20.05667
48822,Kamienica,343,49.55913,20.36588
48823,Częstochowa,ul. Wręczycka 111,50.82037,19.06594
48825,Konin,ul. Łężyńska 9,52.31698,18.28692
48826,Konin,ul. Turkusowa 1a,52.19632,18.23508
48828,Poznań,ul. Darzyborska 1a,52.38784,17.03067
48834,Poznań,ul. Piękna 37,52.41569,16.87556
48857,Librantowa,86,49.66632,20.75541
48858,Racławice,329,50.2047,19.67335
48873,Łebcz,ul. Pucka 27,54.76646,18.33721
48874,Leśniewo,ul. Mechowska 2,54.69726,18.2478
48875,Połchowo,ul. Dworcowa 2,54.64802,18.37176
48876,Strzelno,ul. Szkolna 5,54.78265,18.32257
48877,Rekowo Górne,ul. Wiktora Czapiewskiego 1,54.64072,18.33951
48878,Werblinia,ul. Szkolna 2,54.74862,18.30436
48879,Mieroszyno,ul. Szkolna 2,54.80125,18.3128
48890,Poznań,ul. św. Michała 50M,52.41436,16.96556
48911,Lublin,ul. Podzamcze 9,51.25568,22.57605
48912,Częstochowa,ul. Seweryna Goszczyńskiego 9/11,50.79911,19.1097
48918,Kostrzyn nad Odrą,ul. Ludwika Banaszaka 1,52.59668,14.64169
48919,Kostrzyn nad Odrą,ul. Henryka Sienkiewicza 6,52.59058,14.66238
48924,Lwówek Śląski,al. Wojska Polskiego 1A,51.1128,15.58462
48933,Konstantynów Łódzki,ul. Sadowa 5/7,51.75072,19.32226
48946,Myślibórz,ul. Józefa Piłsudskiego 18,52.91459,14.85646
48955,Jasło,ul. Szkolna 38,49.74723,21.46241
48957,Mogilany,ul. św. Bartłomieja Apostoła 16,49.94217,19.88937
48958,Włosań,ul. Królowej Polski 142,49.91422,19.90312
48960,Chojny,21,51.34586,18.52146
48964,Kopcie,77,50.33981,21.86708
48973,Ochotnica Dolna,Osiedle Młynne 85,49.55228,20.31092
48976,Olsztyn,ul. Niepodległości 18,53.77225,20.47771
48983,Czarna Górna,126,49.32828,22.65989
48993,Brynica,ul. Powstańców Śląskich 47,50.80622,17.93407
48994,Jełowa,ul. Wolności 15,50.79926,18.07263
48995,Luboszyce,ul. Szkolna 4,50.72895,17.95977
48996,Łubniany,ul. Opolska 51,50.78465,18.00179
49003,Częstochowa,ul. Marii Dąbrowskiej 5/9,50.77887,19.15456
49008,Kamienica,490,49.57293,20.34689
49063,Białka,122,51.21196,23.01148
49073,Lublin,ul. Wajdeloty 1,51.24322,22.52385
49079,Wieluń,ul. Romualda Traugutta 38,51.22854,18.55237
49082,Wiżajny,ul. Sejneńska 43A,54.35934,22.87021
49086,Dębnica,ul. Ostrowska 140,51.54616,17.78575
49090,Sandomierz,ul. Stefana Okrzei 6,50.68829,21.74524
49097,Bachórz,187 i 184,49.83625,22.28029
49098,Harta,106,49.85389,22.21709
49101,Toruń,ul. Kosynierów Kościuszkowskich 11,53.02603,18.69484
49107,Glinnik,48A,51.56966,20.10634
49138,Łubno,82,49.81088,22.16814
49145,Łańcuchów,19,51.26847,22.9193
49146,Łysołaje,120,51.18902,22.942
49148,Orzechówka,5,49.72941,21.94503
49157,Żychlin,ul. Dobrzelińska 6,52.23439,19.62198
49167,Recz,ul. Ratuszowa 29,53.26052,15.54666
49176,Poznań,ul. Stanisława Przybyszewskiego 37,52.41006,16.88931
49204,Łazy,53,49.98985,22.87276
49207,Poznań,os. Bolesława Śmiałego 107,52.45452,16.9245
49238,Pawłokoma,24,49.81517,22.28556
49249,Wieprz,ul. Beskidzka 324,49.90691,19.37212
49250,Stobiecko Szlacheckie,24A,51.10582,19.38621
49266,Myślibórz,ul. Lipowa 18,52.92735,14.88118
49279,Pyskowice,ul. Wojska Polskiego 23,50.40169,18.6209
49284,Gryfino,ul. Jarosława Iwaszkiewicza 70,53.25464,14.50169
49287,Biała Niżna,495,49.64108,20.9733
49292,Jasło,ul. ks. Piotra Skargi 10,49.74725,21.47845
49302,Pniewy,ul. Strzelecka 11a,52.50634,16.25752
49303,Chełmno,26,52.49684,16.32527
49304,Nojewo,41,52.6045,16.3136
49315,Ziębów,14,51.42603,20.21469
49318,Kraśnica,57,51.45762,20.23956
49320,Bielowice,56,51.39253,20.36152
49321,Januszewice,67,51.38323,20.21743
49322,Libiszów,64,51.43067,20.31274
49323,Sielec,40,51.34836,20.39149
49325,Polska Cerekiew,ul. Konarskiego 4,50.2295,18.1247
49327,Prusinowo,10,53.95197,15.19791
49358,Wielka Wieś,354,51.06929,20.97243
49362,Suwałki,ul. Klonowa 51,54.11736,22.94784
49367,Prudnik,ul. Dąbrowskiego 2,50.32102,17.57171
49372,Strzelin,ul. Henryka Sienkiewicza 41,50.78556,17.06344
49505,Głogów,ul. Piotra Skargi 5,51.6613,16.09625
49508,Olsztyn,ul. Wojciecha Kętrzyńskiego 10,53.78135,20.49587
49511,Wykowo,14,53.47419,21.91931
49513,Zaskrodzie,66,53.39133,22.03135
49518,Korytowo,ul. Szkolna 4,53.14453,15.55006
49519,Sławęcin,60,53.22634,15.3804
49520,Suliszewo,ul. Zwycięstwa 26,53.18588,15.58327
49521,Zamęcin,2,53.13303,15.37769
49533,Suchy Dąb,ul. Sportowa 11,54.2072,18.76453
49536,Potulice,ul. Szkolna 4,53.12632,17.69127
49557,Kłodzko,ul. Zamiejska 24,50.45398,16.66352
49559,Markowa,1351,50.02258,22.30809
49561,Będzin,ul. Wisławy Szymborskiej 1,50.32828,19.15477
49586,Nowogrodziec,ul. Henryka Sienkiewicza 7-8,51.19548,15.39873
49596,Olsztyn,ul. Żytnia 71,53.76516,20.42906
49598,Małe Walichnowy,1,53.92472,18.84713
49601,Pachy,25,51.84019,20.5492
49603,Zyndaki,2,53.91833,21.1774
49609,Łomnica-Zdrój,336,49.43667,20.74319
49620,Jasło,ul. Sobniowska 58,49.72762,21.49232
49623,Mysłów,ul. Myszkowska 22,50.57514,19.21784
49624,Trzemeśnia,250,49.82132,20.01923
49625,Chorzelów,316,50.33152,21.4378
49628,Trześń,87,50.33248,21.49608
49632,Wola Mielecka,406,50.28465,21.38434
49635,Winowno,ul. Szkolna 1,50.54167,19.16675
49640,Sandomierz,ul. Flisaków 30,50.66733,21.76551
49641,Śleszowice,166a,49.78335,19.52682
49644,Blizne,439a,49.75105,21.97786
49646,Wysocko Małe,ul. Kościelna 22,51.61036,17.84117
49647,Marcówka,120,49.78411,19.62954
49651,Pyskowice,ul. Wyzwolenia 4,50.40294,18.6346
49656,Poznań,ul. Baranowska 1,52.35596,16.94333
49658,Kaplonosy,73,51.60429,23.33846
49664,Pilzno,ul. Adama Mickiewicza 1,49.97938,21.2908
49665,Olsztyn,ul. Bałtycka 151,53.80435,20.40098
49676,Świnoujście,ul. Białoruska 2,53.90303,14.28162
49686,Czudec,ul. Rzeszowska 33,49.94447,21.84363
49690,Boryszów,2,51.47773,19.51455
49693,Antolka,13,50.40091,20.09576
49694,Książ Mały,59,50.43947,20.21329
49704,Kłodzko,ul. Bohaterów Getta 22,50.43193,16.64698
49714,Terespol,ul. Henryka Sienkiewicza 27,52.07969,23.61281
49721,Giebułtów,1,50.97699,15.35398
49722,Siemień,ul. Kościelna 1,51.6279,22.77274
49732,Sulęcinek,ul. Szkolna 26,52.13581,17.32047
49733,Wieruszów,ul. Fabryczna 1,51.29563,18.16026
49736,Pieczyska,ul. Szkolna 1,51.29504,18.1982
49737,Teklinów,121,51.32402,18.12106
49738,Wyszanów,ul. Szkolna 10,51.35756,18.15965
49745,Krosno,ul. Kletówki 1,49.69283,21.75755
49765,Długie,10,53.29512,21.1755
49766,Dobieszyn,120,49.69839,21.67963
49769,Olsztyn,ul. Żołnierska 26,53.76665,20.50203
49773,Piotrówka,38A,49.68575,21.59729
49775,Droszew,ul. Szkolna 9,52.51633,21.28746
49782,Biskupice Ołoboczne,ul. Szkolna 6,51.67817,17.94998
49786,Rymań,ul. Szkolna 2,53.94505,15.5338
49790,Lipce Reymontowskie,ul. Reymonta 15,51.89842,19.94141
49798,Grudziądz,ul. Janusza Korczaka 23,53.46361,18.72894
49842,Nowa Sól,ul. Szkolna 1,51.80519,15.71904
49844,Nowa Sól,ul. Gimnazjalna 11,51.79855,15.71155
49845,Nowa Sól,ul. Kościuszki 26,51.80876,15.70747
49862,Jodłówka,222,49.89452,22.4667
49888,Antoniów,33,50.72636,21.89029
49896,Pstrągowa,406,49.95261,21.72344
49914,Żabno,ul. Władysława Jagiełły 18,50.13261,20.89277
49915,Łęg Tarnowski,ul. Witosa 140,50.09182,20.92793
49916,Odporyszów,ul. Źwiernik 41,50.15138,20.91211
49917,Sieradza,70,50.13717,20.93365
49952,Michałowice,ul. Jana Pawła II 1,50.15841,19.97891
49964,Toruń,ul. Antoniego Bolta 14,53.02065,18.68812
49969,Tyniec Mały,ul. Szkolna 2,51.02108,16.90875
49972,Andrychów,ul. Włókniarzy 10A,49.85961,19.35115
49980,Smolec,ul. Kościelna 2,51.07342,16.88198
49987,Turów,ul. Szkolna 12,50.76743,19.3212
49988,Janiszewice,17,51.62073,18.95338
50126,Drogomyśl,ul. Główna 15,49.86975,18.75784
50128,Bąków,ul. Główna 62,49.89473,18.71989
50132,Pruchna,ul. Główna 60,49.86647,18.69673
50135,Zabłocie,ul. Bielska 36,49.90408,18.77838
50142,Grudziądz,ul. Jana III Sobieskiego 12,53.45284,18.71519
50241,Żelazno,101,50.37519,16.67191
50242,Piła,ul. gen. Władysława Andersa 34,53.15221,16.76714
50264,Jeruty,41,53.54446,21.16634
50265,Kolonia,71,53.56648,21.2155
50266,Olsztyn,ul. Kuhna 18,50.7478,19.26718
50277,Wysoka,ul. Adama Mickiewicza 8,50.42426,19.35585
50283,Jędrzejów,63,50.65897,17.30628
50287,Wielisławice,71,52.90319,15.47763
50290,Tuczno,ul. Szkolna 1,52.97275,15.49855
50292,Korczowa,54,49.95728,23.07972
50293,Strzelce Krajeńskie,ul. ks. Jerzego Popiełuszki 31,52.87601,15.53466
50309,Korchów Pierwszy,86B,50.37711,22.78793
50318,Zaryń,17A,52.43861,18.58693
50322,Dąbrowa,91,50.88573,21.91448
50324,Grabówka,67,50.93856,21.94551
50327,Świeciechów Duży,204,50.94419,21.85339
50329,Annopol,ul. Tadeusza Kościuszki 8,50.88313,21.85916
50331,Borów,31,50.79666,21.90742
50337,Wieluń,Osiedle im. Kardynała Stefana Wyszyńskiego 30A,51.21507,18.58964
50342,Łukowica,285,49.60438,20.49289
50345,Jastrzębie,131,49.59582,20.47138
50346,Jadamwola,40,49.58067,20.5118
50347,Stronie,2,49.61345,20.52411
50348,Świdnik,22,49.59303,20.53315
50349,Przyszowa,34,49.66009,20.48088
50360,Iwierzyce,186,50.02895,21.75311
50361,Skrzyszów,629A,49.99626,21.0574
50374,Myślenice,ul. Dyrektora Stanisława Pardyaka 26,49.83229,19.92809
50390,Rakówka,1,50.41321,22.79326
50396,Kędzierzyn-Koźle,ul. Ignacego Mościckiego 14,50.32396,18.24736
50403,Poznań,ul. Józefa Chociszewskiego 56,52.39485,16.88419
50415,Solec Kujawski,ul. Tartaczna 25,53.07709,18.25089
50432,Bogusze,24,53.41035,23.43741
50437,Błażejewice,17A,51.84426,20.49573
50440,Poznań,ul. Hezjoda 15,52.44327,16.8813
50461,Frampol,ul. Gorajska 16,50.67423,22.67386
50482,Będzin,ul. Orla 4,50.31911,19.1487
50561,Grodzisk Wielkopolski,ul. Chopina 26,52.22655,16.37398
50839,Międzylesie,6,52.14548,15.38462
50840,Radoszyn,77,52.17348,15.49611
50841,Ołobok,ul. Wojciechowskiego 25,52.20521,15.43709
50856,Poznań,ul. Sochaczewska 3,52.42545,16.91363
51244,Chmielnik,41,49.98013,22.12492
51255,Nagawczyna,109E,50.05381,21.46663
51263,Modliborzyce,93,50.77712,21.29813
51265,Pustków-Osiedle,34,50.11454,21.50633
51283,Swoszowa,170,49.83794,21.21581
51284,Żurowa,193,49.83076,21.16643
51293,Pustków Wilczkowski,ul. Kłodzka 2,50.90602,16.881
51306,Zwierzyn,ul. Strzelecka 4,52.83816,15.58221
51429,Chrzanów Pierwszy,81,50.76711,22.60934
51436,Korzeniewo,ul. Kwidzyńska 20,53.75069,18.86539
51437,Rakowiec,ul. Szkolna 2,53.72569,19.02522
51785,Janowo,42,53.18804,18.24003
51791,Żurawica,ul. Kardynała Stefana Wyszyńskiego 3,49.82456,22.77649
51801,Tychnowy,ul. Kwidzyńska 19,53.78514,18.96251
51808,Drużyny,54,53.28016,19.32333
51812,Nienowice,122,49.94156,22.92755
51813,Celestynów,24,51.44069,20.08014
51815,Pogorzałki,127,53.22623,22.96073
51816,Obrubniki,33,53.23598,23.01996
51830,Kunice,62a,51.40054,20.18394
51832,Sławno,ul. Szkolna 10,51.38903,20.13818
51847,Zachorzów,62,51.34549,20.17968
51848,Paszczyna,241,50.08785,21.52394
51854,Lindów,42,51.05122,18.86623
51855,Dygowo,ul. Kolejowa 10,54.13457,15.72677
51856,Bystrzyca Kłodzka,ul. Wojska Polskiego 68,50.30082,16.6365
51857,Praszka,ul. Boczna 4,51.05755,18.4447
51860,Kowale,ul. Szkolna 1,51.07526,18.47693
51937,Puszczykowo,ul. Wysoka 1,52.28888,16.85376
51941,Włocławek,ul. Bukowa 9,52.64907,19.0751
51944,Radoszki,64A,53.25686,19.64012
51945,Krówniki,168A,49.76915,22.82858
51946,Puszczykowo,ul. Jana Kasprowicza 1,52.27381,16.85844
52078,Koszalin,ul. Gnieźnieńska 3,54.1834,16.18676
52082,Koszalin,ul. Wojska Polskiego 36,54.1875,16.20067
52093,Płóczki Górne,58,51.07754,15.53315
52094,Koszalin,ul. Melchiora Wańkowicza 11,54.20292,16.18911
52098,Bartoszyce,ul. Generała Bema 35,54.26002,20.80233
52235,Czarny Potok,111,49.57822,20.48178
52312,Krostoszowice,ul. Gustawa Morcinka 4,49.95815,18.47801
52313,Godów,ul. Szkolna 11,49.91913,18.48521
52316,Gołkowice,ul. 1 Maja 101a,49.91399,18.50996
52318,Skrbeńsko,ul. Szkolna 1,49.90797,18.52962
52320,Łaziska,ul. Powstańców Śląskich 151,49.93663,18.4432
52321,Skrzyszów,ul. 1 Maja 177,49.95438,18.49349
52336,Miłowice,27,51.18769,17.64699
52338,Dziadowa Kłoda,ul. Słoneczna 5,51.23347,17.70949
52359,Klęczany,201A,50.07239,21.77988
52360,Ostrów,29,49.78408,22.71218
52363,Bierkowo,ul. Grodzka 89,54.47729,16.93002
52376,Lubanowo,53,53.12668,14.6107
52377,Swobnica,12,53.03536,14.624
52383,Błotno,27,53.75149,15.01935
52385,Długołęka,16a,53.62201,15.11353
52386,Orzechowo,24,53.74537,15.1369
52388,Strzelewo,55a,53.67808,15.00094
52390,Wierzbięcin,50,53.65045,15.21768
52396,Piła,ul. Grabowa 18,53.14993,16.7583
52402,Lublin,ul. Nałkowskich 110,51.20877,22.54434
52419,Tuszyn,ul. Poniatowskiego 11,51.61137,19.51318
52420,Kruszyny,7a,53.31859,19.181
52422,Górki Duże,ul. Jutroszewska 17,51.56562,19.50495
52427,Wodzin Prywatny,ul. Szkolna 1,51.5391,19.58192
52429,Żelkowo,26,54.59103,17.2126
52434,Boreczek,46,50.11234,21.68851
52436,Bojano,ul. Józefa Wybickiego 38,54.47504,18.37846
52438,Ołdrzychowice Kłodzkie,ul. Sportowa 1E,50.36383,16.70683
52446,Janów,ul. Białostocka 16,53.46413,23.2299
52456,Strączno,53,53.24077,16.37871
52458,Lublin,ul. Sławinkowska 50,51.27134,22.50811
52461,Wola Morawicka,ul. Podemłynie 1,50.73194,20.64334
52464,Szczenurze,ul. Szkolna 2,54.72912,17.62539
52465,Maszewko,7,54.67888,17.70463
52480,Gozdnica,ul. Młyńska 1A,51.43946,15.09882
52482,Zagorzyce,175,50.01898,21.67665
52495,Krosnowice,207,50.38925,16.63625
52503,Piła,ul. aleja Niepodległości 18,53.15586,16.73685
52505,Rutka-Tartak,ul. Szkolna 12,54.32672,22.97198
52512,Zagorzyce,78,50.03363,21.6887
52526,Małki,30,53.23275,19.25575
52536,Rzemień,257,50.21698,21.514
52537,Łączki Brzeskie,136,50.18379,21.38671
52541,Husów,27,49.97732,22.28958
52546,Chodów,45,52.24603,19.00969
52553,Mazury,6,54.0806,22.25597
52562,Komarno-Kolonia,13,52.16449,23.11269
52666,Żarki,ul. Astronautów 3,50.08356,19.3522
52669,Sędziszów Małopolski,ul. ks. Stanisława Maciąga 3,50.07007,21.7032
52682,Piła,ul. Żeromskiego 41,53.14604,16.71761
52691,Choroszcz,ul. Powstania Styczniowego 26A,53.1478,22.98894
52704,Łęczyce,ul. Topolowa 1,54.59171,17.85897
52709,Lubinia Mała,59,52.06852,17.56292
52713,Ludwinów,77,52.06852,17.56292
52719,Wierzbica-Osiedle,ul. Pogodna 8,51.26559,23.30351
52722,Wierzbica-Osiedle,ul. Pogodna 8,51.26558,23.3035
52739,Słupy,43,53.8437,20.53701
52740,Szkodna,121,49.9839,21.64712
52751,Iwaniska,ul. Opatowska 26,50.73286,21.28463
52774,Kasinka Mała,513,49.70196,20.03875
52798,Limanowa,ul. Józefa Piłsudskiego 91,49.72007,20.4076
52802,Choczewo,ul. Szkolna 2,54.73983,17.89341
52810,Kobułty,80,53.79807,21.02518
52814,Czerwonka,15,53.90805,20.90564
52821,Raba Niżna,162,49.64256,20.03273
52850,Limanowa,ul. Stanisława Jordana 3,49.70229,20.4177
52851,Kasina Wielka,761,49.72449,20.13846
52852,Mszana Górna,589,49.64349,20.11874
52867,Chełm,ul. Połaniecka 10,51.12295,23.47708
52879,Kramarzówka,98,49.86554,22.51141
52891,Lipusz,ul. Derdowskiego 7A,54.10325,17.78207
52894,Będzin,ul. Marii Konopnickiej 13,50.35588,19.07969
52908,Grodzisk Wielkopolski,ul. Środkowa 56,52.21666,16.35265
52910,Będzin,ul. Sportowa 2,50.32249,19.1262
52914,Będzin,ul. Władysława Broniewskiego 12,50.31978,19.12005
52916,Jugów,ul. Główna 85,50.6272,16.51836
52918,Kąkolewo,64,52.24597,16.23253
52924,Grąblewo,22,52.23814,16.39358
52933,Aleksandrów Kujawski,ul. gen. Władysława Sikorskiego 5,52.8724,18.68519
52934,Aleksandrów Kujawski,ul. Szkolna 6,52.87745,18.69947
52939,Włocławek,ul. Żytnia 47,52.6442,19.09419
52958,Grabienice,67,52.12415,18.06334
52959,Osiecza Druga,3,52.1785,18.09939
52961,Złotoria,ul. Pomorska 11,52.99513,18.7024
52962,Lubicz Dolny,ul. Szkolna 7,53.02995,18.75373
52966,Bystrzyca Górna,64,50.78522,16.45738
52967,Grodziszcze,63A,50.79827,16.56033
52968,Lutomia Dolna,12,50.75539,16.53116
52969,Mokrzeszów,23A,50.84863,16.37093
52970,Pszenno,ul. Wrocławska 15,50.85697,16.54288
52971,Witoszów Dolny,59-60,50.82411,16.42623
52996,Młyniec Pierwszy,ul. Toruńska 10,53.07005,18.81407
53035,Brzezie,63,52.68708,18.88447
53036,Wieniec,ul. Szkolna 1,52.64344,18.93037
53038,Brześć Kujawski,ul. Królewska 21,52.60786,18.90887
53046,Janczowa,104,49.70098,20.78186
53056,Jasienna,207,49.71768,20.8227
53059,Kombornia,ul. Stanisława Pigonia 90,49.7088,21.87376
53062,Czaplinek,ul. Wałecka 49,53.55549,16.23818
53063,Broczyno,73,53.51963,16.31267
53080,Skołoszów,ul. Franciszkańska 53,49.93217,22.80967
53082,Duńkowice,20,49.96355,22.89156
53084,Ostrów,139,49.95107,22.78417
53089,Miłkowa,114,49.70681,20.76536
53102,Chybie,ul. Bielska 80,49.89595,18.81229
53103,Kierzków,69,52.98917,14.7754
53107,Nawodna,93,53.01355,14.40053
53108,Nowy Łupków,BN,49.25319,22.08564
53128,Szarłata,ul. Wspólna 32,54.38283,18.21986
53144,Bierzwienna Długa,25,52.28349,18.86531
53149,Wandów,75,51.86245,22.07319
53150,Stróże,363,49.65691,20.97103
53154,Staszkówka,ul. Św. Jana Pawła II 3,49.75583,21.02135
53155,Wólka Czepowa,33,52.23453,18.9404
53156,Pęzino,66,53.34088,15.20154
53158,Samoklęski,6,51.45676,22.44137
53169,Częstochowa,ul. Ogrodowa 50/64,50.80509,19.12456
53171,Dąbrówno,ul. Ostródzka 12,53.43616,20.03412
53172,Marwałd,31,53.49794,19.97345
53174,Elgnowo,6,53.45971,19.95426
53183,Opatów,ul. Ćmielowska 2,50.80679,21.42163
53185,Lublin,ul. Zuchów 1,51.25313,22.53194
53187,Opatów,ul. Mikołaja Kopernika 30,50.79821,21.42938
53204,Polkowice,ul. Henryka Dąbrowskiego 1a,51.50415,16.07682
53210,Polkowice,ul. Kmicica 23,51.50928,16.06822
53236,Koło,ul. Józefa Poniatowskiego 22,52.1877,18.62714
53241,Strojec,ul. Szkolna 6,51.03633,18.49444
53247,Chybie,ul. Szkolna 8,49.90565,18.83197
53252,Szerzawy,104 A,50.94035,21.03497
53271,Gałdowo,24,53.62353,19.40218
53272,Lubiń,ul. Powstańców 23,51.96437,16.89821
53275,Cewice,ul. Wincentego Witosa 65,54.44007,17.73972
53278,Bukowina,5,54.42447,17.83985
53279,Chłaniów,38,50.83876,22.87241
53287,Suwałki,ul. Tadeusza Kościuszki 126,54.10616,22.92817
53291,Biały Bór,ul. Dworcowa 19,53.89874,16.84441
53295,Słopnice,732,49.6974,20.34895
53299,Racibórz,ul. Henryka Jordana 6,50.11318,18.27493
53302,Lisów,ul. Szkolna 8,50.69188,20.67133
53303,Malbork,ul. Główna 5,54.04348,19.02247
53310,Domaniów,ul. Sportowa 6,50.89263,17.13376
53317,Opaleniska,82a,50.15002,22.4074
53327,Tąpkowice,ul. Kopernika 2,50.44732,19.01439
53328,Częstochowa,ul. Kasztanowa 7/9,50.78469,19.1349
53329,Florynka,64,49.55576,20.98513
53337,Człuchów,ul. Koszalińska 2b,53.67151,17.3509
53352,Lublin,ul. Lotnicza 1,51.2353,22.58781
53356,Dąbrowica,138a,50.54179,22.6583
53360,Komarów-Osada,ul. Kościuszki 2,50.6296,23.47146
53387,Chybice,50,50.92746,21.10567
53401,Jawidz,109B,51.37045,22.72212
53404,Jarocin,116,50.5653,22.31431
53407,Nietkowice,98,52.06947,15.35867
53408,Dereźnia Solska,1a,50.49589,22.7036
53413,Potęgowo,ul. Szeroka 16,54.48014,17.48372
53414,Gromada,141,50.56775,22.6952
53416,Żytowiecko,46,51.80836,16.9264
53419,Ośniszczewko,1,52.8165,18.51117
53421,Parchanie,38,52.8053,18.40133
53422,Pieranie,7,52.74702,18.46457
53425,Sól,279,50.50516,22.6467
53427,Korytków Duży,118,50.6096,22.67175
53430,Hedwiżyn,88b,50.5827,22.80624
53435,Zakrzewek,6,52.33992,18.54133
53436,Sadlno,9A,52.44485,18.46491
53437,Morzyczyn,4A,52.42438,18.40234
53452,Stary Broniszew,ul. Kwiatowa 28,50.98368,19.16263
53453,Stary Kocin,ul. Kręta 91,50.95478,19.1163
53455,Wierzchowisko,ul. Długa 110,50.87283,19.13243
53456,Świdnik,ul. Mikołaja Kopernika 9a,51.21679,22.70434
53457,Radostków-Kolonia,ul. Szkolna 1,50.91383,19.15754
53460,Częstochowa,ul. Wielkoborska 54,50.81923,19.0505
53462,Bielice,ul. Jana Pawła II 33A,53.20357,14.72676
53480,Częstochowa,ul. gen. Kazimierza Pułaskiego 71,50.80374,19.10284
53481,Sędzin,27A,52.73512,18.57445
53486,Gorzyczki,ul. Wiejska 30,49.94519,18.39924
53524,Lublin,ul. Ireny Kosmowskiej 3,51.2607,22.54112
53545,Siołkowa,300,49.63875,20.93524
53553,Wojnicz,ul. Szkolna 10,49.96102,20.8376
53557,Olsztyn,ul. Bolesława Jeziołowicza 2,53.74302,20.51273
53560,Działyń,57,53.01938,19.05785
53565,Jasień,22,52.43247,22.33942
53592,Miękinia,ul. Szkolna 2,51.19257,16.74231
53595,Lutynia,ul. Polna 1B,51.13294,16.78303
53598,Pisarzowice,ul. Szkolna 3A,51.21049,16.84893
53634,Kębłowo,ul. Stradyńska 15a,52.04674,16.10397
53637,Istebna,30,49.57358,18.9378
53641,Boguszewo,28/29,53.42371,19.00759
53642,Słup,3,53.46822,19.02411
53643,Plemięta,19,53.41228,18.87997
53644,Nicwałd,26,53.46383,18.88862
53651,Gawliki Wielkie,32,54.01554,22.10257
53688,Będzin,ul. Rewolucjonistów 18,50.31899,19.11123
53689,Lublin,ul. Pana Wołodyjowskiego 13,51.23765,22.51832
53694,Przysietnica,ul. Królewska 76,49.51181,20.61859
53696,Dzierzgoń,ul. Krzywa 17,53.92332,19.34962
53698,Bągart,3,53.9643,19.35755
53701,Kołaki Kościelne,ul. Kościelna 26,53.02376,22.3782
53712,Włocławek,ul. Stanisława Wyspiańskiego 3,52.6461,19.03468
53713,Zakrzewo,ul. Leśna 3a,52.39169,16.72318
53731,Marzysz Drugi,12,50.76282,20.70217
53733,Łazy,ul. rtm. Witolda Pileckiego 14,50.43102,19.39077
53748,Zendek,ul. Główna 126,50.4963,19.08857
53752,Łętownia,286,50.32663,22.23973
53753,Naprawa,378,49.66199,19.87675
53754,Osielec,440,49.67123,19.7674
53755,Toporzysko,166,49.62009,19.78396
53756,Wysoka,42,49.61789,19.84984
53769,Miedzierza,79,51.08377,20.38738
53770,Łęknica,ul. Wojska Polskiego 19A,51.53241,14.7368
53777,Mnich,ul. Kopernika 12,49.88969,18.80268
53781,Słopiec Szlachecki,86,50.77737,20.77508
53784,Dąbrowa Górnicza,ul. Górników Redenu 4,50.32652,19.18982
53786,Dąbrowa Górnicza,ul. Aleja Józefa Piłsudskiego 103,50.34065,19.24606
53789,Dąbrowa Górnicza,ul. Tysiąclecia 25,50.32921,19.23045
53790,Gościeszowice,82,51.6076,15.67521
53793,Dąbrowa Górnicza,ul. Ofiar Katynia 76,50.31277,19.27416
53794,Dąbrowa Górnicza,ul. Aleja Józefa Piłsudskiego 73,50.33927,19.22893
53803,Lniano,ul. Szkolna 13,53.52861,18.21805
53805,Iskrzynia,ul. Szkolna 4,49.68293,21.85663
53816,Częstochowa,ul. Mikołaja Kopernika 79/87,50.80787,19.1049
53902,Wydminy,ul. Grunwaldzka 94,53.98052,22.03506
53914,Wielka Wieś,210,49.93258,20.82907
53917,Tczyca,177,50.42231,19.88912
53936,Cedzyna,ul. Szkolna 6,50.86879,20.72234
53946,Kończewice,8,54.0583,18.87227
53949,Zbójno,178,53.00732,19.16025
53953,Węglówka,81,49.77266,21.78283
53964,Wocławy,ul. Władysława Łokietka 40,54.27349,18.77481
53984,Lublin,ul. Baltazara Paśnikowskiego 6,51.23985,22.49599
54004,Morawin,27,51.84688,18.27262
54005,Białynin,49,51.81035,20.01528
54006,Stobierna,38,50.03054,21.48923
54079,Częstochowa,Aleja Armii Krajowej 68a,50.82822,19.11661
54080,Lublin,ul. Róży Wiatrów 9,51.2135,22.57024
54081,Ruś,4,53.83852,19.97113
54083,Wólka,4,50.99569,20.12757
54090,Szydłowo,ul. Szkolna 5,53.07808,20.45513
54093,Stara Łubianka,ul. Polna 8,53.22784,16.68861
54095,Konin,ul. Kielecka 37,50.86467,19.25289
54099,Szadek,ul. Prusinowska 4,51.693,18.97472
54102,Skokowa,ul. Kościelna 10,51.38844,16.85914
54103,Wara,247,49.75451,22.20048
54134,Tarnowskie Góry,ul. Leśna 23,50.45063,18.88427
54135,Tarnowskie Góry,ul. Janusza Korczaka 2,50.45053,18.85254
54137,Tarnowskie Góry,ul. Jana Kochanowskiego 15,50.44004,18.86864
54138,Tarnowskie Góry,ul. Józefa Korola 38a,50.42618,18.86807
54140,Tarnowskie Góry,ul. Armii Krajowej 1,50.47943,18.80202
54186,Polanowice,27,52.64234,18.28855
54235,Mielec,ul. Kościuszki 4,50.28532,21.42072
54249,Stary Dzików,ul. Kościuszki 83,50.24453,22.93086
54253,Cewków,81,50.25359,22.87318
54256,Klenica,ul. Bolesława Chrobrego 68,51.99288,15.77015
54260,Tarnowskie Góry,ul. Litewska 6,50.44481,18.82835
54272,Przygodzice,ul. Wysocka 2,51.59133,17.82517
54276,Pustynia,160,50.07691,21.45159
54281,Grodkowice,80,49.97664,20.26011
54316,Nieżywięć,234,53.26109,19.15247
54327,Sędziszów Małopolski,ul. Osiedle Młodych 20,50.07144,21.68659
54328,Bytów,ul. Młyńska 11,54.16684,17.4875
54329,Bełżyce,ul. Tadeusza Kościuszki 148,51.16695,22.25588
54347,Rzepin Drugi,155,50.98034,21.09039
54355,Pruszcz,ul. Kościelna 4,53.32868,18.19896
54359,Grajewo,ul. Szkolna 12,53.64367,22.45388
54391,Niedźwiadna,49,53.54345,22.19532
54404,Lublin,ul. Józefa Śliwińskiego 5,51.27242,22.55119
54405,Bodzentyn,ul. Rynek Górny 11,50.94104,20.95404
54406,Gumniska,120,49.99612,21.41892
54409,Będziemyśl,130,50.05578,21.79028
54410,Włodzienin,50,50.11663,17.84248
54432,Częstochowa,ul. Leona Schillera 5,50.84053,19.12338
54443,Kąclowa,280,49.58899,20.9647
54449,Kościelnik,40,51.08395,15.29683
54463,Białystok,ul. Kazimierza Pułaskiego 25,53.10936,23.13857
55070,Jaworzno,ul. Juliana Ursyna Niemcewicza 7a,50.18319,19.28598
55082,Jaworzno,ul. Stefana Batorego 48,50.24302,19.27458
55097,Bobrowo,33,53.28827,19.27566
55103,Rząska,ul. Krakowska 122,50.09947,19.8367
55121,Zawada,24,49.88122,19.94942
55122,Jawornik,Floriana 11,49.85789,19.90283
55144,Świnoujście,ul. Jana Matejki 35,53.91135,14.23919
55146,Dębska Wola,ul. Szlachecka 173,50.72224,20.58325
55148,Reptowo,96a,53.36712,14.86171
55158,Pawłów,89,50.96228,21.11985
55167,Kisielice,ul. Aleja Wojska Polskiego 2,53.60826,19.26008
55185,Stobnica,51 A,51.24718,19.87542
55199,Krasnobród,ul. Lelewela 37,50.53718,23.21652
55283,Sędziszów Małopolski,ul. Szkolna 13,50.09143,21.65952
55285,Sędziszów Małopolski,ul. Kawęczyn 70,50.07967,21.73194
55300,Łaziska Górne,ul. Szkolna 4,50.15451,18.87163
55301,Łaziska Górne,ul. Dworcowa 4,50.15016,18.84101
55303,Łaziska Górne,ul. Wyrska 4,50.13623,18.8705
55312,Masłów Pierwszy,ul. Jana Pawła II 1,50.9034,20.72716
55317,Białystok,ul. św. Andrzeja Boboli 47,53.12704,23.08548
55354,Jaroszowiec,ul. Kolejowa 18,50.33581,19.59706
55356,Rodaki,ul. Strażacka 11,50.39484,19.53454
55357,Klucze,ul. Zawierciańska 30,50.34068,19.56329
55364,Lisków,ul. ks. Wacława Blizińskiego 44a,51.8338,18.39907
55365,Strzałków,65,51.85995,18.42352
55366,Zakrzyn-Baranek,1,51.8434,18.3284
55367,Ciepielew Pierwszy,10,51.80513,18.43333
55375,Glinka,6,51.67495,16.54365
55377,Wierzchowo-Dworzec,ul. Szkolna 16,53.62119,17.44828
55379,Suków,215,50.81531,20.68461
55394,Krzywa,121,50.0935,21.74147
55396,Kościan,Osiedle Piastowskie 47,52.08241,16.63299
55406,Mszana Górna,358,49.62699,20.14221
55408,Siemiatycze,ul. Ogrodowa 2,52.42595,22.85848
55409,Włoszczowa,ul. Różana 16,50.85021,19.98699
55417,Krzeczów,174,49.68435,19.91151
55418,Kazimierza Wielka,ul. Szkolna 14,50.2678,20.48198
55422,Szczawa,167,49.60638,20.29889
55427,Gieraszowice,67,50.60133,21.44322
55430,Łążek,58,50.52534,21.58299
55434,Wiechlice,ul. Brzozowa 17,51.55053,15.57944
55437,Szczawa,290,49.60072,20.26961
55449,Murzynowo Kościelne,30,52.24979,17.45336
55455,Kluczewo,ul. Szkolna 19,52.03233,16.37755
55470,Wielichowo,ul. Kościelna 7a,52.11689,16.34727
55477,Różańsko,87,52.84624,14.77873
55494,Wąwolnica,ul. Zamkowa 4,51.29461,22.1462
55495,Karmanowice,84,51.33451,22.1088
55501,Kruszwica,ul. Kujawska 20,52.67583,18.33409
55510,Rumia,ul. Ceynowy 24,54.57832,18.39229
55513,Debrzno,ul. Królewska 5,53.54035,17.23365
55518,Rzędziny,6,53.53207,14.33382
55540,Jamnica,182,49.58558,20.74636
55541,Babin,147,51.17025,22.34596
55542,Królowa Górna,16,49.58178,20.8537
55544,Łankiejmy,10,54.15057,21.07612
55545,Lelkowo,115,54.32355,20.22743
55546,Wartkowice,ul. Legionów Polskich 5,51.97573,19.00462
55549,Pisarzowice,ul. Główna 67,50.78716,15.95481
55550,Czarna Sędziszowska,145a,50.12273,21.75338
55553,Rogi,10A,50.66039,17.52495
55571,Kaczórki,92,50.56215,23.15117
55575,Zawada,154,50.05138,21.4861
55580,Puławy,ul. Jaworowa 5,51.4221,21.95653
55581,Puławy,ul. 6 Sierpnia 30,51.41876,21.95108
55582,Puławy,ul. Kaniowczyków 1,51.42077,21.97933
55583,Puławy,al. Mała 10,51.41563,21.96267
55584,Puławy,ul. Legionu Puławskiego 8,51.41288,21.98467
55585,Puławy,ul. Juliana Ursyna Niemcewicza 4,51.422,21.96148
55586,Głobikowa,81,49.96413,21.44482
55597,Wisznia Mała,ul. Szkolna 51,51.25629,17.04965
55599,Kornatka,105,49.8465,20.07858
55601,Kaszczor,ul. Cysterska 9,51.95786,16.16189
55602,Gracze,ul. Niemodlińska 21,50.69626,17.55387
55607,Pilczyca,70,51.03568,20.0897
55614,Puławy,ul. Franciszka Zabłockiego 8,51.4018,21.97864
55618,Łagów,ul. Zapłotnia 2,50.77896,21.08071
55645,Ptaszkowa,406,49.60272,20.88032
55648,Śmiłowice,98,52.52127,19.01487
55649,Choceń,ul. Sikorskiego 12,52.48555,19.0221
55651,Wilkowice,35,52.51289,19.06927
55655,Lubicz Górny,ul. Piaskowa 23,53.02311,18.77064
55696,Adamowice,ul. Szkolna 7,50.13418,18.32828
55701,Balice,ul. Szkolna 66,50.08561,19.7939
55703,Węsiory,ul. Kartuska 1,54.23272,17.84974
55704,Borek,73,54.27811,17.75794
55705,Podjazy,16,54.27894,17.80748
55709,Rudawa,ul. Stanisława Polaczka 25,50.12294,19.70774
55712,Sędziejowice,ul. Powstańców 1863 Roku 6,51.50976,19.02148
55713,Gryfino,ul. Łużycka 22,53.24739,14.48875
55714,Pyrzowice,ul. Wolności 46,50.46161,19.0714
55717,Gryfino,ul. 9 Maja 4,53.2554,14.49507
55728,Sadki,ul. Mickiewicza 1,53.1578,17.45535
55738,Koryta,66,51.80436,17.68749
55747,Bytów,ul. ks. dr. Bolesława Domańskiego 13,54.17805,17.50192
55750,Łącznik,ul. Fabryczna 4a,50.45555,17.72545
55755,Kicznia,121,49.59339,20.42299
55756,Białogard,ul. Grunwaldzka 53,54.00708,15.99452
55758,Żółkiewka-Osada,ul. Szkolna 3,50.91372,22.83856
55760,Żabowo,17,53.72202,15.19025
55764,Złotniki Kujawskie,ul. Powstańców Wielkopolskich 3,52.89971,18.14529
55765,Gniewkówiec,25,52.91936,18.14967
55769,Wierzchowo-Dworzec,ul. Szkolna 9,53.61641,17.45571
55770,Lisewo Kościelne,33,52.90816,18.07252
55772,Tuczno,ul. Pakoska 33,52.86098,18.12866
55780,Matczyn,9,51.19899,22.31139
55787,Koźmin Wielkopolski,ul. Glinki 11,51.82569,17.45654
55788,Koźmin Wielkopolski,ul. Mikołaja Kopernika 1,51.83271,17.44827
55789,Borzęcice,136,51.87825,17.49808
55790,Stara Obra,ul. Szkolna 6,51.8875,17.4558
55791,Mokronos,3,53.8093,15.38529
55801,Trzebiszewo,ul. Główna 44,52.63035,15.39917
55802,Skwierzyna,ul. Mickiewicza 26,52.59382,15.50236
55810,Rumia,ul. Sienkiewicza 30,54.57558,18.38531
55813,Podgrodzie,56a,50.012,21.34739
55860,Stawiszyn,ul. Szkolna 8,51.91589,18.1114
55862,Bytom Odrzański,ul. Kościelna 9,51.7296,15.82873
55881,Rędziny,ul. Szkolna 7,50.85543,19.20917
55883,Kierz,89,51.18219,22.20076
55886,Brzeźnica,ul. Adama Gorczyńskiego 1,49.9645,19.63284
55893,Malbork,ul. Józefa Wybickiego 32,54.02613,19.04209
55895,Poizdów,1A,51.63039,22.34637
55902,Mochy,ul. Szkolna 7,51.99958,16.17017
55905,Częstochowa,ul. Górna 12,50.7919,19.13476
55910,Sękowa,152,49.61654,21.20137
55920,Sól-Kiczora,297,49.50315,19.13573
55928,Dominowo,ul. Centralna 3,52.29205,17.35805
55934,Wrocław,pl. Franciszkański 1-3,51.1068,17.03031
55953,Zbludza,110,49.59018,20.35041
55982,Chyszówki,130,49.67805,20.26132
55983,Rędziny,ul. Działkowiczów 20,50.86192,19.23185
55984,Wisła,pl. Bogumiła Hoffa 5,49.65418,18.86065
56001,Wrocław,ul. Fryderyka Chopina 9b,51.12036,17.08239
56002,Łódź,ul. Maratońska 47b,51.74185,19.39484
56014,Rybnik,ul. dr. Mariana Różańskiego 14a,50.1029,18.55141
56015,Częstochowa,Aleja Jana Pawła II 95,50.81643,19.11007
56017,Liski,22,53.56448,21.92961
56021,Rupniów,206,49.76458,20.336
56022,Grzybno,23,53.02069,14.55779
56043,Smolnik,51B,51.02304,15.26021
56049,Bralin,rynek Rynek 1,51.28527,17.90245
56052,Lublin,ul. Jana Kasprowicza 112,51.26169,22.63228
56072,Przytuły,ul. Lipowa 28,53.36805,22.3105
56090,Laskowa,ul. Zdrojowa 9,49.97943,19.46226
56107,Ptaszkowa,495,49.60167,20.90289
56108,Sędziszów Małopolski,ul. Legionów Polskich 162,50.08808,21.70457
56112,Wolsztyn,ul. Konopnickiej 1,52.1099,16.12038
56115,Wielkie Oczy,ul. Leśna 13,50.02706,23.16731
56118,Łukawiec,Wspólna 46,50.08006,23.11325
56122,Suchorze,ul. Szkolna 5,54.2785,17.0995
56124,Trzebielino,ul. Młodzieżowa 1,54.19662,17.08681
56131,Bystrzyca Kłodzka,ul. Wojska Polskiego 8,50.2985,16.65145
56132,Biały Dunajec,ul. Miłośników Podhala 23,49.35911,20.00541
56139,Krzymów,29,52.97982,14.33416
56140,Szynwałd,11,49.97447,21.11409
56162,Kłodne,144,49.6865,20.57227
56166,Łeba,ul. Tysiąclecia 11,54.76143,17.5579
56167,Janczewo,ul. Główna 59,52.75484,15.34264
56169,Pudliszki,ul. Szkolna 20,51.77151,16.93383
56185,Olkusz,ul. Jana Kantego 5,50.27798,19.55426
56192,Chwałowice,130,50.76552,21.88678
56194,Wronów,15,51.16667,22.15895
56226,Bezledy,13A,54.32438,20.73059
56227,Galiny,69,54.15942,20.82764
56230,Kinkajmy,18A,54.21631,20.88908
56231,Wojciechy,66,54.26336,20.6716
56232,Żydowo,2,54.30912,20.83841
56233,Rosochata,65,51.20136,16.31298
56237,Bieniowice,57,51.25875,16.25654
56238,Kunice,ul. Staropolska 4,51.22383,16.248
56245,Koźmin,2,52.07251,18.67423
56246,Galew,7,52.06723,18.55664
56269,Łążyn,16,53.12575,18.41917
56274,Gródki,51a,53.23428,20.04124
56279,Wrocław,ul. Wałbrzyska 50,51.06464,16.97308
56282,Wrocław,ul. Piotra Ignuta 28,51.14063,16.96666
56306,Olkusz,ul. Jana Kochanowskiego 2,50.26121,19.57158
56307,Wysokie,5,49.6552,20.53947
56309,Pszczółki,ul. Szkolna 4,54.17164,18.68547
56311,Orchowo,ul. Szkolna 11,52.49847,18.02169
56317,Lubawa,ul. Rzepnikowskiego 7,53.50113,19.75196
56319,Kwidzyn,ul. Chopina 4,53.73301,18.92549
56322,Kryniczno,ul. Szkolna 6,51.20852,17.03842
56324,Szewce,ul. Strzeszowska 7,51.22227,16.96929
56328,Jejkowice,ul. Główna 42,50.10617,18.47499
56332,Radomyśl nad Sanem,ul. Legionów 22,50.67885,21.93935
56374,Zbiersk-Cukrownia,144,51.95342,18.13423
56375,Zbiczno,ul. Szosa Brodnicka 77,53.33682,19.37465
56377,Góra,ul. Marii Konopnickiej 2,51.66309,16.53024
56378,Góra,ul. Poznańska 2,51.67144,16.54262
56380,Częstochowa,ul. Połaniecka 50,50.87036,19.17241
56401,Psary,ul. Główna 40,51.18758,17.03119
56403,Szczukowskie Górki,35A,50.8825,20.52624
56404,Marzenin,ul. Łaska 7,51.55355,19.03721
56411,Wielki Łęck,92,53.22899,19.95046
56413,Częstochowa,ul. Władysława Orkana 95/109,50.77969,19.13066
56422,Mechnica,ul. Kwiatowa 4,50.39756,18.06121
56428,Pilchów,ul. por. Józefa Sarny 1,50.61663,22.02381
56429,Majdan Zbydniowski,1,50.64933,21.97594
56430,Kotowa Wola,1,50.61816,21.93218
56431,Lublin,ul. Władysława Jagiełły 11,51.21988,22.63422
56443,Garbno,36,54.13059,21.28277
56447,Lnisno,69A,51.86207,20.08899
56448,Sułkowice,ul. Racławicka 188,49.82,19.37039
56451,Gizałki,ul. Kaliska 25,52.04168,17.77058
56455,Ryczywół,ul. Szkolna 1,52.81559,16.82195
56456,Olszówka,52,49.61659,20.03006
56457,Bukwałd,39,53.87796,20.35653
56458,Spręcowo,2,53.87531,20.43924
56473,Jazowsko,171A,49.53214,20.51777
56482,Piotrowice,ul. Andrychowska 222,49.97268,19.36821
56484,Przeciszów,ul. Podlesie 92,50.02254,19.37567
56490,Niechłonin,92,53.1774,20.04487
56492,Jędrzejów,ul. Feliksa Przypkowskiego 12,50.63979,20.30012
56494,Olkusz,ul. kpt. Hardego 11a,50.26843,19.57586
56502,Pewel Wielka,355,49.66179,19.34894
56514,Wilkowice,ul. Kościelna 10,49.76264,19.09582
56516,Bystra,ul. Klimczoka 68,49.76078,19.05977
56528,Rudniki,ul. Szkolna 11,50.87852,19.24125
56532,Maszkowice,27,49.55273,20.4675
56537,Kamnica,1,54.01686,16.89342
56545,Kościelec,ul. Wolności 93,50.89664,19.21615
56547,Śmiłowo,ul. Pilska 40,53.13712,16.91273
56549,Dziembowo,ul. Akacjowa 2,53.07314,16.83683
56552,Kaczory,ul. Chodzieska 5,53.10165,16.88282
56558,Borzestowo,182,54.30399,17.99662
56583,Pamiątkowo,ul. Szkolna 13,52.55265,16.6785
56601,Wojska,ul. Szkolna 12,50.48357,18.66586
56607,Żarczyce Duże,29,50.7924,20.21606
56612,Częstochowa,ul. Przestrzenna 68/70,50.78714,19.06361
56618,Duża Cerkwica,32,53.53256,17.56625
56620,Zamarte,ul. Klasztorna 1,53.6003,17.48068
56640,Wodzisław Śląski,ul. Młodzieżowa 47,50.01062,18.40997
56643,Wodzisław Śląski,ul. Konwaliowa 4,50.01273,18.37552
56646,Wodzisław Śląski,ul. Bolesława Chrobrego 308,50.02901,18.43654
56651,Wodzisław Śląski,ul. świętego Wawrzyńca 11,49.97797,18.5057
56658,Lipka,ul. Szkolna 6,53.49263,17.24635
56661,Łąkie,89,53.50413,17.12739
56669,Mszadla,98,51.89893,19.90039
56715,Andrychów,ul. Jarosława Dąbrowskiego 2,49.84966,19.34459
56731,Brzoskwinia,ul. im. Tadeusza Skołuby 7,50.09651,19.71835
56733,Piotrków Trybunalski,ul. Adama Próchnika 8/12,51.40597,19.6907
56973,Malbork,al. Wojska Polskiego 479,54.03646,19.06022
56983,Kozy,ul. Przecznia 1,49.84741,19.14656
57063,Kraśniczyn,ul. Szkolna 1,50.9324,23.35099
57067,Białystok,ul. Strażacka 25,53.15321,23.10327
57069,Rozbórz Długi,104,49.93034,22.49249
57074,Woźniki,ul. Szkolna 5,50.61107,19.04201
57077,Krosno,ul. Powstańców Śląskich 37,49.68493,21.78374
57079,Gościeszyn,20,52.65726,17.72648
57093,Jędrzejów,ul. Władysława Stanisława Reymonta 1,50.65046,20.28687
57094,Jędrzejów,ul. Feliksa Przypkowskiego 43,50.64212,20.28301
57098,Brzączowice,186,49.87679,20.04534
57099,Jasionna,8,50.62831,20.40489
57101,Łysaków Drugi,44b,50.59237,20.31172
57107,Korsze,ul. Tadeusza Kościuszki 12,54.17107,21.13485
57109,Pisz,ul. Lipowa 15,53.6256,21.80434
57115,Psary,ul. Główna 91,50.61832,18.96898
57118,Dąbrowa Chełmińska,ul. Sportowa 1,53.17839,18.30199
57121,Czarże,ul. Chełmińska 47,53.22401,18.27615
57124,Ostromecko,ul. Szkolna 1,53.14716,18.20929
57145,Jastrzębia Góra,ul. Słowackiego 4,54.83443,18.30139
57147,Władysławowo,ul. 1000-lecia Państwa Polskiego 2,54.79235,18.40648
57155,Władysławowo,ul. Morska 1,54.79464,18.39989
57158,Chłapowo,ul. Władysławowska 87,54.80467,18.367
57162,Kościan,ul. Adama Mickiewicza 12,52.08887,16.63875
57235,Krzeszów,ul. Betlejemska 1,50.73337,16.06459
57245,Zdziłowice Czwarte,96,50.81405,22.53132
57250,Jaworzynka,366,49.54152,18.87193
57258,Wyżne,40,49.91966,21.87983
57265,Zelgoszcz,ul. Główna 29,53.83135,18.43534
57266,Lubichowo,ul. Dworcowa 15,53.84904,18.39927
57275,Borzechów-Kolonia,227,51.09232,22.28545
57323,Zbójna,ul. Łomżyńska 35,53.24224,21.78997
57324,Pabianice,ul. Mokra 28/34,51.6544,19.37827
57326,Pabianice,ul. gen. Kazimierza Pułaskiego 22/24,51.66702,19.35278
57327,Pabianice,ul. Zamkowa 65,51.66506,19.34182
57328,Pabianice,ul. Partyzancka 56A,51.6697,19.35632
57329,Pabianice,ul. Jana Pawła II 16,51.65625,19.34482
57330,Pabianice,ul. Ostatnia 15a,51.65959,19.33042
57331,Pabianice,ul. Warszawska 65,51.66293,19.37601
57340,Pabianice,ul. ks. Piotra Skargi 30,51.66253,19.36566
57553,Turek,ul. 3 Maja 29,52.01954,18.49889
57589,Baligród,ul. Adama Mickiewicza 1,49.3373,22.28911
57592,Mchawa,37,49.35624,22.28043
57594,Stróża,1,49.75025,20.21311
57599,Czyże,64,52.77535,23.42292
57604,Pstrągowa,105,49.93496,21.76303
57636,Jamielnik,ul. Szkolna 10,53.52555,19.50525
57641,Godzianów,ul. Sportowa 4,51.89325,20.03788
57649,Podchojny,106,50.66473,20.31899
57650,Potok Wielki,9,50.60429,20.22974
57652,Prząsław,55,50.65501,20.2268
57654,Raków,45,50.64059,20.3747
57656,Skroniów,75,50.62782,20.2631
57671,Piątkowisko,107,51.67847,19.29371
57674,Godziszów Pierwszy,103,50.7562,22.48589
57680,Laseczno,43,53.59812,19.43555
57682,Koniaków,280,49.55224,18.94164
57685,Wodzisław Śląski,ul. Jastrzębska 136,49.99046,18.49326
57689,Niedrzwica Duża,ul. Lubelska 21A,51.11332,22.38688
57715,Widawa,ul. Wieluńska 17,51.43746,18.93572
57719,Solarnia,ul. Raciborska 42 A,50.23599,18.30766
57724,Kochcice,ul. Parkowa 45,50.70837,18.68167
57738,Zgorzelec,ul. Armii Krajowej 10A,51.15089,15.01423
57741,Częstochowa,ul. Żabia 1,50.8141,19.13638
57746,Częstochowa,ul. Bronisława Hubermana 7,50.83568,19.15753
57747,Częstochowa,ul. Rędzińska 23,50.84087,19.1749
57748,Częstochowa,ul. Ludowa 58,50.84343,19.10773
57756,Częstochowa,ul. Szamotowa 8,50.80156,19.06991
57757,Częstochowa,ul. Powstańców Warszawy 144a,50.76204,19.06268
57809,Koniaków,480,49.5572,18.95622
57815,Obidza,206,49.50448,20.49565
57829,Stawiski,ul. Polowa 12,53.38072,22.159
57830,Poryte,ul. Szkolna 23,53.35608,22.06771
57846,Oszkowice,29,52.06922,19.56191
57858,Jelenia Góra,ul. Ignacego Paderewskiego 13,50.91047,15.7464
57868,Nietków,ul. Jana Kasprowicza 76,52.02895,15.34177
57877,Krzeszów,ul. Ulanowska 7,50.40442,22.33847
57881,Ząbrowo,ul. Szkolna 19,53.63652,19.45578
57882,Jelenia Góra,ul. Armii Krajowej 8,50.90114,15.74057
57883,Jelenia Góra,ul. Lotnictwa 1,50.90089,15.78843
58109,Łubowo,ul. Zakątna 10,53.58761,16.39111
58114,Kolonowskie,ul. Jana Pawła II 4,50.66254,18.35312
58144,Czarny Dunajec,ul. Ojca Świętego Jana Pawła II 144,49.44122,19.84921
58146,Pisarzowice,285b,51.13947,15.23967
58148,Staniszcze Małe,ul. Szkolna 1,50.66326,18.31593
58154,Brudzice,ul. Radomszczańska 1,51.17233,19.33828
58165,Kraków,ul. Skałeczna 10,50.04896,19.94102
58179,Pruśce,30,52.76838,17.08186
58192,Dziaduszyce,23,50.38356,20.26811
58201,Przystajń,ul. Szkolna 9,50.88195,18.68655
58210,Ciche,152,49.3899,19.87121
58214,Budziszewko,57a,52.69364,17.06303
58222,Pobiedna,ul. Hetmańska 3,50.94046,15.29696
58243,Imielin,ul. Karola Miarki 7,50.14867,19.18234
58256,Kraków,ul. Malborska 98,50.02264,19.9654
58267,Paterek,ul. Kcyńska 6a,53.11492,17.60328
58283,Kraków,ul. Senatorska 39,50.05336,19.91626
58316,Łążyn,43,53.0001,18.89236
58320,Dobrzejewice,ul. Edukacyjna 8,53.00557,18.83521
58329,Gogolin,ul. Strzelecka 39,50.48978,18.0258
58346,Czaczów,67,49.5233,20.79068
58347,Nowa Wieś,96,49.49494,20.90872
58352,Rogoźno,ul. Mała Poznańska 1,52.74685,17.00557
58357,Występ,ul. Wiejska 1,53.12626,17.64532
58369,Rogoźno,ul. Seminarialna 16,52.74976,16.9904
58373,Gnojnik,336,49.89591,20.60626
58374,Uszew,205,49.91761,20.60161
58375,Gosprzydowa,155,49.87302,20.58474
58383,Okonek,ul. Leśna 45,53.53316,16.84247
58395,Lotyń,ul. Polna 9,53.60602,16.80336
58409,Tychy,Plac Wolności 3,50.13129,18.97919
58428,Przeciszów,ul. Szkolna 93,49.99894,19.3708
58437,Pokrzydowo,23,53.3246,19.47743
58451,Chrustowo,13,52.63231,16.71426
58455,Objezierze,8,52.60435,16.76479
58459,Oborniki,ul. Czarnkowska 57,52.65165,16.80384
58460,Oborniki,ul. Szkolna 7,52.64956,16.81111
58473,Dobczyce,ul. Parkowa 4,49.88308,20.08835
58476,Kalwaria Zebrzydowska,ul. Adama Mickiewicza 14,49.87015,19.67935
58481,Łagów,ul. Szkolna 1,52.33867,15.29755
58489,Toporów,ul. Szkolna 11,52.26453,15.26442
58491,Robuń,5,54.00885,15.72211
58501,Wisła,ul. Jawornik 58,49.65757,18.82765
58505,Bażanówka,ul. Dworska 21,49.60702,22.05557
58506,Wólka Ratajska,146,50.73291,22.45967
58509,Święte,ul. Szkolna 6,49.9237,22.85544
58520,Częstochowa,Aleja Wojska Polskiego 130,50.78758,19.14197
58537,Mizerów,ul. Nadrzeczna 31,49.99161,18.78964
58539,Kruszwica,ul. Kujawska 22,52.67583,18.33715
58542,Rogowo,31,52.97525,19.38307
58549,Kruszwica,ul. Adama Mickiewicza 11,52.67349,18.3182
58554,Leszczawa Dolna,21,49.66407,22.43311
58557,Wilczyce,109,49.66676,20.18851
58559,Gorzów Śląski,ul. Byczyńska 13,51.03237,18.42367
58561,Mielec,ul. Drzewieckiego 11,50.29356,21.42788
58562,Mielec,ul. Żeromskiego 30,50.29136,21.44106
58563,Janisławice,49,51.84582,20.0464
58564,Tołcze,6,53.05613,23.03098
58566,Turośń Dolna,ul. Szkolna 2,53.01989,23.00249
58574,Chełmce,51,52.6149,18.45197
58577,Nawrocko,11,52.91036,14.81564
58578,Golenice,1a,52.94409,14.7979
58585,Wysokienice,32,51.79283,20.12555
58586,Rusinowo,23,52.62422,18.38121
58590,Turek,ul. Sportowa 9,52.01852,18.49035
58591,Turek,os. Wyzwolenia 7A,52.01426,18.52091
58599,Sławsk Wielki,77,52.68339,18.26504
58600,Lublin,ul. Adama Mickiewicza 24,51.21817,22.5822
58619,Stary Skarżyn,44,52.91485,22.31485
58620,Barcice,ul. Mariana Cyconia 3,49.5256,20.65268
58622,Goszyce,ul. Tadeusza Kościuszki 95,50.17636,20.13031
58624,Wojbórz,52,50.5104,16.63906
58637,Prusy,ul. Niepodległości -12,50.11342,20.08534
58654,Goszcza,ul. Szkolna 1,50.1847,20.07226
58656,Łuczyce,ul. Szkolna 11,50.16331,20.08224
58666,Maciejowice,25,50.14228,20.07251
58678,Karniów,11,50.13324,20.16769
58679,Pietrzejowice,52,50.15508,20.1484
58759,Olsztyn,ul. Ludwika Zamenhofa 14,53.79146,20.49882
58761,Olsztyn,ul. Aleksandra Puszkina 11,53.78962,20.48502
58763,Olsztyn,ul. Pieczewska 10,53.74464,20.49591
58772,Jelenia Góra,ul. Cieplicka 74,50.8629,15.66521
58774,Korycin,ul. Szkolna 1,53.44725,23.08394
58777,Iwonicz,ul. Zagrodniki 21,49.60406,21.80046
58780,Lubatowa,284,49.53987,21.76243
58787,Brzeg,ul. Poprzeczna 1,50.8508,17.46244
58789,Brzeg,ul. Lompy 1,50.8632,17.45019
58797,Radomyśl Wielki,ul. Klonowa 2,50.19725,21.27007
58802,Kleszczele,pl. Parkowy 4,52.57484,23.32506
58805,Korzeniów,77a,50.15006,21.4524
58815,Bednary,ul. Aleja Legionów Polskich 61,52.11158,20.05992
58816,Bełchów,85,52.02562,20.05547
58817,Bobrowniki,126,52.05996,20.02516
58818,Dzierzgówek,15,52.03146,20.02294
58819,Mysłaków,ul. Szkolna 32,52.09187,20.02469
58834,Goczałkowice-Zdrój,ul. Powstańców Śląskich 3,49.94294,18.96523
58836,Pobierowo,ul. Kościuszki 2,54.05705,14.92903
58843,Człopa,ul. Plac Zwycięstwa 6,53.08767,16.12254
58848,Głuchów,ul. Rawska 9,51.77921,20.08211
58850,Złota,76,51.77166,20.14402
58859,Sufczyna,52,49.74248,22.46651
58863,Zasów,207,50.13541,21.32379
58868,Częstochowa,ul. mjra Waleriana Łukasińskiego 70/74,50.78182,19.15436
58886,Chodzież,ul. Jana Kochanowskiego 1,52.98624,16.91473
58890,Luborzyca,ul. Jagiellońska 11,50.13601,20.11326
58903,Besko,ul. Kolejowa 54,49.59099,21.95669
58921,Jelenia Góra,ul. Bronisława Czecha 1a,50.84383,15.64242
58925,Szalowa,16,49.68211,21.02129
58928,Łużna,723,49.71017,21.05473
58972,Tarło,103,51.50605,22.70156
58973,Brzeźnica Bychawska,123,51.52133,22.74324
58976,Pałecznica,81,51.4812,22.67372
58977,Niedźwiada-Kolonia,42,51.53329,22.69088
58978,Niewodnica Kościelna,ul. Kościelna 10,53.08849,23.04876
58982,Parkowo,6,52.70296,16.91721
58986,Krzętów,ul. Stodolna 22,50.98394,19.8281
58988,Zagórze,30,51.04222,19.74922
58995,Sułkowice,ul. Centralna 2,49.82919,19.33872
59007,Mieleszyn,35c,52.6692,17.49335
59009,Łódź,al. Pasjonistów 18,51.79468,19.38791
59013,Krusin,53,53.31231,18.60419
59017,Łazy,ul. Szkolna 2,50.42681,19.39642
59021,Kocierzew Południowy,103,52.22762,20.01789
59024,Bolesław,95,50.27229,20.90066
59030,Gliwice,ul. Obrońców Pokoju 4,50.31861,18.68969
59032,Gliwice,ul. Sikornik 1,50.28682,18.659
59044,Bogdanówka,100,49.74201,19.80248
59049,Broniszewice,44a,51.9674,17.81706
59052,Czermin,2B,51.94467,17.74999
59064,Żegocin,8,52.00256,17.77858
59069,Bielice,102,50.55936,17.49469
59073,Łambinowice,ul. Obozowa 13,50.54279,17.56437
59076,Nowe Skalmierzyce,ul. Okólna 8,51.70668,17.99035
59083,Lublin,ul. aleja Józefa Piłsudskiego 26,51.23575,22.56757
59084,Rudzienice,ul. Szkolna 2,53.63022,19.66308
59087,Wikielec,ul. Rumiankowa 31,53.58356,19.5102
59090,Stróżna,188,49.69649,20.98082
59101,Miastko,ul. Bolesława Chrobrego 7,54.00181,16.97707
59102,Skalmierzyce,ul. Ostrowska 16,51.7031,17.98108
59104,Marzęcice,ul. Szkolna 21,53.43004,19.53761
59106,Dzietrzychowo,10,54.30342,21.12357
59108,Poniki,2,54.32905,20.92136
59109,Złocieniec,ul. I Dywizji Wojska Polskiego 4a,53.53456,16.01627
59111,Wiatrowiec,2,54.24059,20.96134
59112,Latoszyn,23,51.55933,20.8123
59119,Złocieniec,ul. Czwartaków 2,53.54199,16.04869
59121,Wysiołek Luborzycki,ul. św. Królowej Jadwigi 78,50.14557,20.10919
59128,Jantar,ul. Rybacka 66b,54.33563,19.0163
59129,Tujsk,55,54.27636,19.13124
59130,Stegna,ul. Powstańców Warszawy 2,54.32863,19.12226
59131,Drewnica,ul. Wierzbowa 7,54.28936,18.96267
59160,Brzóza Stadnicka,425,50.19977,22.2783
59552,Ktery,34,52.12415,19.40687
59561,Krzyżanów,6,52.18399,19.45603
59590,Jeże,14,53.48903,21.87551
59596,Hejdyk,8,53.5102,21.52704
59622,Miłki,ul. Szkolna 3,53.94124,21.88181
59624,Stasiówka,130,50.01416,21.46536
59628,Brzeźnica,ul. Szkolna 1,50.10358,21.48521
59632,Okartowo,22,53.80694,21.85613
59633,Jelenia Góra,ul. Gustawa Morcinka 31,50.88942,15.73279
59638,Płonka,70,50.84511,22.97727
59639,Rudnik,78,50.88159,22.97655
59643,Kraków,Osiedle Krakowiaków 47,50.08166,20.04003
59645,Pobiedziska,ul. Kostrzyńska 23,52.475,17.28829
59650,Jerzykowo,ul. Spokojna 3,52.47082,17.17171
59656,Wronczyn,1a,52.50688,17.21616
59657,Biskupice,ul. Szkolna 2,52.45987,17.1729
59662,Kolonowskie,ul. 1 Maja 5,50.651,18.38257
59672,Głębowice,ul. Oświęcimska 22,49.9435,19.33201
59676,Osiek,ul. Główna 123,49.95088,19.26234
59691,Babica,102,49.93342,21.89875
59693,Dąbrówka Wisłocka,115,50.16188,21.33552
59698,Neple,ul. Parkowa 22,52.1263,23.51425
59701,Zwiernik,256,49.94576,21.20993
59709,Miastko,ul. Kujawska 1,53.99426,16.97381
59710,Janowiec Wielkopolski,ul. Szkolna 8,52.75809,17.49248
59718,Wola Wapowska,6A,52.69656,18.44199
59730,Janowice,50,50.39064,20.21122
59737,Mirzec Stary,10,51.13751,21.05654
59741,Wronki,ul. Mickiewicza 5,52.71061,16.3775
59749,Siedlce,29,51.39912,16.30415
59750,Ołobok,ul. Kościelna 16,51.6334,18.06806
59760,Wójtowa,52,49.69473,21.2943
59763,Kryg,397,49.65753,21.25583
59764,Pagorzyna,46,49.68806,21.3324
59766,Lipinki,48,49.6706,21.29446
59770,Chruszczobród,ul. Adama Mickiewicza 113,50.41541,19.31235
59774,Łódź,ul. Stefana Żeromskiego 115,51.75556,19.44829
59785,Bobrowniki Wielkie,ul. Długa 63,50.06653,20.91658
59788,Jaworzno,ul. ks. Andrzeja Mroczka 53c,50.21427,19.34822
59793,Trzonki,29,53.68339,21.81589
59795,Jasienica Dolna,156,50.51712,17.49682
59798,Laski Wielkie,25,52.76726,17.86366
59811,Krosno,ul. Wojska Polskiego 45,49.68564,21.77508
59813,Stadniki,148,49.88096,20.15163
59814,Dulcza Wielka,ul. ks. Kalinowskiego 212,50.19334,21.20135
59818,Szydłów,1,51.7903,19.1244
59821,Zabrzeż,117,49.54557,20.40381
59825,Toruń,ul. Krynicka 8,53.03515,18.70486
59826,Dąbrowa,55,54.27462,16.3971
59829,Chwaszczyno,ul. Mickiewicza 16,54.4399,18.41789
59834,Cieszyn,ul. Czytelni Ludowej 4,49.75798,18.63681
59835,Skulsk,ul. Konińska 39,52.47727,18.33169
59836,Wandowo,3,52.43576,18.30354
59838,Dąbrowa Górnicza,ul. Wirgiliusza Grynia 17,50.31577,19.16572
59841,Kościelec,9,51.14848,16.13675
59853,Alwernia,ul. Marii Skłodowskiej-Curie 4,50.06495,19.54284
59858,Małyszyn Górny,71,51.11506,21.13894
59860,Krosno,ul. Prochownia 7,49.69853,21.77578
59870,Białystok,ul. Polowa 7/1,53.12106,23.0806
59876,Dobrynin,217,50.20507,21.5415
59892,Sośnicowice,ul. Gliwicka 21,50.27128,18.53394
59893,Kozłów,ul. Marcina 33,50.31062,18.56301
59894,Bargłówka,ul. Raciborska 67,50.26554,18.52385
59895,Sierakowice,ul. Wiejska 1,50.27942,18.47134
59905,Nysa,ul. Tadeusza Kościuszki 9,50.47917,17.32258
59941,Pustków,94,50.14449,21.48849
59947,Kurzelów,ul. Brożka 7,50.87909,19.88902
59948,Przybysławice,152,51.36739,22.29263
59949,Spytkowice,153,49.56849,19.78193
59956,Wisła,ul. Kopydło 74,49.62489,18.87416
59959,Pacanów,ul. Karska 3,50.39745,21.04774
59988,Świerzno,4,54.07221,16.85033
59990,Gostyczyna,48,51.67762,18.07465
60012,Białki Dolne,24,51.5876,22.0614
60016,Pilica,ul. 17 Stycznia 2a,50.4637,19.65252
60017,Jagodne,138,51.14524,20.97566
60020,Kanina,71,49.66764,20.50124
60022,Targanice,ul. Beskidzka 46,49.81266,19.32848
60076,Gostkowo,20,54.22585,17.47755
60077,Iwin,12A,53.79559,16.51813
60089,Piątkowa,1,49.62128,20.75082
60090,Kuzie,34,53.30378,21.67897
60092,Kolonia Lipnik,11,51.22904,18.87955
60098,Dziekanowice,48A,49.9075,20.09602
60101,Dobra,ul. Poziomkowa 5,53.4882,14.38953
60102,Mierzyn,ul. Kolorowa 27,53.42653,14.46244
60112,Słosinko,4,53.94345,16.98866
60114,Mieroszów,ul. Wolności 19,50.6665,16.18896
60116,Kowalowa,ul. Wałbrzyska 38,50.67962,16.19994
60119,Lubiewo,ul. Wojska Polskiego 16,53.46657,18.02103
60132,Wola Różaniecka,158,50.32515,22.75667
60134,Tarnogród,ul. 1 Maja 7,50.35875,22.74122
60142,Wielgomłyny,ul. Radomszczańska 9,51.01187,19.75954
60147,Poznań,ul. Różana 1/3,52.39895,16.92463
60155,Bezrzecze,ul. Górna 3,53.45745,14.4558
60168,Jastrzębie,31,52.87375,19.1783
60169,Mielec,ul. Łąkowa 6,50.29757,21.46922
60175,Izdebki,362,49.75297,22.11216
60180,Wisła,ul. Biała Wisełka 6,49.6208,18.9428
60182,Wisła,ul. Malinka 53,49.6369,18.93695
60187,Niepart,45,51.70876,16.99277
60206,Kocioł Duży,6,53.62377,21.93979
60208,Szestno,18,53.92439,21.30839
60218,Sątoczno,8,54.23236,21.09596
60221,Dobra,1,49.716,20.24449
60223,Karniszewo,11A,52.63554,17.48562
60224,Łopienno,117,52.70934,17.4719
60228,Jabłonka,19,49.69337,22.10682
60241,Bydlin,ul. Legionów 32,50.38435,19.64228
60245,Podborze,101,50.23723,21.31466
60256,Orzysz,ul. Wojska Polskiego 14,53.80789,21.94527
60258,Wola Blakowa,39,51.12817,19.30113
60261,Brusy,ul. Ogrodowa 2,53.88385,17.71954
60262,Leśno,ul. Kardynała Stefana Wyszyńskiego 15,53.94858,17.70183
60263,Nowa Wieś Wielka,ul. Ogrodowa 1,52.9705,18.09336
60264,Brzoza,ul. Powstańców Wielkopolskich 31,53.02665,18.01352
60272,Spytkowice,566,49.58916,19.86175
60274,Płośnica,ul. Lipowa 5,53.27114,20.0057
60304,Lubrza,ul. Szkolna 22,50.33354,17.62238
60316,Kokoszkowy,ul. Szkolna 24,53.99569,18.52358
60322,Wola Krzysztoporska,ul. Tadeusza Kościuszki 32,51.33754,19.58426
60324,Pisary,63,50.80025,21.70691
60326,Janowice,11,50.8139,21.65221
60448,Rynarzewo,ul. Strażacka 20,53.06181,17.82159
60451,Bełczna,28A,53.71586,15.59213
60453,Chechło,ul. Kluczewska 56,50.36735,19.5198
60464,Łobez,ul. Spokojna 4,53.64091,15.61653
60475,Jamno,112,52.04863,19.89114
60478,Bytom,ul. Jagiellońska 21/23,50.3437,18.9178
60480,Niedźwiada,43,52.14539,19.89357
60487,Tuchola,ul. Szkolna 4,53.58776,17.85667
60488,Raciąż,ul. Lipowa 17,53.66021,17.7891
60490,Stobno,33,53.64217,17.81872
60491,Legbąd,ul. Szkolna 5,53.70936,17.94278
60493,Tuchola,ul. Pocztowa 10,53.58873,17.86681
60494,Kiełpin,57,53.62277,17.88089
60501,Tuchola,ul. Świecka 105,53.56975,17.89279
60534,Kiełczew Smużny Pierwszy,42,52.2577,18.73191
60540,Krzyżanów,55,51.35046,19.63927
60543,Bogdanów,ul. ks. Kanonika Mieczysława Kozakowskiego 3,51.34907,19.50927
60549,Bujny,ul. Piotrkowska 104,51.36924,19.63596
60552,Raciborowice,ul. Jana Długosza 36,50.11815,20.0353
60554,Więcławice Stare,ul. św. Jakuba 94,50.1543,20.02863
60559,Parzniewice,ul. Piotrkowska 30,51.34612,19.51797
60566,Góra Puławska,ul. Ogrodowa 18,51.40848,21.93254
60576,Luchów Dolny,145,50.32102,22.63953
60577,Rataje Słupskie,39a,50.3377,21.04326
60580,Wygoda,2,52.05334,19.9465
60592,Rogajny,27,54.0469,19.73061
60610,Klęka,9,52.07751,17.42803
60614,Chocicza,ul. Śremska 30,52.07046,17.366
60665,Piotrków Trybunalski,ul. Jerozolimska 73,51.41352,19.70134
60683,Piotrków Trybunalski,ul. Kostromska 50,51.41306,19.66864
60702,Nowa Wieś,16,49.90962,20.06112
60725,Wicko,ul. Parkowa 4,54.67245,17.61878
60737,Strzałkowo,ul. Aleja Prymasa Wyszyńskiego 10,52.30943,17.82152
60744,Ptaszków,49,50.79273,16.04149
60748,Kowalewo,ul. Szkolna 5,52.9726,17.72531
60750,Piaszczyna,6-7,54.02257,17.17267
60752,Brzeźnica Książęca,24,51.55137,22.75055
60755,Grodziec,9,49.80099,18.86647
60757,Jasienica,ul. Strumieńska 43,49.815,18.9185
60760,Rudzica,52,49.85291,18.88856
60762,Wieszczęta,50,49.82818,18.85618
60764,Iłownica,127,49.87009,18.85639
60767,Mazańcowice,162,49.85726,18.98749
60770,Międzyrzecze Górne,81,49.84525,18.93944
60778,Złota,ul. Parkowa 4,50.38132,20.59408
60781,Lwówek Śląski,ul. Pałacowa 11,51.11744,15.61491
60790,Oblekoń,73,50.3241,21.00075
60793,Rokitno,57A,52.12149,23.2897
60795,Jaworzynka,400,49.53252,18.90083
60801,Dynów,ul. Bartkówka 105,49.80643,22.25024
60811,Werbkowice,ul. Jana Pawła II 17,50.75125,23.76721
60817,Wierbka,ul. Szkolna 3,50.47553,19.72145
60819,Góra Ropczycka,2,50.05408,21.68631
60829,Górażdże,ul. Chorulska 5,50.52927,18.00149
60830,Czerna,52,51.22592,15.35417
60839,Wadlew,59,51.50743,19.412
60844,Huta Dzierążyńska,17,50.56762,23.409
60848,Wronin,ul. Kościelna 1,50.19025,18.10473
60853,Gościejewo,14,52.77575,16.9575
60859,Parszów,ul. Szkolna 28,51.06694,20.92851
60861,Dobry Las,65,53.28331,21.86428
60862,Łącko,284,49.55999,20.43543
60865,Strzyżewice,13,51.03649,22.42793
60867,Porzecze,22,50.95066,20.51485
60882,Mrozy Wielkie,12,53.80662,22.41053
60883,Swarzędz,ul. Zamkowa 20,52.4123,17.07747
60890,Trzebiegoszcz,49,52.86827,19.11872
60899,Przysiek,ul. Leśna 1,53.03241,18.50259
60904,Wrząca Wielka,124,52.26743,18.67298
60906,Bronowice,148,51.43244,21.91538
60942,Bielawy,ul. Parzew 20A,52.07197,19.66102
60943,Lgota Wielka,ul. Szkolna 3,51.15037,19.32831
60951,Zdziarzec,116,50.16747,21.26697
60963,Ujsoły,ul. Księdza Prałata Piotrowskiego 6,49.47837,19.14344
60969,Stare Dłutowo,ul. Długa 61,53.18945,19.96227
60970,Zdzieszowice,ul. Bolesława Chrobrego 36,50.42001,18.11819
60972,Bryńsk,71,53.2005,19.78102
60974,Żyrowa,ul. Wojska Polskiego 4,50.45187,18.12708
60985,Sobota,ul. Warszawska 22,52.11371,19.6911
60996,Biała Podlaska,ul. Gabriela Narutowicza 41,52.03241,23.12144
60997,Piekoszów,ul. Częstochowska 110,50.88848,20.46127
61000,Biała Podlaska,ul. Leszczynowa 16,52.02788,23.14837
61019,Iwiec,18,53.54353,18.07009
61025,Biała Podlaska,ul. Sidorska 30,52.02387,23.13245
61297,Wykroty,ul. Główna 108,51.24718,15.2884
61299,Jelenia Góra,ul. Stanisława Moniuszki 9,50.91462,15.75692
61312,Jaworzno,ul. Jana Matejki 3,50.20013,19.2716
61319,Płoty,ul. Szkolna 1,51.98905,15.41128
61329,Rogóźno,91A,53.53271,18.92845
61331,Drołtowice,12,51.33542,17.59575
61334,Działosza,62,51.30822,17.6607
61335,Szembruczek,22,53.55869,18.99682
61336,Stradomia Wierzchnia,64,51.26852,17.63879
61337,Syców,ul. Jana Matejki 5,51.30995,17.70709
61338,Syców,ul. Adama Mickiewicza 5,51.31,17.72286
61341,Białochowo,74,53.54459,18.86105
61352,Gorzanów,ul. Kłodzka 8,50.35381,16.63051
61356,Bukowno,ul. Szkolna 8,50.26696,19.46606
61357,Wilkanów,138D,50.25131,16.69612
61363,Maliszewo,29,52.83783,19.09831
61364,Mszanka,31,49.68864,21.10021
61368,Kończyce Wielkie,ul. Kościelna 12,49.83442,18.65283
61369,Hażlach,ul. Kościelna 2,49.80265,18.66178
61370,Pogwizdów,ul. Szkolna 1,49.80429,18.60659
61371,Zamarski,ul. Szkolna 1,49.7827,18.67153
61381,Mircze,ul. Kryłowska 27,50.65237,23.89863
61382,Wiszniów,61,50.58601,23.88585
61391,Korzenna,324,49.67831,20.84376
61394,Radawnica,ul. Szkolna 2,53.44318,16.98862
61397,Sławianowo,1,53.26798,17.13815
61398,Wrocław,ul. Rybacka 17,51.11408,17.01779
61400,Święta,ul. Szkolna 12,53.33283,17.08965
61404,Kleszczyna,28,53.30592,17.13359
61412,Górzna,22,53.39402,16.91956
61419,Czacz,ul. Parkowa 2,52.03642,16.54369
61433,Płoskinia,43,54.27127,19.93854
61437,Milcza,ul. Szkolna 16,49.60788,21.90321
61439,Zarzecze,1A,51.40266,21.84657
61449,Czerwieńsk,ul. Graniczna 5a,52.01098,15.42029
61450,Leśniów Wielki,54,51.98714,15.30956
61454,Dobroszyce,ul. Parkowa 5,51.26318,17.34128
61455,Dobrzeń,9A,51.24162,17.29534
61461,Zbąszynek,ul. Sportowa 1,52.24878,15.81207
61462,Polanka,71,49.85777,19.9385
61465,Olesno,ul. Szkolna 5,50.20371,20.92843
61468,Pilcza Żelichowska,46,50.21404,20.86479
61470,Dąbrówki Breńskie,151,50.23316,20.94883
61492,Brodła,ul. Edukacyjna 1,50.04303,19.58271
61496,Tarnawa Dolna,272,49.77857,19.56237
61499,Zembrzyce,490,49.77617,19.60044
61503,Chruściel,27,54.26647,19.81486
61507,Częstochowa,ul. Jerzego Kukuczki 30,50.83559,19.1372
61515,Rejowiec,ul. Stanisława Zwierzyńskiego 8A,51.09355,23.27979
61516,Zawadówka,45,51.12979,23.35652
61523,Marcinkowo,27,53.859,21.2713
61524,Słupsk,ul. Zygmunta Augusta 8,54.46632,17.00854
61525,Zabrnie,82,50.27389,21.09998
61527,Mszana Dolna,ul. Henryka Sienkiewicza 2,49.67616,20.06955
61536,Raciechowice,106,49.845,20.14174
61543,Kamieńskie Młyny,ul. Szkolna 10,50.6419,19.03429
61547,Pieszyce,ul. Ogrodowa 23,50.71312,16.58536
61554,Kobylin,ul. 3 Maja 9,51.71461,17.22468
61563,Istebna,550,49.56812,18.89236
61564,Olkusz,ul. Francesco Nullo 36,50.27734,19.5686
61568,Borowa,9A,51.53632,21.84369
61569,Duszniki,ul. Broniewskiego 3,52.4402,16.40929
61571,Korzonek,4,50.71272,18.98746
61578,Czółna,103,51.13426,22.33661
61580,Drobnice,48,51.22325,18.76656
61582,Koniuszowa,203,49.6539,20.7938
61586,Narol,ul. Graniczna 11,50.35123,23.33327
61591,Czarnożyły,17 a,51.28554,18.55678
61596,Węgorzewo,ul. Zamkowa 6,54.21078,21.74292
61601,Sitowiec,16,53.36515,17.7484
61633,Puńsk,ul. 11 Marca 16,54.24892,23.1807
61639,Lutowiska,45,49.24997,22.69655
61647,Nowa Wieś,36,51.8123,17.56648
61649,Rozdrażew,ul. Krotoszyńska 42,51.77431,17.50361
61662,Bodzechów,ul. Szkolna 12,50.9104,21.43796
61670,Piła,ul. Królowej Jadwigi 2,53.16492,16.75026
61674,Wola Łużańska,52,49.68983,21.06798
61681,Biały Dunajec,ul. Jana Pawła II 184A,49.37889,20.01371
61683,Cieszyn,ul. Błogocka 19,49.73845,18.63327
61783,Marciszów,ul. Szkolna 2,50.85145,16.01665
61788,Lichnowy,ul. Zwycięstwa 15,54.12002,18.91146
61789,Pasłęk,ul. 3 Maja 21,54.05806,19.66369
61792,Częstochowa,ul. Orla 4,50.79523,19.15781
61806,Cekcyn,ul. Szkolna 8,53.5723,18.0132
61822,Kwaśniów Dolny,ul. Basztowa 2,50.38484,19.58618
61824,Balin,ul. Jaworznicka 139,50.17083,19.37339
61825,Luszowice,ul. Stanisława Przybyszewskiego 6,50.17269,19.40677
61826,Chrzanów,ul. Zielona 15,50.14388,19.41245
61829,Leokadiów,40,51.40487,21.80443
61840,Boruszyn,25,52.77379,16.64152
61846,Lisewo Malborskie,ul. 10 Marca 51,54.09968,18.83233
61875,Chmielów,ul. Spacerowa 2,50.93831,21.329
61881,Lędziny,ul. Goławiecka 36,50.10589,19.15446
61887,Siedleczka,179,49.96083,22.37824
61889,Pogórska Wola,88C,50.01383,21.15462
61890,Pantalowice,158 B,49.95262,22.43486
61892,Sietesz,329,49.99,22.3538
61895,Krzeczowice,56A,49.9853,22.46408
61897,Łopuszka Wielka,488,49.9364,22.39084
61900,Rączyna,146,49.92265,22.42603
61902,Witoldowo,33,53.26523,17.84037
61908,Michowice,51,51.82635,20.10203
61914,Kruszewo,ul. Szkolna 1,52.97197,16.66079
61918,Goszczanów,ul. Kaliska 5,51.78783,18.5014
61921,Sierockie,90B,49.36601,19.95879
61923,Szymankowo,ul. Bohaterów Września 1939 r. 14,54.07164,18.92977
61926,Krupski Młyn,ul. Dąbrowskiego 2,50.57418,18.62525
61931,Niemica,31,54.27525,16.48056
61932,Kaszew,29,51.81561,18.53488
62037,Kwaczała,ul. Jana Pawła II 2,50.06644,19.49447
62041,Jasienica,48,49.82348,19.84177
62077,Załuki,5,53.15603,23.54947
62081,Pawłów,3,51.42161,17.67831
62082,Granowiec,ul. Odolanowska 19,51.5075,17.66013
62085,Sośnie,ul. Wielkopolska 43,51.47143,17.62171
62093,Zajączków,ul. Międzygórze 8,50.85523,20.34507
62095,Majków,ul. Stefana Żeromskiego 106,51.09161,20.92256
62097,Łobez,ul. Bema 6,53.64112,15.62175
62098,Zagórnik,ul. Szkolna 12,49.83669,19.38313
62106,Buszkowo,53,53.34793,17.8643
62118,Brożec,ul. Reymonta 65,50.41486,17.98247
62124,Pyskowice,ul. Szkolna 2,50.39144,18.62864
62298,Śniadowo,ul. Łomżyńska 29,53.04173,21.99134
62303,Zgorzelec,ul. Władysława Stanisława Reymonta 16,51.13631,15.01728
62304,Inwałd,ul. Wadowicka 79,49.86346,19.3924
62305,Koronowo,ul. Dworcowa 48,53.31204,17.94815
62306,Gdynia,ul. Kazimierza Tetmajera 65 A,54.49932,18.54991
62311,Szczereż,69,49.56452,20.4973
62312,Giewartów,ul. Armii Krajowej 9,52.37297,17.94928
62313,Ostrowite,ul. Szkolna 4,52.37993,18.04419
62331,Chlewo,51A,51.75036,18.46685
62334,Klew,38,51.20728,20.02267
62338,Szczepankowo,20,53.12014,21.94948
62352,Korzybie,ul. Dworcowa 6,54.29795,16.8791
62355,Barcino,59,54.27741,16.95988
62357,Biesowice,38,54.19101,16.8758
62359,Kępice,ul. Szkolna 1,54.24283,16.88705
62370,Zielonka Pasłęcka,17,53.99569,19.70145
62371,Warszawiaki,58,51.10606,22.31989
62378,Strzeszkowice Duże,255A,51.15479,22.40364
62382,Świętno,ul. Szkolna 3,52.0093,16.04614
62386,Gliczarów Górny,ul. Wierchy 121,49.34894,20.04947
62401,Łaziec,66,50.72435,19.04537
62407,Olkusz,ul. Cegielniana 24,50.28393,19.56317
62408,Braciejówka,60,50.30619,19.66675
62409,Gorenice,ul. Krakowska 51,50.20889,19.61211
62410,Kosmolów,152,50.27221,19.64939
62429,Grodziec,ul. Tartaczna 1,50.70576,18.27949
62430,Antoniów,ul. Powstańców Śląskich 17,50.68682,18.20349
62431,Ozimek,ul. Daniecka 12 A,50.66856,18.19907
62432,Komorniki,ul. Staszica 25,52.33844,16.81079
62434,Lipicze,44,51.82942,18.50407
62437,Kowalewo,62A,51.73503,16.29915
62439,Stare Drzewce,55,51.77314,16.20273
62446,Strzyżew,ul. Anny Wiesiołowskiej 1,51.5961,17.97549
62448,Jawor,ul. Starojaworska 82,51.07409,16.16532
62449,Jawor,ul. Stanisława Moniuszki 4,51.05643,16.1903
62450,Jawor,ul. Armii Krajowej 9,51.04998,16.20219
62574,Gogolin,ul. Krapkowicka 141,50.49097,17.9944
62575,Czułów,188,50.06078,19.69424
62588,Bystrzyca,137,50.97771,22.40474
62595,Starochęciny,62,50.77703,20.48079
62596,Łukowa,104,50.72709,20.53816
62597,Polichno,52,50.82135,20.39636
62599,Tokarnia,ul. Szkolna 2,50.7638,20.44312
62600,Bolmin,63a,50.81101,20.35271
62606,Swarzędz,os. Macieja Mielżyńskiego 3a,52.39804,17.06298
62607,Słotowa,159,49.94331,21.28651
63251,Rzyki,os. Os. Szczęśniaki 1,49.81453,19.39144
63253,Pisz,ul. Michała Wołodyjowskiego 2a,53.62321,21.82972
63255,Tylmanowa,Osiedle Kozielce 296,49.49799,20.40308
63259,Bilczyce,92,49.92665,20.18476
63261,Gdów,ul. Szkolna 8,49.91869,18.4862
63262,Jaroszówka,59,49.89717,20.26802
63263,Marszowice,149,49.91619,20.23617
63264,Niegowić,62,49.93781,20.24234
63265,Pierzchów,100,49.93445,20.28081
63266,Szczytniki,10,50.74008,21.82401
63267,Winiary,169,49.90107,20.14062
63269,Zręczyce,222,49.89196,20.22234
63275,Książnice,191,49.95007,20.30047
63276,Wiatowice,61,49.9466,20.21412
63283,Celiny,86,51.99442,22.46402
63284,Dębowica,70,51.959,22.46743
63286,Jakusze,56,52.0252,22.58038
63290,Mikłusy,37,52.04512,22.51088
63291,Szaniawy-Matysy,4,51.94629,22.51978
63292,Trzebieszów Drugi,94,51.99062,22.55649
63304,Jeleniewo,ul. Suwalska 51,54.20636,22.91216
63311,Stronie Śląskie,ul. Kościuszki 57,50.28944,16.87648
63314,Kielno,ul. Szkolna 4,54.45393,18.3357
63317,Ryczówek,ul. Dolna 12,50.38813,19.56024
63350,Sławno,ul. Gnieźnieńska 37,52.57663,17.35615
63391,Ślesin,ul. Dworcowa 9,53.16343,17.70387
63401,Krzyszkowice,368,49.88272,19.91714
63405,Łanięta,13a,52.36273,19.27815
63409,Rzędowice,44,50.22407,20.23951
63417,Jastrzębie-Zdrój,ul. Pszczyńska 125,49.96035,18.59779
63420,Jastrzębie-Zdrój,ul. ks. Emanuela Płonki 23,49.9217,18.60242
63422,Jastrzębie-Zdrój,ul. Komuny Paryskiej 18c,49.93894,18.54046
63424,Jastrzębie-Zdrój,ul. Piastów 15,49.96527,18.57361
63426,Żelistrzewo,ul. Szkolna 1,54.67508,18.42114
63430,Mrzezino,ul. Dworcowa 54,54.65277,18.41516
63434,Starzyno,ul. Żarnowiecka 22,54.75574,18.25855
63436,Świątniki,ul. Parkowa 6,50.87292,16.7982
63437,Sobótka,"ul. Świdnicka 20, 20A",50.89957,16.73964
63438,Jarocin,ul. Ludwika Waryńskiego 11,51.97739,17.50699
63444,Jarocin,ul. Wrocławska 168,51.94711,17.49807
63447,Skotniki Dolne,41,50.34865,20.67456
63468,Dywity,ul. Spółdzielcza 4,53.83589,20.47884
63469,Lubsza,ul. Szkolna 1,50.61245,18.99624
63473,Dębno,ul. Juliusza Słowackiego 21,52.73531,14.69925
63480,Jelenia Góra,ul. Piotra Skargi 19,50.89719,15.72934
63481,Jankowa,37,49.70164,20.90412
63485,Chojnów,ul. Władysława Reymonta 1,51.27264,15.92962
63490,Chojnów,ul. Jana Kilińskiego 23,51.26857,15.93961
63498,Kosobudy,ul. Szkolna 20,53.87649,17.75838
63499,Dąbrówka Górna,ul. Opolska 64,50.53432,17.92949
63987,Lubań,ul. Rybacka 16,51.11893,15.29568
63993,Wójcin,ul. Wieluńska 9,51.17487,18.24899
63995,Dzietrzkowice,ul. Szkolna 1,51.16676,18.31709
64001,Łubnice,ul. Leśna 1,51.17222,18.28772
64005,Morawica,388,50.08087,19.75492
64006,Czerwienne,245,49.36781,19.9295
64042,Piekary,100,50.02277,19.79727
64047,Mąchocice Kapitulne,ul. Szkolna 27,50.88717,20.78014
64059,Piotrków Trybunalski,ul. Wysoka 28/38,51.41961,19.67989
64257,Stary Wołów,56,51.36369,16.62471
64260,Dzierżoniów,ul. Nowowiejska 64,50.73523,16.63833
64313,Kraków,ul. Henryka Pachońskiego 5M,50.09373,19.92051
64327,Runowo Pomorskie,ul. Węgorzyńska 29,53.55272,15.53171
64343,Malnia,ul. Podgórna 3,50.51776,17.96967
64344,Kamień Śląski,ul. Klasztorna 2,50.54088,18.07501
64390,Kowiesy,81,51.89019,20.42228
64392,Kalej,ul. Szkolna 1,50.84149,19.00272
64394,Truskolasy,ul. Szkolna 3,50.86567,18.82629
64397,Jemielnica,ul. Szkolna 2,50.54887,18.3799
64400,Piotrówka,ul. Kościuszki 98,50.56552,18.38526
64411,Ziębice,ul. Zamkowa 31,50.60266,17.04339
64420,Ziębice,ul. Spacerowa 2,50.60096,17.04685
64425,Węglowice,3,50.80911,18.84603
64427,Wręczyca Wielka,ul. Szkolna 11,50.84338,18.91589
64430,Świerklany,ul. Boryńska 6,50.0262,18.59117
64431,Świerklany,ul. 3 Maja 18,50.01503,18.57741
64432,Jankowice,ul. Równoległa 5,50.04129,18.57132
64436,Borowa,106a,50.08705,21.28496
64438,Chotowa,59,50.0274,21.30071
64440,Czarna,ul. Konarskiego 23,50.06365,21.25158
64442,Głowaczowa,51c,50.05707,21.31487
64444,Grabiny,52c,50.04829,21.34043
64446,Jaźwiny,72a,50.08986,21.24869
64448,Stara Jastrząbka,195,50.1091,21.23006
64450,Żdżary,75a,50.03523,21.20687
64452,Mogilno,14,51.69758,18.82047
64458,Olkusz,ul. Długa 67,50.30084,19.54747
64459,Olkusz,ul. Kosynierów 14,50.27757,19.58544
64460,Olkusz,ul. Stefana Żeromskiego 1,50.266,19.56334
64461,Osiek,79b,50.24341,19.59916
64462,Sieniczno,ul. Marii Dąbrowskiej 14,50.26919,19.61461
64463,Zederman,99,50.24718,19.66466
64464,Zawada,110,50.22803,19.63874
64468,Witeradów,394,50.2455,19.58251
64482,Lipie,11,49.72231,20.72942
64483,Sienna,27,52.4577,14.76398
64484,Roztoka-Brzeziny,211,49.78929,20.71387
64487,Stubno,254,49.89363,22.95699
64490,Nakla,ul. Szkolna 6,54.14815,17.68318
64492,Poręba,16,49.79809,20.01668
64498,Komarówka Podlaska,ul. Wojska Polskiego 7,51.80519,22.95084
64506,Wapnica,ul. Jodłowa 3,53.87782,14.44304
64508,Białystok,ul. Warmińska 55,53.12522,23.19673
64510,Białystok,ul. Promienna 13A,53.13118,23.12196
64511,Białystok,ul. Żurawia 12,53.11141,23.19046
64512,Białystok,ul. Pietrasze 29,53.1567,23.18182
64516,Czerwonka,42A,53.57539,23.21156
64517,Suchowola,ul. Szkolna 1,53.57586,23.10932
64527,Lipnica Wielka,25,49.46554,19.63799
64530,Barwice,ul. Moniuszki 12,53.7491,16.36119
64540,Suchań,ul. Kardynała Augusta Hlonda 1,53.27928,15.31319
64542,Osiek,ul. Wolności 24A,50.51945,21.44853
64546,Białystok,ul. Pogodna 12,53.11847,23.13973
64551,Wszachów,49A,50.76174,21.17073
64552,Piórków,9,50.79449,21.16341
64555,Witanowice,ul. Jana Pawła II 107,49.91805,19.52799
64617,Pobłocie,31,54.63531,17.51093
64627,Rozłazino,ul. Długa 21,54.52681,17.91384
64630,Międzyzdroje,ul. Leśna 17,53.93002,14.45788
64643,Krasice,ul. Strażacka 7,50.83182,19.38286
64644,Mokrzesz,ul. Kościelna 24,50.80981,19.38595
64651,Tuławki,31,53.90169,20.57296
64686,Łódź,ul. Rewolucji 1905 r. 67,51.77622,19.47401
64688,Strzelce,2,50.90807,16.65304
64706,Lipno,ul. Powstańców Wielkopolskich 68,51.91899,16.5551
64712,Podobin,257,49.63549,20.08214
64739,Białystok,ul. Jaworowa 8,53.14933,23.13091
64750,Szarocin,53,50.76846,15.92403
64785,Kozłów,303,50.48102,20.02185
64793,Piotrkowice,19,51.41104,16.832
64796,Prusice,ul. Żmigrodzka 43,51.37507,16.95439
64808,Białystok,ul. Stroma 16,53.13083,23.1069
64821,Stare Bojanowo,ul. Szkolna 6,52.00206,16.58537
64845,Koszyce Wielkie,ul. Szkolna 22,49.97645,20.94196
64853,Palikije Pierwsze,85B,51.23312,22.31134
64854,Miłocin,7,51.26698,22.31113
64855,Łubki,58,51.23685,22.17962
64856,Wojciechów,8,51.23738,22.24274
64863,Tokarnia,379,49.73358,19.87962
64864,Tokarnia,709,49.74217,19.86142
64866,Skomielna Czarna,267,49.72901,19.83204
64890,Zarzyce Wielkie,56,49.88742,19.73234
64896,Zabiele,110,53.38768,21.86717
64922,Rudka,10,53.53025,21.03885
64943,Bukowno,ul. Sławkowska 133,50.28121,19.42933
64955,Dąbrowa Biskupia,ul. Szkolna 2,52.77659,18.53797
64959,Piotrków Trybunalski,ul. Kazimierza Szmidta 3,51.40528,19.70906
64962,Lubycza Królewska,ul. Jana III Sobieskiego 5,50.33912,23.52103
64974,Jeziorany,ul. Konopnickiej 13,53.97321,20.74949
65002,Strzebielino-Osiedle,ul. Marii Curie-Skłodowskiej 1,54.56916,18.03627
65008,Radocza,ul. Dębowa 49,49.9177,19.47036
65012,Parchowo,ul. Kartuska 19A,54.2073,17.67388
65154,Chrzanów,ul. Fabryczna 23a,50.12955,19.39574
65155,Chrzanów,ul. Dworska 5,50.13487,19.42031
65157,Pogorzyce,ul. Karola Szymanowskiego 21,50.10607,19.41633
65175,Świerczyna,85,53.44033,16.2702
65193,Radomsko,ul. Marii Dąbrowskiej 27,51.0449,19.43457
65194,Radomsko,ul. Narutowicza 207,51.09679,19.45928
65195,Radomsko,ul. Reja 81,51.09081,19.43201
65197,Myślenice,ul. Stefana Żeromskiego 2,49.83411,19.94474
65205,Główczyce,ul. Na Wzgórzu 16,54.61641,17.36457
65210,Żołynia,ul. Białobrzeska 422,50.13829,22.32833
65211,Żołynia,ul. Adama Mickiewicza 59,50.16498,22.30918
65212,Międzyrzecze,ul. Żubrów 13,50.02412,19.06567
65215,Godkowo,1,54.08316,19.8986
65218,Bojszowy,ul. Świętego Jana 33,50.0569,19.09797
65258,Pajęczno,ul. Wiśniowa 7,51.14764,19.00014
65260,Makowiska,ul. Szkolna 1,51.11356,19.02522
65280,Białystok,ul. Łagodna 10,53.146,23.1099
65283,Szwarszowice,20a,50.89767,21.31925
66095,Gościno,ul. Kościuszki 5,54.05062,15.65647
66100,Sokolniki,ul. Sandomierska 80,50.64244,21.80744
66111,Brąszewice,ul. Sieradzka 90,51.49967,18.44666
66117,Lubartów,ul. 1 Maja 66/74,51.45339,22.61481
66120,Krapkowice,ul. Szkolna 3,50.47564,17.96458
66123,Lubartów,ul. Legionów 3,51.45876,22.60772
66128,Niekłań Wielki,ul. Szkolna 4,51.17434,20.63037
66129,Roczyny,ul. Szkolna 10,49.84341,19.30891
66132,Lubartów,ul. Kosmonautów 11,51.4796,22.59828
66133,Częstochowa,ul. Krótka 44,50.81655,19.12326
66135,Uściany Stare,1,53.54499,21.69255
66144,Stąporków,ul. Marszałka Józefa Piłsudskiego 114,51.13791,20.57041
66150,Sobiałkowo,95,51.66793,16.99229
66151,Miejska Górka,ul. Marii Konopnickiej 14,51.653,16.95907
66156,Białystok,ul. Jana Krzysztofa Kluka 11A,53.14793,23.21512
66160,Spytkowice,12,49.5773,19.82351
66174,Łowicz,ul. Pijarska 2,52.10642,19.94367
66176,Poznań,os. Jana III Sobieskiego 114,52.46476,16.9138
66188,Sahryń,62,50.67773,23.79109
66193,Zawadka,18,49.74036,20.28624
66194,Podłopień,73,49.73213,20.29952
66195,Tymbark,354,49.72338,20.3242
66198,Piekiełko,40,49.74859,20.34564
66208,Karwin,1,50.18845,20.21578
66209,Raba Wyżna,120,49.56559,19.87518
66212,Zdzieszowice,Plac 1 Maja 1,50.43666,18.13059
66214,Zarzecze,ul. Szkolna 2,50.37272,19.69499
66216,Tarnowiec,ul. Tarnowska 60,49.98198,20.98702
66222,Świebodzice,ul. Ciernie 30,50.87251,16.34158
66225,Juliopol,80,51.59486,22.72855
66234,Wielopole Skrzyńskie,265,49.9439,21.61108
66236,Piotrków Trybunalski,ul. Krakowskie Przedmieście 11,51.40513,19.69708
66244,Ustroń,ul. Ignacego Daszyńskiego 31,49.72383,18.80665
66247,Ustroń,ul. Polańska 25,49.69226,18.83739
66249,Trzebnica,ul. 3 Maja 5,51.3037,17.06998
66251,Ustroń,ul. Szkolna 1,49.74834,18.82844
66255,Ustroń,ul. Józefa Kreta 6,49.76307,18.80409
66257,Godynice,17,51.4681,18.50873
66258,Międzybórz,ul. Wrocławska 6-6A,51.39524,17.66581
66259,Piotrków Trybunalski,ul. Henryka Sienkiewicza 8,51.41057,19.68899
66260,Bukowina Sycowska,20,51.38485,17.5772
66266,Lipnik,23,50.72881,21.49127
66274,Olecko,ul. Młynowa 8,54.03708,22.51052
66278,Trzebnica,ul. Marii Konopnickiej 14,51.31315,17.05709
66282,Domaradz,3,50.94703,17.86416
66290,Jurków,115,49.68684,20.23342
66295,Łask,ul. Toruńska 1,51.61224,19.20699
66301,Zdzieszowice,ul. Nowa 3,50.4278,18.13027
66309,Gdańsk,ul. Zakopiańska 37A,54.35038,18.62546
66313,Gdańsk,ul. św. Barbary 1,54.34833,18.66337
66314,Janowiec,10,51.24566,18.37708
66336,Ptaszkowo,31A,52.22408,16.44043
66337,Proszowice,ul. Tadeusza Kościuszki 15,50.19265,20.28648
66338,Ostrów,1,50.23347,20.36022
66340,Szczytniki,91a,50.23744,20.28635
66347,Ustroń,ul. Partyzantów 2,49.7154,18.81513
66352,Koziegłowy,ul. 3 Maja 12,50.6013,19.15549
66354,Sejny,ul. Wojska Polskiego 64,54.10707,23.34163
66360,Żuraw,18,51.52485,18.40164
66380,Poznań,os. Stare Żegrze 1,52.37933,16.95823
66381,Poznań,os. Zwycięstwa 101,52.44151,16.92539
66382,Poznań,ul. Powstańców Wielkopolskich 3,52.4039,16.92315
66384,Poznań,al. Niepodległości 32,52.41394,16.92295
66385,Poznań,ul. Szczepankowo 72a,52.36446,17.00863
66386,Poznań,ul. Ignacego Prądzyńskiego 53,52.39061,16.91651
66387,Poznań,os. Piastowskie 65,52.39105,16.94456
66388,Poznań,os. Pod Lipami 106,52.43153,16.94106
66389,Poznań,ul. Głuszyna 187,52.3152,16.96251
66395,Kolno,ul. Szkolna 8,53.41122,21.93488
66433,Włostów,1,50.74805,21.44499
66450,Trześń,ul. Szkolna 2,50.6586,21.78267
66459,Tczew,ul. Obrońców Westerplatte 18,54.08944,18.79449
66470,Łask,ul. Szkolna 1,51.59155,19.16155
66471,Gosań,150,51.09408,20.58945
66484,Suchedniów,ul. Szarych Szeregów 6,51.04762,20.8465
66486,Ostojów,16,51.02624,20.82369
66489,Suchedniów,ul. Kościelna 1,51.05004,20.83792
66503,Lubrza,os. Szkolne 14,52.29717,15.44535
66504,Kalników,87,49.92048,23.01594
66521,Chajew,44,51.51618,18.50109
66522,Pipie,2,51.53865,18.38808
67768,Kopanica,ul. Szkolna 2,52.09588,15.91983
67770,Osie,ul. Szkolna 8,53.59931,18.34315
67771,Siedlec,ul. Szkolna 6,52.13729,16.00097
67773,Tuchorza,ul. Kasztanowa 4,52.18517,16.05136
67793,Belęcin,76,52.20258,16.00252
67797,Chobienice,145,52.16698,15.91917
67802,Tczew,ul. Stoczniowców 15A,54.10346,18.80428
67803,Tczew,ul. Gdańska 2,54.09236,18.79158
67805,Tczew,ul. Saperska 12,54.09501,18.78395
67806,Ciążeń,ul. Wolności 42A,52.21129,17.81603
67807,Tczew,ul. Marii Konopnickiej 11,54.07522,18.79008
67810,Tczew,ul. Armii Krajowej 70,54.09921,18.76441
67813,Wielącza-Kolonia,97,50.74583,23.07317
67814,Tczew,ul. Topolowa 23,54.10023,18.77227
67817,Łasko,14A,53.07372,15.77746
67819,Bierzwnik,ul. Sienkiewicza 17,53.0359,15.6605
67854,Bzinica Stara,ul. Miarki 2,50.68957,18.45981
67855,Dobrków,68a,49.98343,21.33791
67856,Turza,ul. Kolejowa 27,50.71978,18.36576
67857,Szemrowice,ul. Wiejska 2,50.75024,18.39821
67859,Dobrodzień,ul. Piastowska 49,50.71985,18.44638
68000,Boleścin,23,51.26318,17.16306
68002,Stara Kaźmierka,1,52.00385,17.83329
68003,Chrzanów,ul. Aleja Henryka 43,50.1391,19.40104
68007,Zieleniewo,37,53.10939,15.6235
68015,Kierz Niedźwiedzi,ul. Boczna 7,51.17313,20.94394
68016,Grzybowa Góra,ul. Świętokrzyska 102,51.13243,20.95552
68021,Chrzanów,ul. Pogorska 8c,50.13343,19.40801
68025,Czechy,142,51.60564,18.90491
68033,Kuźniczysko,ul. Kuźnicza 1,51.384,17.18162
68042,Gorzyce,ul. Edukacji Narodowej 3,50.65726,21.84592
68044,Furmany,ul. Kościelna 2,50.61299,21.80276
68060,Masłów,228,51.33905,17.13018
68074,Mszana Dolna,ul. Rynek 21,49.67787,20.08311
68100,Łazany,103a,49.94593,20.15672
68135,Dłoń,53,51.68845,17.07472
68140,Tarnoszyn,40,50.4218,23.79136
68141,Hubinek,19,50.44672,23.7005
68185,Kędzierzyn-Koźle,ul. Jana Brzechwy 80,50.38241,18.24594
68192,Malbork,ul. Tczewska 13,54.04261,19.01723
68199,Szubin,ul. Tysiąclecia 1,53.0068,17.72438
68202,Brzeszcze,ul. Szkolna 6,49.98478,19.14886
68213,Zamość,ul. Koszary 5-6,50.73145,23.25306
68214,Ropa,780,49.6013,21.04367
68215,Ropa,91,49.57868,21.05843
68226,Kluszkowce,ul. Szkolna 22,49.45264,20.2976
68229,Sromowce Wyżne,ul. Nad Zalew 12,49.40653,20.33967
68255,Sokołowiec,105,51.033,15.82479
68257,Białogard,ul. Chopina 8,54.00815,16.00262
68258,Nowy Kościół,ul. Szkolna 12,51.07409,15.86606
68267,Zawadzkie,ul. Opolska 47,50.60546,18.48391
68285,Potępa,ul. Tarnogórska 12,50.56533,18.66256
68288,Lgota Górna,ul. Szkolna 1,50.61664,19.09572
68294,Ciechanowiec,ul. 11 Listopada 5,52.67791,22.50432
68296,Wólka,133B,52.89219,19.42209
68308,Tomaszkowice,3,49.97587,20.10413
68324,Obra,ul. Szkolna 19,52.07363,16.04662
68328,Lublin,ul. Przyjaźni 12,51.24321,22.58686
68334,Gorzyce,ul. Szkolna 45,50.67149,21.83139
68340,Piecnik,8,53.34215,16.25393
68341,Mirosławiec,ul. Wolności 21,53.3424,16.0896
68343,Nowy Antonin,72,51.57691,22.43342
68374,Pińczyce,ul. Śląska 3,50.53675,19.23059
68397,Osieczany,100,49.84166,19.98213
68401,Sławoborze,ul. Lipowa 19,53.8894,15.70334
68442,Wierzbie,44,51.1252,18.53711
68445,Krempna,45,49.5104,21.49956
68449,Krobia,ul. prof. Józefa Zwierzyckiego 1,51.77525,16.99067
68453,Suwałki,ul. Romualda Minkiewicza 50,54.12436,22.93548
68459,Szczuczyn,ul. Jana Kilińskiego 42,53.56834,22.28318
68472,Lubnów,42,50.51249,17.01668
68501,Łempice,13A,52.68551,22.65277
68504,Łukawica,9,50.33242,23.39273
68507,Łęki Górne,205,49.97475,21.18661
68514,Kcynia,ul. Wyrzyska 12,52.99408,17.48129
68515,Grzebienisko,ul. Szkolna 16,52.43335,16.52269
68530,Boby-Kolonia,75,51.02654,22.03831
68531,Skrzydlna,186,49.75206,20.17611
68539,Gorzów Wielkopolski,ul. Nowa 7,52.7393,15.24929
68540,Gorzów Wielkopolski,ul. gen. Jarosława Dąbrowskiego 23,52.73665,15.23619
68541,Gorzów Wielkopolski,ul. Aleksandra Kotsisa 1,52.73892,15.22207
68542,Gorzów Wielkopolski,ul. Towarowa 21,52.72472,15.2345
68543,Gorzów Wielkopolski,ul. Dobra 16,52.7224,15.17866
68544,Gorzów Wielkopolski,ul. Kobylogórska 110,52.71894,15.25583
68545,Nowy Sącz,ul. św. Ducha 4,49.6259,20.69272
68549,Karpacz,ul. Myśliwska 15,50.78057,15.73779
68561,Karpacz,ul. Konstytucji 3 Maja 48a,50.77555,15.75589
68577,Sztutowo,ul. Szkolna 13,54.32949,19.17167
68582,Głuszyca,ul. Sienkiewicza 53,50.695,16.3687
68585,Głuszyca,ul. Kolejowa 8,50.68536,16.36754
68587,Mściszewice,ul. Szkolna 5,54.26005,17.85112
68588,Sulęczyno,ul. Szkolna 2,54.23141,17.78648
68594,Rogoźnik,ul. Krupna 22,50.39327,19.04091
68595,Sączów,ul. Szkolna 5,50.43885,19.03213
68597,Dobieszowice,ul. Kościuszki 32,50.39542,19.00171
68620,Puławy,ul. dr. Mieczysława Kowalskiego 3,51.42326,21.95733
68625,Wałdowo,90,53.47529,17.67967
68630,Kraków,ul. Kazimierza Wielkiego 33,50.07263,19.92192
68634,Przybiernów,ul. Kościuszki 16,53.75539,14.78837
68639,Kotla,ul. Szkolna 4,51.7458,16.03369
68646,Kowalowa,10,49.88228,21.20098
68666,Filipów,ul. Marii Konopnickiej 6,54.18102,22.62398
68667,Biedaczów,72,50.1954,22.34387
68677,Szczyrk,ul. Szkolna 9,49.72102,19.03771
68686,Szudziałowo,ul. Szkolna 1,53.30013,23.65497
68704,Racławice,147,50.32398,20.23565
68706,Kamionka Mała,134,49.78074,20.50127
68718,Babiki,22a,53.31097,23.5234
68733,Ujeździec Wielki,46,51.4157,17.09205
68840,Szyszków,27A,50.36465,22.53699
68843,Lipiny Górne-Borowina,1A,50.41909,22.48715
68844,Lipiny Dolne,156A,50.41082,22.46992
68852,Wielkie Drogi,ul. Szkolna 3,49.96129,19.69504
68862,Płaza,ul. Wiosny Ludów 2,50.09839,19.46529
69059,Marianów,12 A,51.66258,19.17751
69065,Kuźnia,36,51.94535,17.91514
69079,Siemiatycze,ul. gen. Władysława Andersa 4,52.42876,22.88391
69080,Nowa Pawłówka,1,54.20847,22.77757
69163,Orzechów,2,51.03862,19.54041
69179,Rzezawa,ul. Szkolna 11,49.98781,20.51614
69255,Sokółka,ul. Szkolna 2,53.4027,23.49273
69258,Rozstrzębowo,14,53.02859,17.52695
69267,Krapkowice,Osiedle XXX Lecia 24,50.49331,17.97415
69334,Koszalin,ul. Podgórna 45,54.19748,16.182
69346,Ręków,ul. Nasławicka 21,50.92587,16.83372
69350,Wierzchowisko,32B,50.37563,19.8126
69353,Wolbrom,ul. Pod Lasem 1,50.3732,19.77146
69357,Szropy,40,53.98453,19.15237
69370,Kowalewo Pomorskie,ul. Jana Pawła II 2,53.15104,18.90116
69376,Wielkie Rychnowo,53,53.14553,18.79701
69389,Wielka Łąka,11,53.11766,18.83438
69391,Kobiele Wielkie,ul. Szkolna 4,51.02855,19.62361
69395,Pluskowęsy,22,53.17176,18.9493
69401,Malec,ul. Świętojańska 1,49.91985,19.24429
69402,Jenin,ul. Lipowa 1,52.70288,15.11839
69403,Nowa Wieś,ul. Stanisława Konarskiego 4,49.90438,19.22259
69404,Bielany,ul. Łęcka 2,49.94043,19.20523
69406,Bulowice,ul. Bielska 59,49.87604,19.28303
69407,Kęty,ul. Jana III Sobieskiego 6,49.8828,19.21908
69408,Lubczyno,55,52.67321,15.13385
69409,Rębiszów,125,50.95412,15.44331
69415,Biskupice,322,49.96394,20.11941
69418,Jaworze Górne,81b,49.94513,21.35419
69425,Palmierowo,7A,52.97208,17.46257
69428,Stolec,35,51.36932,18.68802
69451,Jaśkowice,ul. Krakowska 41,49.96,19.66465
69461,Waśniów,ul. Kunowska 2,50.90112,21.2232
69464,Nowy Skoszyn,130,50.85376,21.15107
69465,Boleszyn,74,50.91975,21.17999
69477,Bojadła,ul. Szkolna 1,51.95519,15.81515
69487,Rokiciny-Kolonia,ul. Henryka Sienkiewicza 17,51.66637,19.78417
69489,Łaznów,65,51.62775,19.78089
69501,Gryźliny,44,53.61792,20.34048
69510,Stawiguda,ul. Warszawska 5,53.65742,20.39692
69552,Broszki,4,51.38971,18.65147
69562,Skawa,584A,49.60202,19.91005
69564,Lutowo,1,53.44948,17.42952
69569,Przychojec,159,50.30426,22.39922
69736,Firlej,ul. Partyzancka 23,51.55929,22.50336
69738,Wola Skromowska,55,51.61652,22.45816
69741,Strzegocice,54,49.95207,21.31964
69743,Parkosz,60,50.00095,21.31326
69746,Lipiny,1,50.0119,21.28054
69749,Łęki Dolne,122a,49.97847,21.2336
69751,Machowa,75,50.0161,21.20551
69766,Domanowo,19a,52.77278,22.75521
69767,Holonki,67,52.66171,22.86658
69769,Kobylany,ul. Słoneczna 11,52.04978,23.5659
69780,Hucisko,153,50.27724,22.30038
69791,Góry Mokre,94a,51.02192,20.00161
69793,Dłutów,ul. Główna 9,51.55672,19.39504
69796,Krzepice,ul. Mickiewicza 13/17,50.96212,18.72463
69797,Krzepice,ul. Skłodowskiej 21,50.96585,18.70622
69798,Zajączki Pierwsze,50,50.99855,18.70974
69800,Zajączki Drugie,ul. Szkolna 2,50.99115,18.67705
69822,Ugoszcz,22,53.04034,19.22259
69826,Dolice,ul. Ogrodowa 46,53.19057,15.19684
69830,Jaszczew,333,49.73872,21.65461
69832,Kęty,ul. Stanisława Wyspiańskiego 1,49.87738,19.21628
69833,Kęty,ul. Szkolna 3,49.87489,19.19365
69835,Żarnowiec,137,49.69175,21.66529
69838,Jedlicze,ul. Dr F. i Z. Tokarskich 5,49.71331,21.64188
69842,Moderówka,117,49.74954,21.63327
69850,Nieborów,ul. Aleja Legionów Polskich 92,52.08394,20.06874
69853,Rembieszów,87,51.5015,18.91006
69855,Wierzchucino,ul. Szkolna 22,54.78567,17.99351
69859,Rumia,ul. Kościelna 6,54.57953,18.40141
69863,Moniaki,110,51.02607,22.08656
69865,Chałupki Dębniańskie,105,50.17194,22.51221
69867,Łęki,ul. Akacjowa 28,49.95025,19.21297
69868,Witkowice,ul. Beskidzka 98,49.91369,19.27565
69872,Myślenice,ul. Zdrojowa 16 A,49.82201,19.94936
69877,Rzeplino,62,53.25574,15.18929
69878,Dzierążnia,171,50.3778,20.4284
69880,Dobieszewo,22,53.01805,17.37735
69883,Bukowiec Opoczyński,74,51.41645,20.26184
69885,Mroczków Gościnny,50,51.37967,20.38935
69887,Ogonowice,207A,51.34648,20.30373
69889,Opoczno,ul. Marii Curie-Skłodowskiej 5,51.3802,20.28264
69891,Opoczno,ul. Inowłodzka 3,51.37785,20.2874
69892,Jerka,ul. Szkolna 5,51.99778,16.84942
69894,Studzienice,ul. Brzozowa 7,54.09167,17.57939
69896,Opoczno,ul. Armii Krajowej 1,51.37663,20.26962
69899,Szczyrk,ul. Myśliwska 154,49.70428,19.00535
69908,Piła,ul. Brzozowa 4,53.13793,16.74908
69913,Wilanowo,ul. Górna 2,54.40038,18.22491
69920,Pomysk Wielki,ul. Gdańska 33,54.21057,17.5475
69924,Dobrzechów,197,49.87715,21.73442
69931,Krzesławice,146,49.81137,20.19369
69938,Radzynek,1,53.01397,19.26791
69940,Zegartowice,114,49.83109,20.19115
69941,Klonowa,ul. Złoczewska 4,51.41885,18.41961
69943,Gruszów,150,49.8538,20.20898
69949,Jaworzno,ul. Fryderyka Chopina 40,50.19691,19.26275
69950,Niezabyszewo,ul. Bytowska 10,54.1354,17.42804
69956,Stępocice,4,50.42569,20.33335
69964,Radolina,63,52.21458,18.04204
69967,Przyjma,122,52.28131,18.06277
69969,Węglew,ul. Bursztynowa 31,52.23946,18.15797
69972,Golina,ul. Wolności 20,52.24353,18.08743
69984,Ugoszcz,ul. Bytowska 32,54.12548,17.52758
69991,Ząbkowice Śląskie,ul. Piastowska 1,50.58906,16.80362
70003,Kleszczewo Kościerskie,ul. Skarszewska 19,53.99492,18.39113
70014,Półczno,ul. Szkolna 3,54.15387,17.63827
70034,Chrzanów,ul. Kardynała Stefana Wyszyńskiego 19,50.14215,19.41715
70046,Bliżyn,ul. Piaskowa 6,51.10545,20.76122
70052,Laskownica,16,53.05302,17.35546
70053,Złoczew,ul. Burzenińska 4,51.41778,18.60971
70054,Sipiory,51,52.99166,17.48843
70062,Liszki,ul. Szkolna 50,50.03234,19.76263
70064,Szczodrzykowo,ul. Ogrodowa 21,52.28513,17.10255
70069,Ząbkowice Śląskie,ul. Władysława Orkana 32,50.59424,16.82012
70070,Radzewo,ul. Dworzyskowa 3,52.21112,17.02023
70071,Racice,16,52.61811,18.31726
70077,Kórnik,ul. Armii Krajowej 11,52.23252,17.09532
70078,Pustków Żurawski,ul. Kolejowa 46,50.95897,16.85909
70079,Kórnik,ul. Dworcowa 11,52.25256,17.09055
70080,Białystok,ul. Dzielna 19,53.11333,23.13518
70088,Kobierzyce,ul. Parkowa 7,50.97202,16.93328
70089,Wyrzysk,ul. Parkowa 8,53.15209,17.26238
70093,Kosztowo,79,53.16204,17.19527
70094,Osiek nad Notecią,ul. Szkolna 2,53.12206,17.29056
70104,Falmierowo,30,53.19354,17.22573
70106,Lubochnia,ul. Łódzka 19,51.60858,20.04897
70108,Uników,21,51.40212,18.5457
70127,Nowinka,14,53.9308,22.97835
70143,Konopiska,ul. Sportowa 7,50.72495,19.01013
70258,Piotrków Trybunalski,ul. Romana Dmowskiego 11,51.40253,19.68068
70273,Zwrócona,68,50.62069,16.80925
70276,Piła,ul. aleja Powstańców Wielkopolskich 83,53.15788,16.75193
70287,Bojanowo,ul. Lipowa 2,51.7091,16.74903
70292,Golina Wielka,65a,51.69787,16.79072
70293,Banie Mazurskie,ul. Konopnickiej 12,54.24522,22.0419
70295,Gościejewice,31,51.7275,16.79757
70299,Jelenia Góra,ul. Sudecka 53,50.89698,15.74324
70301,Podwilk,287,49.54797,19.73969
70302,Lipnica Mała,117,49.49906,19.64542
70303,Zubrzyca Górna,43,49.55047,19.65677
70304,Lipnica Mała,346,49.52471,19.62788
70305,Zubrzyca Górna,270,49.57647,19.65218
70306,Jabłonka,ul. Kopernika 14,49.45859,19.67785
70319,Poraj,ul. Górnicza 18,50.67683,19.2114
70322,Sławsk,ul. Okólna 3,52.19997,18.15516
70327,Bobrek,ul. Nadwiślańska 9,50.05959,19.2575
70334,Manasterz,57,50.11793,22.66681
70335,Ryszkowa Wola,53A,50.07536,22.86297
70336,Mołodycz,84,50.16186,22.83038
70338,Zapałów,159,50.0859,22.88226
70339,Wiązownica,ul. Szkolna 14,50.08017,22.70476
70380,Bieździedza,98,49.804,21.47694
70405,Ząbkowice Śląskie,ul. Krzywa 9,50.58765,16.80873
70474,Kamieńsk,ul. Sportowa 8,51.19589,19.49609
70482,Pelplin,ul. Sambora 5a,53.93,18.69872
70485,Pelplin,ul. Kościuszki 12a,53.92505,18.69681
70487,Rajkowy,ul. Jesionowa 6,53.96115,18.70906
70489,Kulice,ul. Szkolna 1,53.88443,18.69915
70490,Rudno,ul. Szkolna 4,53.93414,18.76229
70496,Braszowice,76,50.88023,21.06618
70506,Kaszewice,48,51.3168,19.27169
70513,Lubla,328,49.8049,21.57843
70516,Gogołów,316,49.85254,21.50754
70519,Stępina,54,49.87306,21.57313
70521,Jedwabno,ul. Polna 1,53.53135,20.7322
70526,Smolnica,20,52.7859,14.63674
70528,Dębno,ul. Marszałka Józefa Piłsudskiego 10,52.73782,14.70552
70536,Cychry,ul. Jana Pawła II 85,52.69017,14.70983
70546,Sądów,30,53.18897,15.20913
70549,Parzno,33,51.38857,19.25085
70594,Gorzędów,ul. Józefa Adamowskiego 7,51.20989,19.54922
70600,Sarbinowo,80,52.65686,14.67551
70645,Głowno,ul. Karasicka 35,51.96211,19.69314
70651,Sieroszewice,ul. Szkolna 9,51.63665,17.96288
70674,Bielsko-Biała,ul. Filarowa 52,49.83237,19.03138
70681,Kluki,ul. Szkolna 4,51.3479,19.24642
70712,Głowno,plac Władysława Reymonta 2,51.94551,19.71609
70714,Ostaszewo,ul. Kościuszki 22,54.21309,18.95119
70716,Głowno,ul. gen. Władysława Andersa 37,51.95461,19.71949
70717,Barkowo,75,51.47607,16.80469
70718,Korzeńsko,ul. Kolejowa 14,51.54359,16.87005
70719,Powidzko,49,51.44111,16.96856
70720,Radziądz,ul. Szkolna 2,51.51165,16.9663
70723,Żmigród,ul. Henryka Sienkiewicza 6,51.46727,16.90242
70726,Zębowice,ul. Oleska 10,50.7652,18.34463
70728,Pniewo,18,53.46901,16.7452
70733,Śnietnica,28,49.51134,21.05415
70736,Banica,24,49.46692,21.04954
70737,Gładyszów,106,49.51758,21.25806
70739,Hańczowa,96,49.47272,21.15992
70743,Włocławek,ul. Konstantego Ildefonsa Gałczyńskiego 9,52.64062,19.04895
70744,Włocławek,ul. Wiejska 29,52.64736,19.0503
70754,Henryków,ul. Polna 9,50.65323,17.0065
70755,Iwanowice Włościańskie,ul. Jana Pawła II 3,50.22301,19.97824
70758,Włocławek,ul. Starodębska 21B,52.65024,19.06572
70770,Damice,ul. Podgórska 12,50.19777,19.94527
70773,Pomieczyńska Huta,18,54.38857,18.17106
70775,Stara Huta,23,51.9221,21.48298
70777,Kartuzy,ul. Wzgórze Wolności 1,54.33385,18.19112
70778,Grzybno,ul. Szkolna 12,54.35047,18.2194
70779,Kolonia,101,54.39909,18.11248
70780,Prokowo,ul. Szkolna 1,54.21371,21.51985
70781,Łapalice,ul. Szkolna 2,54.3466,18.13058
70782,Mirachowo,ul. Szkolna 2,54.39434,18.02781
70785,Narama,ul. Centralna 49,50.18473,19.93286
70786,Poskwitów,92,50.22551,19.96132
70789,Rzgów,Plac Stuczyńskich 5,52.15438,18.04949
70805,Jelenia Góra,ul. Sprzymierzonych 9,50.86696,15.67528
70806,Bysław,ul. Kwiatowa 9,53.50296,18.00542
70846,Nowe Sioło,ul. Mickiewicza 73,50.24206,23.14535
70850,Dachnów,ul. Jarosławska 2,50.20811,23.11051
70856,Kodrąb,ul. Leśna 2,51.10439,19.63317
70893,Czarna Woda,ul. Mickiewicza 5,53.84761,18.09668
70895,Zachełmna,112,49.79713,19.68585
70896,Jachówka,3,49.75637,19.69668
70897,Budzów,404,49.76954,19.63692
70898,Budzów,553,49.77784,19.67626
70901,Bieńkówka,398,49.76905,19.74257
70903,Krosinko,ul. Wiejska 43,52.23368,16.81538
70910,Bielsko-Biała,ul. Sternicza 4,49.8077,19.02353
70930,Radomice,115,52.80876,19.13489
70937,Sieradz,ul. Aleja Grunwaldzka 10,51.59068,18.71641
70938,Sieradz,ul. Uniejowska 199,51.61918,18.78262
70943,Sieradz,ul. Ks. Apolinarego Leśniewskiego 18,51.58863,18.73539
70945,Banino,ul. Tuchomska 15,54.3959,18.39993
70966,Odrowążek,1,51.08903,20.63974
70974,Lubień Kujawski,ul. Szkolna 15,52.40849,19.15784
70975,Borkowo,ul. Szkolna 2,54.33278,18.33222
70976,Białystok,ul. Jerzego Waszyngtona 17,53.1238,23.15537
70985,Bogucice,83,50.05731,20.4986
70996,Brzeźnica,180,49.95822,20.49569
71000,Laskowo,26,52.70089,17.49239
71003,Damienice,11,49.98946,20.39964
71009,Dąbrowica,67,49.93473,20.35764
71011,Bratian,ul. Szkolna 2,53.45916,19.61034
71023,Gardno,ul. Niepodległości 1,53.26182,14.61854
71024,Gawłów,64,50.02673,20.46291
71030,Wadowice,ul. Słowackiego 2,49.88311,19.4881
71031,Jutrosin,ul. Wrocławska 27,51.65165,17.1689
71033,Żerniki,32,52.78112,17.5452
71034,Świątkowo,57,52.81828,17.57449
71039,Dubin,150,51.62498,17.14819
71074,Nieszkowice Małe,112,49.93323,20.32081
71083,Nieszkowice Wielkie,67,49.9148,20.39571
71091,Pogwizdów,26,49.92416,20.39912
71101,Proszówki,365,50.00327,20.42862
71102,Lisiowólka,74a,51.803,22.75897
71108,Siedlec,143,49.95995,20.32436
71118,Marcinkowice,46A,53.26626,16.18736
71136,Pcim,599,49.75249,19.9648
71142,Gorzów Wielkopolski,Aleja Konstytucji 3 Maja 44,52.73381,15.21254
71144,Poznań,ul. Hangarowa 14,52.42495,16.85007
71147,Poznań,ul. Kazimierza Jarochowskiego 62,52.38918,16.88862
71148,Baczków,23,50.03288,20.44197
71160,Tuchów,ul. Jana Pawła II 6,49.89482,21.05545
71161,Buchcice,41,49.8936,20.99962
71162,Burzyn,1,49.87369,21.0616
71164,Jodłówka Tuchowska,275C,49.82914,21.0714
71167,Karwodrza,139a,49.92315,21.06616
71169,Siedliska,232,49.86847,21.01162
71177,Góra,17,50.51651,21.0191
71186,Szczawin,ul. Kościelna 21,51.89993,19.48759
71222,Barciany,ul. Nowa 1A,54.22213,21.35343
71307,Ulim,ul. Rubinowa 5,52.67666,15.21333
71308,Bolemin,102,52.64275,15.25189
71316,Wielowieś,ul. Grabowska 2,51.60151,18.08414
71366,Radomsko,ul. Piastowska 17,51.06292,19.45099
71367,Radomsko,ul. Piłsudskiego 22,51.06464,19.44009
71368,Radomsko,ul. Szkolna 4,51.07254,19.44919
71369,Radomsko,ul. Świętej Jadwigi Królowej 20,51.0544,19.45462
71370,Radomsko,ul. 11 Listopada 16,51.07787,19.42179
71371,Radomsko,ul. Rolna 65,51.06614,19.45684
71372,Radomsko,ul. Makuszyńskiego 25,51.08073,19.4015
71380,Miechów-Charsznica,ul. Szkolna 14,50.39552,19.95429
71393,Łapczyca,437,49.96202,20.37603
71402,Meszna Opacka,110,49.88738,21.0049
71408,Trzemesna,100,49.89477,21.05416
71417,Stanisławice,306,49.98201,20.35038
71421,Białystok,ul. Orla 4,53.13591,23.17433
71440,Jaślików,31,51.00356,23.07176
71486,Stara Prawda,1,51.94885,21.92065
71500,Jaworzno,ul. Lipowa 24,50.21457,19.26456
71527,Krzczonów,82,50.28791,20.63192
71542,Siedlce,162,49.68742,20.77618
71553,Bachórzec,188A,49.82456,22.33545
71567,Pcim,598,49.75139,20.00584
71570,Trzebiechów,ul. Parkowa 4,52.02466,15.73554
71573,Jastrząb,ul. Mickiewicza 1,50.6712,19.19321
71603,Nożyno,40,54.31504,17.49334
71650,Niegowonice,ul. Szkolna 11,50.38748,19.42585
71688,Olsztyn,ul. Jarosława Iwaszkiewicza 44,53.7591,20.47001
71690,Olsztyn,ul. Johanna Gottfrieda Herdera 3,53.73977,20.50701
71703,Łowicz,ul. Kaliska 12,52.10281,19.94576
71704,Łowicz,ul. Stanisława Stanisławskiego 31a,52.1031,19.93394
71778,Zaborze,ul. Miarki 7,49.87306,18.80875
71784,Strzegomek,ul. Wacława Dąbrówki 3,50.522,21.3124
71787,Bylice-Kolonia,12,52.25926,18.77482
71791,Cielądz,38,51.7173,20.34474
71792,Sierzchowy,59,51.66797,20.32284
71860,Pakosław,ul. Parkowa 15,51.61837,17.06082
71861,Chojno,6a,51.62353,17.02081
71915,Tarnobrzeg,ul. Adama Mickiewicza 86,50.56024,21.66367
71923,Gródek nad Dunajcem,195,49.74718,20.73295
71943,Radowo Małe,36,53.66267,15.45172
71953,Buczyna,17,51.54583,15.90159
71958,Gdańsk,ul. Tysiąclecia 29,54.41894,18.59302
71959,Korczyna,ul. Aleksandra Fredry 2,49.71238,21.80264
72000,Parowa,63,51.36309,15.28051
72001,Stara Wieś Druga,56,50.94372,22.54704
72002,Wola Gałęzowska,116a,50.97015,22.53007
72004,Bychawa,ul. Szkolna 8,51.01418,22.53201
72005,Bychawka Druga-Kolonia,75,51.06361,22.53348
72010,Zagłoba,21,51.22521,21.86002
72021,Słodków,21,52.01776,18.43279
72051,Brzesko,125,53.12458,15.00923
72052,Okunica,23,53.19048,14.92931
72053,Żabów,8,53.18663,14.83965
72054,Pyrzyce,ul. Poznańska 2,53.14484,14.89831
72060,Mielęcin,ul. Główna 72,53.07311,14.89982
72065,Tomisław,63A,51.29431,15.42691
72073,Kraków,ul. Starowiślna 3,50.05904,19.94246
72080,Kraków,Osiedle Kościuszkowskie 7,50.08343,20.01332
72128,Polanka Wielka,ul. Długa 14,49.98453,19.31695
72178,Branice,ul. Szkolna 8,50.05343,17.79929
72207,Kraków,ul. Smoleńsk 25,50.05883,19.9291
72212,Kraków,ul. Tuchowska 113,49.99126,19.97187
72217,Kraków,ul. Eliasza Radzikowskiego 52,50.08348,19.90731
72226,Kurzętnik,ul. Grunwaldzka 37,53.40047,19.5821
72234,Wilków,66,51.25441,21.87243
72277,Zamość,ul. Księcia Józefa Poniatowskiego 4,50.73419,23.25245
72292,Cieszyn,ul. Kościelna 34F,51.41337,17.57524
72296,Dylągowa,44,49.78077,22.29805
72302,Darzlubie,ul. Pucka 74,54.70273,18.32151
72307,Czarny Bór,ul. Sportowa 44,50.76493,16.13394
72319,Bodzanowice,ul. Szkolna 1,50.91262,18.62851
72320,Borki Wielkie,ul. Młyńska 8,50.86403,18.56916
72321,Olesno,ul. Ignacego Krasickiego 25,50.87948,18.41522
72337,Psary-Stara Wieś,59A,50.94234,20.90769
72338,Święta Katarzyna,ul. Kielecka 45,50.9067,20.88071
72339,Wola Szczygiełkowa,63,50.89658,20.95984
72340,Stara Wieś,28,50.97894,20.87791
72356,Wroczyny,59a,52.21126,19.26724
72360,Bałtów,81,51.0108,21.53388
72380,Daniszyn,35,51.65533,17.64035
72385,Szczury,38,51.72685,17.81459
72391,Kędzierzyn-Koźle,ul. Sławięcicka 96,50.37968,18.31781
72392,Częstochowa,ul. Jesienna 42,50.76985,19.14595
72393,Częstochowa,ul. Stefana Starzyńskiego 10,50.84553,19.13439
72400,Choroń,ul. Szkolna 9,50.68426,19.25059
72406,Łużna,723,49.71017,21.05473
72412,Strzyżów,ul. gen. Wł. Andersa 4,49.86844,21.78514
72418,Zgorzelec,ul. Bolesława Prusa 17,51.15626,15.0044
72426,Korzecznik,41,52.32232,18.78663
72437,Żarki-Letnisko,ul. Szkolna 20,50.62897,19.27554
72443,Glinka,68,49.46218,19.16675
72462,Brzeziny,621,49.93055,21.55201
72463,Nawsie,302,49.94544,21.66304
72464,Glinik,75,49.97398,21.5769
72465,Broniszów,197,49.98444,21.59388
72466,Brzeziny,382a,49.91579,21.54575
72510,Cieszyn,pl. Kościelny 5,49.74574,18.63623
72513,Białobłoty,20,52.04854,17.94174
72523,Częstochowa,ul. mjra Waleriana Łukasińskiego 24,50.78641,19.1532
72524,Częstochowa,ul. prof. Kazimierza Michałowskiego 4,50.83929,19.12108
72542,Poznań,ul. Borówki 10,52.38953,17.03217
72548,Rokiciny Podhalańskie,156,49.57507,19.90808
72552,Czarna Białostocka,ul. Traugutta 28,53.3017,23.28519
72567,Bielanka,29,49.52343,19.88807
72568,Sieniawa,92,49.53832,19.9373
72569,Skawa,278,49.61499,19.89223
72570,Podsarnie,59,49.55242,19.78552
72571,Harkabuz,47,49.544,19.82821
72600,Poznań,ul. Grabowa 33,52.37261,16.90101
72605,Ełk,ul. Suwalska 15,53.82858,22.36582
72629,Świdry,99,51.87978,22.34996
72632,Poznań,os. Oświecenia 64,52.39058,16.96133
72644,Aleksandrów,51,51.90335,22.45659
72646,Chrząchów,11 A,51.41126,22.14941
72648,Końskowola,ul. Lubelska 81,51.40884,22.05307
72654,Lubecko,ul. Lipska 21,50.69531,18.65076
72657,Kochanowice,ul. Szkolna 1,50.70852,18.75213
72659,Ryglice,ul. Tarnowska 25,49.88274,21.13569
72674,Poznań,ul. Filipińska 4,52.41144,16.95366
72680,Kamienica,ul. Częstochowska 42,50.64066,18.9939
72684,Antoniewo,11,52.65474,17.19923
72685,Poznań,ul. Grunwaldzka 154,52.39292,16.86026
72688,Woźniki,ul. Powstańców 7,50.59034,19.05853
72698,Poznań,os. Wichrowe Wzgórze 114,52.43924,16.93699
72704,Rokity,34,54.33998,17.68952
72708,Bierzwnica,52,53.72206,15.91108
72710,Lekowo,44c,53.81577,15.67935
72720,Będzin,ul. Wolności 51,50.33225,19.12162
72729,Waplewo,15,53.49819,20.32291
72734,Chotków,ul. Kożuchowska 68,51.70256,15.47559
72735,Wichów,24,51.7154,15.3939
72742,Kępki,26A,51.85846,22.49003
72746,Kiernozia,ul. Ogrodowa 4B,52.26702,19.87457
72747,Zamość,14,51.54055,18.14691
72748,Wronki,ul. Poznańska 46,52.70778,16.37862
72754,Laskowice,ul. Szkolna 6,53.49432,18.45234
72756,Kołaczyce,ul. Szkolna 7,49.80869,21.43572
72761,Krąplewice,38,53.49681,18.40732
72763,Parczew,bez nr,51.63783,17.93416
72765,Masanów,ul. Lipowa 40,51.60081,18.06328
72766,Rososzyca,ul. Kaliska 3,51.632,18.01543
72768,Sobole,69C,51.81263,22.41539
72777,Kosmów-Kolonia,46,51.88493,18.26526
72787,Pieńsk,ul. Szkolna 1,51.25191,15.04553
72790,Dzięgielów,ul. Cieszyńska 4,49.7226,18.70315
72791,Bażanowice,ul. Szkolna 1,49.73645,18.70666
72792,Cisownica,ul. Cisowa 79,49.71658,18.76136
72798,Kije,ul. Szkolna 21,50.60727,20.57561
72807,Wodzisław Śląski,ul. Górnicza 7,50.01335,18.43653
72808,Wodzisław Śląski,ul. Wałowa 5,50.0018,18.45985
72810,Wodzisław Śląski,ul. 26 Marca 9,50.00432,18.46748
72811,Wodzisław Śląski,ul. Mieszka 10,50.01402,18.4471
72814,Wodzisław Śląski,ul. Marii Skłodowskiej-Curie 3,50.02314,18.46696
72826,Palcza,195,49.80457,19.74577
72828,Baczyn,100,49.79,19.71857
72834,Hulcze,37,50.49889,24.0163
72836,Dłużec,7,50.40157,19.71223
72847,Zabór,ul. Zamkowa 1,51.94954,15.71604
72854,Zawada,249/255,51.52835,19.9277
72855,Opole,ul. Norberta Barlickiego 5,50.66601,17.92022
72858,Lublica,79,49.80616,21.51206
72873,Kopalnia,ul. Szkolna 2,50.73963,18.98733
72875,Siary,29,49.62844,21.17873
72880,Zakrzew,27,51.8611,22.54568
72888,Lidzbark,ul. Działdowska 13,53.26288,19.82712
72899,Dłużyna Dolna,66A,51.22563,15.12498
72904,Świebodzice,ul. Mieszka Starego 4,50.86518,16.31181
72906,Żurawiec,ul. Elbląska 15,54.07689,19.41495
72907,Zwierzno,28,54.03617,19.33868
72914,Będzin,ul. Hugona Kołłątaja 63,50.34491,19.08292
72917,Szewnia Górna,21A,50.62158,23.17698
72919,Suchowola,238,50.59322,23.25498
72925,Nowa Wieś,ul. Szkolna 5,52.69437,16.3851
72936,Brojce,ul. Długa 19,53.95784,15.34791
72951,Łagiewniki,ul. Jedności Narodowej 38,50.79258,16.83125
72954,Oleszna,ul. Ślężna 1,50.81104,16.80617
72966,Ełk,"ul. mjr. Jana Piwnika ""Ponurego"" 1",53.83778,22.36028
72969,Stary Pożóg,57E,51.38296,22.07209
72992,Bruk,1,53.96424,19.29703
72996,Ełk,ul. prof. Władysława Szafera 2,53.82699,22.34573
73000,Byczyna,47,52.66208,18.61964
73001,Krzywosądz,52,52.70364,18.58541
73003,Dobre,ul. Szkolna 9,52.68663,18.56279
73013,Pisarzowa,346,49.69001,20.50624
73015,Przecieszyn,ul. Wyzwolenia 54a,49.97834,19.17988
73020,Ełk,ul. Jana i Hieronima Małeckich 1,53.82362,22.35205
73024,Poznań,ul. Edmunda Taczanowskiego 18,52.39102,16.87013
73026,Jaśliska,170,49.43833,21.80785
73028,Szklarska Poręba,ul. Górna 29,50.84357,15.53728
73030,Wysoka,98,50.04641,22.25118
73049,Paprocice,1A,50.8218,21.07696
73050,Łosień,1,50.90453,20.37905
73075,Dzierżoniów,Osiedle Błękitne 25,50.73975,16.64701
73077,Dzierżoniów,ul. Mikołaja Kopernika 7,50.72461,16.64941
73092,Strzegocin,4,52.15852,19.3497
73094,Tuszyn,47,50.79825,16.64668
73103,Rększowice,78,50.70424,19.03781
73113,Krotoszyce,ul. Piastowska 41,51.14967,16.04498
73137,Rumia,ul. Stoczniowców 6,54.56495,18.41682
73140,Tłuczań,ul. Szkolna 9,49.95217,19.57614
73153,Suwałki,ul. Jerzego Antoniewicza 5,54.11997,22.93193
73157,Mysłów,116A,51.8427,21.98644
73162,Stołczno,1,53.70883,17.26039
73164,Rychnowy,5,53.68373,17.42761
73170,Stara Przysieka Druga,34,52.03135,16.61322
73171,Chojno-Wieś,79,52.69611,16.20841
73175,Bronikowo,ul. Morownicka 26,51.97277,16.46902
73205,Sępólno Krajeńskie,ul. Wojska Polskiego 34,53.45058,17.52382
73208,Szczecin,ul. Jaworowa 41,53.48069,14.48059
73211,Szczecin,ul. Skalista 24,53.35691,14.59044
73223,Breń,25,50.1162,21.01559
73225,Brzozówka,ul. Tarnowska 36,50.05876,21.01535
73277,Barlinek,ul. Jeziorna 12,52.98891,15.21659
73297,Sępólno Krajeńskie,ul. Szkolna 1,53.4577,17.53518
73307,Sowina,1,49.82926,21.4753
73310,Radwanowice,ul. Szkolna 6,50.14895,19.71249
73311,Handzlówka,264,49.98758,22.22439
73312,Kozłów,182,50.82588,20.16423
73314,Łany,ul. Główna 98a,50.21382,18.19696
73452,Dretyń,26,54.10042,16.98807
73472,Tychy,ul. Edukacji 11A,50.12115,18.99335
73478,Nakło,ul. Strzelecka 49,50.57947,18.12011
73495,Tarnów Opolski,ul. Kopernika 10,50.57645,18.07805
73496,Przerośl,ul. Dworna 5,54.25003,22.65518
73497,Trzebiatów,ul. Kamieniecka 16,54.05534,15.25645
73498,Trzebiatów,ul. Długa 11,54.05864,15.28465
73503,Szczawnica,ul. Główna 116,49.42799,20.46608
73510,Zabłudów,ul. Adama Mickiewicza 20,53.01076,23.34467
73515,Wilcza Wola,ul. Rzeszowska 1,50.36005,21.9086
73523,Kąty Opolskie,ul. Szkolna 8,50.55754,17.97425
73524,Landzmierz,ul. Główna 51,50.30145,18.19884
73529,Jaworów,9a,50.80032,17.30892
73531,Olbrachtów,40,51.6035,15.09463
73532,Złotnik,14,51.68521,15.19056
73533,Lubanice,20,51.69687,15.10265
73534,Sieniawa Żarska,40,51.64008,15.0621
73545,Będzin,ul. Jedności 38,50.35821,19.13813
73548,Łukowa,86a,50.09293,20.97397
73554,Nowe Żukowice,54,50.08965,21.13758
73571,Zamiechów,110,49.92403,22.74501
73631,Gdeszyn,139,50.77027,23.63731
73638,Dębica,25,51.63518,22.57169
73642,Ostrówek-Kolonia,3,51.59029,22.62196
73655,Dzikowiec,ul. Szkolna 17,50.26597,21.85597
73659,Szczecin,"ul. bł. Królowej Jadwigi 27,28",53.42288,14.5378
73690,Momina,20,50.87904,21.27468
73706,Stara Wieś,549,49.67578,20.39683
73710,Szczecin,ul. ks. Piotra Skargi 23,53.43918,14.53203
73718,Przedbórz,ul. Mostowa 35A,51.08704,19.87867
73729,Lgota,ul. Szkolna 1,50.20713,19.55434
73734,Kętrzyn,ul. Kazimierza Wielkiego 12,54.09342,21.37512
73744,Sobótka,ul. Marii Skłodowskiej-Curie 19,50.89972,16.70458
73745,Rogów Sobócki,ul. Szkolna 7,50.92701,16.76109
73749,Borzęta,368,49.86572,19.98648
73750,Zabawa,ul. Szkolna 31,50.12523,20.80099
73766,Boćki,ul. Dubieńska 4,52.64946,23.04402
73767,Marcinowice,ul. Kolejowa 18,50.87656,16.58432
73796,Pasierbiec,108,49.75813,20.37949
73799,Piwoda,83,50.07258,22.75428
73801,Szówsko,ul. Lubelska 115,50.04741,22.71014
73831,Wola Radłowska,67,50.09572,20.81633
73837,Wołów,ul. Komuny Paryskiej 18,51.33661,16.63596
73839,Krzydlina Wielka,27A,51.30469,16.49511
73840,Warzęgowo,15,51.40096,16.73356
73860,Skidziń,ul. Oświęcimska 39,49.98508,19.19484
73865,Kwiatkowice,ul. Szkolna 17,51.7473,19.11703
73869,Kraków,ul. Grzegorza Korzeniaka 14,50.07162,19.83366
73926,Ruda Różaniecka,180,50.32183,23.18622
73930,Bobrowniki,ul. Rynek 1,51.54835,21.9337
73934,Ownia,101,51.68971,21.90116
73952,Żegocina,50,49.81295,20.42127
73953,Bytomsko,77,49.81853,20.44691
73969,Koszalin,ul. Powstańców Wielkopolskich 23,54.18558,16.1739
73975,Koszalin,ul. Fryderyka Chopina 42,54.19496,16.21142
73976,Koszalin,ul. Rzemieślnicza 9,54.19287,16.17445
73977,Koszalin,ul. Stanisława Staszica 6,54.21141,16.19933
73982,Głogów Małopolski,ul. Stykowska 91,50.1858,21.94865
73997,Charzyno,ul. Wojska Polskiego 11,54.08937,15.57251
74021,Pokój,ul. 1 Maja 15,50.9049,17.83932
74050,Koszalin,ul. Stanisława Staszica 38,54.20612,16.19129
74071,Koszalin,ul. Konstantego Ildefonsa Gałczyńskiego 17,54.19953,16.18948
74088,Witoszyn,ul. Szkolna 1,51.51676,15.10202
74108,Słobity,3,54.14292,19.79014
74109,Wilczęta,43a,54.16818,19.88137
74115,Lipki Wielkie,ul. Nowa 16,52.72543,15.52376
74116,Jasień,ul. Konopnickiej 10,51.75363,15.00876
74118,Miechucino,ul. Szkolna 1,54.33896,18.01863
74122,Szczawnica,ul. Główna 12,49.42645,20.48107
74136,Opole,ul. Plebiscytowa 5,50.66619,17.94275
74149,Blachownia,ul. Henryka Sienkiewicza 8,50.78014,18.96261
74157,Jaworzno,ul. Ławczana 12,50.21172,19.25573
74181,Osieczna,ul. Kopernika 1,51.90488,16.68297
74183,Świerczyna,43A,51.92295,16.76154
74185,Kąkolewo,ul. Krzywińska 14,51.86569,16.69448
74203,Jaminy,25A,53.72647,23.15947
74214,Spychowo,ul. Mazurska 5,53.5986,21.34585
74222,Stara Wieś,459,49.67963,20.42626
74223,Świętajno,ul. Młodzieżowa 2,53.5634,21.21892
74226,Albigowa,489,50.01653,22.22904
74250,Józefowo,2,52.41455,18.79182
74251,Zgłowiączka,28,52.51157,18.78533
74252,Poznań,ul. Klemensa Janickiego 22,52.417,16.89457
74264,Czerniejewo,ul. Szkolna 3,52.42507,17.48573
74266,Żydowo,ul. Tadeusza Kościuszki 24,52.45368,17.58424
74288,Słupia,281,50.60765,19.96389
74295,Skępe,ul. Al. 1 Maja 89,52.86679,19.34659
74297,Czermno,19A,52.85408,19.43529
74300,Męcina,504,49.70126,20.54012
74307,Wolin,ul. Spokojna 1,53.8456,14.60966
74317,Wola Raniżowska,317,50.29415,21.95533
74322,Krokowa,ul. Szkolna 6,54.78153,18.15908
74323,Żarnowiec,ul. Szkolna 2,54.78672,18.08243
74343,Kąkowa Wola,22,52.59542,18.82427
74345,Bilcza,ul. Szkolna 2,50.78889,20.61876
74360,Gościszów,152,51.15996,15.45467
74366,Gierałtów,47,51.20449,15.31312
74373,Smardzewo,95,52.19806,15.69133
74385,Bobowa,ul. Bohaterów Bobowej 6,49.7081,20.94714
74395,Maniowy,ul. Szkolna 2,49.4617,20.26875
74402,Sichów Duży,88,50.49392,21.14398
74403,Rytwiany,ul. Szkolna 9,50.52495,21.19946
74450,Sromowce Niżne,ul. Szkolna 7,49.3947,20.40891
74451,Stróża,168,49.7845,19.9465
74453,Stróża,1,49.79584,19.92606
74465,Raniżów,ul. Grunwaldzka 2,50.25845,21.97365
74468,Cierpisz,110A,50.01556,22.16531
74470,Głuchów,443,50.0815,22.2698
74477,Brzana,10,49.71867,20.91809
74488,Szyk,255,49.79,20.29818
74502,Ściborzyce Wielkie,105,50.0195,18.02809
74513,Gęstowice,32,52.14855,14.90409
74527,Skarżysko-Kamienna,ul. Sezamkowa 23,51.12217,20.87032
74590,Roszowicki Las,ul. Szkolna 12,50.26149,18.21994
74594,Kosina,268,50.0716,22.32572
74598,Turośń Kościelna,ul. Białostocka 4,53.01197,23.05628
74635,Bielsko-Biała,ul. gen. Stefana Grota-Roweckiego 5,49.82063,19.04804
74659,Siekierczyna,326,49.64943,20.43546
74662,Siedliska,259,49.8633,21.0191
74663,Żdanów,124,50.68528,23.21557
74680,Morzyce,27,52.5633,18.61641
74721,Michalów,117,50.54748,23.59521
74731,Kołczyn,ul. Sulęcińska 29,52.61187,15.11901
74734,Samoklęski,206,49.60891,21.46775
74738,Mrągowo,ul. Mikołaja Kopernika 2,53.86276,21.30995
74742,Rudki,ul. Szkolna 2,50.89171,21.08916
74778,Tomaszowo,ul. Leśna 1,51.62258,15.40416
74785,Kraków,ul. Forteczna 54,49.99962,19.91165
74790,Byszew,31,52.17528,19.27533
74796,Kobyla,ul. Główna 69,50.09035,18.29778
74798,Modła Królewska,ul. Słoneczna 5,52.15443,18.20984
74799,Barczygłów,ul. Grodziecka 55,52.15845,18.1766
74802,Stare Miasto,ul. Szkolna 11,52.183,18.21098
74803,Żdżary,ul. Borówkowa 4,52.14171,18.28326
74811,Wilczyska,29,51.8476,21.90571
74821,Motarzyno,ul. Słoneczna 12,54.32568,17.3326
74824,Geniusze,34,53.373,23.43075
74826,Malawicze Dolne,56,53.41501,23.61162
74831,Stara Kamionka,65,53.36328,23.55692
74832,Nowa Sól,ul. Matejki 29,51.80647,15.69801
74837,Nowa Sól,ul. Młodych 2,51.78301,15.72502
74838,Szlichtyngowa,ul. Daszyńskiego 16,51.71337,16.24843
74842,Chociwel,ul. Henryka Dąbrowskiego 15,53.45961,15.33341
74865,Kraczkowa,311,50.03846,22.16144
74867,Sonina,168,50.06586,22.26669
74880,Poręba,ul. Wiedzy 3,50.48915,19.36159
74899,Iwiny-Osiedle,60,51.21706,15.72284
74937,Łosie,120,49.57245,21.08742
74942,Pruszcz Gdański,ul. Tysiąclecia 5,54.26073,18.62847
74946,Dąbrówka,40,53.86068,21.74335
74949,Sokółka,ul. Grodzieńska 43,53.4064,23.50242
74965,Bysina,284,49.82791,19.88818
74974,Sokółka,os. Os. Zielone 2,53.39827,23.52218
74977,Leopoldów,ul. Zielona 1,51.67073,22.02033
74984,Stuchowo,51,53.94955,15.00641
74986,Świerzno,ul. Szkolna 4,53.96452,14.96783
74988,Daszewice,ul. Szkolna 16,52.30203,16.96572
74991,Pecna,ul. Szkolna 19,52.17908,16.80052
74994,Czapury,ul. Poznańska 78,52.31446,16.91132
74999,Borzęciczki,9,51.84754,17.34695
75008,Radłów,ul. Szkolna 1,50.08701,20.85429
75013,Mosina,ul. Szkolna 1,52.24987,16.85141
75015,Młynne,149,49.74791,20.40722
75034,Otmuchów,ul. Krakowska 38,50.47087,17.16739
75043,Bielsk Podlaski,ul. Adama Mickiewicza 126,52.77539,23.19526
75048,Brudzew,ul. Powstańców Wielkopolskich 35A,52.09958,18.59946
75053,Warta Bolesławiecka,29,51.23155,15.66929
75054,Stara Rozedranka,3,53.37286,23.3383
75080,Grębocin,ul. Szkolna 4,53.05517,18.71717
75090,Brenna,ul. Leśnica 103,49.69504,18.90465
75091,Brenna,ul. Bukowa 45,49.71707,18.93695
75105,Pruszcz Gdański,ul. Antoniego Dobrowolskiego 11,54.26643,18.63095
75107,Męcina,530,49.67945,20.55405
75132,Jawiszowice,ul. Kusocińskiego 1,49.96189,19.13772
75169,Inowłódz,ul. Spalska 5,51.52637,20.22006
75183,Gorzów,ul. Szkolna 3,50.07447,19.22701
75185,Chełmek,ul. Bolesława Chrobrego 9,50.098,19.2366
75188,Chełmek,ul. Marszałka Piłsudskiego 1,50.10404,19.267
75190,Poznań,ul. Tarnowska 27,52.34094,16.99227
75191,Ludomy,25,52.75438,16.8232
75198,Poznań,os. Władysława Łokietka 104,52.45057,16.94003
75218,Marklowice,ul. Wyzwolenia 160,50.01887,18.5129
75236,Nowa Wieś,76,51.45109,22.73143
75258,Kraków,ul. Stanisława ze Skalbmierza 7,50.08198,19.96746
75272,Wtelno,ul. Szkolna 7,53.23372,17.89638
75278,Wierzchucin Królewski,35,53.30775,17.78079
75280,Mąkowarsko,ul. Tucholska 8,53.40722,17.81236
75316,Lipnica Wielka,205,49.47425,19.6391
75317,Lipnica Wielka,523,49.49624,19.61502
75318,Warszewice,ul. Zawiszy Czarnego 2,53.17259,18.53729
75319,Pigża,ul. Szkolna 14,53.11488,18.52474
75322,Lipnica Wielka,825,49.51172,19.59422
75325,Mołtajny,1,54.29441,21.35602
75326,Drogosze,40,54.20822,21.24296
75327,Winda,6,54.16151,21.39399
75345,Lubaczów,ul. Marii Konopnickiej 5,50.15818,23.11875
75346,Lipowo,16,53.58565,19.83629
75356,Bogdaniec,ul. Pocztowa 7,52.69091,15.07127
75358,Brzydowo,27,53.63419,19.95781
75363,Brzeźnica,ul. Zielonogórska 26,51.7151,15.38967
75371,Rąbień,ul. Słowiańska 5,51.78976,19.32225
75375,Nawiady,31,53.71526,21.31924
75388,Chełchy,26,53.87854,22.46571
75398,Niegosław,69,52.81424,15.89018
75399,Goszczanowo,18a,52.72744,15.61422
75412,Sienna,ul. Świętej Jadwigi Śląskiej 50,49.67709,19.1481
75413,Twardorzeczka,ul. Widokowa 204,49.66017,19.10839
75415,Lipowa,ul. Jana Pawła II 3,49.67668,19.09238
75417,Leśna,ul. Świętego Michała Archanioła 140,49.67152,19.13893
75419,Chruślina,108,51.03578,21.9775
75463,Lipno,ul. Stefana Okrzei 1,52.84298,19.18519
75464,Lipno,ul. Traugutta 2,52.85188,19.17943
75465,Lipno,Plac 11 Listopada 13,52.8408,19.1783
75466,Łubianka,ul. Chełmińska 1,53.13872,18.48069
75468,Gać,116,50.02897,22.36593
75500,Nowa Wieś Ełcka,ul. Ełcka 18,53.76923,22.33595
75503,Bisztynek,ul. Kolejowa 5,54.08749,20.90781
75504,Sątopy,1,54.0635,21.02534
75505,Grzęda,31A,54.08584,20.90386
75509,Straduny,ul. Tadeusza Kościuszki 40,53.89381,22.34188
75516,Gliwice,ul. Rubinowa 16a,50.31095,18.62037
75517,Łupawa,22,54.42015,17.42039
75528,Olszany,11,49.74408,22.63789
75595,Kraków,ul. Basztowa 6,50.06631,19.93692
75604,Łódź,ul. Wrocławska 3/5,51.785,19.44455
75612,Pisz,ul. Jagodna 4,53.61753,21.82154
75649,Lipa,52,50.9731,16.02143
75663,Wilczogóra,ul. 700-lecia 14,52.4805,18.1661
75671,Borek Stary,67,49.95569,22.10316
75675,Hermanowa,212,49.94165,22.01937
75679,Bielsko-Biała,ul. Nadbrzeżna 12,49.82716,19.05113
75682,Bielsko-Biała,ul. Powstańców Śląskich 3,49.81799,19.04428
75683,Bielsko-Biała,ul. Komorowicka 25,49.82693,19.05289
75697,Sztabin,ul. Augustowska 82,53.68521,23.09759
75707,Kielnarowa,53,49.96589,22.06526
75708,Rzeszów,ul. Matysowska 101,49.99879,22.05623
75709,Tyczyn,ul. Pułanek 4,49.96158,22.02748
75712,Moszczanka,14,51.59685,21.97476
75728,Krasnybór,59,53.72742,23.19518
75746,Czarnowice,20,51.90357,14.76014
75768,Urzejowice,542,50.00956,22.46345
75770,Rozbórz,568,50.0533,22.54401
75772,Ujezna,227,50.06612,22.58584
75776,Brześć Kujawski,ul. Konarskiego 63,52.6104,18.88055
75787,Wadowice,Osiedle Mikołaja Kopernika 11,49.87795,19.49871
75789,Wadowice,ul. Henryka Sienkiewicza 9,49.88372,19.49659
75943,Piotrków Trybunalski,ul. Belzacka 104,51.40648,19.66468
75963,Radkowice,85,50.78782,20.50686
75975,Chocznia,ul. Główna 1,49.87268,19.45529
75978,Chocznia,ul. Główna 65,49.85399,19.43407
75980,Jaroszowice,ul. Wesoła 12,49.86274,19.52167
75983,Klecza Dolna,ul. Krakowska 234,49.86937,19.54982
75985,Wysoka,ul. Wadowicka 319,49.90717,19.60487
75995,Wierzba,19,50.82465,23.1848
76006,Jasło,ul. Niegłowicka 174,49.7147,21.4609
76009,Susiec,ul. Tomaszowska 53,50.4128,23.20881
76029,Chruślanki Józefowskie,83,50.99591,22.00626
76135,Sulmierzyce,ul. Szkolna 2,51.60624,17.52958
76143,Alfredówka,192,50.46743,21.75403
76153,Nowa Dęba,ul. Leśna 40,50.4135,21.74587
76175,Włynkówko,ul. Błękitna 17,54.50636,17.00151
76176,Wrzeście,ul. Słupska 33,54.54425,17.10584
76301,Lipnica Wielka,1043,49.52229,19.55542
76302,Kiczory,60,49.53434,19.59192
77424,Augustowo,30,52.77358,23.13804
77435,Rakszawa,347,50.15328,22.24224
77437,Zamość,ul. Peowiaków 30a,50.72081,23.25736
77444,Dębnica,ul. Rubinowa 2,52.58156,17.4751
77450,Woźniki,ul. Wadowicka 133,49.93956,19.49074
77451,Wójcza,51,50.39058,20.97797
77553,Jarosław,ul. Romualda Traugutta 15,50.00742,22.67367
77608,Szczęsne,5,53.74071,20.5565
77610,Huta Józefów,132,50.81557,22.28335
77887,Góry,116,50.46653,20.4021
77888,Sędowice,79,50.50687,20.35277
77889,Kruklanki,34,54.08759,21.91993
77906,Poznań,ul. Sarmacka 105,52.44626,16.93012
77907,Poznań,ul. Boranta 2,52.45634,16.94834
77908,Kozy,Plac ks. Karola Kochaja 1,49.84623,19.13975
77912,Poznań,ul. Romana Dmowskiego 50,52.38943,16.89839
77913,Poznań,os. Armii Krajowej 100,52.37937,16.9525
77925,Trzcinica,ul. Szkolna 2,51.16557,18.00043
77929,Laski,ul. Lipowa 34,51.19245,18.01927
77949,Rytro,8,49.49006,20.66958
77953,Dąbie,ul. Pocztowa 39,50.4055,19.13662
77954,Gródków,ul. Leśna 2,50.36615,19.10928
77956,Zaleskie,28,54.52105,16.76328
77957,Poznań,ul. Starołęcka 142,52.35319,16.92188
77972,Swaty,193A,51.62979,21.87342
77973,Olsztyn,ul. Melchiora Wańkowicza 1,53.7542,20.48738
77974,Szczaniec,ul. Szkolna 2,52.2686,15.68476
77978,Budy Głogowskie,846,50.16016,21.90337
77982,Królewiec,14,51.0524,20.4233
77986,Toruń,ul. Szosa Chełmińska 224/226,53.04049,18.58214
77987,Toruń,ul. Szosa Chełmińska 224/226,53.04049,18.58214
77990,Toruń,ul. Kardynała Stefana Wyszyńskiego 1/5,53.02517,18.6827
78018,Zbylitowska Góra,ul. św. Floriana 1,49.98946,20.90259
78028,Poznań,os. Rzeczypospolitej 44,52.38791,16.95107
78029,Poznań,ul. św. Szczepana 3,52.37202,16.90635
78056,Miłoszyce,ul. Główna 24,51.04836,17.31105
78067,Tarnobrzeg,ul. Jana Kochanowskiego 3,50.56965,21.66722
78070,Bistuszowa,82,49.88231,21.10381
78081,Otyń,ul. Żeromskiego 3,51.84599,15.70525
78122,Mirocin,384,50.0378,22.5637
78125,Nowosielce,561,50.05779,22.40498
78129,Chałupki,109,50.08536,22.5312
78194,Bartoszyce,ul. Traugutta 23,54.25127,20.80428
78197,Bledzew,ul. Szkolna 9,52.51405,15.40972
78935,Białystok,ul. Adama Mickiewicza 43,53.12185,23.17498
78947,Sosnowiec,ul. Bohaterów Monte Cassino 46,50.2915,19.17754
78953,Aleksandria,ul. Gościnna 130,50.74031,18.95333
78956,Hutki,161,50.68167,19.00674
78983,Szamocin,ul. 19 Stycznia 29,53.02625,17.12984
78985,Lipia Góra,64,53.06112,17.22084
78993,Lublin,ul. Ignacego Rzeckiego 10,51.23471,22.53335
78995,Kałków,61a,50.40411,17.18531
78996,Meszna,ul. Szkolna 1,49.74635,19.06235
78999,Milejów,ul. Szkolna 1,51.22699,22.92635
79004,Jaworzno,ul. Koszarowa 20,50.24302,19.28932
79033,Czarna Dąbrówka,ul. Słupska 17,54.35751,17.55772
79051,Ostrówek,15,51.37348,18.30826
79055,Nowa Wieś,84,51.28161,19.63625
79079,Skierniewice,ul. Jana Kilińskiego 9,51.95124,20.14667
79080,Skierniewice,ul. 1 Maja 15,51.95326,20.1361
79081,Skierniewice,ul. Jasna 30,51.97045,20.14917
79083,Skierniewice,ul. św. Maksymiliana Kolbe 30,51.97927,20.21998
79096,Poręba,ul. Wojska Polskiego 4,50.48689,19.33453
79097,Murów,ul. Wolności 22,50.86362,17.94778
79099,Stare Budkowice,ul. Wołczyńska 14,50.86589,18.06088
79123,Bęczarka,ul. Lipowa 112,49.87498,19.86164
79124,Głogoczów,297,49.8952,19.87636
79163,Ryki,ul. 15 Pułku Piechoty Wilków AK 5,51.62055,21.9234
79182,Tarnowskie Góry,ul. Jagodowa 72,50.49611,18.81194
79183,Tarnowskie Góry,ul. Stefana Żeromskiego 64,50.41476,18.82975
79185,Katowice,ul. Józefa Grzegorzka 4,50.27747,19.06742
79194,Lublin,ul. Kazimierza Tumidajskiego 6a,51.25962,22.58846
79195,Jaszczów,24,51.21244,22.93799
79205,Płowęż,16,53.44121,19.22691
79213,Kramsk,ul. Konińska 20,52.26184,18.42128
79216,Milin,5,52.2399,18.42915
79263,Wawrochy,12,53.527,21.09381
79267,Okalew,19,51.3283,18.57685
79269,Ostrówek,95,51.33577,18.62241
79270,Skrzynno,96,51.31576,18.65537
79272,Słońsk,ul. Lipowa 9,52.56377,14.80096
79275,Zalasowa,ul. Karpacka 21,49.92636,21.12556
79279,Białośliwie,ul. 4 Stycznia 8,53.10511,17.12538
79289,Rogóżno,374,50.0752,22.3744
79292,Szklarska Poręba,ul. Obrońców Pokoju 17,50.83059,15.52741
79297,Babięty Wielkie,31,53.65863,19.4011
79300,Bielsk Podlaski,ul. Józefa Poniatowskiego 9,52.76679,23.19274
79308,Skoroszyce,ul. Braterstwa Broni 9,50.59478,17.37844
79310,Chróścina,ul. Szkolna 3,50.62478,17.36957
79320,Kotunia,47,52.26252,17.86146
79338,Tychów Nowy,87,51.13979,21.10751
79356,Czerwionka-Leszczyny,ul. Prosta 17,50.16799,18.72313
79389,Kończewice,12 A,53.18215,18.55696
79397,Rajgród,ul. Stanki 14,53.73141,22.67441
79667,Skawina,ul. Korabnicka 19,49.97481,19.83576
79670,Bircza,ul. Parkowa 1,49.68954,22.48641
79676,Bolkowo,10,53.85511,16.06996
79677,Połczyn-Zdrój,ul. Grunwaldzka 34,53.76777,16.09513
79713,Stary Waliszew,20A,52.03755,19.63581
79714,Zelgno,12,53.20853,18.71251
79755,Żabnica,ul. Szkolna 6,49.58463,19.14604
79823,Mielec,ul. Księdza Skargi 4,50.29686,21.43239
79831,Tomaszów Mazowiecki,ul. Sosnowa 62/70,51.53514,20.03191
79842,Gąski,14,53.94587,22.43905
79847,Gorzów Wielkopolski,ul. Szarych Szeregów 7,52.76246,15.26467
79851,Małomice,ul. Plac Tysiąclecia 3,51.55457,15.44101
79856,Mierzyn,134,51.25664,19.67939
79857,Tarnowska Wola,267,50.45482,21.74216
79859,Gdańsk,ul. Konstantego Ciołkowskiego 10,54.39121,18.61215
79865,Bytom,ul. Suchogórska 98,50.38961,18.82088
79871,Wrzawy,490,50.70629,21.85312
79878,Głuchowo,ul. Kościańska 28/30,52.1813,16.71156
79907,Majdan Sopocki Pierwszy,113,50.45872,23.17263
79940,Pszczew,ul. Władysława Sikorskiego 23,52.48455,15.77534
79949,Nowa Ruda,ul. Mikołaja Kopernika 4-6,50.58164,16.50295
79952,Nowa Ruda,ul. Szkolna 3,50.54569,16.54671
79961,Cisiec,ul. Szkolna 6,49.58133,19.10247
79968,Bieniów,ul. Dolna 5a,51.71774,15.17604
79971,Grabik,102,51.65162,15.11081
79973,Mirostowice Dolne,ul. Plac Kościelny 25,51.56815,15.14494
79975,Kraków,Aleja Adolfa Dygasińskiego 5B,50.02306,19.98291
79982,Świnoujście,ul. Gabriela Narutowicza 10,53.91455,14.24817
79984,Sosnowiec,ul. Stefana Starzyńskiego 41,50.28944,19.26629
79996,Świnoujście,ul. Stanisława Staszica 17,53.90686,14.24258
80003,Drużbice,15,51.46219,19.39993
80004,Gorczenica,87,53.20509,19.37837
80005,Szczuka,34,53.21052,19.44161
80008,Szabda,59,53.24497,19.3366
80010,Murowana Goślina,ul. Mściszewska 10,52.57571,17.00122
80018,Murowana Goślina,ul. Gen. T. Kutrzeby 3,52.56651,16.99321
80020,Długa Goślina,22,52.63271,17.03259
80037,Księżpol,ul. Biłgorajska 11,50.42458,22.73657
80053,Szymany,21,53.48531,20.96183
80062,Kraków,ul. Stradomska 10,50.05315,19.9403
80107,Wierzchosławice,713,50.021,20.85808
80108,Łętowice,371,49.99501,20.84535
80118,Świeradów-Zdrój,ul. Sanatoryjna 3,50.92689,15.30724
80130,Rudołowice,279,49.94094,22.61778
80131,Węgierka,220,49.88621,22.55944
80133,Wola Węgierska,21,49.86345,22.56115
80135,Roźwienica,200,49.9525,22.59849
80137,Tyniowice,1,49.92049,22.56822
80185,Jelenia Góra,ul. Kamiennogórska 9,50.84399,15.64553
80194,Ostrów,138,50.01535,20.8856
80196,Mikołajowice,168,49.97994,20.8691
80214,Galewice,ul. Marii Konopnickiej 20,51.34425,18.25725
80215,Niwiska,22,51.32881,18.23314
80216,Osiek,112,51.36792,18.19907
80228,Przodkowo,ul. Sportowa 12,54.38111,18.29103
80229,Pomieczyno,ul. Kartuska 14,54.41558,18.20001
80232,Czeczewo,ul. Gdańska 8,54.41366,18.31456
80281,Milówka,ul. Dworcowa 3,49.5584,19.08857
80308,Wysokie,133,50.76168,23.20836
80313,Płoskie,139,50.71408,23.18577
80321,Markuszów,ul. Lubelska 80,51.37529,22.25557
80326,Sitaniec,422,50.76111,23.23368
80327,Michałów,87b,50.48585,20.45791
80332,Poznań,os. Bolesława Chrobrego 105,52.45707,16.91351
80336,Kalinowice,148A,50.70058,23.29408
80348,Dratów,84,51.34485,22.95077
80352,Głogów Małopolski,ul. Kardynała Stefana Wyszyńskiego 1,50.15279,21.96022
80368,Skawina,ul. Żwirki i Wigury 17,49.97091,19.82435
80369,Turośl,ul. Jana Pawła II 28,53.38834,21.726
80370,Leman,48,53.46512,21.66993
80372,Tarnowskie Góry,ul. Juliusza Słowackiego 34,50.46088,18.85917
80382,Łubowo,13c,52.51263,17.45932
80400,Silniczka,ul. Główna 9,50.92419,19.75575
80401,Żytno,ul. Ogrodowa 16,50.92926,19.62383
80402,Jaworzno,ul. Nauczycielska 20,50.16151,19.31199
80405,Dźwierszno Małe,8,53.29923,17.34834
80414,Janów,40,51.39014,22.37357
80415,Czermna,115,49.81831,21.29403
80416,Kobyla Góra,ul. Kazimierza Tetmajera 1a,51.37716,17.83155
80417,Chociw,191,51.39283,19.00066
80441,Jaworzno,ul. Spółdzielcza 9,50.23019,19.21435
80448,Gdańsk,ul. Nowy Świat 7 A,54.41756,18.45612
80457,Sidzina,ul. Radziechowska 3,50.57217,17.45016
80473,Łojki,ul. Długa 48,50.79615,19.0054
80490,Katowice,ul. Mariana Sobańskiego 86,50.20806,18.96377
80501,Kościelec,ul. Szkolna 9,52.17723,18.55402
80505,Szare,51,49.56111,19.05157
80506,Nieledwia,ul. Górska 297,49.53893,19.06739
80509,Toruń,ul. Bażyńskich 30/36,53.02143,18.61956
80522,Toruń,ul. Ignacego Łyskowskiego 28,53.0298,18.65876
80524,Toruń,ul. Rzepakowa 7/9,53.04583,18.57923
80526,Toruń,ul. gen. Józefa Hallera 79,52.99588,18.61673
80528,Toruń,ul. Ignacego Paderewskiego 5/11,52.99167,18.59112
80530,Toruń,ul. Władysława Dziewulskiego 2,53.02856,18.66923
80556,Police,ul. Siedlecka 4,53.54523,14.55902
80562,Police,ul. Piaskowa 99,53.53716,14.54968
80570,Okmiany,65,51.25425,15.78551
80572,Zezulin Niższy,70,51.35347,22.84545
80594,Stare Boiska,33,50.99375,21.96565
80633,Gołębiewek Nowy,54,52.25346,19.31216
80643,Poznań,os. Wichrowe Wzgórze 119,52.43782,16.93367
80654,Sosnowiec,ul. Czeladzka 58,50.29528,19.12296
80659,Sosnowiec,ul. Hutnicza 6,50.29226,19.13541
80661,Zrębice Pierwsze,ul. Główna 143,50.7243,19.32979
80664,Szczecin,ul. Tomaszowska 1,53.44937,14.56733
80666,Nowy Sącz,ul. Tarnowska 109,49.6483,20.68992
80686,Siemkowice,ul. Nowa 1,51.20306,18.89674
80696,Kolno,ul. Wojska Polskiego 22,53.40928,21.93103
80717,Białężyn,11A,52.62947,16.97717
80719,Mosina,ul. Sowiniecka 75,52.24305,16.85709
80721,Lisewo,ul. Toruńska 16,53.29076,18.68668
80722,Krosno,ul. Główna 43,52.22305,16.83284
80730,Halasy,41,52.03572,22.75795
80731,Misie,118,51.96161,22.68819
80732,Krzewica,44,52.05583,22.67188
80733,Rudniki,2,51.99726,22.84053
80734,Rzeczyca,ul. Gościniec 74,51.95869,22.74876
80735,Tłuściec,112,52.02681,22.71342
80743,Poznań,ul. Cypriana Norwida 21,52.41602,16.91054
80744,Wólka Lesiewska,21,51.79402,20.38445
80746,Poznań,ul. Juliusza Słowackiego 54/56,52.41174,16.90266
80748,Poznań,ul. Inowrocławska 19,52.41271,16.98701
80750,Poznań,ul. Piotra Tomickiego 16,52.41116,16.96172
80755,Poznań,ul. Małoszyńska 38,52.3892,16.83919
80769,Poznań,ul. Szpaków 1,52.39031,17.01142
80776,Poznań,ul. Ławica 3,52.40992,16.82269
80784,Poznań,ul. Józefa Łukaszewicza 9,52.39443,16.90357
80786,Poznań,ul. Trybunalska 17,52.39843,16.86413
80787,Michalów,ul. Osiedlowa 11,50.72663,23.01424
80788,Poznań,ul. Bosa 9,52.38376,16.88887
80790,Skrzydlów,ul. Główna 6a,50.85697,19.35073
80795,Gadka,100,51.13505,21.00473
80820,Wesoła,401,49.80434,22.0905
80821,Hłudno,89,49.77837,22.13327
80823,Nozdrzec,227A,49.77326,22.20482
80833,Chocz,ul. Konopnickiej 6,51.97644,17.8791
80837,Blachownia,ul. Wspólna 5,50.77169,18.97329
80842,Borzykowa,ul. Szkolna 12,50.8742,19.68857
80843,Przecław,ul. Zielona 50,50.19465,21.47321
80844,Kiełków,57A,50.23283,21.47574
80849,Stary Łom,42,51.31374,15.80226
80867,Gorzów Wielkopolski,ul. Gwiaździsta 14,52.72694,15.2053
80870,Gorzów Wielkopolski,ul. Szwoleżerów 2,52.7541,15.24381
80871,Gorzów Wielkopolski,ul. Stanisława Taczaka 1,52.75167,15.2239
80872,Gliwice,ul. Ignacego Daszyńskiego 424,50.28268,18.59737
80874,Gorzów Wielkopolski,ul. Ksawerego Dunikowskiego 5,52.7386,15.21441
80879,Gorzów Wielkopolski,ul. Warszawska 19,52.73397,15.24736
80902,Sosnowiec,ul. Jedności 7,50.26752,19.17981
80904,Sosnowiec,ul. Czołgistów 12,50.26822,19.23168
80914,Dąbrówka Wielkopolska,ul. Piastowska 37,52.27473,15.80775
80920,Toruń,ul. Ogrodowa 3/5,53.02292,18.60509
80929,Świnoujście,ul. Sąsiedzka 13a,53.88777,14.33824
80930,Świnoujście,ul. Szkolna 1,53.90368,14.23219
80934,Wielkie Chełmy,35,53.88209,17.63291
80935,Zalesie,ul. Gdańska 26,53.92209,17.72999
80936,Lubnia,ul. Szkolna 13,53.92647,17.75405
80939,Czyczkowy,ul. Główna 46,53.87133,17.67581
80949,Bielsk Podlaski,ul. Władysława Wysockiego 6,52.7601,23.18407
80950,Bielsk Podlaski,ul. Tadeusza Kościuszki 21,52.76804,23.18683
80986,Nowinka,1,53.50575,23.34722
81004,Dziewierzewo,34,52.94577,17.52252
81007,Środa Śląska,ul. Górna 1,51.16394,16.60138
81009,Łobżenica,ul. Adama Mickiewicza 20a,53.25966,17.25288
81015,Radzyń Podlaski,ul. Sitkowskiego 3,51.7791,22.62822
81016,Radzyń Podlaski,ul. Jana Pawła II 25,51.78457,22.62137
81019,Jacowlany,13,53.48228,23.46422
81030,Dębnica Kaszubska,ul. Jana III Sobieskiego 3,54.37685,17.15387
81044,Brus,59,50.67812,20.40198
81052,Koprzywnica,ul. Szkolna 9,50.59051,21.57626
81063,Raszowa,ul. Ozimska 55,50.60155,18.13254
81065,Wiktorówko,65,53.26746,17.19997
81072,Chotyłów,ul. Piszczacka 50,51.99779,23.35825
81080,Tuchomie,ul. ks. Jana Hinza 1,54.1101,17.32951
81081,Lublin,ul. Roztocze 14,51.23009,22.4929
81086,Kraków,ul. Karmelicka 45,50.0678,19.92814
81105,Biszcza,228A,50.41454,22.63878
81109,Bartoszyce,ul. Andrzeja Witolda Wajdy 18,54.2456,20.81548
81132,Sosnowiec,ul. Skwerowa 21,50.2604,19.27288
81148,Fanianowo,29,53.23303,17.36388
81163,Dubielno,14,53.24503,18.62845
81164,Zegartowice,13,53.24517,18.52647
81171,Promnik,ul. Szkolna 10,50.92324,20.42888
81172,Pruszcz Gdański,ul. Jana Kasprowicza 16,54.26405,18.66981
81178,Mielec,ul. Wandy 11,50.24293,21.49144
81179,Sułów,64,50.77037,22.95851
81182,Wichowo,5a,52.75323,19.12549
81198,Sejny,ul. Wileńska 18B,54.11205,23.3521
81199,Palowice,ul. Dębowa 3,50.09726,18.72684
81200,Szczejkowice,ul. Wiejska 20,50.09541,18.67914
81201,Stanowice,ul. Szkolna 17A,50.12897,18.66723
81211,Sosnowiec,ul. Armii Krajowej 93,50.29704,19.23976
81235,Godowa,261,49.84536,21.81263
81240,Oblęgorek,ul. Gimnazjalna 15,50.95328,20.47172
81247,Iwkowa,525,49.82008,20.58448
81249,Iwkowa,463,49.82619,20.54915
81250,Lipnica,ul. Szkolna 4,53.99572,17.40505
81254,Bartoszyce,ul. Nowowiejskiego 31,54.25921,20.81577
81270,Kleszczów,ul. Szkolna 23,50.34407,18.52755
81271,Poniszowice,ul. Gliwicka 32,50.40922,18.45856
81275,Bojszów,ul. Szkolna 23,50.33202,18.48678
81289,Jelcz-Laskowice,ul. Aleja Młodych 1,51.0351,17.33153
81290,Jelcz-Laskowice,ul. Bolesława Prusa 2,51.02236,17.31912
81295,Wiśniowa Góra,ul. Tuszyńska 32,51.72087,19.63383
81296,Justynów,ul. Łódzka 17,51.7254,19.68225
81320,Rudki,101,50.05194,20.88454
81322,Kamesznica,ul. Parkowa 70,49.57794,19.06066
81329,Grodzisko,30,49.91026,21.73595
81344,Niemysłów,32,51.86945,18.81171
81347,Bałdrzychów,13A,51.85805,18.9159
81348,Reńska Wieś,ul. Raciborska 27,50.31413,18.12884
81349,Poddębice,ul. Polna 36,51.88758,18.95871
81365,Mrągowo,ul. Nadbrzeżna 13,53.86065,21.31354
81381,Pludry,ul. Aleja Wyzwolenia 4B,50.67024,18.47354
81386,Rogalin,ul. Poznańska 8,52.23601,16.93594
81391,Wrocław,ul. Wołowska 9,51.13783,17.06089
81393,Rogalinek,ul. Poznańska 19,52.25066,16.9028
81399,Wysoka Strzyżowska,127,49.85324,21.73112
81405,Borowy Młyn,ul. Kaszubska 1,53.96538,17.31559
81417,Kostomłoty,ul. Wrocławska 10,51.04303,16.61574
81418,Mieczków,14,51.02832,16.53925
81426,Kąty,21,49.78707,20.60105
81428,Dobrociesz,136,49.78803,20.56613
81429,Jarnołtów,88,50.36502,17.22865
81432,Dolistowo Stare,112,53.54746,22.90537
81485,Tomice,ul. Floriańska 16,49.89747,19.48361
81504,Szczepanów,ul. Średzka 14,51.19827,16.61057
81505,Strawczyn,ul. Żeromskiego 9,50.94149,20.42192
81512,Janków Pierwszy,78,51.90218,17.9879
81515,Grądy,32,50.49943,17.21751
81517,Żarnowa,90,49.87512,21.81823
81520,Brzeźno Szlacheckie,ul. Jana Pawła II 79,54.01481,17.24453
81521,Błenna,2,52.38137,18.8773
81533,Lubcza,51,49.90422,21.25799
81549,Skierniewice,ul. Marii Konopnickiej 5,51.95478,20.14989
81553,Skierniewice,ul. Kazimierza Przerwy-Tetmajera 7,51.97594,20.14389
81571,Wrzosowo,55,54.11588,15.8327
81581,Żyznów,124,49.8144,21.8428
81582,Jeżewo,ul. Główna 37,53.51337,18.4934
81585,Konary,56,51.65741,17.03899
81589,Rudka,163,50.04891,20.88789
81620,Białystok,ul. Juliusza Słowackiego 4,53.12251,23.17113
81621,Białystok,ul. Bohaterów Monte Cassino 25,53.1278,23.13898
81622,Osmolice Pierwsze,160,51.12175,22.48589
81624,Żabia Wola,77,51.11821,22.51042
81628,Białystok,ul. Gdańska 23/1,53.1179,23.18103
81629,Białystok,ul. Częstochowska 6A,53.13467,23.15258
81633,Białystok,ul. Wesoła 11A,53.12227,23.15405
81636,Białystok,ul. Palmowa 28,53.15606,23.12489
81638,Białystok,ul. Jesienna 8,53.14606,23.18789
81641,Białystok,ul. Poleska 27,53.14221,23.16172
81642,Białystok,ul. Komisji Edukacji Narodowej 1A,53.15123,23.09315
81643,Białystok,ul. Mieszka I 18,53.13293,23.19038
81646,Białystok,ul. Leśna 30,53.11983,23.20849
81648,Białystok,ul. Rumiankowa 13,53.12151,23.10448
81650,Białystok,ul. Armii Krajowej 32,53.13255,23.09137
81651,Białystok,ul. Kazimierza Pułaskiego 96,53.10905,23.11891
81653,Białystok,ul. Dojlidy Górne 48,53.09681,23.21
81709,Kraków,Osiedle Dywizjonu 303 35,50.08475,20.01165
81718,Większyce,ul. Szkolna 4,50.33751,18.10185
81749,Gdańsk,ul. Małomiejska 58,54.33009,18.63019
81752,Pokrzywnica,ul. Szkolna 14A,50.33547,18.06649
81769,Dobrzeń Wielki,ul. Kościelna 3,50.76141,17.84566
81776,Zasutowo,ul. Kwiatowa 5,52.34668,17.47464
81805,Gogolewo,ul. Szkolna 1,54.37592,17.39
81812,Piaseczno,37,51.39968,23.00949
81814,Kuków,52,49.74338,19.45993
81816,Długomiłowice,ul. Parkowa 8,50.28457,18.14808
81828,Nowa Wieś,60,53.86941,19.00058
81833,Sosnowiec,ul. Krzysztofa Kamila Baczyńskiego 14,50.29121,19.07955
82339,Borzęcin,321B,50.10115,20.698
82340,Szklarska Poręba,ul. 1 Maja 32,50.8228,15.52927
82346,Toruń,ul. Przy Skarpie 13,53.02058,18.67286
82348,Otfinów,58,50.18254,20.8141
82351,Niedomice,ul. Szkolna 2,50.10454,20.89293
82353,Ilkowice,ul. Rudno 195,50.08744,20.91257
82357,Nieciecza,175,50.15675,20.8478
82363,Witkowo,ul. Czerniejewska 14,52.4406,17.76469
82369,Mielżyn,ul. Strzałkowska 1,52.3815,17.77262
82373,Grojec,al. Ogrodowa 2,49.97953,19.23548
82413,Lisewo,36,53.13372,19.09548
82418,Wiry,ul. Zespołowa 23,52.31669,16.85235
82419,Plewiska,ul. Szkolna 64,52.36272,16.80783
82450,Rajsko,ul. Edukacyjna 11,50.00799,19.19543
82457,Przewrotne,589,50.21334,21.95065
82461,Radymno,ul. Lwowska 20 F,49.94753,22.82038
82479,Wąchock,ul. Kościelna 10,51.07411,21.01412
82520,Bystrzyca Górna,48,50.77878,16.44787
82529,Łychów Gościeradowski,76,50.81441,22.13927
82567,Jeziorzany,1,49.98819,19.77895
82572,Krzeszowice,ul. Szkolna 7,50.1368,19.63441
82573,Daszyna,26a,52.15858,19.17907
82574,Czerna,Szkolna 2,53.30393,23.28426
82575,Mazew,68,52.17694,19.12079
82585,Kaszów,ul. Aleja Kaszowska 28,50.0355,19.72719
82592,Leśnica,ul. Zdzieszowicka 23,50.42767,18.17875
82597,Kryspinów,ul. Długa 30,50.04622,19.80293
82609,Rączna,1,50.00634,19.76872
82610,Borzęcin,563,50.06694,20.70727
82613,Cholerzyn,205,50.05685,19.77323
82622,Rudnik Szlachecki,38,50.96682,22.31958
82645,Nowy Glinik,88,49.68621,21.52163
82663,Nakło nad Notecią,os. Władysława Łokietka 15,53.14443,17.58594
82686,Bedoń-Wieś,ul. Jarzębinowa 1,51.74245,19.64879
82705,Wudzyn,ul. Zamkowa 12,53.32388,18.07909
82736,Lipiany,ul. Tadeusza Kościuszki 1,53.00163,14.97275
82738,Studzian,338,50.0461,22.45431
82776,Stary Bazanów,136,51.62751,22.01889
82779,Szkaradowo,1,51.58619,17.1519
82795,Grzęska,503,50.0749,22.4543
82797,Świętoniowa,100,50.096,22.43189
82800,Limanowa,ul. Władysława Stanisława Reymonta 3,49.7387,20.38582
82804,Rososz,144,51.66747,21.98069
82805,Zgorzelec,ul. Bohaterów II Armii Wojska Polskiego 16,51.14836,15.02106
82817,Górka Lubartowska,66,51.51838,22.64256
82818,Toruń,ul. Władysława Dziewulskiego 41B,53.02837,18.67955
82830,Brzeszcze,ul. Mickiewicza 3,49.9702,19.1347
82839,Templewo,65,52.4412,15.39232
82851,Białystok,ul. Narewska 13,53.14551,23.13742
82863,Białystok,ul. Mieszka I 5,53.13507,23.18745
82867,Szerzyny,544,49.80912,21.24574
82880,Łączany,ul. Krakowska 87,49.98385,19.58065
82906,Lublin,ul. Zdrowa 1,51.18973,22.59875
82911,Toruń,ul. Włocławska 237/239,52.98077,18.68563
82948,Nowogród,32,53.06089,19.03618
82951,Ostrowite,42,53.14284,18.97458
82952,Ołpiny,451,49.80811,21.19994
82954,Węgiersk,95,53.05861,19.06024
82955,Wrocki,14,53.21431,19.17304
82989,Poznań,ul. Hipolita Cegielskiego 1,52.40198,16.93923
82993,Poznań,ul. Piwna 1,52.38865,17.01607
83079,Poznań,ul. Mińska 32,52.40614,16.98856
83080,Poznań,ul. Fabianowo 29,52.36854,16.84726
83089,Poznań,ul. Golęcińska 9,52.43327,16.88089
83146,Kościelec,11,50.19321,20.4005
83171,Posada Górna,ul. 3 Maja 164,49.56281,21.85938
83182,Maniewo,60,52.59366,16.86412
83187,Oborniki,ul. Młyńska 5 A,52.65126,16.8173
83188,Sadłowo,23,53.08754,19.5186
83201,Barłogi,ul. Piaskowa 3,52.21753,18.76633
83202,Stróże,88,49.83752,20.76875
83206,Śrem,ul. Stefana Grota Roweckiego 10,52.07447,17.01274
83210,Kosieczyn,ul. Główna 1,52.22431,15.81995
83217,Gorzów Wielkopolski,ul. Jana Stanisławskiego 2,52.73955,15.20857
83225,Gorzów Wielkopolski,ul. Stefana Okrzei 42,52.74936,15.23002
83259,Lądek,ul. Pyzderska 31,52.20922,17.92481
83266,Zielona Góra,ul. Zielonogórska 5,51.93637,15.52918
83285,Filipowice,ul. Jurajska 197,50.15091,19.56757
83310,Ratyń,15A,52.19938,17.99118
83312,Żelazówka,1,50.14855,20.98415
83389,Ścięgny,110a,50.7909,15.77834
83390,Koniewo,9,53.80733,14.65672
83393,Dargobądz,89,53.86803,14.54354
83418,Kielce,ul. Wojewódzka 12,50.8836,20.63517
83425,Konstantynów Łódzki,ul. Łódzka 117,51.74819,19.35418
83426,Konstantynów Łódzki,ul. Jana Kilińskiego 75,51.74796,19.31422
83427,Kielce,ul. Wojewódzka 12,50.8836,20.63517
83436,Działoszyce,ul. Szkolna 5,50.36896,20.35041
83446,Chrzanowice,ul. Włodzimierza Łuckiego 16,51.18406,19.54742
83449,Sieradz,ul. Władysława Łokietka 55,51.59367,18.71675
83450,Sieradz,ul. Szlachecka 11,51.5935,18.67579
83451,Sieradz,ul. Tadeusza Kościuszki 14,51.59509,18.73327
83460,Końskie,35,49.65129,22.22517
83461,Brodnica Górna,ul. Chmieleńska 1,54.27057,18.08214
83462,Staniszewo,ul. Kartuska 3,54.39258,18.07919
83464,Świdnica,ul. Kraszowicka 27,50.82971,16.49232
83467,Puck,ul. Przebendowskiego 12,54.71664,18.41471
83494,Pawłowo Żońskie,18,52.90872,17.17348
83499,Sienno,27,52.75844,17.20323
83525,Miedniewice,88,51.96079,20.1999
83538,Mokra Prawa,82A,51.98642,20.11487
83544,Szepietowo,ul. 1 Maja 2,52.87129,22.54925
83559,Włosienica,ul. Józefa Suskiego 53,50.01791,19.31827
83568,Świdnica,ul. Jagiellońska 30,50.8478,16.48375
83570,Mokra Lewa,75A,51.97194,20.08918
83597,Stara Róża,35,51.97865,22.085
83598,Jasło,ul. Tadeusza Czackiego 2,49.74612,21.47131
83599,Jasło,ul. Wincentego Pola 9,49.73956,21.46494
83604,Przedecz,ul. Szkolna 5,52.33493,18.90213
83607,Podgórzyn,ul. Szkolna 1,50.84052,15.67962
83617,Miękinia,180,50.1646,19.59163
83619,Nawojowa Góra,ul. Szkolna 1,50.11539,19.66813
83631,Szyszki,66,51.92638,22.07504
83632,Warzyn Pierwszy,95,50.63295,20.18934
83636,Porczyny,25,51.87073,18.86763
83640,Pukinin,39,51.7559,20.29299
83645,Krzeszyce,ul. Skwierzyńska 4,52.58247,15.00802
83655,Sosnówka,ul. Strażacka 7,50.82155,15.71989
83665,Swarzędz,os. Kościuszkowców 4,52.41874,17.07863
83666,Szczecin,ul. Bolesława Śmiałego 42,53.43147,14.5365
83667,Kobylnica,ul. Poznańska 50,52.44789,17.08031
83668,Paczkowo,ul. Szkolna 16,52.40164,17.16103
83670,Kurów,ul. Wieluńska 11,51.22102,18.4842
83678,Wieluń,ul. 18 Stycznia 24,51.21669,18.57708
83680,Ruda,ul. Długa 31,51.19813,18.61318
83694,Orątki Dolne,1,52.25099,19.70187
83698,Tuczna,3,53.21759,16.16073
83704,Kadłub,91,51.17423,18.55443
83706,Karczyce,12,51.10228,16.7425
83711,Stara Wieś,17,51.78333,20.51711
83713,Grajewo,ul. Konstytucji 3-go Maja 23,53.64585,22.46574
83715,Grajewo,ul. A. Mickiewicza 1,53.65126,22.45377
83722,Łódź,ul. Spadkowa 11,51.8133,19.35746
83725,Kotomierz,ul. Koronowska 2,53.28595,18.12688
83737,Strzelce Górne,ul. Szkolna 6,53.20925,18.15909
83738,Kozielec,24,53.24587,18.25013
83748,Aleksandrów,104,50.46441,22.92199
83755,Księżomierz-Kolonia,14,50.91278,21.97967
83759,Stara Wiśniewka,51,53.44818,17.09076
83763,Zakrzewo,ul. Marii Magdaleny Gąszczak 29,53.41175,17.14587
83766,Wojny-Krupy,11,52.80167,22.57524
83769,Bielany Wrocławskie,ul. Akacjowa 1,51.03795,16.97145
83776,Krośnica,ul. Ojca Leona 1,49.4483,20.33884
83777,Grywałd,ul. Szkolna 29,49.44534,20.36736
83778,Krościenko nad Dunajcem,ul. Pienińska 2,49.43857,20.42795
83787,Pawłowice,90,51.60728,21.67063
83797,Cmolas,ul. Szkolna 4,50.29675,21.74089
83798,Lublin,ul. Prezydenta Gabriela Narutowicza 8,51.24598,22.56187
83814,Puck,ul. Przebendowskiego 27,54.71568,18.42045
83825,Borówno,ul. Szkolna 13,53.23693,18.13597
83829,Gołąb,ul. Puławska 32,51.48664,21.87961
83832,Opatkowice,43,51.45118,21.87636
83853,Żmiąca,128,49.7479,20.5193
83857,Krosna,109,49.77109,20.52865
83858,Sechna,140,49.76499,20.57149
83859,Jaworzna,111,49.74803,20.49272
83871,Ostrężnica,ul. Królewska 32,50.19259,19.57328
83880,Dąbrówka Kościelna,35,52.85413,22.57892
83881,Obrowo,ul. Szkolna 4,52.97004,18.87646
83885,Osiek nad Wisłą,ul. Leśna 1,52.92567,18.80856
83889,Brzozówka,ul. Szkolna 38,53.02576,18.80207
83893,Sanka,ul. Lipowa 1,50.07168,19.64699
83898,Sosnówka,3,53.41319,18.62373
83899,Zawiercie,ul. Józefa Piłsudskiego 117,50.492,19.44089
83911,Potarzyca,ul. Wyzwolenia 65,51.91109,17.41064
83923,Ostaszewo,42,53.11661,18.63065
83924,Świerczynki,7,53.09806,18.52855
83931,Frombork,ul. Katedralna 9,54.35639,19.68469
83932,Sierakowice Prawe,69A,52.00611,20.09519
83943,Kaszów,ul. Wiśniowa 15,50.01858,19.72771
83950,Pawłowice,ul. Leszczyńska 6,51.83112,16.74524
83962,Nidzica,ul. Kopernika 1,53.35705,20.42019
83964,Nagłowice,ul. Mikołaja Reja 40,50.68301,20.10358
83976,Krajenka,ul. Stanisława Polańskiego 3,53.29493,16.98477
83996,Dydnia,221,49.68544,22.17423
84005,Chlebowo,123,52.03827,14.86596
84007,Grabice,59,51.67446,20.3598
84009,Jordanów Śląski,ul. Wrocławska 55,50.8647,16.86548
84011,Darłowo,ul. Szkolna 12,54.42503,16.41335
84018,Niedzieliska,111,50.70779,23.07253
84019,Szczebrzeszyn,ul. Ogrodowa 16,50.70021,22.97935
84020,Bodaczów,501,50.71685,23.02853
84021,Wielącza Poduchowna,53,50.72376,23.09892
84025,Szczebrzeszyn,ul. Zamojska 189,50.71312,23.00687
84027,Liśnik Duży,161,50.88963,22.06619
84033,Żędowice,ul. Strzelecka 35A,50.58168,18.50861
84035,Biórków Wielki,111,50.16758,20.17842
84036,Kielcza,ul. Szkolna 1,50.56907,18.56233
84040,Niegardów,57,50.21604,20.18588
84041,Glewiec,2,50.13189,20.22857
84042,Koniusza,19,50.18822,20.21425
84050,Czernikowo,ul. Szkolna 15,52.94728,18.93552
84051,Makowiska,23A,49.60127,21.59433
84052,Osówka,44,52.91307,18.97636
84053,Mazowsze,11,52.98464,19.01942
84054,Steklin,15,52.93383,19.01626
84067,Żychlin,ul. Stefana Żeromskiego 8,52.23706,19.62911
84109,Dobrcz,ul. Długa 33,53.26553,18.14932
84127,Myśliwiec,3,53.28382,18.9952
84129,Zieleń,56,53.20743,18.94691
84130,Żnin,ul. Wandy Pieniężnej 19,52.85289,17.71345
84131,Januszkowo,20,52.87664,17.75858
84144,Dalików,ul. Łęczycka 3,51.8836,19.10101
84146,Domaniew,42,51.92622,19.06644
84148,Mniszek,67,50.83152,21.94665
84159,Dąbrowa Tarnowska,ul. Kościelna 25A,50.17226,20.98789
84160,Dąbrowa Tarnowska,ul. Matejki 8,50.17606,20.98453
84166,Jugowice,ul. Główna 34,50.72814,16.3999
84174,Brzustów,1,51.49431,20.14278
84179,Mrągowo,Osiedle Mazurskie 12,53.86805,21.29001
84184,Łabowa,22,49.52809,20.85584
84208,Barnówko,38,52.78326,14.77142
84211,Kroczyce,ul. Sienkiewicza 7,50.56209,19.57734
84215,Gietrzwałd,ul. Szkolna 8,53.74573,20.2368
84217,Biesal,59,53.72189,20.18819
84219,Sząbruk,ul. Andrzeja Samulowskiego 1,53.72491,20.33795
84224,Gliwice,ul. Jana III Sobieskiego 14,50.29514,18.6557
84226,Domiechowice,80,51.38336,19.3247
84230,Słębowo,1,52.85128,17.60308
84231,Kielce,ul. Łanowa 68,50.82243,20.6255
84253,Strzyżów,ul. Daszyńskiego 4,49.87038,21.78759
84257,Majdan Stary,21,50.47034,22.7236
84273,Konopnica,76,51.78931,20.2834
84293,Czarnów,ul. Plac Wolności 17,52.52964,14.75619
84296,Pietrzyków,49,52.1987,17.74055
84297,Niebocko,1,49.67579,22.11108
84298,Gliwice,ul. Stefana Okrzei 16,50.30045,18.69549
84299,Tuszyma,482,50.18524,21.50947
84302,Nowa Wieś,26A,51.25971,15.40604
84313,Międzyrzecz,ul. Mickiewicza 5,52.44155,15.57043
84319,Międzyrzecz,ul. Długa 102,52.45039,15.61594
84320,Międzyrzecz,ul. Sportowa 1,52.44501,15.58577
84321,Bukowiec,61,52.37495,15.68794
84322,Kaława,92,52.36886,15.53059
84332,Sosnowiec,ul. Gwiezdna 2,50.28017,19.1849
84334,Gilowice,ul. Siedlakówka 37,49.72083,19.30886
84348,Sosnowiec,ul. Mariana Maliny 14a,50.26812,19.16565
84370,Babice,ul. Różana 23,50.05357,19.20932
84372,Kowary,ul. Stanisława Staszica 16,50.7942,15.83512
84373,Kowary,ul. 1 Maja 72,50.79636,15.83097
84377,Rychwałd,ul. Beskidzka 43,49.69961,19.27045
84389,Gorzyce,60,52.88218,17.58732
84403,Różaniec Drugi,171,50.3306,22.81197
84416,Lipowiec,48,53.46584,21.13881
84422,Zawada,ul. Główna 18,50.81684,19.3264
84426,Wójcin,59,52.52166,18.18412
84437,Głubczyn,23,53.24202,16.97051
84438,Skórka,ul. Złotowska 4,53.22454,16.87251
84444,Lubań,ul. Adama Mickiewicza 1,51.11802,15.28266
84445,Lubań,ul. Skalnicza 3,51.10442,15.29243
84447,Lubań,ul. Mikołaja Kopernika 15,51.12405,15.28603
84458,Pszczyna,ul. Katowicka 47,49.99253,18.94804
84459,Bielsko-Biała,ul. Komorowicka 13,49.82457,19.05236
84466,Włoszczowa,ul. Partyzantów 24,50.85106,19.97191
84472,Rzeszów,ul. Sanocka 70,50.04399,21.96052
84491,Olszyny,30,53.55767,21.10995
84504,Pakoszówka,222,49.61926,22.11021
84507,Targowa Górka,ul. Karola Karśnickiego 2,52.31102,17.43898
84545,Radwanice,ul. Tenisowa 1,51.57018,15.93536
84553,Stanomino,30,53.95681,15.89681
84554,Sucha Beskidzka,ul. płk. Tadeusza Semika 3,49.73932,19.59331
84555,Pomianowo,6,54.03656,16.05826
84556,Rogowo,63,53.97124,16.01607
84561,Sucha Beskidzka,ul. Zasypnicka 1,49.73782,19.57277
84571,Kargowa,ul. Kościelna 45,52.06942,15.85323
84579,Iwonicz-Zdrój,ul. Szkolna 2,49.5775,21.79204
84580,Dąbie,100,50.15164,21.29632
84582,Partynia,66,50.21055,21.28915
84585,Lubatówka,93c,49.58066,21.75013
84588,Dulcza Mała,40,50.2149,21.22464
84589,Żarówka,64,50.15483,21.23277
84593,Pławna,22,49.75397,20.94118
84602,Stare Bystre,347,49.43271,19.9217
84606,Piekielnik,202,49.47801,19.77274
84609,Zborowskie,ul. Główna 33,50.77968,18.67327
84614,Bierdzany,ul. Szkolna 1,50.81827,18.15815
84616,Zawada,ul. Kolanowska 4,50.71668,17.99113
84617,Ligota Turawska,ul. Główna 32,50.78572,18.1782
84618,Osowiec,ul. Lipowa 6,50.75332,18.02348
84621,Kołobrzeg,ul. Jedności Narodowej 86,54.17212,15.56284
84627,Kiszewo,51,52.68016,16.67316
84630,Dębno,ul. Szkolna 3,49.46679,20.20816
84631,Jeziora Wielkie,104,52.52917,18.26898
84648,Stara Kiszewa,ul. Tysiąclecia 25,53.98774,18.17282
84660,Nidzica,ul. Barke 3,53.36198,20.4117
84667,Kraków,ul. Kobierzyńska 201,50.01134,19.89829
84686,Szczawno-Zdrój,ul. Słoneczna 1A,50.80854,16.2582
84697,Bodzanów,464,49.98531,20.14553
84698,Mietków,ul. Kolejowa 28C,50.9799,16.65394
84702,Rożnowo,ul. Dworcowa 42,52.67477,16.87527
84704,Skawina,ul. Stanisława Wyspiańskiego 5,49.97144,19.85368
84706,Kotowiecko,ul. Kaliska 4,51.76994,17.95065
84707,Krzęcin,ul. św. Floriana 75,49.94362,19.73873
84708,Fabianów,ul. Szkolna 56,51.70639,17.92356
84713,Rzozów,ul. Szmaragdowa 10,49.95276,19.79491
84724,Marianówka,40,51.04467,22.33889
84728,Niegowa,ul. Szkolna 36,50.64323,19.4765
84730,Ludwinów,30,50.67781,19.44449
84748,Wola Dębowiecka,33,49.65067,21.45328
84753,Walce,ul. Lipowa 2,50.3749,18.00349
84764,Ruda,124,50.20108,21.34792
84774,Łęki Szlacheckie,60,51.18643,19.7975
84778,Poznań,ul. Druskienicka 32,52.45068,16.88949
84779,Ratułów,159,49.36829,19.89474
84780,Poznań,ul. Krakowska 10,52.40084,16.93425
84784,Poznań,ul. Leszka 42,52.40706,17.01976
84795,Gaj,ul. Szkolna 73,49.96066,19.90021
84800,Cisew,55,51.99247,18.45019
84802,Chodecz,ul. Waryńskiego 20,52.40767,19.02652
84805,Chlebów,15,52.0252,18.56299
84806,Kaczki Średnie,63,51.96986,18.55451
84807,Turkowice,ul. Jaśminowa 3,51.98743,18.50734
84808,Żuki,92,51.99703,18.55332
84809,Trzepnica-Kolonia,13A,51.20896,19.72172
84813,Brzezinka,ul. Szkolna 19,50.04375,19.19221
84816,Poręba Wielka,ul. Wadowicka 85,50.01051,19.2844
84821,Krosno,ul. Marii Konopnickiej 5,49.70266,21.74701
84830,Dobrzany,ul. Adama Mickiewicza 43,53.35698,15.42238
84833,Siechnice,ul. Szkolna 4,51.03503,17.147
84855,Brzyskorzystew,61,52.90117,17.64999
84880,Święta Katarzyna,ul. Główna 94,51.02477,17.11372
84883,Zelków,ul. Jana Pawła II 22,50.15887,19.79431
84899,Grębocice,ul. Szkolna 2,51.60115,16.17012
84910,Długie Stare,ul. Leszczyńska 1,51.82494,16.44308
84926,Radwanice,ul. Szkolna 14a,51.04621,17.11419
84948,Klimontów,180,50.22096,20.32011
84970,Dąbrowa,ul. Śremska 2,52.11242,17.11522
84972,Nidzica,ul. 1 Maja 42,53.36701,20.4299
84975,Trzebiel,ul. Szkolna 5,51.63737,14.82065
84978,Żerniki Wrocławskie,ul. Kolejowa 7a,51.03066,17.06102
84985,Krosno,ul. ks. Stanisława Decowskiego 9,49.70029,21.72376
84991,Krosno,ul. Stanisława Wyspiańskiego 20,49.71904,21.71136
84994,Kamionka,ul. Lubartowska 53,51.46467,22.47318
84997,Zamch,117,50.31205,23.02197
85008,Chełmża,ul. ks. Piotra Skargi 1,53.18785,18.60603
85009,Chełmża,ul. gen. Józefa Hallera 17,53.18807,18.60765
85011,Chełmża,ul. Stefana Kardynała Wyszyńskiego 5,53.17928,18.59335
85018,Redzikowo,Szkolna 4,54.47216,17.11782
85021,Kraśnik,ul. Urzędowska 10,50.92606,22.22854
85036,Steblów,ul. Szkolna 2,50.45707,17.93432
85038,Wiśniowa,323a,49.7871,20.12039
85041,Lubiąż,ul. Wojska Polskiego 3A,51.2684,16.46949
85047,Stare Polaszki,33,54.03088,18.18957
85053,Kotowice,ul. Podwalna 1,51.02537,17.22369
85062,Oborniki,ul. Obrzycka 88,52.65237,16.78941
85071,Łubiana,ul. Szkolna 1,54.11339,17.87187
85076,Sokołowsko,ul. Unisławska 4,50.68578,16.23952
85080,Poznań,os. Oświecenia 1,52.39178,16.95517
85086,Nowa Wieś Książęca,32,51.2369,17.86204
85087,Janik,ul. Szkolna 21,50.97979,21.31468
85089,Poznań,ul. Romualda Traugutta 42,52.38508,16.91896
85095,Stara Kakawa,57,51.60253,18.12858
85100,Wielki Klincz,ul. Szkolna 22,54.09908,18.0604
85116,Rybnik,ul. św. Józefa 30,50.10055,18.53213
85142,Łomnica,ul. Św. Wawrzyńca 80,52.30953,15.96277
85146,Zbąszyń,ul. Mostowa 10,52.25348,15.91872
85154,Wierzonka,ul. Karłowicka 3,52.48783,17.09108
85160,Płużnica,43,53.29619,18.77751
85176,Stary Jarosław,71,54.40182,16.55379
85181,Brzezie,434,49.99059,20.22742
85183,Szarów,302,49.99648,20.26381
85185,Targowisko,313,49.98189,20.2915
85187,Kłaj,361,49.99064,20.30839
85190,Kurów,101a,49.70858,19.42932
85191,Dzierżoniów,ul. Wrocławska 51,50.73563,16.65687
85194,Gołaczewy,ul. Chełmska 8,50.355,19.71395
85196,Wołów,ul. Trzebnicka 14,51.33286,16.6579
85206,Zimin,3,52.29489,17.15106
85208,Ciechocinek,ul. Mikołaja Kopernika 18,52.8794,18.78257
85209,Orzeszków,9,51.39533,16.50682
85212,Rozprza,ul. Szkolna 1,51.30331,19.64469
85214,Tymowa,71,51.45259,16.34846
85228,Bolesław,ul. Główna 96,50.29594,19.4689
85235,Obsza,70A,50.31277,22.9629
85256,Żydów,ul. Szkolna 72,51.69114,18.10729
85272,Ryki,ul. Juliusza Słowackiego 2,51.62495,21.93164
85277,Krosno,ul. Grunwaldzka 15,49.66806,21.76462
85287,Świdnik,ul. Jarzębinowa 6,51.21416,22.70014
85309,Skawica,278,49.67838,19.63129
85311,Wysowa-Zdrój,97,49.43898,21.17155
85330,Bukowska Wola,79,50.35834,20.08084
85331,Pstroszyce Pierwsze,66,50.39568,20.01708
85332,Jaksice,110,50.32286,20.01032
85333,Miechów,ul. Marii Konopnickiej 13,50.35886,20.03428
85334,Pojałowice,18,50.32237,20.10796
85335,Miechów,os. gen. Władysława Sikorskiego 15a,50.35286,20.01991
85350,Babice,108A,50.34931,22.91819
85352,Koszyce Małe,ul. Oświatowa 1,49.96555,20.94483
85353,Zelczyna,ul. Szkolna 2,49.9595,19.74419
85355,Biłgoraj,ul. 3 Maja 3,50.54217,22.7239
85356,Poznań,ul. Ryszarda Berwińskiego 2,52.39816,16.90165
85357,Bielsko-Biała,ul. Pocztowa 22,49.78611,19.05235
85364,Skomlin,ul. Parkowa 6,51.1732,18.39297
85365,Dynów,ul. Szkolna 11,49.81261,22.22956
85366,Bibice,ul. Tadeusza Kościuszki 56A,50.11958,19.96543
85367,Butryny,1A,53.60837,20.57965
85473,Biłgoraj,ul. Nadstawna 62A,50.53599,22.71744
85479,Kowalin,45,50.90757,22.15457
85480,Słodków Trzeci,7,50.8891,22.29534
85481,Stróża-Kolonia,ul. Akacjowa 2A,50.90153,22.27831
85486,Klebark Wielki,9,53.75336,20.60061
85489,Biłgoraj,ul. Polna 3,50.53229,22.7017
85493,Jaworzno,ul. Marcina Kasprzaka 6,50.22823,19.25909
85494,Jaworzno,ul. Szymona Banasika 1,50.15709,19.25407
85496,Siemianice,ul. Słupska 42,54.50294,17.06194
85509,Uście Gorlickie,186,49.51818,21.13359
85513,Pszczonów,53,51.96594,19.9526
85516,Dobromierz,ul. Włoszczowska 5,51.00331,19.89455
85519,Jezierzyce,ul. Szkolna 3,54.50611,17.11881
85530,Wola Zarczycka,128,50.29022,22.24946
85531,Nowa Sarzyna,ul. Komisji Edukacji Narodowej 5,50.31893,22.3423
85532,Łętownia,286,50.32663,22.23973
85533,Jelna,142a,50.29625,22.35201
85534,Wólka Łętowska,4,50.32381,22.20866
85538,Ruda Łańcucka,99,50.32395,22.35451
85539,Tarnogóra,212,50.36853,22.31739
85560,Brunary,50,49.53189,21.03504
85567,Oleśnica,ul. św. Jadwigi 1a,51.20839,17.3816
85568,Oleśnica,ul. Ignacego Paderewskiego 2,51.20455,17.38834
85569,Oleśnica,ul. gen. Franciszka Kleeberga 4,51.21216,17.39621
85570,Oleśnica,ul. 11 Listopada 10,51.2056,17.3826
85571,Oleśnica,ul. Wiejska 35,51.20216,17.35812
85575,Bydgoszcz,ul. Andrzeja Szwalbego 1,53.12917,18.00914
85576,Bydgoszcz,ul. Andrzeja Szwalbego 1,53.12917,18.00914
85602,Częstochowa,ul. Legionów 23,50.80804,19.14866
85607,Tanowo,ul. Szczecińska 31,53.54242,14.46534
85623,Bór,ul. Jana Pawła II 44,49.43492,20.06011
85626,Szaflary,ul. Szkolna 6,49.42065,20.02807
85628,Zaskale,ul. Kardynała Karola Wojtyły 51,49.44423,20.00048
85699,Czarna,857,50.10632,22.18669
85703,Dąbrówki,211,50.11792,22.23343
85710,Krzemienica,631,50.07173,22.18948
85716,Medynia Głogowska,426,50.15726,22.137
85722,Medynia Łańcucka,105,50.12864,22.14311
85723,Żnin,ul. Szkolna 4,52.846,17.72723
85726,Wola Mała,160,50.09563,22.22706
85727,Olsztyn,ul. Gietkowska 12,53.78587,20.47548
85732,Zalesie,123,50.15672,22.16139
85734,Konarzyce,ul. Szkolna 6,52.05927,17.18827
85754,Piszczac,ul. Spółdzielcza 15,51.98191,23.37121
85759,Krasne-Lasocice,81,49.81152,20.23073
85765,Poznań,os. Jana III Sobieskiego 102,52.46292,16.90757
85766,Obice,ul. Szkolna 18,50.68425,20.60043
85769,Brzeziny,ul. Szkolna 1,50.77309,20.57542
85772,Bobowo,ul. Gimnazjalna 20,53.88124,18.55195
85773,Stary Targ,ul. Główna 37 A,53.92307,19.17242
85774,Książ Wielkopolski,ul. Stacha Wichury 27,52.06047,17.24495
85778,Wrocław,ul. Kielecka 51a,51.13438,16.88459
85785,Baranów,ul. Szkolna 2,51.55704,22.14318
85789,Aleksandrów,40,51.26671,19.9771
85807,Racławice,190,49.749,21.18306
85809,Opole,ul. Krzanowicka 1,50.72025,17.90284
85810,Korczew,37,51.36165,19.43569
85811,Kurnos Drugi,175,51.32579,19.30829
85842,Dobrzelów,7,51.38778,19.3907
85843,Janów,1,51.33061,19.44339
85844,Łękawa,4,51.27077,19.40988
85852,Kodeń,ul. 1 Maja 27,51.91776,23.60744
85857,Przybysławice,ul. Krakowska 107,50.16487,19.89757
85860,Dąbrowa nad Czarną,60,51.31451,19.97196
85870,Gubin,ul. Kresowa 48,51.95411,14.74526
85871,Gubin,ul. Szkolna 1,51.95821,14.72628
85876,Szczyrzyc,123,49.78025,20.19111
85881,Wojciechowice,40,50.84572,21.58956
85884,Węglówka,203,49.74729,20.08182
85889,Łowicz,ul. Adama Mickiewicza 1,52.1045,19.928
85896,Chabówka,232,49.59458,19.92959
85898,Ponice,105,49.57531,19.97624
85900,Rdzawka,60,49.56112,19.96461
85902,Kiełczewice Górne,41,51.00652,22.42617
85911,Rabka-Zdrój,ul. Sądecka 2,49.61079,19.94608
85912,Rabka-Zdrój,ul. Poniatowskiego 186,49.6043,19.98922
85913,Rabka-Zdrój,ul. Zaryte 78,49.62914,19.99114
85915,Skierniewice,ul. ks. kard. Prymasa Stefana Wyszyńskiego 12,51.97379,20.14387
85919,Olszyna,ul. Wolności 17b,51.0655,15.37588
85922,Skotniki,4,51.19936,19.9345
85935,Poświętne,ul. Szkolna 2A,51.53522,20.36538
85937,Olszyna,ul. Wolności 17,51.06503,15.37562
85953,Biedrzychowice,93,51.03976,15.37963
85963,Dworszowice Pakoszowe,ul. Szkolna 4,51.1685,19.1005
85965,Brzostówiec,72,51.83486,22.58468
85966,Żabików,65,51.80271,22.56203
85970,Stodoły-Kolonie,55,50.81675,21.58508
85981,Wola Zachariaszowska,ul. Świętego Floriana 1,50.15046,19.93266
85983,Kup,ul. 1 Maja 6a,50.80875,17.88205
85994,Gierczyce,123,50.81105,21.53006
85999,Gdańsk,ul. Osiek 11,54.35629,18.65552
86005,Łopuszna,ul. Szkolna 1,49.47466,20.13178
86023,Morawica,ul. Szkolna 4,50.7441,20.61777
86048,Cięcina,ul. Świętej Katarzyny 20,49.61349,19.13649
86052,Węgierska Górka,ul. Zielona 41,49.60423,19.11469
86054,Waplewo Wielkie,15A,53.92831,19.23473
86063,Gdańsk,ul. Biała 1,54.37921,18.61475
86068,Bystra Podhalańska,353,49.6417,19.77741
86082,Lipnik,14,49.79255,20.09051
86084,Goniembice,30,51.91435,16.61489
86087,Wilkowice,ul. Szkolna 28,51.8836,16.53442
86091,Paszki Duże,39,51.73653,22.59476
86093,Stronie,67,49.83222,19.67415
86096,Stryszów,90,49.8251,19.62372
86098,Dąbrówka,43,49.81493,19.59673
86100,Łękawica,19,49.84067,19.58041
86111,Rzepin,ul. Wojska Polskiego 28,52.34581,14.83479
86125,Gdańsk,ul. Kartuska 245,54.3462,18.59915
86130,Trzeboszowice,89,50.43669,17.08828
86132,Gaworzyce,ul. Szkolna 211,51.62453,15.88547
86143,Lublin,ul. Jutrzenki 22,51.23035,22.51427
86147,Poznań,ul. Galileusza 14,52.38922,16.86314
86148,Gdańsk,ul. Polanki 11,54.40598,18.55996
86153,Brzeźnica,61,53.43156,16.69593
86158,Radków,88,50.71376,19.98685
86160,Ruda Śląska,ul. Ignacego Kaczmarka 9,50.23748,18.86728
86163,Chmielek,81,50.39133,22.87592
86165,Nieczajna Górna,337,50.17938,21.04676
86167,Świekatowo,ul. Dworcowa 20A,53.41829,18.09592
86168,Białołęka,20,51.64814,16.21111
86179,Kazimierz Dolny,ul. Szkolna 1,51.32004,21.95473
86183,Ręczno,ul. Główna 21,51.18993,19.85444
86184,Boleszkowice,pl. Bolesława Chrobrego 3,52.72592,14.56803
86187,Chwałkowo Kościelne,54,52.0154,17.29837
86188,Świeradów-Zdrój,ul. M. C. Skłodowskiej 2,50.90857,15.341
86193,Nochowo,ul. Szkolna 5,52.07199,16.97863
86203,Niedrzwica Kościelna,ul. Lipowa 26,51.08508,22.36103
86206,Polkowice,ul. Kardynała Bolesława Kominka 1,51.50816,16.07372
86207,Jędrzychów,24A,51.45777,16.0308
86215,Sobieszyn,4,51.59428,22.13866
86218,Siamoszyce,ul. Edukacyjna 22,50.52029,19.59154
86230,Herby,ul. Katowicka 6,50.74345,18.88109
86238,Smęgorzów,330,50.22913,21.00399
86249,Książ Wielki,ul. Mikołaja Reja 4,50.44255,20.14522
86264,Gdańsk,ul. Juliusza Słowackiego 101,54.37368,18.56623
86270,Gdańsk,ul. Pilotów 1,54.39183,18.59674
86272,Zbrudzewo,ul. Śremska 49,52.11765,17.03562
86275,Gołcza,107,50.33702,19.92917
86306,Sidzina,701,49.61139,19.72893
86308,Karlino,ul. Traugutta 2,54.03591,15.87556
86309,Karścino,18,54.05584,15.78839
86310,Daszewo,56,54.08115,15.88135
86311,Karwin,23,53.99115,15.76368
86316,Święte,1,52.78735,18.77207
86324,Bełżyce,ul. ks. bp. Tomasza Wilczyńskiego 62,51.17337,22.28728
86326,Zadroże,ul. Krakowska 110,50.28735,19.79464
86332,Biały Kościół,ul. Kamienna 18,50.73031,17.04126
86337,Świdnik,ul. Al. Wojska Polskiego 27,51.22192,22.68728
86341,Świdnica,ul. Karola Marcinkowskiego 4-6,50.8455,16.46674
86347,Ruda Śląska,ul. Piotra Niedurnego 125,50.30105,18.88165
86352,Jordanów,ul. Kolejowa 7,49.64781,19.82991
86363,Błudowo,48,54.18632,19.72041
86368,Wysoka Kamieńska,ul. Szkolna 5,53.82145,14.83956
86383,Biedaszki,11,54.07061,21.32524
86386,Stara Krobia,71,51.81218,17.01781
86387,Kruszewiec,20,54.07409,21.40615
86389,Nakomiady,1,54.00793,21.45082
86391,Straszów,70,51.29408,19.69747
86396,Sidra,ul. Szkolna 1,53.55136,23.45439
86400,Ślemień,ul. Szkolna 1,49.71794,19.36549
86403,Czernice,118,51.29668,18.73516
86405,Siemianowice Śląskie,ul. Niepodległości 47,50.30116,19.00783
86411,Siemianowice Śląskie,ul. Szkolna 15,50.29836,19.02286
86412,Grodzisko Dolne,150,50.1638,22.46101
86413,Siemianowice Śląskie,ul. Michałkowicka 15,50.30819,19.02238
86417,Siemianowice Śląskie,ul. Fryderyka Chopina 4a,50.30986,19.03195
86420,Grodzisko Górne,503,50.18616,22.43605
86423,Siemianowice Śląskie,ul. Juliusza Słowackiego 5,50.29739,19.04462
86426,Siemianowice Śląskie,ul. Norberta Barlickiego 2,50.32587,19.00468
86442,Barty,23,53.87091,19.67094
86449,Wysocice,46,50.28375,19.91954
86451,Szreniawa,9,50.37694,19.86909
86458,Gdańsk,ul. Ludwika Waryńskiego 36,54.3803,18.61277
86491,Augustów,ul. Marii Konopnickiej 5,53.84816,22.99427
86507,Dęblin,ul. Generała pilota Józefa Kowalskiego 20,51.54611,21.87856
86511,Dęblin,ul. Tysiąclecia 25,51.57626,21.84395
86512,Dęblin,"ul. 15 Pułku Piechoty ""Wilków"" 6",51.56207,21.84202
86517,Miszkowice,8,50.72047,15.9142
86536,Branica Radzyńska,41,51.74181,22.69799
86556,Nowa Wieś,ul. Grudziądzka 43,53.51518,18.78462
86564,Gronków,210,49.44137,20.0873
86572,Augustów,ul. Mickiewicza 1,53.84025,22.97809
86601,Kroszewo,27,53.72543,22.7885
86624,Szczecin,ul. Unii Lubelskiej 1,53.44949,14.50595
86629,Górowo Iławeckie,ul. Szkolna 4,54.28089,20.48984
86637,Jasionówka,ul. Knyszyńska 21B,53.39039,23.03473
86642,Łódź,ul. Drewnowska 151,51.78146,19.43153
86646,Kopaniec,78,50.8856,15.54811
86647,Wojcieszyce,ul. Szkolna 2,50.8824,15.63861
86648,Barcinek,10 b,50.93831,15.59437
86665,Laskowiec,46,53.23228,22.55541
86667,Stare Bajki,51,53.30266,22.73379
86673,Kowalów,ul. Rzepińska 10,52.40021,14.76029
86676,Sławkowo,4,53.18447,18.60456
86685,Tajno Stare,31,53.71497,22.85548
86690,Telatyn,ul. Kardynała Stefana Wyszyńskiego 20,50.52314,23.84385
86702,Mielnik,ul. Brzeska 132,52.33241,23.04468
86705,Chełm Śląski,ul. Mieczysława Karłowicza 21,50.09202,19.20791
86706,Chełm Śląski,ul. Oskara Kolberga 1,50.11194,19.18898
86711,Waksmund,ul. Na Równi 28,49.48344,20.07659
86714,Zdrochec,3,50.13914,20.82865
86716,Kożyczkowo,ul. Szkolna 4,54.35308,18.08681
86721,Fasty,ul. Białostocka 5,53.16933,23.06076
86725,Ligota Wielka,12,50.48261,17.11318
86727,Nekla,ul. Klemensa Szczepańskiego 7,52.36451,17.40711
86754,Dąbki,ul. Darłowska 6,54.38606,16.32431
86767,Sarzyna,1265,50.34531,22.34587
86784,Dobromierz,ul. Podgórna 2,50.90998,16.23294
86786,Gniewków,3,50.99464,16.22371
86795,Sosnowiec,ul. Orląt Lwowskich 2,50.24168,19.14898
86796,Mirsk,ul. kpt. Stanisława Betleja 32,50.97345,15.38458
86800,Świdnica,ul. Wodna 5-7,50.84398,16.49726
86825,Lejkowo,11,54.2446,16.58686
86826,Ostrowiec,61,52.03545,21.27025
86833,Stary Chwalim,39,53.77552,16.40932
86835,Nowe Zduny,88,52.14882,19.80258
86836,Bąków Górny,123,52.15521,19.726
86840,Łabętnik,10,53.80246,22.74418
86842,Głuchołazy,ul. Curie-Skłodowskiej 9,50.31854,17.38453
86859,Drzewce,41,52.26642,18.55023
86868,Budki Nowe,31,52.23896,18.55223
86872,Osiek Wielki,61,52.24653,18.61724
86875,Łuczywno,4,52.29393,18.50454
86878,Włocławek,ul. Juliusza Słowackiego 4a,52.65755,19.06461
86894,Żory,ul. Pszczyńska 81,50.0413,18.72195
86901,Urzędów,ul. Wodna 24,50.99244,22.1395
86913,Gierzwałd,35,53.53964,20.08856
86915,Frygnowo,17,53.50164,20.07955
86918,Łomazy,ul. Szkolna 18a,51.90432,23.1813
86921,Szczepankowo,31,53.56401,20.02206
86922,Mielno,21,53.50947,20.19584
86926,Bartoszyce,ul. Leśna 1,54.24876,20.82586
86965,Garłów,12,51.74965,20.19148
86967,Górzyca,ul. Wolności 17,52.49381,14.65495
86981,Węgry,ul. Szkolna 40,50.74459,18.01294
86985,Olszyna,ul. Szkolna 4,50.71883,18.89301
87003,Hecznarowice,ul. Krakowska 110,49.90096,19.1688
87004,Krężnica Jara,321,51.14815,22.46582
87011,Ciosaniec,27,51.94736,16.03823
87014,Jodłownik,126,49.77243,20.23329
87016,Jadachy,1,50.49338,21.67909
87018,Cygany,70,50.50955,21.65788
87023,Chmielów,ul. Kolejowa 6,50.5168,21.66873
87025,Nowa Dęba,ul. Bronisława Zybury 4,50.42799,21.75259
87026,Pierzchnica,ul. Kardynała Stefana Wyszyńskiego 5,50.69557,20.74763
87040,Nowy Kurzeszyn,12,51.82476,20.27186
87058,Kostarowce,79,49.5877,22.11336
87075,Raciążek,ul. Szkolna 3,52.85633,18.81085
87088,Biezdrowo,9,52.68903,16.30795
87089,Lisów,ul. Szkolna 2,50.72874,18.79724
87102,Wilkowisko,364,49.7552,20.26072
87119,Stara Wojska,30b,51.82336,20.16917
87147,Iłowo-Osada,ul. Wyzwolenia 11,53.16875,20.29337
87151,Narzym,ul. Kościelna 14,53.18498,20.25903
87154,Niedźwiedzice,16,51.28648,16.02184
87163,Sadek,105,49.78411,20.27366
87183,Budziwojów,21,51.2329,15.95093
87185,Trzebież,ul. Wkrzańska 19a,53.65795,14.51059
87192,Police,ul. Owocowa 5,53.59247,14.53895
87196,Krzelów,125,51.44415,16.50968
87207,Maruszyna,ul. Jana Pawła II 83,49.4211,19.98298
87234,Narew,ul. Adama Mickiewicza 81,52.90828,23.53125
87237,Kamesznica,ul. Sportowa 382,49.56418,19.01877
87238,Laliki,356,49.5373,19.01217
87242,Sucha Beskidzka,ul. Błądzonka 118,49.75549,19.56805
87243,Rokitki,32a,51.34104,15.89977
87270,Maruszyna,ul. Jana Pawła II 29,49.41886,19.96374
87309,Koniecpol,ul. Mickiewicza 26,50.77504,19.6747
87325,Skrzypne,ul. św. Jadwigi Królowej 128,49.39974,19.94993
87346,Koniecpol,ul. Szkolna 17,50.78248,19.69541
87363,Wolica,ul. Szkolna 35,50.75386,20.47383
87365,Chęciny,ul. Kielecka 20,50.80095,20.46716
87372,Leszno,al. Aleje Zygmunta Krasińskiego 22,51.84378,16.5704
87374,Rakoszyce,ul. Wrocławska 44,51.09617,16.64605
87376,Bidziny,121,50.84126,21.62925
87402,Świdnica,ul. Saperów 27A,50.84754,16.49452
87405,Chrzan,ul. Żerkowska 3,52.07209,17.50765
87406,Żerków,ul. Cmentarna 10,52.07217,17.56561
87407,Komorze Przybysławskie,18,52.10994,17.64521
87408,Dobieszczyzna,32 A,52.02191,17.67509
87415,Siemianowice Śląskie,ul. Karola Szymanowskiego 11,50.32779,19.04322
87417,Siemianowice Śląskie,ul. Marii Dąbrowskiej 10,50.31603,18.99825
87426,Krzepielów,35,51.78693,16.10569
87427,Wińsko,ul. Na Piaski 12,51.46965,16.6084
87462,Bruszewo,45,52.99308,22.69961
87466,Jangrot,ul. Krakowska 4,50.30824,19.74446
87469,Ćmińsk,ul. Świętokrzyska 61,50.98037,20.54239
87473,Suchowola,133,51.70085,22.73749
87477,Sucha,ul. Długa 94,50.33206,19.76839
87484,Zielona Góra,ul. Truskawkowa 12,51.96554,15.53195
87492,Horodło,ul. Józefa Piłsudskiego 58,50.893,24.03877
87526,Nowe Aleksandrowo,ul. Pogodna 107,53.19383,23.06669
87535,Łęki,206,50.02055,20.68602
87537,Bożejewice,22,52.81639,17.6814
87545,Zabór,ul. Witosa 30,51.95569,15.718
87549,Siemianowice Śląskie,ul. Lipowa 3,50.29506,19.0219
87553,Szczecin,ul. Ku Słońcu 124,53.42114,14.50294
87560,Siemianowice Śląskie,pl. Skrzeka i Wójcika 4,50.30667,19.0049
87564,Nałęczów,ul. Spółdzielcza 17,51.29132,22.20629
87565,Piotrowice,107,51.32071,22.22445
87567,Sadurki,106,51.27959,22.27642
87568,Drzewce-Kolonia,82a,51.31419,22.18563
87586,Falejówka,173,49.63306,22.16778
87588,Srogów Górny,137,49.60563,22.14463
87594,Łapanów,195,49.86669,20.28807
87597,Grabie,60,49.84666,20.26979
87602,Tarnawa,119,49.82753,20.30149
87603,Pawłów,Pietrowicka 16,50.10883,18.12807
87604,Pietrowice Wielkie,ul. Konopnickiej 28,50.08592,18.09969
87607,Bielsko-Biała,ul. Doliny Miętusiej 5,49.80324,19.03448
87612,Sobolów,1,49.9069,20.34086
87621,Dobrzyń nad Wisłą,ul. Licealna 1,52.63764,19.31597
87622,Dyblin,1,52.67491,19.27614
87625,Chalin,36,52.68958,19.38589
87627,Krojczyn,17,52.6846,19.19823
87636,Puławy,ul. Marii Grzegorzewskiej 3,51.42643,21.98848
87652,Strzyżów,ul. Bohaterów Września 10,50.84352,24.04502
87697,Wielkolas,27C,51.48359,22.26085
87700,Wielkie,66,51.45839,22.27732
87726,Milejów,ul. Szkolna 12,51.34997,19.70925
87750,Dobrzyniewo Duże,ul. Szkolna 14,53.21073,23.01527
87753,Wohyń,ul. Józefa Piłsudskiego 25,51.75549,22.79041
87754,Poznań,ul. Kościerzyńska 76,52.43918,16.81631
87764,Ozorków,ul. Cegielniana 25,51.96109,19.27885
87781,Prusiek,157,49.52755,22.1275
87820,Skarżysko-Kamienna,ul. Legionów 131,51.0987,20.86859
87822,Sarnówek Duży,11,51.00644,21.43648
87829,Kopnica,24,54.45758,16.48802
87833,Świdnica,ul. Galla Anonima 1,50.86038,16.48424
87894,Łaszczów,ul. Chopina 11,50.53065,23.7184
87904,Wojakowa,49,49.80247,20.56174
87914,Rychliki,34,53.9856,19.5271
87944,Skierbieszów,ul. Zamojska 8,50.85238,23.36446
87957,Krowica Sama,183,50.1009,23.23266
87960,Basznia Dolna,ul. Szkolna 24,50.17297,23.22925
87964,Bogumiłowice,85,51.18911,19.13333
87998,Lisie Jamy,ul. Lwowska 45,50.14024,23.16891
88006,Góry Wysokie,61,50.74437,21.75776
88032,Wyry,ul. Aleksandra Puszkina 10,50.13014,18.90366
88037,Sadowie,94,50.85551,21.36871
88043,Leżajsk,ul. Grunwaldzka 1,50.25335,22.41934
88061,Gomunice,ul. Słowackiego 12,51.16891,19.48486
88099,Siemyśl,ul. Szkolna 10,54.02874,15.53295
88101,Tuliłów,ul. Łukowska 61A,51.98779,22.73005
88103,Herby,ul. Lubliniecka 10,50.75359,18.88888
88113,Słupca,ul. Mikołaja Kopernika 13,52.29428,17.86868
88116,Słupca,pl. Szkolny 1A,52.28903,17.87259
88129,Bielsko-Biała,pl. Marcina Lutra 7,49.82254,19.03966
88134,Moskorzew,97,50.64598,19.92747
88137,Chlewice,ul. Błonie 23,50.64741,19.99569
88148,Świętajno,54A,54.01019,22.3101
88151,Łubianka,21,52.15908,18.84748
88154,Gostyń,ul. Rybnicka 141,50.1051,18.86976
88161,Leżajsk,ul. Adama Mickiewicza 51,50.25906,22.41951
88174,Królik Polski,ul. Bieszczadzka 137,49.50784,21.81671
88207,Trelkowo,1,53.63038,20.98128
88208,Romany,20B,53.60271,20.99846
88216,Zielin,ul. Wincentego Witosa 48,52.80382,14.57069
88218,Leżajsk,ul. 11 Listopada 8,50.27049,22.41289
88222,Nadróż,56,53.02133,19.36061
88226,Nowy Kobrzyniec,1,52.96988,19.3239
88227,Sosnowo,33,52.98075,19.45388
88231,Sulmierzyce,ul. Szkolna 4,51.18417,19.20248
88241,Ulanów,ul. Tadeusza Buli 3,50.49266,22.27455
88254,Świdnica,ul. Wałbrzyska 39,50.83458,16.47654
88258,Kunów,ul. Szkolna 1,50.95793,21.28138
88280,Zapolice,ul. Główna 19,51.54546,18.88429
88284,Kielce,ul. Świętego Stanisława Kostki 17,50.86788,20.64652
88295,Częstochowa,ul. gen. Władysława Sikorskiego 56,50.81861,19.09972
88303,Słupsk,ul. Jana Kilińskiego 38,54.47093,17.03573
88338,Widuchowa,ul. Barnima III 1,53.12636,14.39002
88364,Bielawy,17,51.76861,15.93927
88405,Szczecin,ul. Władysława Broniewskiego 14A,53.45321,14.53057
88406,Lubin,ul. Parkowa 2,51.40331,16.18704
88408,Siedlisko,ul. Kasztanowa 19,51.77427,15.81418
88419,Ciechów,ul. Średzka 1,51.12693,16.56543
88451,Liszno,52,51.1116,23.10942
88453,Pisarowce,92,49.55651,22.0985
88457,Klimkówka,ul. Zdrojowa 49,49.58163,21.8248
88464,Lipinki Łużyckie,ul. Szkolna 7,51.63998,15.00019
88478,Trąbczyn Dworski,10,52.14171,17.96497
88488,Strzelin,ul. Brzegowa 67,50.77909,17.087
88491,Lublin,ul. Aleja Kompozytorów Polskich 11,51.26752,22.54463
88493,Lublin,ul. Aleja Warszawska 94,51.2609,22.50824
88513,Roztoka,ul. Jana Pawła II 7/9,50.95937,16.22701
88516,Jastrzębia,ul. Barska 134,49.84766,19.76177
88530,Jastrowie,al. Wolności 1,53.41963,16.82523
88531,Świdnica,pl. Wojska Polskiego 3,50.83911,16.48724
88533,Olesno,ul. Wielkie Przedmieście 51,50.87362,18.42433
88562,Świerzawa,ul. Dworcowa 3,51.01933,15.88672
88566,Podlipie,153,50.29401,19.43456
88570,Krzykawa,54,50.30996,19.42683
88575,Kuropatnik,ul. Szkolna 1,50.74961,17.10702
88578,Kostkowo,ul. Księdza Galasa 1,54.66995,18.03698
88600,Zielonki,ul. ks. Jana Michalika 2,50.11668,19.91422
88626,Meszno,69,50.43672,17.15381
88690,Opoki,43,52.83298,18.57551
88691,Ostrowąs,81,52.82955,18.69703
88692,Przybranowo,46,52.83232,18.64915
88693,Wołuszewo,79,52.88938,18.75946
88697,Jastrzębie-Zdrój,ul. Opolska 3,49.95404,18.59224
88698,Kowalewszczyzna,26,53.06131,22.77919
88707,Rzeczyca,69,51.30634,22.04079
88709,Skowieszynek,9,51.30899,22.00892
88713,Kalisz,ul. Pomorska 8,54.04238,17.79809
88722,Gromadka,ul. gen. Wł. Sikorskiego 19,51.35509,15.76178
88731,Mrzygłód,170,49.61799,22.27253
88755,Kleszczewo,ul. Poznańska 2,52.33615,17.1663
88758,Tulce,ul. Poznańska 1,52.3446,17.06663
88762,Łubienko,109,49.65089,21.56973
88796,Straszydle,155,49.89936,21.98282
88819,Jedlanka,ul. Warszawska 13,51.94072,22.11235
88822,Kisielsk,84,51.92678,21.97202
88866,Żarnówka,325,49.73811,19.76006
88867,Wieprzec,100,49.7123,19.76545
88870,Białka,334,49.6993,19.67657
88872,Juszczyn,268,49.69489,19.70292
88875,Grzechynia,314,49.71341,19.63757
88878,Maków Podhalański,ul. Wolności 53,49.7301,19.66932
88891,Niechcice,ul. Częstochowska 27,51.26657,19.57912
88909,Sztum,ul. Reja 15,53.92135,19.02689
88915,Glinik Polski,83,49.69525,21.55358
88940,Podgłębokie,1A,51.28946,23.10513
88941,Wrocanka,30,49.7116,21.5801
88944,Roztoki,80,49.74408,21.54487
88947,Sieradz,ul. Krakowskie Przedmieście 123a,51.57787,18.74569
88951,Brody,ul. Kilińskiego 11,51.79251,14.77181
88976,Sułoszowa,ul. Olkuska 316,50.27394,19.70592
88998,Kostrzyca,ul. Jeleniogórska 37,50.83537,15.78894
89001,Biecz,ul. Bochniewicza 2,49.73089,21.24637
89015,Rewal,ul. Szkolna 1,54.08137,15.01993
89018,Niechorze,ul. Szczecińska 6,54.09473,15.08519
89023,Adamówka,26,50.25838,22.69555
89026,Majdan Sieniawski,197,50.28521,22.75951
89037,Manieczki,ul. Szkolna 6,52.11337,16.92794
89038,Brodnica,ul. Główna 61,52.14445,16.8903
89047,Strachocina,341,49.60219,22.09222
89066,Iłówiec,16,52.16732,16.8125
89075,Janów Lubelski,ul. Księdza Skorupki 11,50.70802,22.42073
89094,Janowice Wielkie,ul. Partyzantów 4,50.88208,15.92623
89096,Ruda Śląska,ul. Lwa Tołstoja 1,50.2794,18.86122
89097,Ulhówek,ul. Tomaszowska 138,50.45,23.77494
89110,Białystok,ul. Kościelna 3,53.13359,23.16528
89138,Zamość,ul. gen. Władysława Sikorskiego 11,50.73649,23.27111
89166,Skorczyce,52,51.00286,22.19582
89197,Maszki,75,51.25243,22.27011
89199,Biecz,ul. Grodzka 22,49.73069,21.25239
89203,Gniewino,ul. Szkolna 1,54.71592,18.01699
89235,Koszalin,ul. Jabłoniowa 23,54.18582,16.21875
89237,Koszalin,ul. Franciszkańska 102,54.20635,16.16328
89239,Koszalin,ul. Zwycięstwa 117,54.19056,16.19178
89258,Kostry,1,51.69935,22.90933
89259,Rudno Drugie,24,51.75369,22.94759
89282,Wierzbie,34,52.25752,19.40212
89285,Sobieszczany,35,51.06089,22.37643
89305,Powiercie,3,52.18725,18.67277
89312,Sieklówka,173,49.80512,21.53097
89333,Borów Wielki,53A,51.67547,15.62936
89351,Gubin,ul. Racławicka 2,51.94761,14.73377
89354,Krajowice,33,49.78254,21.41654
89365,Gruszów Wielki,210,50.19214,21.03325
89380,Nowa Góra,ul. Szkolna 35,50.17709,19.59027
89387,Gidle,ul. Szkolna 7,50.96693,19.46941
89393,Mazury,128,50.26472,22.06784
89394,Powidz,ul. Park Powstańców Wielkopolskich 1,52.41259,17.92092
89399,Harasiuki,ul. Długa 21,50.47453,22.4777
89401,Huta Krzeszowska,ul. Długa 6,50.52214,22.45261
89422,Rozdziele,156,49.78839,20.44494
89425,Siemianowice Śląskie,ul. Stefana Okrzei 2,50.32877,19.02679
89430,Gryfów Śląski,ul. Uczniowska 17,51.03394,15.41215
89444,Otmuchów,ul. Kalinowa 39,50.46535,17.21305
89460,Mikluszowice,228,50.05963,20.45721
89462,Drwinia,173,50.09525,20.44533
89475,Cielcza,ul. Szkolna 16,52.00791,17.48113
89505,Sieniawa,ul. Kwiatowa 8,49.56268,21.92618
89560,Świętoszówka,40,49.80358,18.89255
89562,Świniary Stare,131,50.54374,21.54209
89563,Sulisławice,120,50.58804,21.47235
89574,Ozorków,ul. Średnia 30,51.95897,19.30634
89581,Szczytna,ul. Kościelna 6,50.41597,16.44523
89594,Łoniów,104,50.56266,21.52285
89598,Ładzin,56,53.90577,14.56989
89603,Zalas,ul. Ludwika Siudy 6,50.079,19.62238
89606,Woszczele,ul. Szkolna 4,53.85743,22.25002
89614,Tenczynek,ul. Szkolna 6,50.11314,19.61649
89626,Nowa Ruda,ul. Stara Droga 39,50.60314,16.50367
89630,Janów Podlaski,ul. 1 Maja 5,52.19548,23.20852
89635,Wola Filipowska,ul. Szkolna 2,50.13249,19.585
89639,Krzeczyn Wielki,ul. Brylantowa 59,51.37287,16.13394
89640,Raszówka,ul. 1 Maja 10,51.30511,16.1835
89641,Szklary Górne,48,51.44256,16.08926
89643,Niemstów,68,51.35365,16.29953
89668,Wielka Wieś,ul. Szkolna 5,50.15763,19.8454
89669,Biały Kościół,ul. Krakowska 172,50.16905,19.82685
89671,Bębło,ul. Krakowska 76,50.18406,19.79142
89684,Sypniewo,ul. Szkolna 1,53.47036,16.61036
89686,Wróblik Szlachecki,ul. Szkolna 5,49.61562,21.86881
89706,Bielsko-Biała,ul. gen. Władysława Sikorskiego 4C,49.81875,19.04271
89724,Biała,ul. Częstochowska 73,50.87852,19.05722
89726,Libidza,ul. Stefana Olszyńskiego 2,50.88047,18.98369
89728,Łobodno,ul. Henryka Sienkiewicza 69,50.92763,18.98095
89735,Sława,ul. Odrodzonego Wojska Polskiego 16,51.8802,16.06708
89739,Toruń,ul. Forteczna 8,53.0433,18.61197
89742,Zielona Góra,ul. Władysława IV 1,51.93854,15.5273
89746,Zielona Góra,ul. Rydza-Śmigłego 1,51.93536,15.4893
89750,Toruń,ul. Żółkiewskiego 46,53.02219,18.64482
89760,Toruń,ul. Antoniego Bolta 12,53.02073,18.68738
89772,Pniewo,12,52.2529,19.0978
89774,Gołaszyn,29,51.95824,22.36899
89780,Dziemiany,ul. Wyzwolenia 20,54.00744,17.76999
89782,Toruń,ul. św. Jana Bosko 1,53.04128,18.59278
89788,Jelna,95,49.70111,20.7268
89802,Role,114,51.97235,22.41544
89804,Strzyżew,128,51.92221,22.51038
89806,Zalesie,141,51.93119,22.30323
89813,Kłopoczyn,17,51.70078,20.62293
89815,Piotrków Trybunalski,ul. Romana Dmowskiego 38d,51.40094,19.66481
89853,Toruń,ul. Władysława Dziewulskiego 24a,53.02748,18.67688
89855,Kryłów,ul. Hrubieszowska 4,50.67972,24.05771
89857,Milejewo,ul. Szkolna 1,54.2201,19.54639
89859,Gardeja,ul. Sportowa 1,53.61295,18.94794
89865,Kalna,ul. Widokowa 59,49.70867,19.10404
89876,Krasnystaw,ul. Krakowskie Przedmieście 38,50.97285,23.13143
89878,Małochwiej Duży,82,50.94732,23.21609
89880,Krupe,89,51.03343,23.23636
89903,Podole-Górowa,158,49.75531,20.7751
89905,Rożnów,269,49.76881,20.69127
89907,Przydonica,24,49.73557,20.77439
89924,Szczecinek,ul. Wiatraczna 5,53.71724,16.68409
90012,Rychłocice,108a,51.39392,18.82117
90013,Szynkielów,53,51.35068,18.75871
90015,Konopnica,ul. Szkolna 18,51.35327,18.81798
90017,Kowale,ul. Gruszkowa 3,54.31077,18.56393
90026,Kowale,ul. Sadowa 21,54.3136,18.56368
90027,Lwówek Śląski,ul. Pałacowa 8,51.11683,15.61588
90035,Michów,ul. Szkolna II 2B,51.52162,22.30687
90073,Będków,ul. Władysława Stanisława Reymonta 11,51.59025,19.74541
90074,Rudno,ul. Spacerowa 110,51.5281,22.3701
90118,Łódź,ul. Gdańska 156,51.75614,19.45302
90125,Osiedle Niewiadów,27,51.61201,19.92454
90149,Kraków,ul. Jana Kurczaba 5,50.01484,20.00478
90158,Ujazd,ul. Rokicińska 6,51.60155,19.91637
90172,Chrząstowo,21,52.06396,17.1209
90180,Grzywna,110 A,53.15371,18.61299
90196,Ożarów,os. Wzgórze 54,50.88698,21.66246
90197,Wojtaszyce,39,53.56486,15.19311
90200,Brzeżno,15,53.70213,15.79084
90218,Lasocin,ul. Rynek 17,50.89636,21.75647
90222,Prusy,52,51.91928,17.55028
90234,Paradyż,ul. Przedborska 29,51.30265,20.11034
90236,Grzymałów,38,51.31834,20.16532
90237,Wójcin A,16,51.32854,20.03896
90273,Gliwice,ul. Żwirki i Wigury 85,50.28188,18.6728
90275,Gliwice,ul. Kormoranów 23,50.27502,18.65566
90276,Gliwice,ul. Partyzantów 25,50.33916,18.63232
90278,Chobienia,ul. Szkolna 2,51.54126,16.44559
90290,Męcinka,10B,51.07175,16.09975
90293,Widugiery,19A,54.2059,23.31435
90298,Gdynia,ul. Łowicka 41,54.48425,18.52689
90299,Gliwice,ul. Spacerowa 6,50.25003,18.67934
90304,Lachowice,392,49.69845,19.45
90325,Pniewo,ul. Akacjowa 1,53.10234,22.20038
90331,Wygoda,ul. Łomżyńska 2,53.06849,22.15296
90332,Nowe Kupiski,137,53.19736,21.98598
90339,Konarzyce,ul. Szkolna 4,53.13748,22.04565
90342,Podgórze,ul. Szkolna 1,53.10999,22.12868
90346,Koźminiec,50,51.80869,17.62319
90348,Jarnuty,1,53.15459,22.00384
90349,Puchały,31,53.0766,22.22375
90353,Łutowiec,9,50.62676,19.4514
90367,Lublin,ul. Muzyczna 10,51.23721,22.55622
90370,Ruda Śląska,ul. Orzegowska 25,50.32031,18.86654
90372,Gniezno,ul. Mieszka I 20,52.53449,17.59776
90417,Dołuje,ul. Daniela 18,53.43508,14.40874
90423,Kramarzyny,ul. Pomorska 56,54.05937,17.24224
90438,Młoszowa,ul. Kamieniec 1,50.15168,19.48951
90440,Gąsawa,ul. Leszka Białego 6,52.76793,17.75153
90480,Banie,ul. Sportowa 1,53.10236,14.66226
90511,Kliczków Wielki,45A,51.53292,18.56167
90524,Czerniewo,9,54.1736,18.4842
90525,Barczew,3,51.485,18.68892
90536,Szewna,ul. Langiewicza 3,50.91749,21.36572
90537,Ostrów,21,51.49251,18.57394
90548,Golczewo,ul. Szkolna 2,53.82204,14.97834
90555,Laskowa,2,49.76103,20.44973
90571,Chróścice,ul. Powstańców Śląskich 1,50.78251,17.80616
90592,Lublin,ul. Radości 13,51.22853,22.53097
90593,Lublin,ul. Rycerska 9,51.23405,22.50773
90594,Lublin,ul. Biedronki 13,51.22973,22.50666
90595,Lublin,ul. Bursztynowa 22,51.22354,22.51802
90596,Lublin,ul. Sieroca 17,51.25778,22.56928
90597,Lublin,ul. Kazimierza Przerwy-Tetmajera 2,51.2282,22.5906
90609,Chmielno,ul. Bernarda Grzędzickiego 28,54.32635,18.1053
90610,Kraków,ul. Władysława Łokietka 60,50.08412,19.92293
90611,Kraków,ul. Pędzichów 13,50.07039,19.93873
90626,Ptaki,27,53.39209,21.79648
90627,Łacha,96,53.4632,21.74978
90628,Ksebki,38,53.44915,21.62493
90636,Łuszczanów,ul. Długa 108,52.02726,17.58136
90660,Potok,73,49.72023,21.68395
90662,Gliwice,ul. Tarnogórska 59,50.30681,18.68475
90686,Zielenice,26,50.82637,16.98625
90693,Dęby Szlacheckie,54,52.29222,18.60661
90695,Wiązów,ul. 1 Maja 31,50.81375,17.21095
90697,Wawrzyszów,37,50.72826,17.22873
90714,Rembieszyce,10,50.76088,20.29749
90720,Złotniki,66 A,50.75091,20.24612
90726,Ostrowiec Świętokrzyski,ul. Trzeciaków 35,50.95153,21.37424
90748,Małogoszcz,ul. 11 Listopada 14b,50.80799,20.27049
90775,Lublin,ul. Symfoniczna 3a,51.26966,22.55491
90781,Lublin,ul. Przyjaźni 20,51.24376,22.58735
90821,Kwiatonowice,21,49.72312,21.15931
90832,Bystra,154,49.65511,21.09394
90847,Dominikowice,50,49.65094,21.21866
90848,Kobylanka,413,49.66891,21.22271
90850,Ropica Polska,70,49.64032,21.14381
90860,Stróżówka,159,49.66698,21.14216
90861,Szymbark,464,49.6217,21.0942
90863,Wysoka Głogowska,299,50.15592,22.02257
90902,Trepcza,ul. Sanocka 16,49.58585,22.1861
90911,Koszęcin,ul. Sobieskiego 7,50.63177,18.84209
90931,Polanica-Zdrój,al. Wojska Polskiego 23,50.40165,16.50868
90933,Zakrzówek,ul. Sienkiewicza 1,50.94767,22.38192
90936,Sulów,75,50.91132,22.35979
90963,Gdynia,ul. Wolności 25,54.51894,18.5223
91014,Kandyty,77,54.31408,20.37164
91015,Kandyty,77,54.31408,20.37164
91021,Zabrze,ul. Zwrotnicza 13,50.34494,18.76566
91068,Nowa Wieś,40A,54.12402,23.0285
91072,Wysoka,16A,51.48103,15.84179
91073,Przemków,ul. Leśna Góra 3,51.52268,15.7813
91074,Przemków,ul. Rybna 3A,51.54164,15.75972
91104,Kusięta,208,50.77631,19.25983
91130,Polanica-Zdrój,ul. Tadeusza Kościuszki 13,50.39397,16.5221
91131,Karmin,23,51.83759,17.68848
91134,Chorki,8,52.10508,19.06668
91135,Kadzidłowa,22,52.18604,18.93656
91136,Stara Sobótka,31,52.18466,19.03173
91138,Grabów,ul. Kochanowskiego 2a,52.12882,19.00314
91150,Zabiele,4,53.45539,21.03652
91151,Łatana Wielka,14,53.39418,21.06652
91155,Nowe Miasteczko,ul. Marcinkowskiego 1,51.68611,15.73152
91157,Galew,38,51.8769,17.53272
91165,Wielbark,ul. Mikołaja Kopernika 10,53.4044,20.94441
91192,Rudna,"ul. Piaskowa 3, 3a, 3b",51.51091,16.26001
91245,Lutynia,21A,51.88326,17.64732
91249,Borów,ul. Wrocławska 24,50.88561,16.99441
91255,Łabiszyn,ul. Nadnotecka 2,52.95351,17.91575
91258,Lubostroń,13A,52.91204,17.88702
91262,Chodzież,ul. Strzelecka 11,52.98645,16.90899
91271,Zalipie,128,50.23563,20.86241
91349,Stryszawa,400A,49.71163,19.52127
91352,Krzeszów,216,49.75642,19.48549
91355,Legnickie Pole,ul. Kosmy Damiana Asama 5,51.14349,16.24451
91375,Szczucin,ul. Kościuszki 30,50.31373,21.07657
91393,Lusławice,70,50.77261,19.39867
91397,Janów,ul. Szkolna 2,50.72379,19.43331
91400,Łowicz,ul. Młodzieżowa 15,52.09942,19.92473
91425,Lisięcice,ul. Szkolna 5,50.26164,17.87351
91464,Anielew,4,52.27605,18.32415
91465,Wola Podłężna,ul. Szkolna 2,52.24235,18.34098
91505,Białystok,ul. Kamienna 15,53.1362,23.17628
91506,Białystok,ul. Władysława Broniewskiego 1,53.1404,23.13402
91507,Białystok,ul. Radzymińska 11,53.14375,23.14985
91527,Płociczno-Tartak,16,54.02246,22.98332
91529,Stary Folwark,49,54.07902,23.07618
91531,Przebród,15,54.08229,22.81186
91544,Lublin,ul. Krężnicka 156,51.17126,22.50618
91547,Lublin,ul. Radzyńska 5,51.25872,22.5497
91562,Gowarczów,ul. Stanisława Żuka 3,51.27246,20.44284
91580,Czeladź,ul. Władysława Reymonta 80,50.30891,19.07334
91581,Czeladź,ul. Szkolna 6,50.32528,19.07491
91583,Czeladź,ul. Stanisława Staszica 47,50.3186,19.06269
91584,Czeladź,ul. Spacerowa 2,50.30164,19.10037
91591,Mąkoszyce,134,51.35565,17.78291
91592,Parzynów,7,51.36965,17.90347
91610,Ludwin-Kolonia,20,51.34479,22.90539
91623,Tarnobrzeg,ul. Stanisława Jachowicza 4a,50.57341,21.66842
91657,Łowicz,ul. Grunwaldzka 9,52.11923,19.94541
91660,Koneck,ul. Włodzimierza Lubańskiego 15,52.78338,18.71395
91678,Jegłownik,ul. Malborska 43,54.12031,19.28913
91679,Gronowo Elbląskie,ul. Osiedlowa 6A,54.08655,19.30266
91685,Syrynia,ul. Powstańców Śląskich 26,50.02357,18.33459
91687,Lubomia,ul. Szkolna 2,50.04235,18.30305
91715,Ciasna,ul. Lubliniecka 21,50.75346,18.60856
91716,Stawki,ul. Szkolna 4,52.86234,18.72667
91719,Służewo,ul. Toruńska 8,52.85609,18.6458
91730,Bronisławów,ul. Szkolna 2,51.49174,18.62335
91736,Dziekanów,55,50.80816,23.95443
91739,Pogrzebień,ul. Pamiątki 25,50.07011,18.30298
91741,Rzuchów,ul. Karola Miarki 8,50.07024,18.3579
91774,Bogdanowice,ul. Konopnickiej 15,50.16263,17.83142
91785,Snowidza,91a,51.08523,16.25001
91786,Targoszyn,51,51.03147,16.30752
91795,Sieraków Śląski,ul. Szkolna 4,50.79904,18.58218
91802,Gliwice,ul. Robotnicza 6,50.28989,18.69044
91812,Rożnowice,325,49.75972,21.16109
91815,Gliwice,ul. Pocztowa 31,50.27846,18.70324
91885,Gwoździec,199,49.88623,20.77152
91918,Jarocin,ul. Przemysłowa 1,51.97004,17.48603
91921,Siedlemin,ul. Główna 36,51.93776,17.46091
91933,Izbica Kujawska,ul. Tymieniecka 1,52.41791,18.76832
91948,Radule,88,53.14416,22.80416
91951,Ciężkowice,36,50.93015,19.53246
91952,Pławno,ul. Przedborska 4,50.97987,19.46025
91958,Kłodnica Dolna,117,51.06614,22.28499
91976,Ujanowice,55,49.74694,20.55739
91984,Bytom,ul. Stanisława Moniuszki 17,50.34471,18.91918
91985,Bytom,ul. Stanisława Moniuszki 17,50.34471,18.91918
91988,Częstochowa,ul. Jasnogórska 17,50.81556,19.11707
91999,Dąbrowa,31,50.71216,23.87595
92004,Koszalin,ul. Juliana Fałata 32,54.19843,16.19388
92005,Koszalin,ul. Juliana Fałata 32,54.19843,16.19388
92019,Częstochowa,Aleja Najświętszej Maryi Panny 58/60,50.81237,19.10726
92070,Ryn,ul. Szkolna 8a,53.93678,21.54155
92088,Rogowice,123,51.03495,20.55906
92090,Kraków,ul. Marii i Bolesława Wysłouchów 28,50.00651,19.9582
92121,Damasławek,ul. Słoneczna 4,52.83931,17.50601
92124,Elbląg,ul. Romualda Traugutta 91,54.1603,19.40963
92126,Czajków,55,51.48711,18.32414
92132,Górsk,ul. Szkolna 2,53.06092,18.41693
92141,Białostoczek,8,53.07426,23.25403
92142,Redło,12,53.77693,15.9693
92146,Stary Brus,94,51.48134,23.30115
92158,Gliwice,ul. Władysława Sikorskiego 134,50.29071,18.74947
92164,Nowogród,ul. 11 Listopada 12,53.22659,21.8818
92166,Rzeszów,ul. Pogwizdowska 139,50.08727,21.97139
92183,Szyleny,13,54.33698,19.87186
92189,Mokrsko,254,51.17419,18.45301
92191,Krzyworzeka,166,51.18402,18.51814
92192,Komorniki,126,51.14834,18.46427
92193,Ożarów,142,51.14623,18.50732
92209,Niemczyn,39,52.84029,17.39211
92219,Czerśl,1,51.89513,22.29645
92221,Deszczno,ul. Lubuska 61,52.6751,15.3062
92224,Gręzówka,ul. Szkolna 2,51.99271,22.29679
92256,Nisko,ul. Henryka Dąbrowskiego 8,50.49253,22.1718
92265,Lgoczanka,1A,50.70306,19.53853
92267,Malanów,ul. Parkowa 29,51.95441,18.40213
92268,Miłaczew,34,51.93586,18.41517
92269,Świerczyniec,ul. Sierpowa 38,50.06059,19.05065
92290,Nisko,ul. Juliusza Słowackiego 10,50.52095,22.14802
92297,Tarnowiec,230,49.73092,21.57726
92302,Łubno Szlacheckie,109,49.66824,21.56452
92310,Tułowice,ul. Porcelanowa 21,50.59634,17.6527
92318,Wilczków,ul. Mikołaja Kopernika 29,50.96799,16.984
92320,Polakowice,ul. Szkolna 5,50.94535,17.06396
92339,Rybczewice Drugie,119A,51.03914,22.8531
92340,Ostrowice,3,53.6405,15.97968
92342,Nowe Worowo,ul. Chopina 9,53.64944,16.08781
92357,Żelice,14A,52.83335,17.06534
92367,Zamość,ul. Orla 5,50.71038,23.26821
92380,Czernin,ul. Donimirskich 19,53.90347,19.06726
92383,Gościszewo,75,53.9829,19.00046
92414,Klukowo,ul. Szkolna 8,52.7759,22.50957
92422,Wyszonki Kościelne,1,52.76075,22.61998
92423,Kuczyn,69,52.71992,22.54115
92424,Łuniewo Małe,2,52.74238,22.4676
92460,Giedlarowa,320,50.22723,22.40216
92461,Stare Miasto,177a,50.29017,22.43136
92462,Piskorowice,106,50.23592,22.52735
92463,Wierzawice,396,50.23578,22.45244
92464,Brzóza Królewska,484,50.24286,22.32032
92470,Łekno,ul. Pocztowa 7,52.83975,17.30473
92483,Krynice,9,50.58656,23.3795
92489,Skarżysko Kościelne,ul. Szkolna 5,51.13818,20.91047
92528,Zagórze,ul. Marszałka Józefa Piłsudskiego 139,50.09408,19.39931
92532,Stare Kobiałki,18,51.94992,22.03038
92538,Ornontowice,ul. Zwycięstwa 7,50.18194,18.7627
92555,Dębno,200a,50.20068,22.51871
92559,Gościeradów-Folwark,18,50.86559,21.99306
92562,Nowogard,ul. Wojska Polskiego 6,53.67299,15.1122
92563,Nowogard,ul. Stefana Żeromskiego 5,53.66359,15.12637
92564,Nowogard,ul. Bohaterów Warszawy 78,53.66283,15.13593
92565,Nowogard,ul. gen. Józefa Bema 41,53.68893,15.12173
92570,Zarzecze,ul. Adama Mickiewicza 45,50.52382,22.20504
92608,Strzebiń,ul. Lompy 9,50.61662,18.9029
92639,Wrocław,ul. Borowska 101,51.08785,17.03441
92659,Sadów,ul. Powstańców Śląskich 72,50.67199,18.74736
92722,Lubomierz,ul. Tadeusza Kościuszki 5,51.01038,15.50848
92728,Katowice,ul. Ułańska 7b,50.28337,18.96925
92733,Katowice,ul. Dąbrówki 9,50.26249,19.01033
92740,Pławna Górna,23,51.04976,15.58763
92763,Modlnica,ul. Sportowa 2,50.12979,19.86258
92795,Żory,ul. Wysoka 13,50.03602,18.65382
92796,Żory,ul. Rybnicka 226,50.06719,18.65404
92797,Żory,ul. Szkolna 8,50.01312,18.68749
92799,Żory,ul. Strażacka 6,50.02058,18.7109
92820,Wilamowice,ul. Rynek 14,49.91685,19.15287
92834,Sosnowiec,ul. Emila Zegadłowicza 1,50.2712,19.13013
92840,Żórawina,ul. Mikołaja Kopernika 15,50.98162,17.04022
92844,Bielsko-Biała,ul. Stanisława Wyspiańskiego 5a,49.82109,19.03726
92846,Bielsko-Biała,ul. Stanisława Wyspiańskiego 5a,49.82109,19.03726
92849,Proboszczów,107,51.06361,15.79301
92852,Pielgrzymka,109A,51.12004,15.81779
92865,Bujaków,ul. Szkolna 13,49.8498,19.19318
92868,Kobiernice,ul. Szkolna 1,49.85349,19.21649
92877,Rzeplin,al. Lipowa 46,51.00335,17.01656
92883,Śmigno,31,50.08168,20.99482
92889,Święciechowa,ul. Szkolna 15,51.85535,16.49691
92917,Elbląg,ul. Romualda Traugutta 91,54.1603,19.40963
92933,Węgry,ul. Szkolna 2,50.92741,17.03753
92935,Trzebunia,444,49.78944,19.85276
92936,Będkowice,ul. Brzozowa 16,50.16971,19.75153
92997,Parcice,ul. Dworska 60,51.24081,18.32702
93003,Żory,ul. Wodzisławska 201,50.03172,18.62666
93015,Białystok,ul. Podleśna 2,53.12315,23.166
93016,Strzeszyn,391,49.72202,21.21094
93017,Libusza,679,49.69414,21.23745
93022,Świdnik,ul. Aleja Armii Krajowej 3,51.21599,22.71325
93026,Różanki,ul. Szkolna 8,52.79805,15.32333
93027,Klementowice,230,51.35897,22.13619
93031,Korczyna,213,49.70274,21.25532
93050,Żory,Osiedle Pawlikowskiego 40,50.03235,18.68273
93055,Ostrów,9,50.99517,22.24525
93069,Wilkołaz Pierwszy,7,51.00246,22.33673
93088,Bieżeń,ul. Szkolna 2,50.80872,18.87964
93096,Wróblowa,36,49.79166,21.40288
93116,Gliwice,ul. Franciszkańska 5,50.29275,18.69047
93139,Gliwice,ul. Mikołaja Kopernika 63,50.32047,18.65663
93187,Wrocław,ul. marsz. Józefa Piłsudskiego 25,51.10278,17.02413
93188,Wrocław,ul. marsz. Józefa Piłsudskiego 25,51.10278,17.02413
93191,Łódź,ul. Rojna 20,51.79262,19.38711
93195,Rzęczkowo,59,53.12982,18.36161
103340,Rejowiec Fabryczny,ul. Lubelska 18,51.12157,23.24409
103347,Bielcza,294A,50.02317,20.73807
103386,Wawrów,47b,52.74891,15.29469
103421,Lipowe Pole Skarbowe,ul. Wesoła 2,51.14684,20.88931
103436,Rozkochów,ul. Chemików 4,50.04566,19.49374
103451,Trzęsówka,231,50.29462,21.67788
103460,Zławieś Wielka,ul. Szkolna 6,53.09838,18.32841
103505,Dubienka,ul. 3 Maja 4,51.04705,23.89107
103512,Anieliny,30,53.12888,17.49632
103514,Żory,ul. Osińska 50,50.03577,18.69463
103524,Borki,164,50.31766,21.14358
103525,Radwan,184,50.24204,21.03916
103528,Przyborów,192,50.03306,20.66208
103537,Szpetal Górny,ul. Szkolna 1,52.68168,19.10118
103557,Rajbrot,362,49.82141,20.48751
103559,Lipnica Murowana,59,49.85954,20.52508
103572,Wałbrzych,ul. Piętnastolecia 24,50.80406,16.28688
103573,Wałbrzych,ul. Stanisława Moniuszki 41,50.76322,16.28082
103610,Chocieszów,32,50.45871,16.4777
103640,Dobra,48,49.64534,22.30361
103643,Krosno,ul. Ignacego Paderewskiego 7,49.69365,21.76025
103644,Krosno,ul. Ignacego Paderewskiego 7,49.69365,21.76025
103656,Tomaszów Mazowiecki,ul. Gminna 5/9,51.5212,20.0628
103658,Tomaszów Mazowiecki,ul. Tomasza Ostrowskiego 14,51.5425,19.99923
103661,Klęczany,2,49.70127,21.21222
103664,Przemyśl,ul. Juliusza Słowackiego 91,49.77285,22.7834
103665,Przemyśl,ul. Juliusza Słowackiego 91,49.77285,22.7834
103674,Sokołów Małopolski,ul. Lubelska 41,50.23672,22.12333
103680,Przepałkowo,7,53.44223,17.66353
103686,Zagórzany,230,49.69851,21.15812
103690,Młyńczyska,136,49.62665,20.40821
103691,Roztoka,165,49.62639,20.45714
103709,Łukowa,341,50.37454,22.92901
103710,Przyszowa,484,49.63786,20.50498
103720,Sitno,53A,50.75036,23.36588
103722,Jarosławiec,190,50.71762,23.3615
103727,Gdańsk,ul. Gnilna 3,54.35731,18.64964
103736,Renice,9,52.92372,14.86785
103752,Gdańsk,ul. Gnilna 3,54.35731,18.64964
103758,Drzewce,165,51.89095,19.99352
103844,Czerwionka-Leszczyny,ul. Księdza Pojdy 77c,50.1382,18.64219
103845,Czerwionka-Leszczyny,ul. Furgoła 71,50.1538,18.6842
103853,Pawłów,ul. Szkolna 4,51.14635,23.21454
103860,Bolszewo,ul. Szkolna 13,54.61414,18.18592
103908,Cyprianka,107,52.73378,19.10863
103911,Fabianki,1,52.71029,19.1057
103919,Stare Strącze,195,51.8467,16.11938
103921,Grzymałków,ul. Świętokrzyska 22,51.00912,20.40251
103936,Mniów,ul. Centralna 11,51.01045,20.48201
103939,Goniądz,Plac 11 Listopada 37,53.49071,22.73661
103960,Kulesze Kościelne,ul. Główna 2,53.01667,22.51466
103963,Wrocław,ul. Skarbowców 8,51.0774,16.99813
103964,Wrocław,ul. Rafała Krajewskiego 1,51.10958,17.09549
103970,Santok,ul. Gralewska 9,52.74435,15.39889
103989,Słupiec,27,50.321,21.19545
104004,Przyprostynia,ul. Prandoty 76,52.23802,15.92874
104009,Nądnia,ul. Główna 56,52.24839,15.88018
104024,Świdnica,ul. Adama Mickiewicza 1-3,50.83639,16.47755
104086,Małaszewicze,ul. Wiejska 7A,52.02378,23.53353
104093,Sandomierz,ul. Adama Mickiewicza 9,50.68464,21.7424
104104,Sandomierz,ul. Adama Mickiewicza 39,50.68701,21.73317
104107,Kosin,25,50.81762,21.90911
104136,Giełczew,142,50.95757,22.68795
104137,Maciejów Stary,54A,50.90046,22.73532
104139,Wysokie,ul. Szkolna 12,50.91002,22.66694
104171,Zalewo,ul. Szkolna 2,53.84527,19.60365
104183,Dąbie,83c,51.93435,22.24881
104193,Gołąbki,33,51.87348,22.41834
104201,Krynka,250,52.00161,22.40233
104209,Chełmno,89 B,52.11855,18.74438
104210,Kupinin,1,52.10538,18.87383
104211,Dąbie,ul. 3 Maja 6,52.089,18.81981
104214,Wyryki-Połód,208,51.56207,23.38486
104235,Sompolno,ul. Kaliska 39,52.38338,18.49883
104245,Niedźwice,63,50.61154,21.50962
104270,Augustów,ul. Nowomiejska 41,53.84796,22.97546
104280,Poznań,ul. Głogowska 90,52.41636,16.98047
104285,Podmokle Małe,30,52.19157,15.80827
104312,Płowce,94,52.6179,18.64135
104318,Kraków,os. Centrum E 2,50.06955,20.04047
104319,Kraków,os. Centrum E 2,50.06955,20.04047
104361,Radostowo,58,53.98534,20.60577
104374,Bieganowo,9,52.6507,18.54443
104376,Franknowo,20,54.03103,20.74488
104377,Włodzice Wielkie,32,51.1816,15.5522
104388,Ligota,ul. Bielska 17,49.87833,18.95022
104405,Tykocin,ul. Jana Kochanowskiego 1,53.20569,22.77917
104416,Lublin,ul. Muzyczna 10,51.23721,22.55622
104421,Dobrzyki,25,53.81093,19.58042
104429,Zakopane,ul. Henryka Sienkiewicza 12,49.29598,19.96037
104434,Boreczno,22,53.78021,19.68846
104435,Nowe Kramsko,ul. Szkolna 15,52.13873,15.77195
104437,Lubraniec,ul. Nowa 6,52.54224,18.83698
104444,Tuplice,ul. Daszyńskiego 1,51.67683,14.83151
104447,Babimost,ul. Żwirki i Wigury 3,52.1668,15.83176
104460,Elbląg,ul. Saperów 20,54.16236,19.4276
104469,Grobla,134,50.13204,20.42798
104481,Czerwionka-Leszczyny,ul. Szkolna 3,50.1506,18.67478
104484,Chrząstawa Wielka,ul. Wrocławska 19,51.09232,17.29207
104497,Lisnowo,1,53.46404,19.15991
104498,Bursztynowo,44,53.40627,19.0863
104499,Linowo,37,53.42833,19.04344
104533,Miasteczko Krajeńskie,ul. Szkolna 1,53.10125,17.00733
104540,Nielisz,278,50.80511,23.04227
104558,Kiwity,63A,54.09834,20.77517
104560,Krekole,34,54.16394,20.74971
104567,Ulan-Majorat,53,51.81306,22.47989
104579,Czerwionka-Leszczyny,ul. Gliwicka 2,50.17002,18.65438
104581,Kluczewsko,ul. Leśna 1,50.93017,19.90974
104585,Niwiska,ul. Akacjowa 1,51.8189,15.38337
104587,Nowogród Bobrzański,ul. Marcinkowskiego 2,51.80074,15.23256
104625,Lipie,ul. Częstochowska 31,51.00835,18.80169
104626,Parzymiechy,ul. Parkowa 2,51.04157,18.74058
104638,Biesiadki,58,49.89451,20.65966
104656,Nasiegniewo,68,52.68779,19.14871
104689,Gniewczyna Łańcucka,608,50.10462,22.49803
104694,Lewniowa,275,49.88021,20.64588
104713,Binarowa,458,49.75565,21.22714
104717,Niedźwiedź,62,51.6717,22.14642
104720,Szczecin,ul. Lucjana Rydla 5,53.3758,14.65558
104729,Nabróż,19,50.58543,23.75667
104734,Ceków-Kolonia,2,51.89183,18.29818
104744,Krzywa,52,50.10276,21.73382
104751,Jabłkowo,16,52.65771,17.30526
104764,Przyłęki,ul. Zabytkowa 5,53.04017,17.96974
104772,Nienadówka,686,50.19513,22.11171
104776,Tryńcza,129,50.15971,22.55194
104778,Baćkowice,100,50.7949,21.23334
104789,Bukowsko,ul. Sanocka 3,49.48087,22.0628
104791,Kamień,34a,51.81906,18.23409
104808,Białe Błota,ul. Centralna 27,53.09599,17.92008
104815,Górno,ul. Zaborze 51,50.26696,22.18867
104826,Lubania,30,51.68815,20.58879
104827,Gągolin Południowy,82,52.15818,20.05799
104856,Pobiedno,105,49.52683,22.1054
104858,Siedliszcze,ul. Aleksandra Bałasza 1,51.19828,23.16037
104866,Nowotaniec,77,49.50775,22.03113
104871,Łańcut,ul. Tadeusza Kościuszki 17,50.07101,22.23615
104873,Trębaczew,30,51.70742,20.58564
104884,Zalesie Śląskie,ul. Dworcowa 4,50.41409,18.25764
104886,Raszowa,ul. Góry Świętej Anny 91,50.39321,18.17504
104898,Walim,ul. Boczna 8,50.70297,16.44037
104905,Kobierzyn,61a,50.10411,20.99751
104914,Jaświły,71,53.47774,22.9432
104917,Dzierżążno,ul. Edukacji Narodowej 4A,54.31639,18.27262
104918,Kiełpino,ul. Szkolna 29,54.29321,18.22119
104920,Paleśnica,115,49.79285,20.80087
104928,Poznań,ul. Hipolita Cegielskiego 1,52.40198,16.93923
104937,Filipowice,125,49.83651,20.72519
104944,Łańcut,ul. 29 Listopada 21,50.06715,22.21684
104945,Rybna,ul. Szkolna 5,50.93153,19.12429
104979,Augustów,ul. Rajgrodzka 1,53.84332,22.97443
105001,Horyszów Polski,85,50.74609,23.42342
105003,Kolonia Sitno,51,50.76422,23.37306
105010,Kostomłoty Drugie,ul. Kielecka 9,50.92867,20.56647
105016,Trzeboś,ul. Podlas 29,50.18815,22.18027
105018,Suraż,ul. Szkolna 1,52.9511,22.96112
105021,Chwalibożyce,1C,50.87215,17.3121
105023,Marcinkowice,ul. Szkolna 1,50.98902,17.22803
105024,Drzemlikowice,14,50.87763,17.24079
105025,Osiek,124,50.88261,17.29271
105026,Ścinawa Polska,26,50.93489,17.33253
105034,Bystrzyca,ul. Tadeusza Kościuszki 45,50.96106,17.3976
105047,Górno,ul. Centralna 14,50.27476,22.15363
105096,Ligota,ul. Bory 2,49.89997,18.97068
105181,Sadkowice,128,51.72839,20.52181
105182,Miasteczko Śląskie,ul. Dworcowa 5,50.49271,18.92105
105201,Wólka Niedźwiedzka,400,50.23969,22.205
105207,Trzydnik Duży,72,50.85211,22.13256
105208,Olbięcin,95,50.8918,22.11738
105209,Rzeczyca Ziemiańska,79,50.84098,22.18475
105211,Józefów nad Wisłą,ul. Opolska 10a,51.04176,21.83331
105246,Gorzyce,284,50.1279,22.57699
105358,Milanów,ul. Szkolna 12,51.70147,22.88984
105363,Susz,ul. Piastowska 5,53.71541,19.3368
105364,Jawty Wielkie,6,53.68935,19.25411
105374,Zamość,ul. Elizy Orzeszkowej 43,50.72796,23.24894
105377,Zamość,ul. Henryka Sienkiewicza 5,50.71279,23.26047
105380,Zamość,ul. Hetmana Jana Zamoyskiego 4,50.71864,23.27308
105384,Brody,479,49.86435,19.69238
105386,Przytkowice,542,49.91369,19.69109
105389,Zamość,ul. B. Prusa 10,50.71579,23.22522
105422,Zakliczyn,ul. Jacka Malczewskiego 56,49.8551,20.81724
105451,Mokrsko Dolne,50A,50.68317,20.43898
105452,Korytnica,206,52.41283,21.85319
105456,Zamość,ul. Kalinowa 5a,50.73398,23.25858
105469,Gnieszowice,3,50.60292,21.5472
105472,Miąsowa,13B,50.71442,20.38108
105508,Jeleniec,45,51.86272,22.26437
105509,Tuchowicz,66C,51.88774,22.22701
105526,Nienadówka,788,50.19706,22.07508
105546,Krasienin-Kolonia,39,51.36132,22.46962
105556,Żdżary,123,51.22029,18.25907
105568,Dys,ul. Lotników Polskich 4,51.31469,22.56392
105578,Żdżary,123,51.22029,18.25907
105590,Brzegi,104,50.74637,20.4008
105591,Niemce,ul. Szkolna 23,51.35786,22.61827
105621,Słowino,78,54.35773,16.51557
105630,Grzmiąca,ul. Sportowa 2,53.83657,16.43124
105633,Zebrzydowice,193,49.88526,19.67213
105639,Barwałd Górny,213,49.86285,19.61833
105645,Leńcze,276,49.89753,19.73605
105648,Barwałd Średni,70,49.86475,19.59809
105651,Stanisław Dolny,256,49.8919,19.64281
105653,Fajsławice,130A,51.0976,22.96969
105657,Chróścin,49,51.17309,18.18577
105659,Mieleszyn,141,51.24188,18.19708
105697,Trzeboś,ul. Kościelna 1,50.21095,22.14792
105703,Bolesławiec,ul. Szkolna 4,51.19939,18.19411
105711,Żelechlinek,ul. Wincentego Witosa 1A,51.71283,20.03484
105723,Jagiełła,275,50.09648,22.5661
105724,Potoczek,42,50.75596,22.22112
105731,Godziszka,ul. Beskidzka 29,49.71279,19.08139
105735,Potok Wielki,104,50.78331,22.22662
105742,Potok-Stany,63,50.80964,22.22412
105756,Dębowa Kłoda,2,51.60501,23.00756
105759,Kodeniec,71,51.60645,23.12904
105771,Wilkowo,23,54.00821,21.30654
105779,Mieleszyn,141,51.24188,18.19708
105794,Korzecko,82,50.80176,20.41809
105814,Zawichost,ul. 11 Listopada 1,50.80565,21.86038
105817,Miasteczko Śląskie,ul. Harcerska 5,50.48807,18.94888
105820,Czarne Dolne,ul. Szkolna 7-9,53.61562,19.06644
105822,Wandowo,60,53.67387,19.05597
105823,Cygany,27,53.65277,19.0005
105824,Otłowiec,26,53.64413,18.95068
105825,Trumieje,12,53.63321,19.14225
105848,Wipsowo,63,53.90045,20.79288
105867,Czyżówka,ul. Szkolna 11,50.20833,19.47368
105874,Kłodzko,ul. Rajska 1,50.45642,16.67617
105963,Stolno,88,53.31976,18.50602
105972,Częstochowa,ul. Brzeźnicka 59,50.83252,19.1226
105981,Bielsko-Biała,ul. Jaworzańska 2,49.80745,18.98206
105988,Białka,175,49.86995,22.04001
106014,Paniewo,18,52.54377,18.7253
106028,Głazów,80,50.70108,21.61832
106073,Potok Górny,193,50.38525,22.55758
106075,Błażowa Dolna,196,49.90366,22.09597
106077,Topólka,26,52.50286,18.71388
106080,Kłóbka,9,52.45178,19.13151
106093,Pęczniew,ul. Główna 15,51.80295,18.72572
106099,Rzeszów,ul. Bohaterów 26,50.03395,21.97868
106122,Kostrzyn,ul. Piasta 1,52.39682,17.22307
106131,Tyrawa Wołoska,138,49.57668,22.36474
106133,Złoty Stok,ul. Chemików 8,50.44797,16.87696
106138,Harmęże,ul. Borowskiego 30,50.02028,19.15936
106140,Wrocław,ul. Tadeusza Zielińskiego 56,51.09781,17.02089
106142,Wrocław,ul. Racławicka 101,51.07969,16.99128
106152,Wrocław,al. Jana Matejki 16a,51.11905,17.04867
106165,Sośno,ul. Kamińskiego 1,53.38911,17.68701
106190,Futoma,168,49.85585,22.13173
106224,Złojec,226A,50.77255,23.10946
106230,Bełk,ul. Szymochy 16,50.13379,18.71381
106279,Młodów,ul. Szkolna 48,50.16114,23.16195
106284,Bargłów Kościelny,ul. Augustowska 8,53.77478,22.82521
106291,Domaszków,ul. Kolejowa 10,50.21556,16.67653
106299,Bakałarzewo,ul. Króla Zygmunta Starego 1,54.09711,22.65658
106312,Konarzyny,ul. Szkolna 12,53.82226,17.38073
106315,Lecka,230,49.87812,22.01436
106318,Smolice,ul. Edukacyjna 3,50.02826,19.457
106331,Gułtowy,ul. Średzka 8,52.35087,17.3308
106352,Chróścina,ul. Niemodlińska 8d,50.66673,17.81802
106354,Dąbrowa,ul. Szkolna 9,50.68565,17.75648
106362,Brzeźno,ul. Długa 5,52.37743,17.34337
106373,Łysa Góra,72,49.58076,21.56652
106425,Kamień Krajeński,ul. Szkolna 3,53.5354,17.5244
106428,Czerlejno,ul. Kostrzyńska 4,52.35339,17.21485
106432,Siekierki Wielkie,ul. Stanisława Karalusa 1,52.38181,17.16167
106433,Iwno,ul. Szkolna 11,52.40483,17.26979
106443,Słubice,ul. Wojska Polskiego 142,52.35742,14.56262
106463,Wąwelno,ul. Szkolna 1,53.3216,17.66681
106469,Chociszew,40,51.92376,19.25225
106470,Parzęczew,ul. Parkowa 6,51.9428,19.20514
106488,Nysa,ul. Grodkowska 54,50.49188,17.34783
106508,Łańcut,ul. Jana Kochanowskiego 6,50.08994,22.23497
106512,Wieprz,ul. Szkolna 800,49.64338,19.17479
106516,Brzuśnik,115,49.61739,19.17399
106540,Węgój,19,53.91326,20.97157
106542,Kłodawa,ul. Szkolna 10,54.20019,18.58534
106543,Trąbki Wielkie,ul. Sportowa 2,54.17239,18.53918
106544,Sobowidz,ul. Tadeusza Kościuszki 18,54.14452,18.60483
106587,Juszczyna,275,49.62861,19.22542
106627,Piaski,ul. Adama Mickiewicza 2,51.13571,22.84676
106629,Nasutów,209A,51.36325,22.55333
106630,Jakubowice Konińskie,ul. Szkolna 69,51.31049,22.52621
106631,Rudka Kozłowiecka,30B,51.36205,22.58732
106636,Kąkolówka,466,49.85858,22.06805
106637,Łysomice,ul. Warszawska 5,53.08654,18.62252
106638,Jakubówka,65,51.6509,22.05069
106639,Nowy Borek,331,49.92867,22.08126
106643,Piątkowa,429,49.87675,22.15394
106645,Graboszyce,ul. Wadowicka 145,49.94656,19.44979
106649,Leśce,63,51.35275,22.40007
106664,Starokrzepice,ul. Oleska 250,50.94771,18.65002
106669,Izdebnik,ul. Krakowska 1,49.86995,19.76281
106670,Lanckorona,ul. Szkolna 5,49.84414,19.71776
106671,Skawinki,ul. Beskidzka 27,49.82555,19.71432
106680,Łobdowo,6,53.21719,19.11836
106693,Uchanie,ul. Szkolna 13,50.90749,23.64975
106703,Teratyn,127,50.8984,23.74972
106737,Bonikowo,ul. Parkowa 3,52.12225,16.63019
106751,Rusocice,ul. Krakowska 100,49.99772,19.60434
106760,Zubrzyca Górna,482,49.56309,19.64951
106761,Lipnica Mała,512,49.54173,19.61674
106763,Zubrzyca Dolna,257,49.52274,19.67532
106765,Chyżne,129,49.42645,19.67287
106767,Orawka,76,49.50854,19.71777
106769,Podwilk,172,49.53952,19.71493
106773,Jabłonka,ul. Piusa Jabłońskiego 4,49.48026,19.69804
106804,Białka,49A,51.80839,22.6595
106826,Świnna Poręba,216,49.83418,19.51011
106828,Zabiele,8b,51.76819,22.59634
106831,Mucharz,238,49.80838,19.5626
106840,Jabłonka Kościelna,50,52.95233,22.3707
106867,Piotrków Trybunalski,ul. Al. Armii Krajowej 19,51.41056,19.6764
106889,Strzyżewo,119,52.27935,15.89681
106893,Suche,115 a,49.33662,19.97967
106895,Nowe Bystre,61,49.3389,19.92262
106896,Ząb,ul. św. Anny 1/3,49.34251,19.95193
106903,Biała,30,51.7848,22.58384
106915,Żagań,ul. Żarska 1,51.62143,15.30527
106924,Czułówek,ul. Jana III Sobieskiego 25,50.04321,19.68151
106927,Przykona,ul. Szkolna 6,51.98494,18.61439
106928,Ciecierzyn,121,51.31707,22.60477
106950,Stary Lubosz,ul. Kościańska 7,52.07579,16.70996
107031,Topczewo,ul. Szkolna 2,52.84472,22.89466
107045,Stare Oborzyska,ul. Szkolna 1,52.10945,16.6915
107051,Nowa Wieś Szlachecka,ul. Szkolna 2,50.0265,19.69564
107054,Lubin,ul. Sybiraków 11,51.39202,16.20521
107057,Przeginia Duchowna,ul. Kajasówka 22,50.02338,19.65519
107059,Racot,ul. Szkolna 10,52.05785,16.71294
107060,Łodygowice,ul. Okrężna 1,49.72525,19.14496
107064,Osieczna,ul. Mickiewicza 1,53.77157,18.20193
107089,Stasikówka,65,49.33784,20.00296
107091,Lubin,ul. Marii Skłodowskiej-Curie 4,51.39992,16.20108
107108,Murzasichle,ul. Sądelska 31,49.31622,20.04349
107113,Poronin,ul. Józefa Piłsudskiego 34,49.33921,20.00693
107114,Szlachta,ul. 3 Maja 32,53.76914,18.11436
107118,Kraśnik,ul. Tadeusza Kościuszki 23,50.92014,22.21455
107120,Turzno,ul. Parkowa 4,53.10718,18.72329
107121,Burzenin,ul. Sieradzka 11,51.46298,18.8311
107124,Waszkowskie,12,51.42155,18.77678
107150,Lubin,ul. Gwarków 93,51.40802,16.17456
107152,Pietrzykowice,ul. Kościuszki 120,49.70033,19.15915
107156,Wilczkowo,73,54.00106,20.23119
107158,Kamiennik,ul. 1 Maja 28,50.57024,17.14919
107159,Zarzecze,ul. Staszica 8,49.71848,19.16919
107187,Żagań,ul. Nocznickiego 18,51.62249,15.33434
107195,Sanok,ul. Aleja Szwajcarii 5,49.55879,22.21226
107196,Sanok,ul. Rymanowska 17,49.5616,22.19351
107197,Sanok,ul. Stróżowska 4,49.54737,22.21513
107198,Łodygowice,ul. Piłsudskiego 121,49.73438,19.12893
107199,Sanok,ul. Sadowa 12,49.5718,22.1949
107200,Sanok,ul. Przemyska 80,49.5486,22.23828
107234,Kraśnik,ul. Urzędowska 435,50.9482,22.19663
107235,Kraśnik,ul. Księdza Jerzego Popiełuszki 1,50.95912,22.16097
107262,Żagań,ul. Wojska Polskiego 7,51.61869,15.32349
107263,Żagań,ul. Wojska Polskiego 1,51.62063,15.32062
107264,Wyszki,ul. Szkolna 17,52.84423,22.99393
107273,Łagiewniki Kościelne,14,52.61341,17.34504
107277,Dychów,39,51.98534,15.063
107280,Żagań,ul. Szkolna 42,51.59754,15.33425
107281,Żagań,ul. Wesoła 38,51.60121,15.28428
107292,Żychlin,ul. Parkowa 11,52.17765,18.26466
107293,Wrocław,ul. Wilanowska 31,51.15734,17.13601
107300,Lisiec Wielki,ul. Długa 1,52.12308,18.23908
107331,Siedliska Drugie,190,51.05607,22.93326
107342,Kłodawa,ul. Szkolna 1,52.78199,15.21923
107354,Błażowa,ul. Armii Krajowej 11,49.88718,22.10003
107363,Włocławek,ul. Papieżka 89,52.65226,19.10587
107371,Włocławek,ul. Szkolna 13,52.611,19.02571
107380,Grodziec,Plac Ks. Abp Bronisława Dąbrowskiego 4,52.03872,18.06184
107389,Zator,ul. Kongresowa 11,49.99401,19.43604
107394,Lubin,ul. Pawia 41,51.38923,16.20611
107395,Rosko,ul. Powstańców Wielkopolskich 15,52.87433,16.31276
107399,Podolsze,ul. Zatorska 37,50.01146,19.43327
107411,Kęsowo,ul. Szkolna 11,53.56084,17.71572
107412,Długa Wieś,28,51.91692,18.61294
107417,Jastrzębia,138,49.79951,20.87289
107435,Kąśna Dolna,67,49.78167,20.93789
107440,Ciężkowice,ul. Tysiąclecia 12,49.78377,20.97287
107441,Osolin,ul. marsz. Józefa Piłsudskiego 5,51.34174,16.84618
107444,Pęgów,ul. Główna 101,51.25149,16.93069
107446,Uraz,ul. Wołowska 55,51.25281,16.85232
107453,Włocławek,ul. Wieniecka 46,52.66181,19.0405
107454,Włocławek,ul. Promienna 15,52.66803,19.03694
107458,Mieczyn,8,50.91184,20.1848
107464,Krasocin,ul. Floriańska 1,50.89046,20.11397
107465,Bukowa,ul. Szkolna 8,50.86345,20.1996
107466,Oleszno,ul. Szkolna 34,50.94289,20.05316
107469,Warlubie,ul. Szkolna 20A,53.58938,18.6301
107471,Oborniki Śląskie,ul. kard. Stefana Wyszyńskiego 24,51.30409,16.91456
107477,Oborniki Śląskie,ul. Trzebnicka 33,51.29861,16.91898
107493,Kłobia,29,52.51481,18.90689
107500,Włocławek,ul. Włodzimierza Gniazdowskiego 7,52.65219,19.05123
107513,Łuszczów Drugi,102,51.29504,22.74023
107515,Kolonia Pliszczyn,100,51.29946,22.63343
107517,Świdnik Mały,39,51.25615,22.68081
107520,Sobianowice,32a,51.30358,22.68543
107522,Łąkta Górna,304,49.83138,20.42286
107536,Rybarzowice,ul. Beskidzka 108,49.72981,19.10073
107551,Droginia,20,49.84694,20.0078
107577,Chorzew,4,51.20902,18.95687
107583,Wielkie Radowiska,2,53.22276,19.01948
107585,Pietrowice,9,50.12731,17.69255
107630,Stężyca,ul. Abrahama 2,54.20822,17.95014
107635,Jastrzębia,1,49.78506,20.8997
107641,Szelejewo Pierwsze,87,51.86506,17.15893
107643,Bruśnik,42,49.74858,20.90718
107669,Szymbark,ul. Szkolna 1,54.21605,18.09952
107675,Zborowice,5a,49.76332,20.96727
107676,Bodzewo,35,51.84867,17.07066
107701,Ruda-Huta,ul. Stanisława Wójtowicza 9,51.23769,23.5947
107727,Lubawka,ul. Mickiewicza 4,50.69972,15.99812
107732,Orla,ul. Bielska 32,52.70765,23.3273
107735,Krasnystaw,ul. Poniatowskiego 37,50.98753,23.16361
107737,Nowodwór,73,51.63966,22.10237
108690,Niebieszczany,492,49.5009,22.1594
108691,Krasnystaw,ul. Marszałka Piłsudskiego 21,50.98102,23.16523
108700,Krasnystaw,ul. Mostowa 14,50.98522,23.17979
108713,Kowal,ul. Piwna 20,52.53185,19.15637
108726,Gruta,70,53.45345,18.96232
108790,Grabów Szlachecki,61,51.69975,22.0959
108796,Radziechowy,ul. Szkolna 299,49.64887,19.13007
108798,Przybędza,ul. 3 Maja 71,49.63018,19.12312
108799,Kamienica Szlachecka,ul. Długa 13,54.27114,17.94666
108800,Chełmsko Śląskie,ul. Kolonia 14,50.66996,16.06724
108801,Bystra,81,49.62587,19.18595
108807,Rydułtowy,ul. Raciborska 270,50.07574,18.42992
108811,Klukowa Huta,ul. Józefa Wybickiego 6,54.24085,17.89749
108814,Węgielsztyn,52,54.23702,21.63276
108815,Węgorzewo,ul. Pionierów 6,54.21351,21.738
108844,Linia,ul. Szkolna 1,54.45375,17.93301
108846,Strzepcz,ul. Hieronima Derdowskiego 3,54.45301,18.03121
108860,Kamienna Góra,pl. Kościelny 1,50.78043,16.03318
108866,Kamienna Góra,ul. Jeleniogórska 7,50.78381,16.02243
108867,Owieczki,11a,52.54877,17.45401
108879,Lednogóra,40A,52.50998,17.36676
108881,Fałkowo,1,52.48822,17.42805
108938,Borek Szlachecki,ul. Szkolna 20,49.96272,19.77558
108945,Gołubie,ul. Sambora II 17,54.21352,18.03363
108953,Sokolniki,76A,50.64021,19.59744
108955,Piaski,ul. Drzęczewska 9,51.88766,17.06292
108995,Kartuzy,Osiedle gen. Józefa Wybickiego 33,54.32422,18.19401
109037,Radzieje,ul. Węgorzewska 16,54.12862,21.58357
109039,Jastrzębie-Zdrój,ul. Bronisława Czecha 20 A,49.94085,18.57998
109042,Jastrzębie-Zdrój,ul. Niepodległości 34,49.94969,18.66339
109043,Sławatycze,ul. Kodeńska 12,51.76602,23.55721
109101,Poznań,os. Bohaterów II Wojny Światowej 29,52.3844,16.95036
109102,Zawada,87a,49.98016,21.01519
109140,Nowy Żmigród,ul. Mickiewicza 4,49.60293,21.52314
109145,Radzionków,ul. gen. Władysława Sikorskiego 7A,50.38664,18.88937
109167,Minkowice Oławskie,ul. Kościelna 20,51.0204,17.46743
109198,Racławice Śląskie,ul. Zwycięstwa 21,50.31136,17.77147
109213,Skoczów,ul. Osiedlowa 1,49.80029,18.79782
109214,Kiczyce,ul. Długa 52,49.83077,18.80003
109215,Pierściec,ul. Jerzego Tomanka 8,49.837,18.82015
109230,Jastrzębie-Zdrój,ul. Edukacyjna 13,50.01006,18.6438
109246,Dołhobyczów,ul. Szkolna 4a,50.58867,24.03804
109247,Piotrów,65,51.81598,18.05409
109295,Łódź,ul. Karola Bohdanowicza 4,51.73004,19.44575
109303,Zmiennica,29,49.6731,21.96132
109315,Nowa Wieś Lęborska,ul. Polna 9a,54.56031,17.73748
109316,Nowa Cerekwia,ul. Rogożańska 4,50.09051,17.92724
109317,Krynki,ul. Aleja Szkolna 10,53.2665,23.78435
109327,Łebień,93a,54.64978,17.71696
109335,Garczegorze,24a,54.59406,17.72762
109336,Piechcin,ul. 11 Listopada 5,52.82171,18.03925
109347,Redkowice,18,54.55498,17.63053
109350,Leśnice,18A,54.51159,17.67318
109407,Grabownica Starzeńska,584,49.65494,22.07874
109413,Buczkowice,ul. Szkolna 2,49.72708,19.06948
109416,Nienaszów,309,49.61635,21.58087
109417,Łężyny,144,49.64446,21.52051
109418,Kiszkowo,ul. Szkolna 21,52.58984,17.25457
109430,Przysietnica,514,49.73414,22.07246
109433,Chrzypsko Wielkie,ul. Szkolna 34,52.62494,16.22142
109436,Górki,78 A,49.64528,22.04253
109440,Włocławek,ul. Wiejska 29,52.64736,19.0503
109446,Humniska,rondo Rondo abp. Ignacego Tokarczuka 264,49.68518,22.0417
109460,Humniska,rondo Rondo abp. Ignacego Tokarczuka 877,49.68518,22.0417
109464,Turze Pole,152,49.66648,22.00201
109467,Nakonowo,31,52.55,19.07567
109469,Stara Wieś,790,49.7124,22.01512
109480,Kopanka,ul. Skawińska 59,49.98353,19.79048
109488,Boguchwała,ul. Teodora Lubomirskiego 2,49.98506,21.94686
109490,Mętków,ul. ks. Karola Wojtyły 21,50.05066,19.38027
109491,Radziszów,ul. Szkolna 7,49.93874,19.81273
109502,Żalno,ul. Szkolna 1,53.61341,17.7659
109510,Przysietnica,198,49.72371,22.0485
109514,Grabkowo,67A,52.50115,19.11312
109515,Bystrzejowice Pierwsze,89,51.16883,22.75117
109527,Nowosielec,134,50.4478,22.15395
109531,Nisko,ul. Piaskowa 15,50.50566,22.13906
109533,Nisko,ul. Tysiąclecia 12A,50.52133,22.12969
109552,Legnica,ul. Kazimierza Wierzyńskiego 1,51.20359,16.21805
109554,Świecie nad Osą,113,53.4409,19.09906
109575,Terpentyna,182,50.95916,22.08376
109581,Mogielnica,167,49.97887,21.89199
109582,Lutoryż,432,49.96476,21.91903
109584,Wola Zgłobieńska,140,49.99605,21.80956
109585,Niechobrz,549,49.97876,21.85379
109586,Nosówka,186,50.02283,21.88273
109587,Zgłobień,71,50.01267,21.85884
109593,Babice,ul. Zamkowa 3,50.0726,19.44466
109637,Nowiny Wielkie,ul. Wiejska 26,52.67049,15.01513
109641,Rydułtowy,ul. św. Maksymiliana Kolbe 5,50.05848,18.41967
109642,Rydułtowy,ul. Radoszowska 3,50.07579,18.4387
109652,Rojewo,131,52.90096,18.26923
109653,Maszewo,114,52.06718,14.90516
109658,Rojewice,19,52.95725,18.29827
109685,Szprotawa,ul. Sobieskiego 58,51.5619,15.50948
109687,Szprotawa,ul. Kopernika 22,51.56715,15.532
109715,Lubojna,ul. Strażacka 21,50.89438,19.1184
109726,Czarny Las,ul. Szkolna 6,50.89305,19.08186
109733,Baruchowo,19,52.49069,19.24202
109744,Tłokinia Wielka,86a,51.7581,18.18632
109746,Częstochowa,ul. Wirażowa 8,50.7531,19.09852
109747,Częstochowa,ul. Rozdolna 5,50.81934,19.2044
109761,Chełmce,3,51.70158,18.16808
109765,Malbork,ul. Jagiellońska 94,54.0292,19.02821
109766,Osiny,ul. Szkolna 64,51.46336,22.06482
109773,Żyrzyn,ul. Tysiąclecia 143,51.498,22.09901
109774,Skrudki,5a,51.55211,22.03258
109777,Stary Cykarzew,ul. Szkolna 12,50.95205,19.17547
109782,Borowno-Kolonia,ul. Klonowa 6/8,50.92846,19.27397
109803,Gorzów Wielkopolski,ul. Jana Stanisławskiego 3,52.7403,15.20846
109812,Radgoszcz,ul. Adama Mickiewicza 39,50.2355,21.10214
109825,Karłowice Wielkie,52,50.54298,17.2087
109830,Popów,ul. Jana Długosza 7,51.0388,18.93003
109865,Jankowice,ul. Stanisława Staszica 5,50.0458,19.44788
109915,Lasocice,ul. Szkolna 13,51.82479,16.48451
109938,Tuczno,ul. Szkolna 41,53.19656,16.15513
109953,Bądkowo,ul. Włocławska 13,52.70332,18.78917
109960,Mścice,ul. Szkolna 1A,54.2156,16.09398
109966,Przewóz,ul. Pocztowa 5,51.47831,14.94748
109971,Niechanowo,ul. Różana 33,52.46553,17.68252
109999,Rajsko,4a,51.75228,18.31629
110001,Kórnica,ul. Główna 2,50.40819,17.89596
110002,Jastrzębie-Zdrój,os. 1000-lecia 9,49.99055,18.62418
110007,Łochowo,ul. Wierzbowa 2,53.12154,17.83811
110019,Hel,ul. Szkolna 1,54.60807,18.80162
110041,Pomlewo,ul. Szkolna 3,54.22625,18.36664
110042,Borowina,ul. Długa 1,54.1687,18.27656
110060,Kiełczygłów,ul. Tysiąclecia 8,51.23811,18.98624
110068,Mykanów,ul. Słoneczna 114,50.92327,19.19704
110113,Złotów,ul. Królowej Jadwigi 54,53.36388,17.05159
110118,Zbrachlin,16,52.78753,18.86916
110150,Niszczewy,2,52.78646,18.83072
110154,Siennica Różana,257,51.00047,23.29802
110158,Brzozów,ul. Parkowa 5,49.69235,22.01437
110188,Paniówki,ul. Zwycięstwa 44,50.23171,18.78055
110189,Brudnowo,25A,52.81096,18.80978
110198,Przyszowice,ul. Szkolna 4,50.24768,18.74108
110199,Włoszakowice,ul. Karola Kurpińskiego 30,51.93191,16.37103
110213,Gierałtowice,ul. Powstańców Śląskich 41,50.2252,18.72585
110215,Królówka,444,49.87687,20.41722
110229,Dębowa Łąka,127,53.25803,19.0962
110230,Tymień,49,54.20322,15.85429
110300,Białystok,ul. Boruty 18,53.16339,23.20323
110320,Hanna,ul. Szkolna 1,51.722,23.50257
110358,Białystok,ul. Fabryczna 10,53.13894,23.16668
110365,Rzeszotary,ul. Wiejska 68,51.25113,16.16356
110379,Stary Wiśnicz,480,49.92324,20.48098
110381,Mysłakowice,ul. Królewska 1,50.84307,15.7853
110382,Łomnica,ul. Karkonoska 160 D,50.87384,15.80668
110400,Krzycko Wielkie,ul. Szkolna 6,51.9081,16.45444
110401,Szczecin,ul. Księżnej Dąbrówki 10,53.49282,14.60739
110406,Nowy Wiśnicz,ul. Szkolna 1,49.91111,20.46388
110408,Bukówiec Górny,ul. Powstańców Wielkopolskich 114,51.94715,16.40282
110410,Jezierzyce Kościelne,ul. Szkolna 25,51.88919,16.41424
110419,Pobiedziska,ul. Gajowa 22,52.47184,17.23798
110431,Kraków,ul. Górka Narodowa 116,50.10675,19.95647
110436,Robakowo,95,53.36095,18.65909
110442,Lewków,ul. Szkolna 6,51.69218,17.86431
110447,Lamki,ul. Szkolna 47,51.66412,17.72965
110452,Gorzyce Wielkie,ul. Szkolna 31,51.6403,17.72823
110457,Sobótka,72,51.77863,17.85705
110462,Topola Mała,ul. Szkolna 115,51.62651,17.76326
110464,Brzezia Łąka,ul. Szkolna 10,51.12509,17.24845
110477,Gorzów Wielkopolski,ul. Bohaterów Westerplatte 10,52.75463,15.22753
110501,Bukowiec,ul. Szkolna 3,51.69183,19.67588
110503,Wtórek,ul. Szkolna 12,51.64498,17.88993
110508,Kobyle,81,49.91917,20.52152
110518,Strzyżowice,ul. 1 Maja 17,50.3866,19.07876
110521,Bobrowice,36,51.95292,15.08552
110522,Wawrzeńczyce,385,50.10606,20.30542
110525,Trzebuska,196,50.2035,22.06836
110530,Sarnów,ul. Szkolna 5,50.37146,19.14535
110535,Dłużyna,ul. Szkolna 1,51.96837,16.37387
110548,Miłkowice,ul. Wojska Polskiego 75,51.25548,16.0597
110560,Jarczów,ul. Szkolna 3,50.4245,23.59102
110996,Zaczarnie,25,50.06344,21.06894
110999,Izbicko,ul. 15 Grudnia 32 A,50.57415,18.16493
111000,Otmice,ul. Klonowa 28,50.55431,18.14474
111001,Krośnica,ul. Szkolna 18,50.61541,18.19338
111022,Stare Żukowice,132a,50.08772,21.10743
111024,Wałdowo Szlacheckie,ul. Kochanowskiego 26,53.38622,18.73406
111025,Lisia Góra,ul. Szkolna 2,50.08146,21.04442
111027,Mrzeżyno,ul. Aleja Tysiąclecia 32,54.14392,15.29349
111028,Ślubów,54,51.62537,16.62475
111035,Sztynwag,46,53.40841,18.69489
111041,Dzwola,121B,50.69403,22.56587
111050,Nowa Jastrząbka,156,50.12301,21.14775
111078,Lutomiersk,ul. marszałka J. Piłsudskiego 1,51.75049,19.21861
111091,Kocudza Pierwsza,29,50.67067,22.6214
111103,Krzemień Pierwszy,192,50.70077,22.53079
111109,Witoszyce,10,51.74344,16.51528
111132,Stare Bogaczowice,ul. Główna 172A,50.8493,16.19514
111149,Mokre,ul. Złota 2,53.53437,18.81959
111150,Piaski,10,53.41945,18.78493
111153,Czernina,ul. Szkolna 2,51.71891,16.61364
111187,Wrocław,ul. Prosta 16,51.10458,17.0187
111193,Zawonia,ul. Szkolna 26,51.31081,17.19234
111195,Czeszów,ul. Marii Konopnickiej 18,51.38068,17.24931
111275,Kuźnia Raciborska,ul. Klasztorna 1,50.20028,18.3137
111279,Stanisław Dolny,73,49.90226,19.6588
111282,Wąsosz Górny,ul. Witosa 11,51.06595,18.99907
111305,Igołomia,252,50.09599,20.25129
111317,Rębielice Królewskie,ul. Szkolna 1,50.99506,18.86139
111350,Smołdzino,ul. Bohaterów Warszawy 48,54.66575,17.21048
111387,Niemcza,ul. Bolesława Chrobrego 25,50.71258,16.83246
111395,Płonne,69,53.12295,19.16716
111401,Jaworze,ul. Pałacowa 1,49.79461,18.94904
111473,Mstów,ul. Partyzantów 2,50.82802,19.28393
111488,Jaskrów,ul. Starowiejska 2,50.83755,19.2453
111494,Wiślica,ul. Podwale 1,50.3465,20.67507
111512,Małusy Wielkie,ul. Częstochowska 17,50.80967,19.33902
111592,Starogard Gdański,ul. bp. K. Dominika 32,53.983,18.49117
111598,Bolesławiec,ul. Bankowa 10,51.26128,15.5683
111603,Tuczępy,33,50.5173,20.99131
111605,Niziny,120A,50.50605,21.07116
111616,Racławówka,215,50.00867,21.90458
111618,Dolny Niechobrz,679,49.99617,21.87382
111631,Kielanówka,111,50.02724,21.92973
111681,Stary Bidaczów,42,50.48454,22.58926
111682,Smólsko Małe,45,50.48605,22.78268
111684,Wola Dereźniańska,93,50.48827,22.65734
111685,Bukowa,98,50.58257,22.57001
111687,Babimost,ul. Sportowa 1,52.16098,15.83976
111705,Kamieniec Ząbkowicki,ul. Szkolna 10,50.53793,16.89625
111728,Biała Druga,142,50.72079,22.43381
111756,Domaszkowice,47,50.45096,17.43894
111762,Ślesin,ul. Żwirki i Wigury 55,52.36473,18.30342
111804,Krzęcin,ul. Pogodna 4,53.07816,15.49124
111833,Więcki,ul. Szkolna 1,50.44312,20.14112
111851,Zawady,ul. Kościuszki 2,53.15629,22.66788
111947,Włocławek,ul. Willowa 8,52.67281,19.06768
111953,Rzeszów,ul. Fryderyka Szopena 32,50.03286,22.00388
111954,Rzeszów,ul. Fryderyka Szopena 32,50.03286,22.00388
112022,Krynica Morska,ul. Gdańska 55A,54.37712,19.43144
112043,Włocławek,ul. Leśna 24,52.6437,19.08166
112051,Bielawa,ul. Stefana Żeromskiego 1,50.69716,16.64073
112093,Gaj Mały,32,52.6481,16.53054
112104,Tyrowo,41,53.67287,19.88946
112106,Samborowo,ul. Szkolna 8,53.66476,19.81871
112115,Regnów,95,51.74886,20.3859
112135,Czeremcha,ul. Szkolna 2,52.51787,23.34748
112157,Lubomino,ul. Kopernika 4,54.06658,20.23417
112160,Chodel,ul. Szkolna 19,51.11254,22.13045
112172,Budziszewice,ul. Szkolna 4,51.66007,19.93293
112205,Pasym,ul. Jana Pawła II 4,53.63976,20.77777
112234,Młynary,ul. Warszawska 1,54.18592,19.72019
112312,Bielsko-Biała,ul. Starobielska 9,49.82968,19.03621
113455,Kamień,119,50.3441,22.13143
113472,Nowogródek Pomorski,ul. Szkolna 4,52.91128,15.02927
113556,Kamień,ul. Podlesie 151,50.32446,22.09067
113573,Rymanów,ul. Szkolna 2,49.57647,21.8639
113578,Strzelce Małe,33,51.09966,19.79014
113608,Kamień,ul. Krzywa Wieś 127,50.30605,22.11979
113617,Karsko,ul. Gorzowska 9,52.90537,15.11826
113645,Pozezdrze,ul. 1 Maja 1,54.13844,21.85736
113661,Dylewo,6,53.53905,20.01779
113668,Przytoczno,25,51.6138,22.27362
113688,Ratoszyn Drugi,192,51.08004,22.16438
113703,Kołbacz,ul. Cystersów 9,53.3004,14.81362
113761,Pałecznica,ul. św. Jakuba 43,50.29179,20.29511
113769,Przywidz,ul. Szkolna 1,54.19653,18.32634
113772,Bytom,ul. Skrajna 14a,50.33895,18.90101
113820,Jodłowa,347,49.8742,21.26334
113821,Jodłowa,798,49.85474,21.26176
113822,Dębowa,81,49.85381,21.34053
113826,Jodłowa,5,49.87767,21.30857
113887,Michałowo,ul. Sienkiewicza 21,53.0338,23.61308
113890,Obrzycko,ul. Plac Lipowy 12,52.70677,16.53105
113899,Kuźnica,ul. Jagiellońska 1,53.51461,23.65004
113958,Rzeszów,ul. Stanisława Wyspiańskiego 16a,50.039,21.98717
113966,Łowisko,181,50.30292,22.18063
113979,Lipniki,109,50.54283,17.09709
113999,Nowa Wieś Przywidzka,ul. Szkolna 4,54.23262,18.2697
114017,Leśna Podlaska,ul. Bialska 25,52.13381,23.02549
114041,Olsztyn,ul. 11 Listopada 5,53.77809,20.4787
114045,Olsztyn,ul. Jasna 2,53.78292,20.49647
114056,Olsztyn,ul. Kardynała Stefana Wyszyńskiego 11,53.76453,20.50439
114111,Wojsławice-Kolonia,1,50.91558,23.55519
114114,Gorzów Wielkopolski,ul. Waldemara Kućki 1,52.75725,15.26078
114126,Gorzów Wielkopolski,ul. Kazimierza Wielkiego 65,52.7524,15.23209
114172,Skoczów,ul. Gustawa Morcinka 20,49.79331,18.78184
114211,Wołowice,ul. Podedwór 37,49.99408,19.73096
114213,Sosnowica,ul. Wojska Polskiego 27,51.51931,23.09547
114221,Łódź,ul. Sosnowa 9,51.74637,19.46682
114222,Łódź,ul. Sosnowa 9,51.74637,19.46682
114224,Gamów,ul. Długa 47,50.13607,18.12754
114226,Szonowice,ul. Konopnickiej 2,50.15868,18.15256
114253,Nowy Kamień,26,50.32699,22.14278
114313,Rybna,ul. Szkolna 4,50.0512,19.65109
114321,Radziejów,ul. Szkolna 28,52.61902,18.53121
114399,Perzów,77A,51.27282,17.81111
114402,Trębaczów,142,51.22041,17.8022
114453,Przewłoka,98,51.6473,23.0056
114466,Sosnowiec,ul. Mariacka 18,50.28907,19.13346
114467,Świnoujście,ul. Grunwaldzka 47,53.89784,14.23021
114469,Przeworno,ul. Kolejowa 4D,50.68771,17.17004
114527,Stanin,149,51.87166,22.19101
114561,Karczmiska Pierwsze,ul. Szkolna 1,51.22989,21.995
114591,Niedoradz,ul. Markiewiczowej 7,51.87394,15.67019
114592,Lipniak,5,51.91666,22.12361
114612,Wojnowice,ul. Polna 2,50.05304,18.15441
114674,Borucin,ul. Bończyka 13,50.00551,18.15414
114695,Bardo,ul. Polna 1,50.50768,16.7337
114701,Bratkowice,150,50.11477,21.89875
114747,Skoczów,ul. Mickiewicza 11,49.79904,18.78699
114790,Godziesze Wielkie,ul. Ks. Augustyna Kordeckiego 8,51.64728,18.18493
114797,Baborów,ul. Wiejska 5A,50.15895,17.98699
114808,Wola Droszewska,45,51.6301,18.10408
114810,Stobno Siódme,26,51.67599,18.14775
114827,Mchy,39,52.01922,17.23544
114832,Podedwórze,96,51.69116,23.20329
114844,Tchórzew-Kolonia,186,51.68327,22.52961
114849,Biadoliny Radłowskie,135,49.99488,20.76062
114850,Abramów,ul. Szkolna 31,51.46,22.30614
114853,Olszyny,57,49.88865,20.81957
114862,Czarna Wieś Kościelna,ul. Szkolna 1,53.29978,23.21648
114881,Płaska,ul. Generała Ignacego Prądzyńskiego 47,53.90512,23.26577
114915,Darłowo,ul. Zwycięstwa 1,54.43496,16.37744
114947,Berezka,ul. Osiedlowa 2,49.39072,22.38672
115008,Kamień,ul. Piaski 2A,50.01442,19.58607
115010,Czernichów,ul. Kościelna 8,49.98716,19.67953
115031,Myczków,109,49.37363,22.41719
115038,Wołkowyja,ul. Szkolna 7,49.33372,22.40533
115043,Bóbrka,50,49.41552,22.44915
115049,Rudnik,ul. Słoneczna 1,50.12309,18.1854
115051,Grzegorzowice,ul. Powstańców Śląskich 22,50.16945,18.23257
115074,Borki,ul. Wojska Polskiego 25,51.71984,22.52161
115080,Olsztyn,ul. Dolna 16,53.74082,20.48825
115081,Łaziska Górne,ul. Cieszyńska 12,50.14,18.83476
115086,Mostkowo,25,53.8503,20.12658
115091,Rusinowice,ul. Lompy 18,50.64405,18.77151
115094,Jurki,53,53.95095,19.94773
115108,Czasław,105,49.84745,20.11551
115109,Wola Osowińska,ul. Parkowa 7,51.73586,22.46676
115138,Włocławek,ul. Łęgska 26,52.65713,19.07696
115142,Tarnów,ul. Józefa Poniatowskiego 5,50.01897,20.99049
115161,Laskówka Chorąska,ul. Centralna 100,50.12271,20.97124
115192,Nowy Sącz,pl. Kolegiacki 2,49.62513,20.69419
115212,Poznań,ul. Świerzawska 18,52.40059,16.86132
115244,Olsztyn,ul. Edwarda Mroza 25,53.73704,20.49739
115249,Olsztyn,ul. Wincentego Pstrowskiego 5a,53.76863,20.48803
115287,Szarwark,2,50.14107,21.04867
115300,Zwierzyniec,ul. Partyzantów 3,50.6146,22.96927
115350,Pławce,38,52.30435,17.28036
115351,Brodowo,ul. Szkolna 1,52.18871,17.32032
115355,Jarosławiec,34a,52.25535,17.22913
115363,Biskupiec,ul. Ludowa 5,53.86192,20.94552
115377,Kuczków,ul. Parkowa 11,51.82952,17.83975
115381,Górki Wielkie,ul. Szkolna 1,49.77443,18.85412
115407,Gorzykowo,3,52.40727,17.71521
115423,Tarnawatka,ul. Lubelska 62,50.52984,23.39507
115430,Grabin,ul. Nyska 90,50.59578,17.51938
115470,Szczecin,ul. ks. Piotra Skargi 23,53.43918,14.53203
115560,Bielsko-Biała,ul. Stanisława Dubois 4,49.82751,19.04744
115608,Cedry Wielkie,ul. Osadników Wojskowych 21,54.24876,18.84552
115622,Wyżnica,33,50.94272,22.15154
115644,Bogaczów,ul. Szkolna 4,51.84941,15.26441
115647,Brzeg,ul. Bolesława Chrobrego 13,50.85885,17.47103
115668,Osiek,ul. Partyzantów Kociewskich 51,53.72332,18.4931
118384,Tropiszów,212,50.10428,20.21632
118389,Żurada,ul. Słoneczna 1,50.25474,19.54194
118397,Morawin,18,51.42466,18.16647
118415,Wrocław,ul. Sieradzka 5,51.09326,17.03139
118425,Różanna,9,52.54093,18.02297
118473,Bielsko,98,52.53442,18.08289
118474,Klecza Dolna,ul. Krakowska 4,49.87412,19.52579
118519,Dobranowice,67,50.10701,20.29905
118533,Słowikowo,24,52.51637,17.93549
118555,Lubnowy Małe,28,53.78545,19.32764
118556,Kamieniec,20,53.7653,19.37172
118573,Przewodów,1,50.47458,23.92734
118579,Przerzeczyn-Zdrój,ul. Zdrojowa 14,50.68526,16.82376
118584,Lipice,13,52.02146,18.01641
118585,Biskupice,55,52.09165,18.0098
118638,Szczecin,ul. ks. Piotra Wawrzyniaka 6E,53.43937,14.52914
118686,Stawnica,11,53.40474,17.06913
118688,Zaręba,ul. Szkolna 2,51.10602,15.23654
118705,Gilów,49,50.75969,22.73789
118706,Zalesie,22,53.36279,16.95128
118714,Charlęż-Kolonia,17,51.33196,22.72039
118721,Januszówka,33a,51.35083,22.79317
118727,Skierniewice,ul. Armii Krajowej 4,51.98175,20.1624
118737,Olszanica,20,49.47632,22.43716
118740,Uherce Mineralne,150,49.46184,22.40512
118747,Bielica,11,54.08523,19.80898
118748,Torzeniec,54,51.38725,18.11875
118750,Przytocznica,34,51.42972,18.03787
118782,Zawieprzyce,121,51.35724,22.75729
118823,Lublin,ul. Tadeusza Jacyny-Onyszkiewicza 17,51.23436,22.47472
118844,Rychnów,16,51.87084,18.0397
118848,Hucisko,ul. Osiedle 3,50.44796,22.39596
118849,Gózd,46a,50.51661,22.42089
118850,Krzeszów Górny,109,50.41916,22.38407
118870,Malbork,ul. Władysława Stanisława Reymonta 24,54.03234,19.03657
118937,Korczów,1b,50.50632,22.72013
118948,Przytocko,17,54.1213,16.84171
118954,Elbląg,ul. Saperów 14c,54.16239,19.42462
118957,Kraków,ul. Kwiecista 25,50.00835,19.8927
118973,Goszczyna,28,50.90141,17.12874
118980,Złotów,ul. Moniuszki 18,53.36006,17.05146
119005,Bielsko-Biała,ul. Startowa 29,49.79066,19.05478
119042,Sarbinowo Drugie,11,52.71096,17.55324
119049,Siniarzewo,74,52.73411,18.68681
119121,Koczanów,14,50.21779,20.3485
119140,Kiełpiny,1,53.34908,19.82279
119169,Słup,41,53.29572,19.76139
119173,Wąpiersk,31,53.3075,19.86111
119205,Miłkowice-Janki,12,52.47318,22.6461
119209,Łysiny,ul. Szkolna 14,50.82182,19.6623
119218,Kopanki,52,52.28897,16.31608
119249,Urbanowo,37,52.27107,16.40617
119267,Szczecin,ul. Władysława Broniewskiego 19,53.45485,14.53258
119285,Zawalów,144,50.74119,23.55104
119303,Popów Głowieński,25,52.00332,19.62286
119323,Mąkolice,96,52.00712,19.56197
119329,Lubianków,45,51.9593,19.79428
119334,Sielec,67A,51.03463,23.51843
119342,Leśniowice,24b,50.98888,23.50674
119364,Łódź,ul. Pomorska 437,51.76981,19.56863
119365,Łódź,ul. Pomorska 83/85,51.77763,19.4736
119376,Szwecja,ul. Szkolna 21,53.34945,16.57069
119377,Witankowo,42,53.24741,16.58733
119388,Poznań,ul. Starołęcka 138,52.35372,16.92187
119436,Jerzmanowice,ul. Szkolna 2,50.21316,19.74734
119438,Glichów,29,49.81821,20.09675
119448,Kobielnik,84,49.76781,20.09432
119479,Przeginia,403,50.23602,19.68928
119480,Radomierz,ul. Słoneczna 8,51.98343,16.28415
119486,Pruszcz Gdański,ul. Mikołaja Kopernika 65,54.26747,18.67104
119495,Steniatyn,71,50.51111,23.788
119517,Wrocław,ul. Jana Długosza 38,51.13386,17.06284
119520,Spytkowo,41,54.0807,21.83243
119559,Zielona Góra,ul. Trasa Północna 15,51.95843,15.49286
119564,Zielona Góra,ul. Henryka Sienkiewicza 36,51.93431,15.51369
119634,Zielona Góra,ul. Świętych Cyryla i Metodego 9,51.92754,15.48773
119637,Śniadka Druga,19a,50.95874,20.99433
119693,Tarnów,ul. Księdza Jana Skorupki 9,50.00197,20.95855
119717,Wierchomla Wielka,26,49.41631,20.77757
119721,Starogard Gdański,ul. Chojnicka 70,53.96772,18.52267
119750,Kałęczyn,17,53.71886,21.07024
119755,Kartuzy,ul. 3 Maja 34,54.33824,18.20647
119762,Gdańsk,ul. Cystersów 13,54.40963,18.55714
119828,Żory,ul. Szeptyckiego 6,50.04633,18.69602
119876,Szczecin,ul. Cynowa 9,53.35848,14.59274
119879,Jeżowe,416,50.36812,22.17899
119887,Rękoraj,52,51.51073,19.63598
119891,Jeżowe,813D,50.38174,22.10892
119895,Jeżowe,135,50.37607,22.14547
119939,Jacków,ul. Szkolna 3,50.96049,19.32752
119991,Załuże,213,50.19944,23.17101
120027,Groble,37,50.36588,22.21699
120030,Jata,85,50.39554,22.05945
120031,Katowice,ul. Agnieszki 2,50.27857,19.00446
120076,Stary Nart,57b,50.35583,21.99577
120108,Cholewiana Góra,ul. Młynarze 23,50.35097,22.07527
120244,Bielsko-Biała,ul. Lotnicza 15,49.80835,19.01622
120263,Tarnów,ul. Warzywna 3,50.01292,20.99911
120312,Tomaszów Mazowiecki,ul. Warszawska 95/97,51.54601,20.01364
120392,Mielec,ul. Mickiewicza 17,50.28702,21.42303
120450,Nowa Wieś,7,53.65,20.61023
120461,Kraków,ul. Podgórki Tynieckie 106,50.01181,19.84008
120478,Miłoradz,ul. Szkolna 1,54.01146,18.91792
120479,Zaraszów,64,50.97698,22.58459
120493,Zagórz,ul. Piłsudskiego 70,49.50708,22.25878
120494,Popowo Kościelne,21,52.71022,17.26121
120634,Wytyczno,143,51.43359,23.25028
120645,Gdańsk,ul. Jagiellońska 5 A,54.41306,18.59077
120706,Inowrocław,ul. Szklarska 7,52.8085,18.24709
120747,Wrocław,ul. Nowodworska 70-82,51.11558,16.95649
120826,Konin,ul. Spółdzielców 30,52.23394,18.22523
120907,Wałbrzych,ul. Józefa Pankiewicza 5,50.76425,16.28108
120926,Sokoły,ul. Kościelna 5,52.99144,22.69759
120959,Ostroróg,ul. Jana Ostroroga 14,52.6266,16.44522
120961,Łąkociny,ul. Szkolna 14,51.66399,17.6588
120964,Słaborowice,8,51.71975,17.85224
120966,Franklinów,43,51.6943,17.81516
121217,Wysoka Strzyżowska,312,49.82253,21.74063
121368,Siekierczyn,200A,51.11749,15.1968
121530,Kętrzyn,ul. Adama Asnyka 8,54.07737,21.37937
121537,Radziemice,2,50.25452,20.23466
121563,Janowiec,ul. Osiedle Szkolne 5b,51.32771,21.88025
121584,Dubica Dolna,32,51.79679,23.15275
121610,Łódź,ul. Fabryczna 4,51.75655,19.47215
121671,Stare Pole,ul. Generała Józefa Bema 6,54.05064,19.20048
121702,Słupia,144,51.85396,19.96983
121704,Winna Góra,40,51.86453,19.92088
121748,Bańska Niżna,ul. Papieska 141,49.40385,20.01002
121749,Bańska Wyżna,ul. Szlak Papieski 64,49.39066,19.9806
121759,Wieruszów,ul. Teklinowska 27,51.30558,18.13282
121761,Dąbrowice,ul. Kłodawska 1,52.31122,19.08458
121788,Dziewin,231,50.0743,20.45416
121789,Mościsko,ul. Szkolna 12,50.77674,16.59202
121792,Świniary,174,52.43511,14.81907
121793,Ciche,453a,49.36081,19.8606
121802,Kąty,183,49.57182,21.51405
121821,Białka Tatrzańska,ul. Środkowa 184,49.39001,20.10535
121822,Bukowina Tatrzańska,ul. Kościuszki 11,49.34245,20.10702
121824,Wola Wiązowa,42,51.32502,18.91167
121825,Leśnica,ul. Polna 44,49.40349,20.06088
121834,Husynne,118,50.8356,23.97607
121838,Czerniczyn,79,50.75223,23.90156
121868,Ostroszowice,ul. Bielawska 58,50.64405,16.63877
121870,Koszarawa,675,49.63838,19.44438
121872,Siedlęcin,ul. Kościelna 5,50.93787,15.68663
121903,Czernica,125,50.98133,15.72758
121904,Stanica,ul. Gliwicka 18,50.20532,18.51517
121912,Zawoja,900,49.6425,19.54016
121913,Zawoja,2000,49.65923,19.55585
121914,Zawoja,1570,49.6282,19.52261
121918,Pilchowice,ul. Szkolna 1,50.21673,18.55815
121923,Żernica,ul. Leopolda Miki 37,50.24374,18.61614
121926,Krzanowice,ul. Akacjowa 1,50.01441,18.12682
121944,Kłecko,ul. Gnieźnieńska 7a,52.63037,17.43319
121950,Piława Dolna,ul. Główna 50,50.70304,16.68735
121955,Somonino,ul. Osiedlowa 17,54.27248,18.20419
121957,Goręczyno,ul. Szkolna 7,54.26125,18.1666
121960,Czastary,ul. Szkolna 4,51.25887,18.32218
121981,Wilcza,ul. Karola Miarki 27,50.19482,18.58537
121984,Jaszczurowa,255,49.80373,19.52109
121987,Orchówek,ul. Szkolna 35,51.52482,23.56738
121991,Żuków,125,51.6067,23.41243
121998,Różanka,ul. Róży Marii Zamoyskiej 1,51.61704,23.52928
122001,Jeżyczki,29,54.3391,16.39703
122029,Jeżów Sudecki,ul. Kręta 27,50.93524,15.74512
122034,Środa Wielkopolska,ul. Akacjowa 13,52.23507,17.25036
122067,Sępopol,al. Wojska Polskiego 8,54.26722,21.0093
122073,Częstochowa,ul. św. Barbary 32,50.80675,19.09508
122141,Mikołajki,ul. Leśna 2,53.79564,21.56441
122154,Słupia Wielka,28,52.22103,17.21328
122163,Częstochowa,ul. Olsztyńska 42,50.80762,19.13733
122174,Wola Radziszowska,ul. Szkolna 10,49.90705,19.78981
122201,Pewel Wielka,100,49.67372,19.37361
122211,Karnice,ul. Szkolna 13,54.0346,15.04803
122216,Przyborów,ul. Jana Kazimierza 217,49.61625,19.36877
122219,Sopotnia Mała,201,49.61673,19.27724
122237,Miłków,ul. Szkolna 2,50.80717,15.75856
122243,Korbielów,ul. Beskidzka 40,49.58199,19.34306
122291,Dulsk,28A,53.06094,19.11179
122305,Bestwina,ul. Szkolna 11,49.89545,19.06331
122307,Janowice,ul. Janusza Korczaka 2,49.88401,19.09566
122316,Bestwinka,ul. Dworkowa 3,49.9188,19.06072
122328,Kaniów,ul. Batalionów Chłopskich 15,49.93903,19.04936
122332,Kościerzyna,ul. Gen. Stanisława Maczka 30,54.13344,17.97804
122363,Goczałków,ul. Szkolna 1,51.00176,16.32827
122365,Jaroszów,98,50.98829,16.41767
122381,Stefankowice,26,50.90551,23.84844
122399,Moniatycze,148,50.86377,23.86985
122400,Trąbin,6,53.09184,19.26941
122401,Kozodawy,83,50.75909,23.93566
122403,Szpikołosy,34,50.86797,23.92726
122406,Ostrowite,63,53.06953,19.29563
122407,Mieniany,50,50.7307,23.94638
122437,Stanowice,ul. Świebodzka 9,50.92977,16.37338
122459,Nieszawa,ul. Zjazd 5,52.83023,18.89215
122462,Ścinawa Mała,ul. Klasztorna 4,50.42,17.54271
122463,Mycielewo,6,52.98952,17.57238
122473,Rusiec,ul. Wieluńska 33,51.32672,18.99043
122491,Wysokie,15,52.23876,18.4727
122505,Łódź,ul. Krzemieniecka 24a,51.75613,19.41652
122528,Lewin Kłodzki,ul. Kościelna 1,50.40467,16.29053
122532,Olsztyn,Aleja Marszałka Józefa Piłsudskiego 68,53.76932,20.52039
122560,Brzozowo,ul. Miodowa 2,53.31419,18.42371
122564,Trzebczyk,2,53.24353,18.45715
122669,Turka,294,51.28611,22.67754
122674,Kijewo Królewskie,ul. św. Wawrzyńca 6,53.27362,18.44669
122705,Dąbrowa,51,50.05795,21.81048
122790,Urszulin,ul. Szkolna 23,51.39404,23.19116
122850,Człuchów,ul. Szkolna 3,53.67041,17.36246
122913,Pogórze,ul. Zamek 8,49.80102,18.81915
122914,Kraków,ul. Jana Kurczaba 5,50.01484,20.00478
122920,Ochaby Małe,ul. Ludwika Krzempka 2,49.84462,18.76434
122930,Rzeszów,ul. Stanisława Wyspiańskiego 16B,50.03866,21.98738
122972,Gorzów Wielkopolski,ul. Słowiańska 1,52.75222,15.12993
122982,Radgoszcz,pl. św. Kazimierza 10,50.20615,21.11307
122998,Kudowa-Zdrój,ul. Szkolna 8,50.43768,16.24352
123017,Luszowice,ul. Tarnowska 31,50.14618,21.09961
123028,Przemyśl,ul. Księdza Piotra Skargi 7,49.78458,22.76347
123062,Świętoszów,ul. Szkolna 10,51.47655,15.39112
123068,Zakopane,ul. Jagiellońska 4,49.29892,19.96195
123073,Kamyk,ul. Szkolna 5,50.89737,19.03065
123075,Żory,ul. Aleja Zjednoczonej Europy 29,50.03386,18.68806
123078,Momoty Górne,23,50.60001,22.40468
123157,Piotrków Trybunalski,ul. Romana Dmowskiego 38,51.40161,19.66638
123256,Osiecznica,ul. Lubańska 35,51.3267,15.42037
123259,Krotoszyn,ul. Garncarska 9,51.69368,17.43681
123265,Sosnowiec,ul. Żytnia 26,50.29048,19.13099
123288,Wrocław,ul. Franklina Delano Roosevelta 15,51.1228,17.04245
123290,Siennica Nadolna,os. Cukrowni 79a,51.02171,23.17935
123291,Wrocław,ul. Zatorska 11,51.16115,17.1272
123323,Krzyżowa,ul. Szkolna 13,49.60036,19.33161
123327,Lwówek Śląski,ul. Szkolna 1,51.1092,15.58638
123333,Środa Wielkopolska,ul. Surzyńskich 2,52.23507,17.26793
123335,Chełm,ul. Wojsławicka 8A,51.12445,23.4823
123345,Jeleśnia,ul. Rynek 11,49.62863,19.33133
123347,Sopotnia Wielka,298,49.58416,19.30134
123349,Jeleśnia,ul. Żywiecka 17,49.6559,19.31485
123352,Śrem,ul. Szkolna 4,52.09402,17.02424
123535,Bolechowice,ul. Zielona 2A,50.12754,19.80771
123537,Milicz,ul. Jarosława Dąbrowskiego 3,51.52128,17.27963
123551,Poznań,ul. Sierakowska 23,52.40656,16.88009
123563,Kurowice,ul. Szkolna 1,51.66456,19.68993
123570,Wysocko Wielkie,ul. Sadowska 2,51.62189,17.8546
123590,Tomaszów Lubelski,ul. Króla Zygmunta 63,50.44756,23.42953
123636,Tylice,39,53.42418,19.66153
123643,Kozy,ul. Cmentarna 19,49.8446,19.13745
123662,Opole,ul. Olimpijska 2 i 4a,50.6228,17.99669
123678,Gniezno,ul. Elizy Orzeszkowej 20,52.52967,17.57712
123774,Chełmno,ul. Słowackiego 1,53.34878,18.43809
123778,Kalisz,ul. Skalmierzycka 2a,51.75222,18.0914
123779,Września,ul. Kosynierów 32,52.33021,17.57283
123798,Przecław,83,51.60325,15.75179
123807,Wszembórz,75,52.18682,17.62722
123810,Cisie,ul. Cisiańska 46,50.78308,18.90338
123853,Katowice,ul. Kostki Napierskiego 38,50.20504,18.97754
123874,Mierzeszyn,ul. Wolności 19,54.19867,18.42041
123875,Oszczywilk,11a,51.63986,21.98381
123935,Łódź,ul. Obornicka 11/13,51.78799,19.43172
123987,Inowrocław,ul. Jagiellońska 8,52.79142,18.27283
124006,Chodzież,ul. Tadeusza Siejaka 29,52.97285,16.91397
124084,Gdańsk,ul. Azaliowa 18,54.35232,18.51162
124090,Kraków,ul. Skośna 47,50.00914,19.90502
124121,Katowice,ul. J. Gallusa 10,50.24384,18.99396
124172,Sopot,ul. Tatrzańska 19,54.45473,18.55022
124174,Grodzisk Wielkopolski,ul. Żwirowa 15a,52.22992,16.36127
124207,Ostróda,ul. Adama Mickiewicza 32,53.70661,19.9593
124225,Długołęka,50,53.27915,22.82016
124246,Bełchatów,ul. Lipowa 5,51.36229,19.36332
124250,Starkowo,94,51.97896,16.30819
124262,Końskie,ul. Towarowa 4,51.18702,20.42598
124273,Marianka,97,51.1115,22.43708
124313,Bibice,ul. Graniczna 111,50.14769,19.95847
124316,Ustka,ul. Darłowska 3B,54.57838,16.85801
124356,Dębica,ul. Ratuszowa 9,50.05994,21.41133
124365,Macoszyn Duży,5,51.37544,23.51291
124388,Tczew,ul. Czyżykowska 70,54.07871,18.80018
124389,Smolnica,51,52.78845,14.63876
124393,Tczew,ul. Okrzei 2,54.08723,18.80112
124408,Boćwinka,13,54.21899,22.15251
124413,Galwiecie,18,54.3059,22.42257
124465,Bydgoszcz,ul. Mińska 15,53.13541,17.94857
124469,Wrocław,ul. Jemiołowa 57,51.11235,16.986
124470,Myślenice,ul. Andrzeja Średniawskiego 27,49.83352,19.93357
124492,Dębołęka,13,53.37859,16.32206
124498,Wrocław,ul. Partynicka 29-37,51.06427,16.99405
124500,Wrocław,ul. Drukarska 52,51.08758,17.02159
124508,Wrocław,ul. Stabłowicka 143,51.16963,16.902
124565,Mikołów,ul. Wspólna 3a,50.16303,18.91847
124754,Zawiercie,ul. Mrzygłodzka 35,50.49908,19.40562
124769,Stolec,101,50.58823,16.88402
124811,Poznań,ul. Wagrowska 9,52.37475,16.94824
124867,Koszęcin,ul. Leśna 2,50.63301,18.84741
124921,Jerzmanice-Zdrój,20,51.11234,15.88848
124931,Konstantynów Łódzki,ul. Ignacew 9,51.76056,19.26772
124980,Łąka,ul. Zdrojowa 64,49.96095,18.93209
125009,Dobiesław,3a,54.30856,16.36109
125104,Fiukówka,9,51.83598,22.11357
125106,Radoryż Smolany,26,51.80293,22.12935
125110,Wola Okrzejska,ul. Henryka Sienkiewicza 96,51.74604,22.12904
125174,Gdańsk,ul. Piekarnicza 16 B,54.3521,18.58574
125220,Gryfice,ul. Kościuszki 19,53.91609,15.19496
125282,Jarosław,ul. Pruchnicka 2,50.01027,22.67366
125410,Zarzecz Łukowski,54,51.91662,22.54003
125545,Poznań,ul. Romka Strzałkowskiego 5/7,52.41252,16.90752
125675,Stargard,ul. Pierwszej Brygady 15,53.3316,15.03991
125687,Chojnice,ul. Igielska 8,53.70557,17.56822
125690,Szubin,ul. Kcyńska 36,53.00376,17.72166
125805,Dąbrowa Górnicza,ul. Emilii Zawidzkiej 10,50.32896,19.2066
125831,Lublin,ul. Zemborzycka 132-136,51.20245,22.56016
126046,Lubaczów,ul. Tadeusza Kościuszki 145,50.16032,23.13761
126075,Sobótka,ul. Słoneczna 31,50.89701,16.73118
126199,Przęsocin,ul. Szkolna 1,53.51468,14.56042
126568,Kowale,ul. Siostry Faustyny 14,54.31239,18.56081
126573,Nowa Jedlanka,1,51.50599,22.92718
126693,Tarnawa,119,50.57255,20.00782
126697,Krzcięcice,34,50.58403,20.1767
126698,Rydzewo,ul. Mazurska 22,53.13588,21.73363
126699,Wyszatyce,152,49.83988,22.88352
126702,Maćkowice,64,49.85583,22.69982
126706,Orzechowce,60,49.85233,22.77411
126710,Ostrów Wielkopolski,ul. Krotoszyńska 156,51.65808,17.77687
126839,Książki,ul. Szkolna 6,53.32727,19.07027
126846,Tomaszów Lubelski,ul. Jana Kilińskiego 7,50.45131,23.42007
126942,Zielona Góra,ul. Leopolda Staffa 10,51.93294,15.51683
126944,Gdańsk,Aleja Grunwaldzka 186,54.38485,18.59262
126970,Gorzów Wielkopolski,ul. Kazimierza Wielkiego 65,52.7524,15.23209
127214,Wałbrzych,ul. Strzegomska 20,50.77319,16.32949
127462,Szczecin,ul. Lucjana Rydla 49,53.38072,14.65663
127463,Kraków,Osiedle Urocze 14,50.07789,20.03799
127469,Kielce,ul. Peryferyjna 17,50.90338,20.63998
127578,Kraków,ul. Karmelicka 45,50.0678,19.92814
127581,Białystok,ul. Kijowska 2,53.12838,23.14934
127603,Skierniewice,ul. Melchiora Wańkowicza 9,51.97378,20.14706
127608,Zalasewo,ul. Jana Heweliusza 26,52.38416,17.06747
127611,Tarnów,ul. Pszenna 3,49.98847,20.92382
127649,Kraków,ul. Kamienna 21,50.07623,19.94179
127651,Nowy Tomyśl,Osiedle Północ 37A,52.32163,16.11815
127680,Trzebcz Szlachecki,18,53.22252,18.47179
127794,Ostrowiec Świętokrzyski,ul. Górna 3,50.92907,21.35807
127796,Ostrowiec Świętokrzyski,ul. Bałtowska 336a,50.9566,21.426
127800,Ostrowiec Świętokrzyski,ul. Ferdynanda Focha 3,50.93324,21.3891
127807,Węgrowo,46,53.46162,18.81429
127811,Gniezno,ul. Stanisława Chudoby 16a,52.54161,17.60921
127841,Kamionki,ul. Mieczewska 36,52.27839,16.99179
127932,Rzeszów,ul. Konfederatów Barskich 40b,50.04559,22.02971
127933,Zielona Góra,ul. Dzika 6,51.9461,15.52411
127935,Mosty,ul. Długa 42a,54.54833,17.78512
127981,Rzeszów,ul. bł. Karoliny 21,50.0437,21.95208
128096,Żegiestów,77A,49.37704,20.79628
128114,Bielsko-Biała,ul. 1 Maja 17,49.8181,19.04598
128130,Słabkowice,61,50.53151,20.76649
128156,Jelcz-Laskowice,ul. Bolesława Świętochowskiego 1,51.04254,17.34804
128180,Jarocin,ul. Przemysłowa 3,51.96911,17.48657
128236,Luboń,ul. Armii Poznań 27,52.34808,16.89665
128282,Piotrowice,ul. Czereśniowa 2,52.30864,17.88693
128284,Grudziądz,ul. Ludwika Waryńskiego 102,53.48659,18.81051
128295,Stary Sącz,ul. Wiktora Bazielicha 10C,49.57204,20.63489
128330,Łajsce,155,49.67071,21.53828
128332,Czeluśnica,77,49.72815,21.53529
128412,Wilkowyja,ul. Powstańców Wielkopolskich 41,52.00464,17.54118
128416,Łopuchowo,15,52.61448,17.09284
128463,Umieszcz,12,49.71553,21.5545
128484,Goczałkowice-Zdrój,ul. Uzdrowiskowa 37,49.94173,18.97717
128489,Lubczyna,ul. Lipowa 14,53.50336,14.70591
128518,Pogwizdów,58,50.437,19.93419
128527,Swojczany,200,50.41145,19.91108
128568,Białystok,ul. Szkolna 2A,53.12455,23.08465
128593,Żywiec,ul. Powstańców Śląskich 2a,49.68617,19.20572
128604,Chechło,ul. Szkolna 1,50.40968,18.46526
128617,Ciele,ul. Osiedle 76,53.07733,17.90661
128620,Bielsko-Biała,ul. Dawna 12,49.81814,19.05717
128627,Święck Wielki,29A,52.88231,22.40426
128630,Lublin,ul. Gęsia 5,51.22825,22.48041
128646,Pszczyna,ul. Bielska 54,49.95989,18.96159
128648,Wałbrzych,ul. Obrońców Westerplatte 39,50.80701,16.27989
128665,Zakopane,ul. Droga do Olczy 26,49.28889,19.98204
128726,Leszno,ul. Iglasta 4,51.85694,16.60795
128735,Kraków,ul. Zawiła 4,50.00697,19.92169
128750,Górka Duchowna,12,51.95192,16.59488
128751,Wolibórz,55,50.5886,16.55474
128758,Borowo,"49, 76",52.11699,16.77987
128764,Augustów,ul. Wojska Polskiego 53a,53.83628,22.97172
128773,Toruń,ul. Marii Skłodowskiej-Curie 12A,53.02744,18.6385
128795,Kielce,ul. Karczówkowska 27,50.86768,20.60997
128808,Koszalin,ul. Wenedów 3,54.1777,16.17828
128867,Elbląg,ul. Niepodległości 16,54.18196,19.4072
128914,Brzeźno,ul. Kościelna 30,51.16692,23.61999
128929,Celiny,ul. Radosna 31,50.26742,19.97798
128930,Sieciechowice,ul. Szkolna 6,50.24314,19.97666
128932,Widoma,ul. Krakowska 563,50.20519,20.01424
128936,Baranowo,ul. Platynowa 1,52.44735,16.77769
128949,Sława,ul. Polna 1,51.87597,16.0773
128964,Bielsko-Biała,ul. Błękitna 14,49.80436,19.05372
128971,Waniorowo,15,53.83828,15.19286
128977,Wrocław,pl. Grunwaldzki 3b,51.10928,17.05659
129009,Trzebież,ul. Wkrzańska 10,53.65736,14.51101
129089,Łańcut,ul. Grunwaldzka 10A,50.07068,22.23194
129167,Mechowiec,78,50.28435,21.81108
129265,Szczecin,ul. św. Jana Bosko 1,53.43322,14.51697
129266,Szczecin,ul. św. Jana Bosko 1,53.43322,14.51697
129330,Białystok,Kreatywna 11,53.15601,23.20518
129333,Smerdyna,100,50.59212,21.31859
129357,Szczecin,ul. Adama Mickiewicza 49,53.43817,14.52894
129404,Zabrze,ul. Juliana Ursyna Niemcewicza 1,50.29404,18.77832
129424,Giżycko,ul. Smętka 5,54.03946,21.77604
129459,Włodary,1,50.4679,17.50065
129477,Pyrzyce,ul. Poznańska 3,53.14582,14.89548
129498,Mielec,ul. Sękowskiego 1,50.28938,21.41767
129526,Bytom,ul. Gliwicka 33,50.34696,18.92067
129621,Goleniowy,ul. Kościuszki 20,50.63095,19.87527
129669,Sarbice,4,52.03842,18.70442
129789,Kuchary,99,51.81262,17.99687
129856,Lipki,ul. Szkolna 2,50.90894,17.38964
129926,Rokitno,34,50.5831,19.7818
129930,Biłgoraj,ul. Henryka Sienkiewicza 6,50.527,22.71138
129948,Krzątka,202,50.38617,21.86921
129988,Rumienica,29,53.44537,19.90158
129993,Przemyśl,ul. 3 Maja 38,49.79043,22.76637
130056,Skarżysko-Kamienna,ul. Warszawska 54,51.13274,20.85751
130065,Mołodiatycze,86,50.80864,23.69382
130093,Środa Wielkopolska,ul. Kosynierów 2b,52.23302,17.26244
130109,Żytkiejmy,ul. Plac Wolności 1,54.35309,22.69592
130178,Poznań,ul. Wojska Polskiego 53,52.42757,16.89998
130188,Bachów,43,49.79369,22.48818
130204,Reczpol,87A,49.78443,22.57551
130205,Tychy,ul. Pogodna 37,50.11584,19.04542
130208,Łódź,ul. Klaretyńska 9,51.78951,19.39551
130276,Tulce,ul. Kalinowa 13,52.341,17.07265
130333,Wasilków,ul. Antoniego Bućki 10,53.20607,23.20839
130335,Hadykówka,47,50.32393,21.73568
130348,Poręby Dymarskie,157B,50.31677,21.80659
130371,Gęś,165,51.70232,23.01528
130372,Dawidy,56,51.74033,23.0293
130373,Kolano-Kolonia,44,51.67508,23.06672
130518,Szczecin,ul. Marii Dąbrowskiej 18,53.37682,14.66455
130585,Katowice,ul. Studencka 18,50.21637,18.95957
130789,Bielsko-Biała,ul. gen. Mieczysława Boruty-Spiechowicza 24,49.83027,19.05906
130807,Wysoka,ul. Chabrowa 99,51.04737,17.00778
130884,Plewiska,ul. prof. Wacława Strażewicza 1,52.37286,16.80705
130970,Kraków,ul. Pilotów 4C,50.07838,19.97046
130987,Chronów,173,49.90461,20.54309
131154,Łapszanka,ul. Długa 35,49.35621,20.18792
131156,Trybsz,ul. Świętej Elżbiety 175,49.40863,20.1347
131175,Grudziądz,ul. Chełmińska 121,53.47014,18.74409
131215,Stemplew,35,52.01828,18.90266
131264,Lusówko,ul. Zespołowa 1A,52.42886,16.6469
131297,Kraków,ul. Edmunda Biernackiego 10,50.07288,19.92442
131303,Drohiczyn,ul. Józefa Ignacego Kraszewskiego 4,52.39717,22.65934
131369,Wieliczka,ul. Jasna 24,49.98137,20.04105
131371,Łękawka,133A,49.94754,21.03242
131396,Błonie,20,49.95643,20.90204
131405,Barlinek,ul. Szosowa 3,52.99613,15.2032
131433,Gać,53,50.88709,17.36339
131479,Poznań,ul. Przełajowa 5,52.42632,16.94551
131517,Cudzynowice,195,50.28463,20.48031
131538,Leszczyna,94A,51.03294,22.20927
131553,Jodłówka-Wałki,57,50.05467,21.14173
131572,Sitnica,103A,49.75451,21.13119
131628,Kraków,Osiedle Na Stoku 34,50.09512,20.05246
131654,Wrocław,ul. Romana Dmowskiego 17,51.11772,17.0206
131661,Katowice,ul. Studencka 18,50.21637,18.95957
131712,Biała Podlaska,ul. Kasztanowa 6,52.04427,23.12618
131750,Wrocław,ul. Kiełczowska 43,51.14596,17.12243
131758,Gdańsk,ul. Franciszka Schuberta 79,54.35395,18.59615
131770,Nowy Tomyśl,ul. Ogrodowa 22,52.31407,16.1351
131781,Dobrodzień,ul. Piastowska 35,50.722,18.44674
131786,Gdańsk,ul. Rogalińska 17,54.33197,18.59753
131802,Kraków,ul. Na Błonie 45-45A,50.07431,19.87785
131869,Kramarzewo,1,53.41138,22.41088
131931,Łódź,ul. Bł. Anastazego Pankiewicza 15,51.78665,19.48023
131940,Koło,ul. Ogrodowa 10,52.19591,18.62708
131953,Sowina Błotna,30,51.89633,17.78705
131986,Tarzymiechy Pierwsze,72,50.86197,23.10979
131987,Tarnogóra-Kolonia,72,50.90482,23.09456
131994,Byszwałd,7,53.53417,19.74702
132028,Kuźnica Stara,ul. Szkolna 17,50.64032,19.21408
132039,Uhrusk,25,51.29783,23.63145
132054,Proszenie,98,51.4708,19.76915
132081,Tczew,ul. Kubusia Puchatka 5F,54.0909,18.77014
132097,Nowy Sącz,ul. Piotra Skargi 10,49.62664,20.69147
132109,Poddubówek,17,54.11568,22.88197
132238,Strabla,ul. Wesoła 2a,52.90376,23.10343
132272,Piotrków Trybunalski,ul. Pijarska 7,51.40763,19.69629
132321,Biała Podlaska,ul. kard. Stefana Wyszyńskiego 53/55,52.026,23.14653
132331,Katowice,ul. Techników 7,50.27319,19.0598
132335,Szczecinek,ul. Klasztorna 16,53.69921,16.69876
132362,Poznań,ul. Głogowska 147,52.38628,16.89064
132368,Lublin,ul. Energetyków 1,51.20515,22.55747
132377,Rogów,92,51.2564,21.94513
132410,Poznań,ul. Szamotulska 33,52.40776,16.88197
132413,Chorzów,ul. Tadeusza Kościuszki 11,50.29826,18.96231
132428,Kielce,ul. Bernardyńska 81,50.87066,20.58828
132463,Kraków,ul. Zygmunta Miłkowskiego 9,50.02757,19.91828
132510,Legnica,ul. Radosna 17,51.20125,16.1895
132557,Rumia,ul. Stoczniowców 23,54.56453,18.41566
132562,Łódź,ul. Krzysztofa Kamila Baczyńskiego 156,51.79771,19.36908
132569,Tarnów,ul. Okrężna 4A,50.01182,21.0222
132574,Katowice,ul. Stanisława Kobylińskiego 4,50.25534,19.02597
132576,Płoki,ul. Szkolna 6,50.2053,19.51196
132593,Łódź,ul. Wodna 34,51.76328,19.47649
132609,Kraków,ul. Stelmachów 137,50.09526,19.9043
132610,Kraków,ul. Wincentego Pola 4,50.05735,19.95392
132633,Słupsk,ul. Szczecińska 94,54.4613,17.00483
132694,Ruda Śląska,ul. ks. Ludwika Tunkla 147a,50.27312,18.90843
132815,Wałdowo,1,54.05515,17.16431
132932,Rzeszów,ul. ks. Józefa Jałowego 1,50.03963,21.99755
132953,Katowice,ul. Staromiejska 6,50.25856,19.02286
133015,Białuty,1,53.16763,20.29295
133027,Kraków,ul. św. Jana 7,50.06345,19.93891
133053,Gdańsk,ul. Kazimierza Porębskiego 4,54.31939,18.58382
133109,Szczecin,ul. Budziszyńska 2,53.39999,14.52708
133139,Gdańsk,ul. Głęboka 11,54.3524,18.67369
133160,Wrocław,ul. Świętokrzyska 45-55,51.11883,17.04586
133199,Tychy,ul. Oświęcimska 51,50.12893,19.00047
133220,Ożarów,os. Wzgórze 56,50.88963,21.6568
133268,Rzeszów,ul. Budziwojska 149,49.966,22.00629
133320,Żywiec,ul. Grunwaldzka 5,49.6756,19.22681
133393,Pabianice,ul. Zamkowa 39,51.66615,19.34792
133399,Lublin,ul. Aleja Warszawska 31,51.2533,22.52284
133404,Jaworze,ul. Wapienicka 10,49.79332,18.97058
133415,Sosnowiec,ul. Białostocka 17,50.28991,19.18939
133416,Sosnowiec,ul. Marszałka Józefa Piłsudskiego 114,50.28047,19.10538
133422,Opoczno,ul. Partyzantów 1a,51.3724,20.27813
133432,Czarnków,ul. Wroniecka 136,52.89516,16.55533
133433,Kokanin,67,51.80994,18.09375
133445,Łódź,ul. Jarosławska 29,51.72633,19.46808
133456,Krosno,ul. Wojska Polskiego 28,49.68566,21.77377
133472,Olsztyn,ul. Marii Konopnickiej 11,53.77751,20.46884
133473,Olsztyn,Aleja Sybiraków 3a,53.79251,20.48764
133475,Przejazdowo,ul. Jesionowa 8,54.32382,18.74279
133478,Skawina,ul. Adama Mickiewicza 11 A,49.97525,19.82256
133479,Papowo Biskupie,127A,53.24831,18.56404
133480,Żnin,ul. 1 Stycznia 17,52.84628,17.70935
133481,Skawina,ul. Wincentego Witosa 4,49.96555,19.82626
133482,Wasilków,ul. Adama Mickiewicza 2,53.20015,23.20713
133485,Manowo,ul. Szkolna 13,54.12484,16.2994
133486,Gdynia,ul. Tatrzańska 35,54.51537,18.52544
133487,Kraków,ul. Kluczborska 3,50.08729,19.9291
133488,Kraków,Senatorska 35,50.05368,19.91703
133489,Kraków,ul. Stanisława Konarskiego 2,50.06738,19.92037
133490,Kraków,ul. Złoty Róg 30,50.08158,19.89505
133491,Kraków,ul. Stanisława Jachowicza 5,50.06188,19.97739
133492,Kraków,ul. Józefa Montwiłła-Mireckiego 29,50.01875,19.92417
133493,Kraków,Osiedle Złotego Wieku 36,50.09765,20.00368
133494,Kraków,Osiedle Kolorowe 29,50.07583,20.02256
133495,Kraków,ul. Litewska 34,50.07762,19.92209
133496,Kraków,ul. Skwerowa 3,50.05058,19.92387
133497,Kraków,ul. Seniorów Lotnictwa 5,50.07944,19.9861
133498,Kraków,ul. Franciszka Bujaka 15,50.01011,19.95143
133503,Kraków,ul. Aleksandra Lubomirskiego 21,50.06758,19.95327
133507,Kraków,ul. Sławkowska 20,50.06416,19.93781
133508,Kraków,ul. Grodzka 60,50.05551,19.93842
133510,Kraków,ul. Siostry Faustyny 3,50.02176,19.93688
133513,Kraków,ul. Mirosława Dzielskiego 1,50.0839,19.97598
133514,Kraków,Osiedle Niepodległości 19,50.07982,20.02084
133517,Gliwice,ul. Lipowa 29,50.3023,18.68679
133518,Gliwice,ul. Jasnogórska 15-17,50.29893,18.66146
133519,Gliwice,ul. Orląt Śląskich 25,50.31391,18.67595
133520,Słupsk,ul. prof. Lotha 3,54.46595,17.04606
133521,Gliwice,ul. Syriusza 30,50.32506,18.65165
133523,Boguszyce,55,52.44435,18.5239
133524,Gliwice,ul. Stefana Okrzei 20,50.30197,18.69406
133525,Tomaszów Mazowiecki,ul. św. Antoniego 43/45,51.52632,20.01463
133526,Tomaszów Mazowiecki,ul. Jałowcowa 8,51.52629,20.02465
133527,Tomaszów Mazowiecki,ul. Aleja Marszałka Józefa Piłsudskiego 42/46,51.53069,19.99652
133532,Giżycko,ul. Warszawska 39,54.03638,21.78059
133536,Białystok,ul. Legionowa 7,53.12893,23.15587
133537,Białystok,ul. Spacerowa 6,53.13617,23.18552
133538,Białystok,ul. Marii Konopnickiej 3,53.12497,23.1753
133539,Białystok,ul. Antoniuk Fabryczny 5/7,53.14569,23.12626
133540,Białystok,ul. Piastowska 3D,53.12907,23.18374
133541,Białystok,ul. Porzeczkowa 11,53.15103,23.11963
133542,Białystok,ul. Sokólska 1,53.14912,23.15199
133543,Białystok,ul. Magnoliowa 13,53.11961,23.09594
133544,Białystok,ul. Narewska 11,53.145,23.13636
133554,Sosnowiec,ul. Emila Zegadłowicza 1,50.2712,19.13013
133562,Legnica,ul. Tarasa Szewczenki 10,51.20463,16.14512
133573,Sławęcinek,12,52.82783,18.22002
133577,Bogatynia,ul. Fryderyka Chopina 15,50.90429,14.96408
133579,Czarnków,ul. Harcerska 4,52.90313,16.56625
133580,Węchadłów,155,50.45956,20.35575
133582,Włodawa,ul. Żołnierzy WiN 16,51.55301,23.54095
133583,Tychy,ul. Brzozowa 24,50.12978,18.97248
133584,Tychy,al. Niepodległości 108,50.1139,18.9942
133586,Piła,ul. aleja Niepodległości 2,53.15313,16.73726
133587,Kwidzyn,ul. Moniuszki 5,53.72432,18.93418
133590,Zakopane,ul. Kasprusie 35a,49.28972,19.9493
133594,Morąg,ul. Mickiewicza 25,53.91262,19.93003
133601,Oświęcim,ul. Ignacego Krasickiego 16,50.04072,19.22471
133604,Nowy Sącz,ul. Jana Długosza 2,49.62196,20.69448
133605,Nowy Sącz,ul. Bolesława Limanowskiego 7,49.61081,20.70306
133608,Brzeg Dolny,ul. 1 Maja 21,51.26982,16.71258
133610,Oświęcim,ul. Karola Olszewskiego 2A,50.03213,19.23428
133611,Oświęcim,ul. Wyzwolenia 3,50.04008,19.19969
133618,Nowy Targ,pl. Juliusza Słowackiego 14,49.48298,20.02837
133619,Wrocław,ul. Kolista 17,51.13542,16.97126
133621,Cerekwica Nowa,1,51.92573,17.32647
133626,Parczew,ul. Spółdzielcza 7,51.64199,22.90657
133634,Ruda Śląska,ul. Ludwika Zamenhofa 12,50.23945,18.83089
133637,Ruda Śląska,ul. Ryszarda Sprusa 4,50.31826,18.85452
133641,Ruda Śląska,ul. Ratowników 15,50.28272,18.88549
133642,Ruda Śląska,ul. Szkolna 22,50.26904,18.82631
133644,Wałbrzych,ul. Bolesława Limanowskiego 12,50.76581,16.28
133647,Bedlno,31A,52.20974,19.57577
133651,Opole,ul. Joachima Lelewela 9,50.66215,17.89135
133652,Opole,ul. Niemodlińska 40,50.6652,17.90094
133653,Żołędowo,ul. Bydgoska 24,53.21923,18.05904
133656,Lwówek Śląski,ul. Jana Pawła II 35,51.11348,15.57435
133659,Poznań,os. Jagiellońskie 128,52.39065,16.95454
133660,Malbork,ul. Stefana Żeromskiego 45,54.03368,19.0267
133661,Poznań,ul. Stanisława Wyspiańskiego 27,52.39896,16.89467
133662,Poznań,os. Czecha 59,52.38437,16.97763
133663,Poznań,os. Stefana Batorego 101,52.45627,16.92312
133668,Poznań,ul. Izaaka Newtona 2,52.38299,16.86713
133670,Poznań,ul. Promyk 4,52.40947,16.86991
133671,Poznań,ul. Żniwna 1,52.42377,16.92732
133676,Łomża,ul. Sadowa 12,53.17686,22.07749
133679,Głębokie,88,52.18885,18.88786
133680,Ponętów Górny Drugi,44,52.19016,18.81077
133682,Suwałki,ul. Tadeusza Kościuszki 47B,54.09797,22.9283
133689,Mysłowice,ul. Powstańców 19,50.23739,19.14349
133691,Mysłowice,ul. Wielka Skotnica 84a,50.24346,19.11599
133698,Gostomia,36,53.18939,16.42611
133699,Karsibór,39,53.35255,16.394
133700,Różewo,8,53.19812,16.49446
133704,Pszów,ul. Niepodległości 99,50.03969,18.38989
133706,Chwiram,1,53.2299,16.45317
133709,Gołańcz,ul. Walki Młodych 35d,52.94115,17.29295
133710,Lublin,ul. Smyczkowa 3,51.26548,22.54737
133715,Lublin,ul. Zygmunta Krasińskiego 7,51.24188,22.5146
133716,Lublin,ul. Pogodna 19,51.23218,22.59784
133717,Lublin,ul. Elektryczna 51,51.23007,22.58614
133718,Lublin,ul. Poturzyńska 2,51.27022,22.54756
133721,Sulechów,ul. 1 Maja 7,52.08537,15.62842
133733,Lublin,ul. Aleja Jana Długosza 8,51.25059,22.54234
133734,Lublin,ul. Sieroca 17,51.25778,22.56928
133745,Podwiesk,43,53.39567,18.57516
133749,Orzesze,ul. Szkolna 44,50.13033,18.74975
133750,Orzesze,ul. Uczniowska 1,50.11221,18.79778
133751,Orzesze,ul. Miarki 1a,50.14075,18.77373
133763,Gniew,ul. 27 Stycznia 19,53.83692,18.82801
133765,Ostróda,ul. św. Dominika Savio 1,53.70238,19.96513
133768,Lublin,ul. Aleja Jana Długosza 8a,51.25074,22.54161
133774,Sławków,ul. generała Władysława Sikorskiego 4,50.2964,19.38053
133776,Głubczyce,ul. Jana Kochanowskiego 31,50.20084,17.81797
133777,Zacharzyn,143,53.02191,17.00556
133783,Dzierżoniów,ul. gen. Władysława Sikorskiego 2,50.7384,16.65091
133784,Poznań,al. Niepodległości 41,52.41453,16.92202
133786,Żelazna,5,51.86786,20.12651
133789,Białogard,ul. Świdwińska 7,54.00468,15.98266
133792,Police,ul. Wojska Polskiego 68,53.54684,14.57407
133793,Kraków,Osiedle Jagiellońskie 17,50.08545,20.02682
133794,Wrocław,ul. Jastrzębia 26,51.08526,17.00509
133796,Świeszyno,6,54.12343,16.1675
133797,Kornowac,ul. Starowiejska 66,50.06948,18.32656
133798,Wrocław,ul. Powstańców Śląskich 210-218,51.07651,17.00797
133800,Olsztynek,ul. Górna 5,53.58327,20.2877
133805,Drążna,38,52.31237,17.98657
133813,Kowalewo-Opactwo,25,52.24929,17.91053
133815,Szczawnica,ul. Główna 116,49.42799,20.46608
133816,Augustów,ul. Kwaśna 66,53.83945,22.96524
133818,Giecz,25,52.3218,17.37624
133822,Wrocław,ul. Zachodnia 2,51.11503,17.01549
133825,Grudziądz,ul. Konarskiego 14,53.47333,18.75039
133826,Grudziądz,ul. Mikołaja z Ryńska 6,53.49063,18.76157
133827,Grudziądz,al. 23 Stycznia 30,53.48841,18.74877
133829,Dąbrowa Tarnowska,ul. Zazamcze 3,50.17312,20.97898
133830,Śrem,ul. Dezyderego Chłapowskiego 12A,52.0798,17.01315
133831,Wągrowiec,ul. Św. Wojciecha 20,52.81741,17.21566
133832,Górowo Iławeckie,ul. Szkolna 6,54.28059,20.49146
133834,Białogard,ul. Mickiewicza 24,54.01171,15.99149
133841,Zabrze,ul. Jana Kasprowicza 7,50.3181,18.81375
133843,Zabrze,ul. Budowlana 26,50.36452,18.79156
133846,Zabrze,ul. Ludwika Zamenhofa 56,50.37785,18.81047
133849,Tarnowskie Góry,ul. Wincentego Janasa 11,50.44458,18.81822
133850,Wolsztyn,ul. Wschowska 15,52.11489,16.11735
133851,Zarzecze,106,49.5366,20.41047
133852,Pisz,ul. Adama Mickiewicza 41,53.62936,21.79436
133853,Zabrze,ul. Fryderyka Chopina 26,50.33461,18.78142
133854,Zabrze,ul. Zwrotnicza 11,50.34385,18.76665
133855,Zabrze,ul. rtm. Witolda Pileckiego 2,50.29625,18.79132
133856,Zabrze,ul. Marszałka Józefa Piłsudskiego 29,50.30172,18.7625
133863,Komorniki,ul. Pocztowa 30,52.3381,16.803
133865,Krotoszyn,ul. Zdunowska 83,51.68816,17.4292
133866,Łobez,ul. Kościuszki 17,53.63657,15.62064
133867,Korzeniew,51,51.94229,18.20971
133870,Sztum,ul. Sienkiewicza 54,53.9293,19.02855
133876,Łomża,ul. Władysława Reymonta 9,53.16645,22.06928
133879,Nowe Skalmierzyce,ul. Kaliska 52,51.71017,17.99144
133881,Wrocław,ul. Gorlicka 25,51.14474,17.11681
133883,Tarnowskie Góry,ul. Powstańców Warszawskich 42,50.46952,18.79254
133884,Grodków,ul. Powstańców Śląskich 24,50.69876,17.38143
133886,Mikołów,ul. Konstytucji 3 Maja 20,50.16681,18.8999
133887,Mikołów,ul. Krakowska 30,50.16569,18.90978
133888,Przelewice,95A,53.10303,15.07409
133893,Miastko,ul. Wrzosowa 1,54.00551,16.96872
133894,Wrocław,ul. św. Jerzego 4,51.08744,17.0431
133903,Tomaszów Lubelski,ul. M. Kopernika 4,50.44936,23.41822
133904,Ośno Lubuskie,ul. Rzepińska 8,52.44683,14.88103
133906,Wrocław,ul. Edwarda Dembowskiego 39,51.10539,17.09365
133908,Starogard Gdański,al. Jana Pawła II 10,53.95793,18.52866
133909,Ostrów Wielkopolski,ul. Wrocławska 51,51.64377,17.81485
133912,Ostrów Wielkopolski,ul. Krotoszyńska 171,51.65828,17.77483
133913,Ostrów Wielkopolski,ul. Ludwika Waryńskiego 29,51.64482,17.83093
133915,Tarnów,ul. Mikołaja Kopernika 5,50.01377,20.98372
133916,Tarnów,ul. Wojciecha Bandrowskiego 4,50.00914,20.98015
133918,Witkowo,ul. Poznańska 47,52.43653,17.77427
133929,Rzeszów,ul. Jarosława Dąbrowskiego 66a,50.02231,21.98118
133932,Kwidzyn,ul. Mickiewicza 56B,53.73068,18.94287
133938,Rydułtowy,ul. Strzelców Bytomskich 13,50.06592,18.41764
133940,Skórzewo,ul. Księdza Stanisława Kozierowskiego 1,52.39072,16.7765
133944,Wrocław,ul. Żelazna 36,51.09695,17.00727
133948,Wrocław,ul. Drukarska 50,51.08804,17.02033
133950,Jastrzębie-Zdrój,ul. Katowicka 35,49.95321,18.60816
133953,Łobudzice,54,51.44644,19.25722
133955,Tarnowskie Góry,ul. Skośna 10c,50.43549,18.84981
133959,Wałbrzych,ul. Ogrodowa 2a,50.81385,16.2937
133960,Grodzisk Wielkopolski,ul. 3 Maja 5,52.22629,16.36411
133963,Przybówka,189,49.79136,21.65226
133968,Pasłęk,ul. Władysława Jagiełły 30,54.06328,19.65698
133969,Jarosław,ul. 3 Maja 30,50.01534,22.68952
133972,Radoryż Kościelny,42,51.80424,22.16858
133977,Imielin,ul. Wojciecha Sapety 8,50.1465,19.188
133979,Psary,ul. Szkolna 32,50.3792,19.10972
133982,Jarosław,ul. Jana Pawła II 26,50.01527,22.67151
133983,Lwówek Śląski,ul. Parkowa 9,51.11749,15.61688
133988,Olsztynek,ul. Pionierów 7,53.57949,20.29041
133991,Sierakowice,ul. Spacerowa 14,54.35593,17.89808
133998,Jerzmanki,43,51.13614,15.06103
134000,Mniszków,ul. Piotrkowska 72,51.36998,20.03136
196206,Sułkowice,ul. Sportowa 51,49.8436,19.80782
196208,Burkat,46,53.27488,20.14619
196209,Sławkowo,20,53.3629,20.16683
196216,Rudziniec,ul. Gliwicka 5,50.35541,18.40824
196217,Oleśnica,ul. Armii Krajowej 47,51.20922,17.39078
196219,Tczew,ul. Czyżykowska 69,54.0781,18.80049
196220,Tczew,ul. Władysława Jagiełły 8,54.09417,18.7646
196221,Jelenia Góra,ul. Mikołaja Kopernika 1,50.90378,15.73623
196223,Ełk,ul. Koszykowa 1,53.81187,22.35712
196224,Wilków,ul. Długa 38,51.10864,17.66945
196228,Tczew,ul. Wodna 6,54.08644,18.80309
196232,Dąbrowa Górnicza,ul. Królowej Jadwigi 11,50.32398,19.19119
196234,Dąbrowa Górnicza,ul. Aleja Zwycięstwa 44,50.3782,19.25735
196261,Oleśnica,ul. Jana Kochanowskiego 8,51.21083,17.39016
196269,Radłów,ul. Oleska 1,50.93304,18.53496
196270,Gniezno,ul. św. Jana 2A,52.53812,17.5963
196271,Gniezno,ul. Józefa Paczkowskiego 13,52.54011,17.61218
196272,Gniezno,ul. Orcholska 18,52.54855,17.60936
196274,Legnica,ul. Ojców Zbigniewa i Michała 1,51.20871,16.1585
196275,Radlin,ul. Kornela Makuszyńskiego 17,50.04652,18.48017
196276,Głogów,ul. Gwiaździsta 2,51.65238,16.06662
196277,Głogów,ul. Gustawa Morcinka 2,51.65976,16.08085
196278,Głogów,ul. Mieczysława Niedziałkowskiego 10,51.65478,16.09104
196279,Zielona Góra,ul. Stefana Wyszyńskiego 101,51.9369,15.48397
196280,Zielona Góra,ul. Fryderyka Chopina 18A,51.94497,15.50739
196281,Pabianice,ul. Tkacka 15,51.66005,19.33511
196282,Pabianice,ul. Marii Skłodowskiej-Curie 5,51.66268,19.35025
196283,Wałcz,ul. M. Konopnickiej 2,53.27346,16.46484
196284,Pabianice,ul. 20 Stycznia 9/13,51.66025,19.37089
196286,Ustka,ul. Walerego Wróblewskiego 7,54.5801,16.86769
196294,Elbląg,ul. Królewiecka 100,54.16888,19.40953
196306,Brusy,ul. Ogrodowa 2,53.88385,17.71954
196309,Cisek,ul. Planetorza 21,50.2797,18.20501
196312,Wieleń,ul. Jana Pawła II 3,52.91277,16.18501
196316,Kłodzko,ul. Zawiszy Czarnego 3-5,50.43706,16.65329
196318,Cieszkowy,30,50.33054,20.5316
196321,Lubliniec,ul. płk. Stanisława Wilimowskiego 8,50.67125,18.68635
196334,Gdynia,ul. Juliusza Słowackiego 53,54.5121,18.54243
196336,Gdynia,ul. Stefana Okrzei 6,54.53027,18.50232
196340,Gdynia,ul. gen. Józefa Hallera 9,54.49863,18.54671
196342,Lubliniec,ul. Droniowicka 45,50.66454,18.69411
196343,Świętochłowice,ul. Wojska Polskiego 82,50.27981,18.903
196348,Nowe Miasto Lubawskie,ul. Działyńskich 14,53.42595,19.59238
196351,Gdynia,ul. Raduńska 21,54.53762,18.46052
196358,Kołobrzeg,ul. Portowa 37,54.1819,15.55931
196361,Kołobrzeg,ul. Okopowa 1 A,54.17834,15.58491
196363,Koźmin Wielkopolski,ul. Klasztorna 39,51.83059,17.45489
196365,Czerwionka-Leszczyny,ul. Kołłątaja 1,50.17099,18.70262
196366,Działdowo,ul. Władysława Jagiełły 33,53.23558,20.17236
196368,Działdowo,ul. Sportowa 1,53.23901,20.18915
196369,Gałczewo,7,53.15854,19.05573
196371,Baranowo,ul. Wypoczynkowa 93,52.44215,16.79031
196372,Jarząbki,90,50.58547,20.9316
196375,Balice,59,50.54449,20.83642
196376,Zielona Góra,ul. Botaniczna 66,51.91759,15.49963
196377,Wasilków,ul. Supraślska 21,53.20428,23.21547
196378,Tarnowo Podgórne,ul. Poznańska 118,52.46144,16.65105
196381,Wronki,ul. Polna 5,52.70639,16.38496
196386,Głogów,ul. Obozowa 3,51.66968,16.09065
196387,Wielowieś,ul. Zamkowa 24,50.50806,18.60973
196388,Chorzów,ul. Sportowa 4,50.28233,18.95265
196389,Siechnice,ul. Osiedlowa 2,51.02663,17.15178
196390,Zagwiździe,ul. Lipowa 68,50.86797,17.98599
196391,Goleniów,ul. Jana Kilińskiego 11,53.56444,14.82468
196393,Sieradz,ul. Armii Krajowej 5,51.58629,18.7138
196394,Goleniów,ul. Cypriana Kamila Norwida 1,53.55649,14.82692
196398,Świeca,ul. Szkolna 5,51.53875,17.70031
196399,Chorzów,ul. Ludwika Urbanowicza 4,50.28949,18.95077
196400,Chorzów,ul. ks. Józefa Czempiela 52,50.2693,18.93134
196401,Chorzów,ul. Śląska 3,50.29588,18.93287
196404,Chorzów,ul. 11 Listopada 21,50.30858,18.94763
196405,Chorzów,ul. Harcerska 2,50.30409,18.97614
196406,Raczyce,ul. Odolanowska 80,51.57417,17.62451
196408,Brąchnowo,ul. Gimnazjalna 1,53.13622,18.53889
196411,Wierzbno,ul. Szkolna 4,51.63899,17.66978
196412,Zielona Góra,ul. Stanisława Staszica 2,51.94637,15.51936
196415,Luboń,ul. Hugona Kołłątaja 1,52.34332,16.86236
196417,Kępno,ul. Zamkowa 1,51.28032,17.98469
196420,Strzyboga,29,51.91278,20.19541
196421,Bydgoszcz,"ul. gen. Augusta Emila Fieldorfa ""Nila"" 17",53.15112,18.13788
196422,Brodnica,ul. Wiejska 6,53.26094,19.39744
196429,Świebodzin,ul. gen. Sikorskiego 11,52.24652,15.52861
196430,Świebodzin,ul. Łużycka 33,52.24297,15.53306
196432,Zawiercie,ul. 11 Listopada 22,50.4975,19.41328
196434,Zawiercie,ul. Marii Skłodowskiej-Curie 16,50.47957,19.43467
196438,Cieszyn,ul. Wojska Polskiego 1,49.74157,18.63659
196439,Częstochowa,ul. dra Ludwika Zamenhofa 23,50.78387,19.1489
196440,Częstochowa,ul. Jana III Sobieskiego 15,50.80529,19.10735
196442,Częstochowa,ul. Ułańska 5/7,50.79395,19.10076
196443,Częstochowa,ul. Okólna 31/39,50.82184,19.10615
196448,Koronowo,ul. Pomianowskiego 16,53.30761,17.94261
196453,Andrychów,ul. Stanisława Lenartowicza 26,49.86123,19.35437
262198,Bytom,ul. Tarnogórska 2,50.35164,18.91204
262199,Bytom,ul. Józefa Nickla 19,50.36362,18.83867
262200,Bytom,ul. Świętochłowicka 12,50.32396,18.92748
262202,Bytom,ul. Tadeusza Kościuszki 4,50.3967,18.81965
262206,Pińczów,ul. 1 Maja 2,50.52059,20.52392
262207,Gdańsk,ul. Ludwika Beethovena 20,54.35647,18.61418
262208,Gdańsk,ul. Żabi Kruk 5,54.34494,18.65006
262209,Gdańsk,Kłosowa 3,54.36067,18.71958
262212,Namysłów,ul. 3 Maja 21,51.07672,17.7139
262214,Gdańsk,ul. Tytusa Chałubińskiego 13,54.34043,18.62244
262215,Gdańsk,ul. Wodnika 57,54.4211,18.47907
262217,Namysłów,ul. Władysława Stanisława Reymonta 5,51.07437,17.70969
262222,Szczecin,ul. Brodnicka 10,53.42243,14.48861
262223,Stara Dąbrowa,31,53.42321,15.14175
262224,Ciechocinek,ul. Wojska Polskiego 37,52.87411,18.812
262230,Świdwin,ul. Kombatantów Polskich 6,53.77228,15.78352
262231,Drezdenko,plac Wolności 8,52.83904,15.83894
262233,Szczecin,ul. Stanisława Ignacego Witkiewicza 40,53.43275,14.50999
262237,Szczecin,ul. Jagiellońska 58,53.43419,14.52723
262241,Szczecin,ul. Eugeniusza Romera 2,53.45283,14.48877
262242,Szczecin,ul. Unisławy 26,53.44004,14.5481
262243,Szczecin,Małkowskiego 12,53.42824,14.53966
262247,Jastrowie,ul. Kilińszczaków 18,53.42211,16.81213
262248,Rasy,27,51.42279,19.38245
262260,Ustka,ul. Walerego Wróblewskiego 5,54.58046,16.86779
262262,Wągrowiec,ul. Kolejowa 14,52.80856,17.20225
262270,Więcbork,ul. Aleja 600-lecia 4,53.357,17.48584
262271,Jastrzębie-Zdrój,ul. Staszica 10,49.952,18.57164
262275,Wieruszów,ul. Warszawska 123a,51.29571,18.1684
262276,Jastrzębie-Zdrój,ul. Wielkopolska 20,49.94553,18.59509
262279,Pyskowice,ul. Strzelców Bytomskich 1,50.40016,18.6321
262280,Olesno,ul. Jana Pieloka 12,50.87915,18.42115
262281,Suchy Las,ul. Poziomkowa 11,52.47248,16.87176
262282,Iława,ul. Tadeusza Kościuszki 2A,53.5961,19.56625
262283,Iława,ul. Wiejska 11,53.58707,19.55107
262284,Jarocin,ul. Tadeusza Kościuszki 25,51.97062,17.49788
262289,Czarna Białostocka,ul. Bolesława Prusa 1,53.29832,23.28857
262294,Łaziska Górne,ul. Powstańców 6,50.13967,18.86648
262295,Kraków,ul. Na Błonie 15b,50.07758,19.88266
262296,Łaziska Górne,ul. Ogrodowa 48,50.15326,18.84535
262298,Bydgoszcz,ul. Tadeusza Czackiego 8,53.11076,17.98855
262302,Kostrzyn nad Odrą,ul. Mikołaja Reja 32A,52.61226,14.62362
262303,Świdnica,ul. Ofiar Oświęcimskich 30,50.84552,16.47398
262304,Oława,ul. ks. Franciszka Kutrowskiego 31a,50.95086,17.28298
262305,Kostrzyn nad Odrą,ul. Tadeusza Kościuszki 7,52.59157,14.65465
262313,Przemyśl,ul. Aleksandra Dworskiego 25,49.78109,22.77878
262315,Ożarowice,ul. Szkolna 10,50.46682,19.03855
262319,Przemyśl,ul. Zygmunta Krasińskiego 33,49.7888,22.77098
262323,Zakrzów,131,49.82606,19.65658
262324,Dobczyce,ul. Szkolna 43,49.88105,20.10048
262326,Zduńska Wola,ul. Łaska 84,51.59328,18.95173
262327,Zduńska Wola,ul. Wileńska 3,51.60717,18.92719
262328,Łęczyca,ul. Szkolna 4,52.05778,19.19768
262337,Krotoszyn,ul. Mickiewicza 9,51.69835,17.42988
262338,Załuczne,84a,49.49347,19.82182
262339,Budziszów Wielki,10,51.08697,16.43042
262345,Witnica,ul. Plac Wolności 7,52.67285,14.90053
262346,Krotoszyn,ul. Zdunowska 56,51.68977,17.43029
262351,Wrocław,ul. Jelenia 7,51.12491,16.99764
262352,Trzcianka,ul. Stanisława Staszica 6,53.04933,16.45908
262354,Rybnik,ul. Cmentarna 1,50.09801,18.54195
262355,Połczyn-Zdrój,ul. Mieszka I 19,53.76146,16.10073
262357,Lublin,ul. Droga Męczenników Majdanka 27,51.23244,22.58707
262358,Rybnik,ul. Orzepowicka 15a,50.09957,18.51744
262359,Czersk,ul. Szkolna 3,53.79435,17.97772
262360,Rybnik,ul. Sztolniowa 29b,50.05635,18.59935
262363,Zgorzelec,ul. Powstańców Śląskich 1,51.14275,15.00725
262364,Rybnik,ul. Karola Miarki 74,50.08966,18.57866
262365,Polkowice,ul. Mjr Hubala 3,51.50074,16.07291
262366,Rybnik,ul. Józefa Rymera 24a,50.06271,18.49498
262367,Rybnik,ul. Sportowa 52,50.07461,18.46464
262368,Iwiny-Osiedle,19,51.21832,15.73356
262369,Oborniki Śląskie,ul. Kazimierza Kownackiego 3,51.30093,16.92341
262370,Piasek,ul. Żurawska 2,50.73471,19.39769
262375,Dębno,ul. Jana Pawła II 1,52.73851,14.69952
262382,Toruń,ul. Żwirki i Wigury 49,53.02859,18.59597
262383,Zawady,ul. Szkolna 8,51.02094,18.90824
262384,Toszek,ul. Dworcowa 27,50.45216,18.51629
262387,Lębork,ul. Wojska Polskiego 10,54.53484,17.74496
262388,Lębork,ul. Piotra Skargi 52,54.53676,17.7562
262389,Starkowo,10,54.25113,17.1186
262392,Stargard,ul. Popiela 2,53.33446,15.04156
262399,Stargard,ul. Szkolna 2,53.33759,15.02524
262400,Stargard,Osiedle Zachód B/15,53.33954,15.00994
262401,Wrocław,ul. Kłodzka 40,51.07224,17.04202
262404,Zawiercie,ul. Mieczysława Niedziałkowskiego 21,50.49008,19.43067
262405,Piekary,49,51.8927,18.69598
262408,Mielec,ul. Grunwaldzka 7,50.29644,21.4364
262410,Jaraczewo,ul. Jarocińska 10,51.97091,17.29957
262415,Wrocław,ul. Swobodna 73,51.10056,17.02274
262416,Stalowa Wola,ul. Mickiewicza 15,50.56272,22.06458
262422,Konin,ul. Kardynała Stefana Wyszyńskiego 44,52.22868,18.27656
262424,Zgorzelec,ul. Józefa Piłsudskiego 1,51.15059,15.00238
262425,Kościerzyna,ul. Świętojańska 5,54.12323,17.97622
262426,Wygnanów,57,51.40871,20.38625
262428,Stalowa Wola,ul. Podleśna 4,50.57037,22.05155
262430,Turawa,ul. Opolska 47,50.74048,18.07627
262435,Włosień,104,51.07229,15.15689
262436,Pieńsk,ul. Zgorzelecka 29,51.2492,15.04128
262441,Mielec,ul. Tańskiego 3,50.29541,21.42161
262444,Ozorków,ul. Lotnicza 1,51.9552,19.28595
262447,Idzbark,ul. Niepodległości 1,53.67644,20.04792
262449,Rzepczyno,34,53.70012,15.81829
262451,Prochowice,ul. Kościuszki 2,51.28024,16.36486
262452,Durąg,14,53.61379,20.02553
262453,Katowice,ul. Graniczna 46,50.24729,19.03522
262455,Katowice,ul. Hetmańska 8,50.23342,18.9771
262456,Katowice,ul. gen. Zygmunta Waltera Jankego 160,50.20884,18.97577
262457,Katowice,ul. Zielonogórska 23,50.22205,18.97602
262458,Spalona,ul. Legnicka 52,51.24369,16.28481
262459,Katowice,ul. Jana Wantuły 11,50.18844,18.99449
262460,Chojna,ul. Szkolna 15,52.96436,14.42426
262465,Jawor,pl. Bankowy 1,51.05296,16.19346
262474,Olsztyn,ul. Jagiellońska 8,53.78582,20.4851
262480,Olsztyn,ul. Kołobrzeska 9,53.77821,20.49338
262481,Radziechowice Drugie,ul. Szkolna 5,51.06724,19.34028
262483,Katowice,ul. Słowiańska 1,50.26855,19.04683
262484,Katowice,ul. Wojciecha 9,50.22238,19.06302
262486,Katowice,ul. Spółdzielczości 21,50.20923,18.98714
262489,Olecko,ul. Słowiańska 1,54.04076,22.49885
262490,Katowice,ul. Medyków 27,50.22344,18.95868
262499,Libiąż,ul. Szkolna 1,50.10316,19.31558
262503,Olsztyn,ul. Dworcowa 60A,53.7665,20.49463
262504,Lubin,ul. Szkolna 25,51.40512,16.20479
262507,Płoty,ul. Wojska Polskiego 17,53.80637,15.27236
262510,Gołdap,ul. Tadeusza Kościuszki 30,54.30478,22.29626
262514,Rybnik,ul. Tadeusza Kościuszki 54,50.09148,18.54704
262517,Łaziska,79,51.14165,21.87944
262520,Brzeziny,ul. Bohaterów Warszawy 4,51.80119,19.75924
262525,Lipie,ul. Starachowicka 84,51.08031,21.13089
262528,Łuków,ul. Cieszkowizna 13,51.92586,22.38771
262529,Sokołowo,55,52.28198,18.70063
262530,Łuków,ul. Stanisława Konarskiego 3,51.94189,22.3872
262533,Zelów,ul. Jana Kilińskiego 40,51.46947,19.22347
262534,Trzebnica,ul. Świętej Jadwigi 10,51.30822,17.06358
262535,Piotrków Trybunalski,ul. 1 Maja 18A,51.4148,19.68352
262537,Tuchola,ul. Piastowska 23,53.58554,17.86925
262538,Pakość,ul. Szkolna 44,52.80835,18.08772
262539,Świdnica,ul. Wałbrzyska 54,50.83358,16.47458
262542,Wieliczka,ul. Marszałka Józefa Piłsudskiego 20,49.98834,20.05898
262551,Szadkowice,38A,51.42139,20.16771
262552,Prymusowa Wola,6,51.36522,20.18204
262553,Kostrzyn,ul. Powstańców Wielkopolskich 28a,52.3942,17.23569
262554,Żywiec,ul. Zielona 1,49.69036,19.19976
262560,Rzeszów,ul. Klonowa 10A,50.04911,21.99704
262563,Przemyśl,ul. Plac Błogosławionego Księdza Augusta Czartoryskiego 2,49.78772,22.76132
262567,Gostyń,ul. Hutnika 3,51.88045,17.0003
262572,Dąbie,ul. Strażacka 4,52.00782,15.14549
262582,Zgierz,ul. 3 Maja 46a,51.85135,19.42227
262583,Mydłów,1,50.72514,21.38103
262584,Ujazd,9,50.71309,21.30973
262591,Gorzów Wielkopolski,ul. Ludwika Zamenhofa 2a,52.74097,15.25187
262592,Świecie,ul. Ogrodowa 1c,53.40665,18.44487
262593,Łysa Góra,274,49.9329,20.73173
262594,Inowrocław,ul. Toruńska 46-48,52.79985,18.26593
262596,Świecie,ul. Chmielniki 5,53.41288,18.44699
262598,Gorzów Wielkopolski,ul. Ewarysta Estkowskiego 3,52.72993,15.22502
262604,Trzebinia,ul. Jana III Sobieskiego 25,50.19688,19.42318
262607,Chojnice,ul. Młodzieżowa 44,53.69983,17.56876
262611,Gorzów Wielkopolski,ul. Warszawska 48,52.73377,15.25236
262616,Inowrocław,ul. Stanisława Kiełbasiewicza 7,52.77847,18.24553
262620,Siemonia,ul. Kościuszki 71,50.42007,19.05343
262627,Swarzędz,os. Czwartaków 1,52.4156,17.07893
262629,Inowrocław,ul. Władysława Łokietka 3,52.79393,18.26838
262631,Zalasewo,ul. Planetarna 7,52.39211,17.06948
262633,Swarzędz,ul. Polna 21,52.40624,17.08358
262634,Rataje,ul. Chodzieska 9,53.00185,16.94069
262636,Fijewo,85,53.49911,19.75413
262638,Poznań,ul. Stefana Żeromskiego 9,52.41818,16.89257
262639,Wrocław,ul. Krakowska 56-62,51.09306,17.06106
262640,Malechowo,65B,54.30689,16.52105
262643,Polkowice,ul. Św. Sebastiana 2,51.50218,16.06652
262650,Poznań,ul. Głogowska 92,52.39286,16.89665
262653,Inowrocław,ul. Ignacego Daszyńskiego 29,52.7996,18.24256
262660,Łękawa,9,51.27113,19.40801
262662,Piorunka,20,49.49,20.99059
262665,Brzesko,ul. Bartosza Głowackiego 57,49.96787,20.61445
262672,Jaworzno,ul. Karola Olszewskiego 76,50.19151,19.26845
262674,Kłodzko,ul. Romualda Traugutta 1a,50.43998,16.65024
262680,Rudniki,ul. Wieluńska 6,51.04153,18.59788
262682,Bystra,ul. Szczyrkowska 2,49.77327,19.07271
262683,Kielce,ul. Marii Krzyżanowskiej 8,50.88753,20.65476
262684,Jaworzno,ul. Jana III Sobieskiego 61,50.23378,19.31612
262687,Wilkowice,ul. Szkolna 8,49.75702,19.11212
262688,Lublin,ul. Władysława Kunickiego 116,51.22245,22.57666
262689,Jaworzno,ul. Chropaczówka 101,50.24488,19.25582
262692,Michale,101A,53.48676,18.72284
262693,Zaborze,ul. Jezioro 2,50.02412,19.24224
262696,Jaworzno,ul. Towarowa 61,50.20872,19.2523
262697,Kalisz,ul. Ciasna 16,51.76348,18.08416
262702,Stargard,ul. Marii Skłodowskiej-Curie 1,53.33664,15.05068
262703,Kalisz,ul. Polna 17,51.75304,18.07696
262704,Jaworzno,ul. Urzędnicza 11,50.19933,19.28218
262708,Jaworzno,ul. Starowiejska 15,50.22797,19.22991
262716,Kalisz,ul. Prymasa Stefana Wyszyńskiego 22-24,51.74879,18.05217
262720,Jaworzno,ul. Zwycięstwa 30,50.16477,19.23975
262723,Nowy Tomyśl,Osiedle Północ 25,52.3204,16.11816
262724,Drawsko Pomorskie,ul. Dworcowa 2 a,53.52448,15.81784
262729,Wróbliniec,24,51.54171,17.55137
262737,Kalisz,ul. Poznańska 26,51.7611,18.07121
262739,Stary Sącz,ul. Daszyńskiego 23,49.5652,20.63696
262742,Kalisz,Aleja Wojska Polskiego 29,51.74456,18.05694
262753,Szczecin,plac św. Ottona 1a,53.45149,14.49886
262763,Korfantów,ul. Adama Mickiewicza 1,50.48664,17.60101
262764,Strzelce Krajeńskie,ul. Juliusza Słowackiego 14,52.88353,15.52993
262765,Sanok,ul. Jana III Sobieskiego 5,49.56167,22.20383
262769,Nowogród Bobrzański,ul. Kościuszki 41,51.80695,15.24388
262774,Mikoszewo,ul. Gdańska 29,54.33367,18.96171
262779,Wronki,ul. Leśna 17,52.71808,16.37643
262788,Milicz,ul. Armii Krajowej 7,51.52739,17.27623
262797,Bydgoszcz,ul. Wojska Polskiego 46A,53.10154,18.05919
262800,Wrocław,ul. Kwidzyńska 5,51.13207,17.0825
262803,Poznań,ul. Łozowa 77,52.36659,16.90847
262804,Puławy,ul. Zygmunta Wróblewskiego 11,51.42075,21.96831
262805,Wschowa,ul. Zacisze 1,51.8104,16.30696
262806,Puławy,ul. Kaniowczyków 32,51.41645,21.98463
262809,Piece,ul. Rydułtowska 9,50.09587,18.43026
262815,Sanok,ul. Jana Pawła II 25,49.56894,22.19663
262836,Police,ul. Siedlecka 6,53.54479,14.55648
262838,Mrągowo,ul. Mrongowiusza 65,53.8729,21.29733
262839,Czaniec,ul. kard. Karola Wojtyły 119,49.84726,19.2656
262842,Robakowo,ul. Szkolna 3,52.30169,17.05734
262870,Koszalin,ul. Sportowa 19,54.1964,16.19854
262876,Gdańsk,al. Grunwaldzka 472,54.40302,18.57199
262886,Góralice,108A,52.97456,14.6782
262887,Skała,ul. ks. Stanisława Połetka 32,50.22283,19.84577
262892,Koszalin,ul. Jana Pawła II 17,54.20551,16.18741
262893,Szczecin,ul. Świerkowa 7,53.46104,14.52072
262904,Gdańsk,ul. Jacka Malczewskiego 51,54.34783,18.61678
262910,Gdańsk,ul. Rajska 4e,54.35486,18.64931
262911,Gdańsk,Aleja Gen. Józefa Hallera 201,54.39668,18.62354
262912,Czestków B,10c,51.54183,19.1421
262916,Dębno,ul. Jana Baczewskiego 20,52.73816,14.70888
262919,Puławy,ul. Czartoryskich 8,51.41227,21.95922
262922,Bytów,ul. gen. Ludwika Mierosławskiego 7,54.17068,17.49594
262924,Sławkowice,162,49.9348,20.14561
262925,Kielce,ul. Marszałkowska 40,50.88621,20.63906
262927,Szczecin,ul. Taborowa 7,53.3995,14.67025
262932,Błędowa Zgłobieńska,99,50.03757,21.8413
262934,Międzyrzecz,ul. Staszica 22A,52.44573,15.58338
262936,Wieliczka,ul. Juliusza Słowackiego 10,49.98452,20.06322
262938,Międzyrzecz,ul. Komisji Edukacji Narodowej 1,52.4437,15.56563
262940,Krzeszowice,ul. Długa 22,50.13474,19.64152
262961,Kłodawa,ul. Kościelna 15,52.25461,18.91785
262962,Luzino,ul. Mickiewicza 22,54.57448,18.10667
262969,Nysa,ul. Świętego Piotra 1a,50.47266,17.33126
262970,Niepołomice,ul. Osiedle Kaptarz 40,50.03749,20.24754
262971,Kowalki,29,53.04294,19.39974
262973,Ostrowiec Świętokrzyski,ul. Stefana Żeromskiego 5,50.94507,21.36956
262974,Gródek,ul. Szkolna 5,53.50354,18.35849
262977,Zabrze,ul. płk. Franciszka Niepokólczyckiego 31,50.38133,18.80875
262986,Ostrowiec Świętokrzyski,ul. Bałtowska 289,50.95958,21.42981
262987,Syców,ul. Kościelna 3,51.30888,17.71864
262994,Proszowice,ul. Mikołaja Kopernika 7,50.18974,20.29904
262995,Elbląg,ul. Rawska 3,54.14646,19.44237
262997,Skawina,ul. Węgierska 3 A,49.97689,19.82693
263016,Mników,ul. Doliny Mnikowskiej 7,50.06047,19.7202
263021,Gdynia,pl. św. Andrzeja 2,54.55283,18.50902
263022,Kraków,Osiedle Kościuszkowskie 2A,50.08466,20.01761
263024,Strzelin,pl. 1 Maja 10,50.7803,17.06436
263026,Strzelno,ul. Gimnazjalna 17,52.62724,18.17687
263028,Oława,ul. Lwowska 10,50.9504,17.28765
263029,Czeladź,ul. Katowicka 42,50.31367,19.07014
263032,Czeladź,ul. Lwowska 2,50.30754,19.09234
263046,Łódź,ul. Milionowa 12,51.75039,19.47923
263051,Pawęzów,66,50.07026,20.98609
263053,Żukowo,ul. Armii Krajowej 2e,54.35066,18.37095
263059,Wrocław,ul. Tadeusza Zielińskiego 38,51.09889,17.02242
263064,Oława,ul. Lwowska 3,50.94924,17.28814
263066,Oława,ul. Sportowa 6,50.94595,17.3003
263072,Lubsko,ul. Chopina 10,51.78669,14.97188
263073,Mszana Dolna,ul. Fabryczna 3,49.67105,20.08137
263081,Wejherowo,ul. Przemysłowa 20A,54.61295,18.21811
263084,Jeruzal,18,51.88929,20.4189
263089,Kłobuck,ul. Bohaterów Bitwy pod Mokrą 4,50.90587,18.94074
263100,Wilczyce,ul. Wrocławska 15,51.12949,17.15222
263106,Słupsk,ul. Przemysłowa 100,54.45871,17.01748
263122,Słupsk,ul. Koszalińska 9,54.456,16.99648
263125,Namysłów,ul. Kazimierza Pułaskiego 3,51.08448,17.72107
263137,Łódź,ul. Henryka Sienkiewicza 117,51.75709,19.463
263153,Białystok,ul. Choroszczańska 29,53.13689,23.13209
263161,Aleksandrów Łódzki,ul. Ogrodowa 1,51.82006,19.30115
263163,Kartuzy,ul. Rynek 6,54.33362,18.20294
263169,Mogilno,ul. Powstańców Wlkp. 33,52.65215,17.9606
263172,Mroczeń,ul. Pałacowa 18,51.22552,17.98439
263178,Boguchwała,ul. Suszyckich 9,49.98289,21.94291
263184,Grudziądz,ul. Jana III Sobieskiego 11,53.4535,18.71432
263187,Izbica Kujawska,ul. Nowomiejska 3,52.42316,18.75988
263203,Jędrzejów,ul. Ogrodowa 10,50.64318,20.30712
263204,Rzeszów,ul. Zdzisława Kozienia 3,50.02084,22.01231
263205,Biała,ul. Parkowa 1,53.0413,16.54519
263208,Białystok,ul. Adama Mickiewicza 50,53.12154,23.17323
263212,Piotrków Trybunalski,ul. Józefa Pawlikowskiego 5,51.40977,19.70862
263226,Pszczyna,ul. Kazimierza Wielkiego 5,49.96589,18.94556
263237,Gogołowa,ul. Wiejska 89,49.98804,18.59329
263238,Pyrzyce,ul. Tadeusza Rejtana 6,53.14671,14.88692
263239,Szczecinek,ul. Boh. Warszawy 36,53.70997,16.68789
263240,Sandomierz,ul. św. Królowej Jadwigi 5,50.67612,21.74224
263242,Barczewo,ul. Północna 14,53.83302,20.6875
263248,Krasew,84,51.76845,22.46262
263250,Lędziny,ul. Hołdunowska 72,50.15064,19.13524
263254,Strzelin,ul. Ząbkowicka 30,50.7776,17.06068
263256,Wola Chomejowa,85,51.78315,22.44151
263260,Poznań,ul. Przełajowa 5,52.42636,16.94555
263262,Włocławek,ul. Stefana Okrzei 94 i 94A,52.66298,19.05712
263265,Wołczyn,ul. Rzeczna 6,51.01865,18.04532
263267,Dąbrówka Tczewska,ul. Długa 4,54.10815,18.72988
263269,Włocławek,ul. Stefana Okrzei 94a,52.66282,19.05741
263271,Wiadrów,38,50.97892,16.1766
263273,Wysokie Mazowieckie,ul. Ludowa 5,52.91677,22.51896
263280,Gryfice,ul. Wałowa 18,53.91548,15.19681
263283,Czechowice-Dziedzice,ul. Targowa 6,49.91204,19.00176
263289,Włocławek,ul. Kruszyńska 1B,52.64579,19.06247
263297,Sulęcin,ul. Park Bankowy 7,52.44227,15.11609
263320,Rewal,ul. Klifowa 17,54.08829,15.03814
263325,Międzylesie,ul. Bolesława Chrobrego 2,50.14582,16.67097
263331,Młynkowo,109,52.80765,16.63181
263336,Licze,ul. Lipowa 4,53.73587,19.07184
263338,Leśnica,ul. Kozielska 20,50.426,18.1872
263342,Nowy Dwór,13,51.61844,15.80153
263345,Rzeszów,ul. Kazimierza Pułaskiego 11,50.03855,21.99207
263348,Czechowice-Dziedzice,ul. Ignacego Łukasiewicza 37,49.89939,19.0164
263352,Rzeszów,ul. Partyzantów 10a,50.04942,22.00595
263357,Rzeszów,ul. Miodowa 6,50.03224,22.02317
263360,Jędrzejów,Aleja Józefa Piłsudskiego 6,50.6427,20.29521
263368,Bydgoszcz,ul. Dworcowa 81B,53.13301,17.99317
263385,Czaplinek,ul. Pławieńska 4-6,53.55478,16.23251
263392,Nowe Miasto nad Wartą,ul. Szkolna 1,52.08817,17.40705
263396,Rabka-Zdrój,ul. Jana Pawła II 40,49.61037,19.96615
263405,Krościenko nad Dunajcem,ul. Biały Potok 1,49.43868,20.39606
263414,Siemianowice Śląskie,ul. Witolda Budryka 2,50.32202,18.99685
263430,Ryszewko,44,53.19324,14.85269
263451,Swarzędz,ul. Stanisława Kwaśniewskiego 2,52.42085,17.08117
263458,Słupsk,ul. Józefa Piłsudskiego 20,54.46707,16.9979
263467,Pisz,pl. Ignacego Daszyńskiego 9A,53.62812,21.80637
263468,Czechowice-Dziedzice,ul. Polna 33,49.92515,18.99677
263469,Rzeszów,al. Tadeusza Rejtana 30,50.02536,22.01154
263477,Rzeszów,ul. Hetmańska 38,50.02328,21.99448
263483,Siemianowice Śląskie,ul. 1 Maja 1,50.30297,19.03317
263497,Wodzisław Śląski,ul. Radlińska 52,50.01439,18.4608
263498,Walim,ul. Nowa Kolonia 9,50.70324,16.44793
263499,Człuchów,ul. Sobieskiego 7a,53.66247,17.35009
263509,Czechowice-Dziedzice,ul. Żwirki i Wigury 6,49.91192,19.01288
263516,Gdańsk,ul. Kozacza Góra 74,54.32576,18.60071
263521,Pajęczno,ul. Henryka Sienkiewicza 7,51.14844,18.9885
263522,Kniewo,ul. Aleja Lipowa 117,54.66474,18.11982
263540,Kocierz Moszczanicki,ul. Beskidzka 56,49.74249,19.25789
263543,Łękawica,ul. Żywiecka 82,49.73294,19.27993
263544,Rudy,ul. Szkolna 2,50.19027,18.46329
263559,Olsztyn,Aleja Marszałka Józefa Piłsudskiego 61,53.7745,20.49899
263571,Bydgoszcz,"ul. gen. Augusta Emila Fieldorfa ""Nila"" 13",53.15091,18.13206
263574,Radzionków,ul. ks. dr. Józefa Knosały 113,50.40468,18.90015
263577,Puławy,ul. Hugona Kołłątaja 1,51.41654,21.95531
263579,Aleksandrów Kujawski,ul. Fryderyka Chopina 24,52.87542,18.68824
263596,Grabina,63,50.43917,17.6525
263604,Różanystok,13b,53.6333,23.40491
263605,Krzepice,ul. Kuków 30,50.94021,18.73259
263612,Samostrzel,7,53.14556,17.44381
263660,Pruszcz Gdański,ul. Juliana Ursyna Niemcewicza 1,54.26178,18.65055
263661,Siedliska,355,49.95199,21.94545
263679,Kraków,ul. Celna 9,50.04487,19.94698
263690,Augustów,ul. Jeziorna 31,53.85594,23.03051
263697,Tczew,ul. Dworcowa 2,54.09752,18.78846
263713,Kraków,ul. Ślusarska 9,50.04858,19.96103
263732,Zgierz,ul. 3 Maja 63,51.85225,19.42132
263734,Julianpol,155,51.01865,18.66218
263740,Katowice,ul. Stanisława Staszica 2,50.26035,19.05161
263748,Katowice,ul. Stawowa 11,50.26003,19.01809
263781,Trzciniec,25,51.41901,22.6398
263790,Łobżenica,ul. Złotowska 14,53.26215,17.256
263848,Wicina,15,51.76749,15.0781
263863,Szprotawa,ul. Sobieskiego 69c,51.56211,15.51667
263864,Rybnik,ul. Grunwaldzka 18,50.09402,18.52415
263936,Gubin,ul. Piastowska 26,51.95775,14.71701
263943,Żory,Osiedle Sikorskiego 52,50.02895,18.69106
263946,Zawiercie,ul. Henryka Sienkiewicza 60,50.4832,19.44107
263954,Łańcut,ul. Józefa Piłsudskiego 7,50.06643,22.22942
263961,Kutno,ul. Staszica 6,52.23563,19.3589
263969,Kutno,ul. dr. Antoniego Troczewskiego 2,52.22872,19.36763
263974,Stara Kamienica,ul. Sportowa 1,50.91549,15.57256
263982,Wieluń,ul. Śląska 23,51.21742,18.56862
264003,Konin,ul. Wodna 1,52.21218,18.25609
264014,Łódź,ul. Krochmalna 15,51.73534,19.48552
264030,Tarnowskie Góry,ul. Św. Jana Bosko 1,50.43244,18.80621
264045,Pleszew,ul. Aleje Wojska Polskiego 21,51.88335,17.78925
264054,Skarszewy,ul. Kopernika 3,54.07329,18.45513
264066,Kłecko,ul. Ogrodowa 12,52.63128,17.42932
264096,Szczecin,ul. Sebastiana Klonowica 3,53.45037,14.48969
264100,Szczecin,ul. Sebastiana Klonowica 3,53.45037,14.48969
264112,Jóźwików,28,51.01087,20.28448
264128,Niechanowo,ul. Parkowa 6,52.46198,17.6785
264188,Rzeszów,ul. Miłocińska 40,50.06587,21.97159
264227,Częstochowa,ul. Tadeusza Rejtana 7,50.79672,19.13265
264228,Lidzbark,ul. Nowa 10,53.26099,19.82055
264234,Częstochowa,ul. Brzeźnicka 60A,50.8304,19.12412
264263,Cedry Małe,ul. Żuławska 58,54.2738,18.87192
264269,Dębica,ul. Sportowa 28,50.05985,21.39846
264304,Ruda,ul. Widok 1,51.01201,21.17808
264355,Bielsko-Biała,ul. Bystrzańska 5,49.79528,19.05363
264491,Olecko,Plac Zamkowy 2,54.04043,22.5076
264493,Trzebinia,ul. Jana III Sobieskiego 25,50.19688,19.42318
264538,Zabrze,ul. Lipowa 11,50.34191,18.7704
264587,Kraków,ul. Armii Krajowej 4,50.07059,19.90199
264630,Krajenka,ul. Szkolna 15,53.29738,16.98631
264660,Jastrowie,ul. Poznańska 35,53.41787,16.80869
264909,Łódź,ul. Rzgowska 17A,51.73797,19.46726
264968,Bielsko-Biała,ul. Władysława Broniewskiego 13,49.81952,19.054
264971,Rumia,ul. Świętojańska 1,54.56601,18.39824
265062,Koszarawa,434,49.67344,19.42111
265357,Częstochowa,ul. Targowa 29,50.80864,19.12985
265698,Łódź,ul. Wapienna 24A,51.77539,19.422
265811,Sopot,ul. Obodrzyców 3,54.45542,18.55216
265891,Ełk,ul. Jana Matejki 1,53.81335,22.36103
265968,Tarnogóra,ul. Krakowskie Przedmieście 74,50.89523,23.13386
265969,Wirkowice Drugie,20,50.8757,23.07383
266027,Wieliczka,ul. Tadeusza Kościuszki 5,49.98353,20.04738
266073,Strzelno,ul. Tadeusza Kościuszki 15,52.63213,18.17044
266102,Biały Bór,ul. Słupska 27,53.8978,16.83451
266234,Chorzów,ul. 3 Maja 22,50.30329,18.94477
266312,Zagórz,ul. Wolności 10,49.51752,22.2633
266318,Kowale,ul. Apollina 7,54.30709,18.57032
266365,Lubsko,ul. Dworcowa 2,51.78456,14.96492
267024,Dargosław,32,54.00029,15.38703
267029,Łódź,Wici 16,51.79889,19.38032
267030,Łódź,ul. Zacisze 7/9,51.77789,19.4765
267031,Łódź,ul. Janosika 136,51.79187,19.52392
267032,Łódź,ul. Piotra Czajkowskiego 14,51.75497,19.54074
267085,Dobrzeń Wielki,ul. Namysłowska 94,50.77314,17.8553
267172,Brenno,ul. Kościelna 1,51.92462,16.21142
267180,Toruń,Plac bł. ks. phm. S. Frelichowskiego 1,53.01801,18.5809
267199,Kielce,ul. Dobromyśl 44,50.86753,20.53432
267201,Ujazd Górny,ul. Szkolna 6,51.08348,16.50424
267302,Więsławice,17,52.49447,19.18709
267352,Olsztyn,Aleja Generała Władysława Sikorskiego 23,53.75631,20.48711
267365,Poznań,ul. Umultowska 114,52.47158,16.93812
267601,Zamość,ul. Młyńska 27,50.70514,23.27562
267617,Długie,79,53.1024,19.32403
267622,Siecieborzyce,49a,51.66463,15.53779
267623,Leszno Górne,ul. Szkolna 2a,51.47549,15.61569
267690,Elbląg,ul. Agrykola 6,54.16584,19.41841
267759,Tarnów,ul. Pszenna 10,49.98982,20.92412
267763,Oparzno,31,53.75812,15.69262
267772,Racibórz,ul. Wojska Polskiego 8,50.09162,18.21594
267793,Kraków,ul. Andrzeja Sokołowskiego 19a,50.07854,19.96754
267810,Wrocław,ul. ks. Wincentego Kraińskiego 1,51.11111,17.04102
267842,Rybnik,ul. Rudzka 13,50.09882,18.53972
267906,Rumia,ul. Rodziewiczówny 10,54.57223,18.39762
267908,Rumia,ul. Stefana Batorego 29,54.56037,18.37656
267909,Rumia,ul. Świętojańska 11,54.56377,18.40487
267916,Wrocław,al. Aleksandra Brücknera 12,51.13311,17.07893
267964,Słopnice,731,49.67997,20.37906
267976,Świebodzice,ul. Marszałka Józefa Piłsudskiego 28,50.85894,16.3171
268002,Żywiec,ul. Pod Łyską 36,49.67587,19.24735
268014,Pruszcz Gdański,ul. Powstańców Warszawy 37A,54.25646,18.65651
268038,Wrocław,ul. Fabryczna 19,51.11235,16.986
268085,Zabór,ul. Zamkowa 1F,51.94912,15.71527
268089,Żegoty,91,54.03053,20.686
268100,Toruń,ul. Żwirki i Wigury 49,53.02859,18.59597
268109,Głuchołazy,ul. Słowackiego 1,50.31005,17.38827
268119,Polana,67,49.30088,22.5907
268168,Gryfów Śląski,ul. Uczniowska 11,51.03206,15.41628
268181,Rabka-Zdrój,ul. Brzozowa 2,49.60888,19.9599
268193,Piekary Śląskie,ul. Ks. Jerzego Popiełuszki 8,50.38258,18.95039
268218,Zawiść,ul. Odrodzenia Polski 1,50.9782,17.95396
268230,Rzeszów,ul. Bałtycka 33,50.04545,22.05185
268253,Kamień Wielki,ul. Kościelna 1,52.66384,14.7744
268294,Chojewo,109,52.70673,22.95295
268302,Wróblew,55B,51.60755,18.61557
268374,Stargard,ul. Popiela 2,53.33446,15.04156
268391,Mokronos Górny,ul. Wrocławska 25,51.07529,16.91657
268420,Kazimierz Dolny,ul. Albrechtówka 5,51.31114,21.91957
268581,Olsztyn,ul. Adama Mickiewicza 5,53.77996,20.48398
268644,Białystok,Zwycięstwa 14/3,53.13678,23.13066
268645,Kęty,ul. Żwirki i Wigury 27,49.8759,19.21859
268713,Łódź,Obywatelska 57,51.7367,19.44782
268746,Łódź,ul. Minerska 1/3,51.76452,19.40378
268749,Radawczyk Drugi,36,51.18278,22.40987
268758,Wiączyń Dolny,18,51.76955,19.62279
268867,Koszalin,ul. Tytusa Chałubińskiego 15,54.19452,16.21914
268885,Żywiec,ul. Podlesie 63,49.69075,19.17437
268898,Biadacz,ul. Kluczborska 23,51.00262,18.31891
269073,Gowidlino,ul. Kartuska 24c,54.32642,17.79865
269140,Rojów,ul. Stefana Czarnieckiego 51,51.42284,17.90547
269223,Poznań,ul. Mieczysława Niedziałkowskiego 18,52.39865,16.91965
269452,Wrocław,ul. Jeleniogórska 2,51.14548,16.87575
269491,Dobieszków,ul. Wspólna 42,51.85111,19.59225
269570,Opole,ul. Luboszycka 11,50.67582,17.92298
269686,Wilcza Wola,29A,50.38653,21.91423
269894,Zduńska Wola,Maja 27,51.5766,19.00252
269931,Jastrzębie-Zdrój,ul. Janusza Kusocińskiego 47,49.94016,18.58438
270378,Tychy,ul. Młodzieżowa 7,50.11079,18.9807
270564,Gdańsk,ul. Lawendowe Wzgórze 5,54.32756,18.56716
271001,Dębica,ul. Wyrobka 11,50.0514,21.42101
271003,Dębica,ul. Łysogórska 25,50.04282,21.4018
271038,Polany,1,49.51945,20.98716
271039,Stębark,56,53.49268,20.13928
271143,Leszno,ul. Krótka 5,51.84367,16.57749
271588,Łódź,ul. Piękna 30/32,51.73729,19.45153
271616,Czubrowice,85,50.21323,19.68765
271631,Sąspów,32,50.22239,19.77209
271647,Lubin,ul. Odrodzenia 15,51.39567,16.20004
271659,Żory,ul. Boryńska 38C,50.03947,18.68728
271661,Myślenice,ul. Jana Sobieskiego 1,49.83492,19.93703
271744,Biłgoraj,ul. Włosiankarska 13,50.53275,22.70638
271828,Buczkowice,ul. Grunwaldzka 220,49.72602,19.05688
271871,Pabianice,ul. św. Jana 33,51.67055,19.35587
271930,Jastrzębie,14,53.21268,19.51688
271950,Zabierzów Bocheński,465,50.06706,20.31885
271952,Niepołomice,ul. Szkolna 3,50.03191,20.21944
271971,Zielona Góra,ul. Energetyków 7,51.95362,15.49765
272011,Trąbki,312,49.95891,20.14488
272037,Piechowice,ul. Tysiąclecia 28,50.84922,15.6068
272040,Gniewkowo,ul. Dworcowa 11,52.89109,18.40696
272091,Świerczów,ul. Brzeska 28,50.95935,17.75714
272095,Rzeszów,ul. Adama Mickiewicza 1,50.03764,22.00575
272121,Bielsko-Biała,ul. Mazańcowicka 34,49.85572,19.03401
272133,Dąbrowa Górnicza,ul. Chopina 34,50.32289,19.17271
272147,Nysa,ul. Bramy Grodkowskiej 4,50.48338,17.338
272161,Świętochłowice,ul. Sudecka 5,50.30807,18.91517
272207,Joniny,3,49.88601,21.17468
272208,Wola Lubecka,164,49.91705,21.19588
272275,Kasina Wielka,762,49.70343,20.13633
272318,Turek,pl. Henryka Sienkiewicza 3,52.01555,18.50328
272325,Wrocław,pl. św. Macieja 7A,51.12006,17.03713
272383,Ustrzyki Dolne,ul. Dobra 6,49.43245,22.58429
272399,Szczecin,ul. Aleja Piastów 45,53.42389,14.53622
272444,Łódź,ul. Piotra Czajkowskiego 14,51.75497,19.54074
272459,Gdańsk,ul. Franciszka Schuberta 79,54.35395,18.59615
272488,Tomaszów Mazowiecki,ul. Bartosza Głowackiego 11,51.52864,20.02007
272492,Jelenia Góra,ul. Ludwika Waryńskiego 20,50.90477,15.76626
272495,Dęba,80,51.4704,20.27466
272529,Wrocław,ul. Inowrocławska 56,51.11736,17.01462
272532,Przemyśl,ul. Tarniowa 8,49.76702,22.80462
272546,Sopot,ul. Kujawska 50-52,54.45724,18.54515
272551,Wałcz,ul. Bankowa 13,53.27315,16.46695
272679,Mstyczów,37,50.52748,19.97743
272713,Nidzica,ul. Barke 2,53.3612,20.41216
272756,Trzebinia,ul. Grunwaldzka 101,50.19719,19.42327
272758,Dąbrowa Górnicza,ul. Królowej Jadwigi 12,50.32183,19.19369
272764,Szczecin,ul. Adama Mickiewicza 53,53.43807,14.52819
272768,Katowice,ul. Studencka 18,50.21637,18.95957
272773,Sławno,Plac Sportowy 1,54.36024,16.68156
272796,Łódź,ul. Obywatelska 57,51.7367,19.44782
272802,Łódź,ul. 28 Pułku Strzelców Kaniowskich 69,51.76294,19.44152
272810,Kościan,ul. Dworcowa 2,52.08079,16.64089
272863,Wymysłów,ul. Wesoła 43,50.96611,21.33588
272923,Porąbka,ul. Kozubnicka 5,49.80087,19.22208
272939,Kielce,ul. Klonowa 49,50.88965,20.63648
272957,Sopot,ul. Kujawska 50/52,54.45724,18.54515
273090,Ostrów Wielkopolski,ul. Grabowska 1-3,51.65044,17.83016
273531,Augustów,ul. Wypusty 1,53.83552,22.98532
273549,Katowice,ul. Katowicka 27,50.26852,19.03225
274093,Kraków,ul. ks. Józefa Meiera 16D,50.09881,19.96398
274468,Zakopane,ul. Kościeliska 47a,49.2922,19.93905
274508,Lublin,ul. Berylowa 7,51.22205,22.49205
274547,Cerekwica,ul. Przybrodzka 1,52.51843,16.69098
274549,Napachanie,ul. Poznańska 26,52.48378,16.73021
274618,Gąski,19,52.83594,18.43526
274839,Kosakowo,Żeromskiego 11,54.58077,18.4912
274977,Zasole,ul. Kostka Jagiełły 8,49.96012,19.19114
275002,Przecław,3,53.37297,14.47201
275014,Szczytno,ul. Jerzego Lanca 1,53.56344,21.00698
275094,Przechód,239,50.53246,17.66999
275095,Leszno,pl. pl. Jana Metziga 14,51.84174,16.57152
275121,Mańkowice,113,50.4924,17.47179
275125,Łódź,ul. Stefana Żeromskiego 26,51.77097,19.44587
275163,Luboń,Plac Edmunda Bojanowskiego 7a,52.35075,16.86072
275186,Konin,ul. Zofii Urbanowskiej 9,52.21209,18.2496
275309,Świerszczów,15,51.33796,23.17613
275339,Lasocice,82,50.53149,17.46257
275483,Ibramowice,42,50.25513,20.27369
275493,Gliwice,ul. Sikornik 34,50.28022,18.65576
275562,Petryłów,15,51.34546,23.42753
275585,Poznań,ul. Strzelecka 11,52.40477,16.93312
275587,Nowy Lubliniec,75,50.2974,23.09347
275589,Czułczyce,71,51.2175,23.45251
275604,Bukowa Wielka,34,51.30808,23.50958
275610,Białystok,ul. Ciepła 40,53.14131,23.16774
275611,Poznań,ul. Szelągowska 24,52.42205,16.94655
275629,Kamnica,1,54.01686,16.89342
275642,Olsztynek,ul. Ostródzka 2,53.58364,20.28106
275665,Gdynia,al. Zwycięstwa 250,54.47713,18.55272
275696,Wrocław,ul. Fabryczna 14a,51.11134,16.98429
275757,Gliwice,ul. Derkacza 9,50.2825,18.65599
275825,Krawczyki,8,54.18504,20.78394
275830,Komorniki,7,50.94115,19.97519
275861,Trzebinia,ul. Lipcowa 50,50.17466,19.45291
275897,Wólka Grodziska,116b,50.18851,22.39495
276113,Jastrzębsko Stare,Plac Kościelny 6,52.30036,16.06004
276162,Knurów,ul. Niepodległości 11,50.2202,18.66732
276163,Łódź,ul. Tadeusza Mostowskiego 23,51.79332,19.47546
276213,Dusocin,9,53.56656,18.85952
276524,Kraków,ul. Jerzego Szablowskiego 1,50.07647,19.89343
276530,Słupsk,ul. Szczecińska 59A,54.45675,16.99226
277173,Kraków,ul. Profesora Wojciecha Marii Bartla 29,49.99791,19.89604
277320,Niemodlin,ul. Opolska 34,50.64182,17.63268
277490,Lubin,ul. Sybiraków 11,51.39202,16.20521
277572,Turza Wielka,57A,53.30923,20.08999
277659,Bezmiechowa Dolna,215,49.50574,22.37143
277660,Manasterzec,18,49.51988,22.34377
277715,Gwda Wielka,ul. Polna 21,53.73139,16.79701
277813,Jelcz-Laskowice,ul. Oleśnicka 34,51.04816,17.34845
277844,Gniezno,ul. Poznańska 15,52.53333,17.57726
277934,Poznań,ul. Stefana Żeromskiego 9,52.41794,16.89236
277952,Cześniki,125,50.70543,23.44069
278014,Pszczyna,ul. Wojska Polskiego 21,49.97737,18.93773
278046,Podzamcze,46,50.7805,20.46327
278114,Zimno,1,50.51119,23.72255
278117,Katowice,ul. Mieczyków 14,50.18158,18.96877
278154,Poskwitów,ul. Warszawska 183,50.22358,20.00942
278163,Wiry,ul. Szreniawska 6,52.3178,16.84645
278198,Roszków,59A,51.96262,17.44266
278202,Łódź,ul. Krawiecka 10abc,51.78743,19.46138
278219,Wesoła,607,49.83048,22.08963
278220,Częstochowa,ul. prof. Jerzego Gomoliszewskiego 18,50.85061,19.1309
278273,Dęborzyn,25,49.91939,21.3147
278305,Szczecin,Mickiewicza 21,53.43584,14.53542
278339,Rękusy,17,53.80287,22.24218
278347,Sułkowice,83C,50.2316,19.92645
278429,Sieradz,Plac Wojewódzki 6,51.59407,18.73352
278449,Wrocław,al. Tadeusza Boya-Żeleńskiego 24,51.13608,17.05642
278660,Bielany Wrocławskie,ul. Śnieżna 1,51.02764,16.97021
278889,Żywiec,ul. Grunwaldzka 5,49.67675,19.2231
279184,Nietulisko Duże,30,50.98035,21.25823
279189,Brzostowa Góra,110,50.37909,21.74591
279317,Rzeszów,ul. Eugeniusza Kwiatkowskiego 121a,49.99897,21.99129
279354,Olsztyn,ul. Bolesława Jeziołowicza 2,53.78959,20.50022
279517,Bolszewo,ul. Leśna 35,54.61604,18.16302
478032,Radzyń Podlaski,ul. Lubelska 25,51.75962,22.63363
478110,Biernatki,18,51.82718,18.18282
478234,Sól-Kiczora,297,49.51071,19.04715
478293,Bargłówka,ul. Raciborska 67,50.22483,18.47062
478317,Wolsztyn,ul. Poniatowskiego 36,52.11222,16.10258
478443,Banino,ul. Lipowa 4,54.39105,18.40602
478518,Lublin,Struga 8,51.24349,22.5131
478550,Środa Wielkopolska,ul. Surzyńskich 2,52.23523,17.26795
478553,Katowice,ul. J. Gallusa 10,50.24384,18.99396
478563,Gdańsk,ul. Marynarki Polskiej 197,54.36847,18.63842
478589,Lipnik,485,49.79082,20.08527
478618,Kaznów-Kolonia,26,51.49315,22.77051
478647,Białystok,ul. Podleśna 2,53.12315,23.166
478689,Mostki,48,50.57077,22.30549
478712,Brzozowy Kąt,1,51.79136,23.0117
478770,Poznań,ul. Stefana Żeromskiego 9,52.41794,16.89236
478772,Dzierżoniów,ul. Wrocławska 51,50.73583,16.65801
478784,Częstochowa,ul. Jasnogórska 17,50.81556,19.11707
478786,Poznań,ul. Stefana Żeromskiego 9,52.41794,16.89236
478877,Ulanica,28,49.83435,22.1864
478893,Kraków,ul. Pszczelna 13,50.02596,19.91598
478935,Wrocław,ul. Kosmonautów 328,51.14491,16.87603
478945,Ślesin,ul. Żwirki i Wigury 55,52.36473,18.30342
478984,Leśna-Stara Wieś,1,50.95842,20.93232
479590,Poznań,ul. Druskienicka 32,52.45068,16.88949
479787,Jelenia Góra,ul. Cieplicka 16,50.86495,15.67699
479853,Środa Śląska,ul. Winogronowa 36,51.17053,16.60171
479877,Wrocław,ul. Asfaltowa 6,51.06487,17.04299
479972,Kraków,ul. Agatowa 41,50.02296,20.04478
480049,Olsztyn,ul. Jagiellońska 59,53.79389,20.49583
480161,Bełchatów,ul. Edwardów 5,51.35658,19.36683
480204,Poznań,ul. Jana Gorczyczewskiego 7,52.40976,16.89274
480281,Niepołomice,Osiedle Kaptarz 40,50.03749,20.24754
480303,Wieliczka,ul. Józefa Jedynaka 11,49.98312,20.03959
480532,Toruń,ul. Forteczna 8,53.0433,18.61197
480709,Pobiedziska,ul. Klasztorna 12,52.4734,17.29572
480711,Pszczyna,ul. Bielska 54,49.95989,18.96159
480742,Gdańsk,ul. Srebrna 11,54.31395,18.60201
480786,Szarocin,53,50.76846,15.92403
481453,Rozkochów,ul. Chemików 4,50.04571,19.49376
481569,Wrocław,ul. Cynamonowa 40,51.17567,17.0048
481661,Grom,67,53.61259,20.86263
481782,Krzeptów,ul. Władysława Reymonta 1,51.09012,16.89858
481911,Białystok,ul. ks. Adama Abramowicza 1,53.13527,23.14531
482105,Jabłońskie,25,53.92969,22.84185
482152,Władysławowo,ul. Żeromskiego 52,54.80097,18.39299
482217,Bydgoszcz,ul. Grabowa 2,53.13646,18.03431
482225,Poznań,ul. Wojska Polskiego 53,52.42757,16.89998
482240,Tyczyn,ul. Grunwaldzka 25,49.96462,22.02515
482342,Korczów,1b,50.50632,22.72013
482354,Bukowa,98,50.58257,22.57001
482355,Wola Dereźniańska,93,50.48827,22.65734
482357,Smólsko Małe,45,50.48605,22.78268
482358,Stary Bidaczów,42,50.48454,22.58926
482376,Kętrzyn,ul. Bolesława Limanowskiego 1,54.07497,21.38241
482393,Alfredówka,192,50.46743,21.75403
482403,Bydgoszcz,ul. Kijowska 7,53.12234,18.05396
482568,Wysoka,ul. Lipowa 5a,51.04535,17.01644
482828,Częstochowa,ul. Krasińskiego 12,50.80076,19.10748
483346,Wróblowice,142,49.87619,20.85801
483598,Środa Wielkopolska,ul. Kosynierów 2,52.23356,17.26108
483621,Gutowo Małe,ul. Powidzka 6a,52.33543,17.59875
483738,Galwiecie,18,54.3059,22.42257
483878,Pobierowo,ul. Kościuszki 2,54.05705,14.92903
483926,Plemięta,19,53.41228,18.87997
483960,Boguszewo,28/29,53.42371,19.00759
484006,Tarnowskie Góry,ul. Jana Kochanowskiego 26a,50.43938,18.86891
484055,Poznań,Wałbrzyska 7,52.40338,16.85739
484207,Wrocław,ul. Fabryczna 19,51.11235,16.986
484351,Łowczów,96,49.91324,21.00057
484365,Dębowiec,34,50.79981,23.32573
484464,Oleśnica,ul. Spacerowa 3,51.21445,17.38248
